CustomerID,first_order,last_order,orders,units,gross_revenue,country,distinct_products,returns_value,net_revenue,aov,recency_days,tenure_days,first_order_month,in_rfm,R,F,M,segment
12346,2011-01-18 10:01:00,2011-01-18 10:01:00,1,74215,77183.6,United Kingdom,1,77183.6,0.0,77183.6,326,0,2011-01,False,,,,
12347,2010-12-07 14:57:00,2011-12-07 15:52:00,7,2458,4310.0,Iceland,103,0.0,4310.0,615.71,3,365,2010-12,True,5.0,5.0,5.0,Champions
12348,2010-12-16 19:09:00,2011-09-25 13:13:00,4,2332,1437.24,Finland,21,0.0,1437.24,359.31,76,283,2010-12,True,2.0,4.0,4.0,At Risk
12349,2011-11-21 09:51:00,2011-11-21 09:51:00,1,630,1457.55,Italy,72,0.0,1457.55,1457.55,19,0,2011-11,True,4.0,1.0,4.0,Promising
12350,2011-02-02 16:01:00,2011-02-02 16:01:00,1,196,294.4,Norway,16,0.0,294.4,294.4,311,0,2011-02,True,1.0,1.0,2.0,Hibernating
12352,2011-02-16 12:33:00,2011-11-03 14:37:00,7,526,1385.74,Norway,57,120.33,1265.41,197.96,37,260,2011-02,True,3.0,5.0,4.0,Loyal Customers
12353,2011-05-19 17:47:00,2011-05-19 17:47:00,1,20,89.0,Bahrain,4,0.0,89.0,89.0,205,0,2011-05,True,1.0,1.0,1.0,Hibernating
12354,2011-04-21 13:11:00,2011-04-21 13:11:00,1,530,1079.4,Spain,58,0.0,1079.4,1079.4,233,0,2011-04,True,1.0,1.0,4.0,Hibernating
12355,2011-05-09 13:49:00,2011-05-09 13:49:00,1,240,459.4,Bahrain,13,0.0,459.4,459.4,215,0,2011-05,True,1.0,1.0,2.0,Hibernating
12356,2011-01-18 09:50:00,2011-11-17 08:40:00,3,1573,2487.43,Portugal,52,0.0,2487.43,829.14,23,303,2011-01,True,4.0,3.0,5.0,Potential Loyalists
12357,2011-11-06 16:07:00,2011-11-06 16:07:00,1,2708,6207.67,Switzerland,131,0.0,6207.67,6207.67,34,0,2011-11,True,3.0,1.0,5.0,About to Sleep
12358,2011-07-12 10:04:00,2011-12-08 10:26:00,2,242,928.06,Austria,12,0.0,928.06,464.03,2,149,2011-07,True,5.0,2.0,4.0,Potential Loyalists
12359,2011-01-12 12:43:00,2011-10-13 12:47:00,4,1609,6310.03,Cyprus,214,127.05,6182.98,1577.51,58,274,2011-01,True,3.0,4.0,5.0,Loyal Customers
12360,2011-05-23 09:43:00,2011-10-18 15:22:00,3,1156,2302.06,Austria,104,0.0,2302.06,767.35,53,148,2011-05,True,3.0,3.0,5.0,Need Attention
12361,2011-02-25 13:51:00,2011-02-25 13:51:00,1,90,174.9,Belgium,9,0.0,174.9,174.9,288,0,2011-02,True,1.0,1.0,1.0,Hibernating
12362,2011-02-17 10:30:00,2011-12-06 15:40:00,10,2197,4737.23,Belgium,200,71.65,4665.58,473.72,4,292,2011-02,True,5.0,5.0,5.0,Champions
12363,2011-04-11 13:29:00,2011-08-22 10:18:00,2,408,552.0,Unspecified,23,0.0,552.0,276.0,110,133,2011-04,True,2.0,2.0,3.0,Hibernating
12364,2011-08-19 15:24:00,2011-12-02 10:22:00,4,1499,1208.1,Belgium,69,0.0,1208.1,302.02,8,105,2011-08,True,5.0,4.0,4.0,Champions
12365,2011-02-21 13:51:00,2011-02-21 13:51:00,1,173,320.69,Cyprus,21,0.0,320.69,320.69,292,0,2011-02,True,1.0,1.0,2.0,Hibernating
12367,2011-12-05 16:48:00,2011-12-05 16:48:00,1,172,150.9,Denmark,10,0.0,150.9,150.9,5,0,2011-12,True,5.0,1.0,1.0,New Customers
12370,2010-12-14 12:58:00,2011-10-19 14:51:00,4,2349,3421.94,Cyprus,142,0.0,3421.94,855.48,52,309,2010-12,True,3.0,4.0,5.0,Loyal Customers
12371,2011-10-11 10:43:00,2011-10-11 10:43:00,1,582,1527.96,Switzerland,62,0.0,1527.96,1527.96,60,0,2011-10,True,3.0,1.0,4.0,About to Sleep
12372,2011-02-16 12:46:00,2011-09-29 12:12:00,3,788,1196.04,Denmark,33,0.0,1196.04,398.68,72,225,2011-02,True,3.0,3.0,4.0,Need Attention
12373,2011-02-01 13:10:00,2011-02-01 13:10:00,1,196,324.6,Austria,13,0.0,324.6,324.6,312,0,2011-02,True,1.0,1.0,2.0,Hibernating
12374,2011-11-14 15:37:00,2011-11-14 15:37:00,1,339,622.93,Austria,32,0.0,622.93,622.93,26,0,2011-11,True,4.0,1.0,3.0,Promising
12375,2011-09-02 14:23:00,2011-11-29 10:36:00,2,176,377.5,Finland,13,2.08,375.42,188.75,11,88,2011-09,True,5.0,2.0,2.0,Potential Loyalists
12377,2010-12-20 09:37:00,2011-01-28 15:45:00,2,942,1548.12,Switzerland,71,0.0,1548.12,774.06,316,39,2010-12,True,1.0,2.0,4.0,Hibernating
12378,2011-08-02 10:34:00,2011-08-02 10:34:00,1,2529,4008.62,Switzerland,219,0.0,4008.62,4008.62,130,0,2011-08,True,2.0,1.0,5.0,Hibernating
12379,2011-06-22 16:32:00,2011-09-19 10:09:00,2,402,777.24,Belgium,38,1.95,775.29,388.62,82,89,2011-06,True,2.0,2.0,3.0,Hibernating
12380,2011-06-07 09:49:00,2011-11-18 11:27:00,4,1110,2427.81,Belgium,76,4.25,2423.56,606.95,22,164,2011-06,True,4.0,4.0,5.0,Loyal Customers
12381,2011-08-12 09:57:00,2011-12-05 12:44:00,3,797,1474.81,Norway,69,41.35,1433.46,491.6,5,115,2011-08,True,5.0,3.0,4.0,Potential Loyalists
12383,2010-12-22 14:28:00,2011-06-08 08:02:00,5,1518,1628.56,Belgium,83,11.25,1617.31,325.71,185,168,2010-12,True,1.0,4.0,4.0,At Risk
12384,2011-08-10 11:23:00,2011-11-11 08:39:00,2,122,425.27,Switzerland,25,19.11,406.16,212.64,29,93,2011-08,True,4.0,2.0,2.0,Potential Loyalists
12386,2010-12-08 09:53:00,2011-01-06 12:37:00,2,354,401.9,Australia,10,0.0,401.9,200.95,338,29,2010-12,True,1.0,2.0,2.0,Hibernating
12388,2011-01-17 11:12:00,2011-11-24 12:30:00,6,1462,2780.66,Australia,57,0.0,2780.66,463.44,16,311,2011-01,True,4.0,5.0,5.0,Loyal Customers
12390,2011-09-21 09:33:00,2011-09-21 09:33:00,1,350,504.84,Belgium,31,0.0,504.84,504.84,80,0,2011-09,True,2.0,1.0,3.0,Hibernating
12391,2011-11-18 12:07:00,2011-11-18 12:07:00,1,293,439.66,Cyprus,92,0.0,439.66,439.66,22,0,2011-11,True,4.0,1.0,2.0,Promising
12393,2011-01-11 09:47:00,2011-09-28 15:41:00,4,816,1582.6,Australia,47,0.0,1582.6,395.65,73,260,2011-01,True,2.0,4.0,4.0,At Risk
12394,2011-05-06 14:01:00,2011-10-07 08:08:00,2,808,1080.48,Belgium,25,0.0,1080.48,540.24,64,154,2011-05,True,3.0,2.0,4.0,About to Sleep
12395,2010-12-03 16:35:00,2011-11-20 15:21:00,12,2097,2682.63,Belgium,90,20.35,2662.28,223.55,20,352,2010-12,True,4.0,5.0,5.0,Loyal Customers
12397,2011-07-27 14:21:00,2011-11-04 09:52:00,2,1250,2214.9,Belgium,109,0.0,2214.9,1107.45,36,100,2011-07,True,3.0,2.0,5.0,About to Sleep
12398,2011-10-25 10:27:00,2011-10-25 10:27:00,1,1389,1435.66,Switzerland,84,0.0,1435.66,1435.66,46,0,2011-10,True,3.0,1.0,4.0,About to Sleep
12399,2011-03-23 09:42:00,2011-08-12 13:15:00,4,1173,1033.65,Belgium,46,0.0,1033.65,258.41,120,142,2011-03,True,2.0,4.0,4.0,At Risk
12401,2011-02-09 13:50:00,2011-02-09 13:50:00,1,10,69.3,Belgium,4,0.0,69.3,69.3,304,0,2011-02,True,1.0,1.0,1.0,Hibernating
12402,2011-01-20 13:49:00,2011-01-20 13:49:00,1,92,195.6,Belgium,10,0.0,195.6,195.6,324,0,2011-01,True,1.0,1.0,1.0,Hibernating
12403,2011-10-21 10:51:00,2011-10-21 10:51:00,1,94,391.7,Denmark,4,0.0,391.7,391.7,50,0,2011-10,True,3.0,1.0,2.0,About to Sleep
12405,2011-07-14 08:52:00,2011-07-14 08:52:00,1,849,1390.39,Finland,53,0.0,1390.39,1390.39,149,0,2011-07,True,2.0,1.0,4.0,Hibernating
12406,2011-06-09 10:23:00,2011-11-17 19:22:00,2,1818,3415.3,Denmark,92,134.55,3280.75,1707.65,23,161,2011-06,True,4.0,2.0,5.0,Potential Loyalists
12407,2011-03-20 13:21:00,2011-10-21 10:11:00,5,1403,1507.12,Belgium,56,0.0,1507.12,301.42,50,215,2011-03,True,3.0,4.0,4.0,Loyal Customers
12408,2011-03-24 14:46:00,2011-11-07 12:27:00,5,1391,2618.55,Belgium,80,30.98,2587.57,523.71,33,228,2011-03,True,4.0,4.0,5.0,Loyal Customers
12409,2011-06-10 12:19:00,2011-09-22 10:38:00,3,5551,11072.67,Switzerland,91,15.74,11056.93,3690.89,79,104,2011-06,True,2.0,3.0,5.0,At Risk
12410,2011-02-04 10:38:00,2011-02-04 10:39:00,2,207,533.33,Switzerland,25,12.25,521.08,266.67,309,0,2011-02,True,1.0,2.0,3.0,Hibernating
12412,2011-06-23 13:51:00,2011-09-26 10:16:00,3,824,1142.88,Denmark,42,0.0,1142.88,380.96,75,95,2011-06,True,2.0,3.0,4.0,At Risk
12413,2011-01-06 16:12:00,2011-10-04 09:00:00,3,282,686.1,France,28,9.95,676.15,228.7,67,271,2011-01,True,3.0,3.0,3.0,Need Attention
12414,2011-02-02 14:51:00,2011-05-06 14:51:00,3,297,442.41,Austria,15,0.0,442.41,147.47,218,93,2011-02,True,1.0,3.0,2.0,At Risk
12415,2011-01-06 11:12:00,2011-11-15 14:22:00,20,77373,124564.53,Australia,443,926.35,123638.18,6228.23,25,313,2011-01,True,4.0,5.0,5.0,Loyal Customers
12417,2010-12-17 11:51:00,2011-12-06 14:52:00,9,1527,3226.1,Belgium,157,70.3,3155.8,358.46,4,354,2010-12,True,5.0,5.0,5.0,Champions
12418,2011-08-19 11:08:00,2011-08-19 11:08:00,1,407,668.58,Switzerland,34,0.0,668.58,668.58,113,0,2011-08,True,2.0,1.0,3.0,Hibernating
12420,2011-10-07 08:55:00,2011-10-07 08:55:00,1,345,600.39,Cyprus,29,0.0,600.39,600.39,64,0,2011-10,True,3.0,1.0,3.0,About to Sleep
12421,2011-01-24 15:09:00,2011-11-24 09:07:00,4,478,639.04,Spain,31,0.0,639.04,159.76,16,304,2011-01,True,4.0,4.0,3.0,Loyal Customers
12422,2011-01-19 09:13:00,2011-09-05 09:48:00,3,367,683.56,Australia,38,0.0,683.56,227.85,96,229,2011-01,True,2.0,3.0,3.0,At Risk
12423,2010-12-21 10:54:00,2011-12-09 10:10:00,8,1324,1634.31,Belgium,96,10.2,1624.11,204.29,1,353,2010-12,True,5.0,5.0,4.0,Champions
12424,2011-06-30 12:06:00,2011-06-30 12:06:00,2,740,1760.96,Australia,30,0.0,1760.96,880.48,163,0,2011-06,True,2.0,2.0,4.0,Hibernating
12425,2011-09-22 17:31:00,2011-09-22 17:31:00,1,496,777.2,Portugal,36,0.0,777.2,777.2,79,0,2011-09,True,2.0,1.0,3.0,Hibernating
12426,2011-05-29 12:26:00,2011-05-29 12:26:00,1,254,510.73,Germany,29,0.0,510.73,510.73,195,0,2011-05,True,1.0,1.0,3.0,Hibernating
12427,2010-12-03 10:44:00,2011-11-18 08:56:00,3,526,699.8,Germany,25,117.43,582.37,233.27,22,350,2010-12,True,4.0,3.0,3.0,Potential Loyalists
12428,2011-03-01 09:33:00,2011-11-14 08:22:00,8,3509,6405.26,Finland,256,39.26,6366.0,800.66,26,258,2011-03,True,4.0,5.0,5.0,Loyal Customers
12429,2010-12-09 12:05:00,2011-11-30 17:22:00,4,1538,3388.4,Denmark,81,0.0,3388.4,847.1,10,356,2010-12,True,5.0,4.0,5.0,Champions
12430,2011-10-27 15:09:00,2011-10-27 15:09:00,1,116,216.4,Norway,10,0.0,216.4,216.4,44,0,2011-10,True,3.0,1.0,1.0,About to Sleep
12431,2010-12-01 10:03:00,2011-11-04 11:55:00,15,2889,6314.95,Australia,162,71.06,6243.89,421.0,36,338,2010-12,True,3.0,5.0,5.0,Loyal Customers
12432,2011-06-20 13:27:00,2011-10-28 11:43:00,4,1800,4359.32,Norway,106,0.0,4359.32,1089.83,43,130,2011-06,True,3.0,4.0,5.0,Loyal Customers
12433,2010-12-01 13:24:00,2011-12-09 10:02:00,7,11071,13375.87,Norway,219,0.0,13375.87,1910.84,1,373,2010-12,True,5.0,5.0,5.0,Champions
12434,2011-03-24 13:05:00,2011-09-16 12:38:00,2,394,806.14,Australia,46,40.95,765.19,403.07,85,176,2011-03,True,2.0,2.0,3.0,Hibernating
12435,2011-03-17 07:40:00,2011-09-21 09:06:00,2,2055,7829.89,Denmark,31,0.0,7829.89,3914.94,80,188,2011-03,True,2.0,2.0,5.0,Hibernating
12436,2011-09-01 12:09:00,2011-09-01 12:09:00,1,209,429.01,Norway,15,0.0,429.01,429.01,100,0,2011-09,True,2.0,1.0,2.0,Hibernating
12437,2011-01-12 14:13:00,2011-12-08 11:35:00,18,2894,4447.41,France,117,54.75,4392.66,247.08,2,330,2011-01,True,5.0,5.0,5.0,Champions
12438,2011-07-22 13:29:00,2011-11-25 13:28:00,2,1169,2466.85,Norway,83,0.0,2466.85,1233.42,15,126,2011-07,True,4.0,2.0,5.0,Potential Loyalists
12441,2010-12-08 10:45:00,2010-12-08 10:45:00,1,120,155.55,France,10,0.0,155.55,155.55,367,0,2010-12,True,1.0,1.0,1.0,Hibernating
12442,2011-12-06 14:22:00,2011-12-06 14:22:00,1,181,144.06,Spain,11,0.0,144.06,144.06,4,0,2011-12,True,5.0,1.0,1.0,New Customers
12444,2011-06-21 14:00:00,2011-11-18 13:23:00,5,1130,4085.46,Norway,137,0.0,4085.46,817.09,22,150,2011-06,True,4.0,4.0,5.0,Loyal Customers
12445,2011-11-17 18:43:00,2011-11-17 18:43:00,1,60,77.4,Spain,3,0.0,77.4,77.4,23,0,2011-11,True,4.0,1.0,1.0,Promising
12446,2011-10-13 12:50:00,2011-10-13 12:50:00,1,351,1002.31,RSA,57,0.0,1002.31,1002.31,58,0,2011-10,True,3.0,1.0,4.0,About to Sleep
12447,2011-04-10 13:25:00,2011-04-10 13:25:00,1,187,431.49,Belgium,25,0.0,431.49,431.49,244,0,2011-04,True,1.0,1.0,2.0,Hibernating
12448,2011-10-26 13:46:00,2011-10-26 13:46:00,1,240,365.45,Spain,21,0.0,365.45,365.45,45,0,2011-10,True,3.0,1.0,2.0,About to Sleep
12449,2011-06-05 15:37:00,2011-11-17 13:46:00,4,1523,3596.29,Belgium,117,0.0,3596.29,899.07,23,165,2011-06,True,4.0,4.0,5.0,Loyal Customers
12450,2011-06-19 14:36:00,2011-07-06 14:41:00,2,128,197.88,Spain,7,0.0,197.88,98.94,157,17,2011-06,True,2.0,2.0,1.0,Hibernating
12451,2011-01-19 09:05:00,2011-11-29 08:40:00,5,6574,8995.52,Switzerland,264,102.0,8893.52,1799.1,11,314,2011-01,True,5.0,4.0,5.0,Champions
12452,2011-11-23 08:05:00,2011-11-23 08:05:00,1,181,348.57,Switzerland,20,0.0,348.57,348.57,17,0,2011-11,True,4.0,1.0,2.0,Promising
12453,2011-07-28 14:08:00,2011-07-28 14:08:00,1,473,707.09,Austria,43,0.0,707.09,707.09,135,0,2011-07,True,2.0,1.0,3.0,Hibernating
12454,2011-10-14 17:13:00,2011-10-14 17:13:00,1,1006,3528.34,Spain,15,3528.34,0.0,3528.34,57,0,2011-10,False,,,,
12455,2011-02-16 09:56:00,2011-09-27 15:31:00,5,2084,2339.86,Spain,84,0.0,2339.86,467.97,74,223,2011-02,True,2.0,4.0,5.0,At Risk
12456,2011-03-30 09:12:00,2011-10-26 14:41:00,3,1618,2581.04,Switzerland,104,27.15,2553.89,860.35,45,210,2011-03,True,3.0,3.0,5.0,Need Attention
12457,2011-04-14 18:57:00,2011-10-04 13:13:00,6,835,2043.23,Switzerland,52,445.45,1597.78,340.54,67,173,2011-04,True,3.0,5.0,4.0,Loyal Customers
12458,2011-02-28 10:55:00,2011-09-29 15:25:00,2,502,787.4,Switzerland,34,0.0,787.4,393.7,72,213,2011-02,True,3.0,2.0,3.0,About to Sleep
12461,2011-07-08 10:23:00,2011-07-08 10:23:00,1,282,626.88,Switzerland,34,0.0,626.88,626.88,155,0,2011-07,True,2.0,1.0,3.0,Hibernating
12462,2011-02-09 14:44:00,2011-11-21 09:11:00,2,527,937.59,Spain,50,65.58,872.01,468.8,19,285,2011-02,True,4.0,2.0,3.0,Potential Loyalists
12463,2011-04-12 12:47:00,2011-10-17 13:44:00,4,768,1200.78,Belgium,64,35.15,1165.63,300.2,54,188,2011-04,True,3.0,4.0,4.0,Loyal Customers
12464,2011-02-03 13:30:00,2011-11-29 13:33:00,8,95,957.05,Belgium,5,0.0,957.05,119.63,11,299,2011-02,True,5.0,5.0,4.0,Champions
12465,2011-06-23 13:37:00,2011-11-22 16:34:00,2,475,682.19,Belgium,45,8.3,673.89,341.1,18,152,2011-06,True,4.0,2.0,3.0,Potential Loyalists
12468,2011-01-27 13:29:00,2011-06-05 11:36:00,2,362,657.54,Germany,35,5.5,652.04,328.77,188,129,2011-01,True,1.0,2.0,3.0,Hibernating
12471,2010-12-10 09:35:00,2011-12-07 15:43:00,27,8092,17388.65,Germany,148,1065.13,16323.52,644.02,3,362,2010-12,True,5.0,5.0,5.0,Champions
12472,2010-12-05 14:19:00,2011-11-07 14:01:00,7,4120,6068.11,Germany,218,342.63,5725.48,866.87,33,337,2010-12,True,4.0,5.0,5.0,Loyal Customers
12473,2011-06-01 10:15:00,2011-10-17 11:27:00,3,2394,2585.73,Germany,138,40.46,2545.27,861.91,54,138,2011-06,True,3.0,3.0,5.0,Need Attention
12474,2011-01-14 10:06:00,2011-11-22 14:39:00,18,4798,6694.09,Germany,252,259.32,6434.77,371.89,18,312,2011-01,True,4.0,5.0,5.0,Loyal Customers
12475,2011-10-17 10:10:00,2011-10-17 10:10:00,1,532,669.38,Germany,35,0.0,669.38,669.38,54,0,2011-10,True,3.0,1.0,3.0,About to Sleep
12476,2010-12-13 14:39:00,2011-11-24 12:40:00,11,2357,5898.42,Germany,176,269.84,5628.58,536.22,16,346,2010-12,True,4.0,5.0,5.0,Loyal Customers
12477,2011-02-11 12:45:00,2011-11-17 09:51:00,6,3653,13219.74,Germany,191,102.73,13117.01,2203.29,23,279,2011-02,True,4.0,5.0,5.0,Loyal Customers
12478,2011-12-06 09:56:00,2011-12-06 09:56:00,1,233,545.99,Greece,35,0.0,545.99,545.99,4,0,2011-12,True,5.0,1.0,3.0,New Customers
12479,2011-11-28 13:26:00,2011-11-28 13:26:00,1,382,473.2,Germany,30,49.9,423.3,473.2,12,0,2011-11,True,5.0,1.0,2.0,New Customers
12480,2011-01-07 15:27:00,2011-11-11 14:52:00,4,1685,2885.63,Germany,128,0.0,2885.63,721.41,29,308,2011-01,True,4.0,4.0,5.0,Loyal Customers
12481,2010-12-09 10:13:00,2011-11-17 08:29:00,10,3262,5003.82,Germany,149,5.46,4998.36,500.38,23,343,2010-12,True,4.0,5.0,5.0,Loyal Customers
12483,2011-01-04 14:20:00,2011-11-22 17:02:00,8,1094,1910.98,Sweden,45,37.85,1873.13,238.87,18,322,2011-01,True,4.0,5.0,4.0,Loyal Customers
12484,2011-01-07 14:04:00,2011-11-04 15:18:00,4,2166,3939.32,Spain,255,46.45,3892.87,984.83,36,301,2011-01,True,3.0,4.0,5.0,Loyal Customers
12488,2011-09-25 10:34:00,2011-11-30 08:50:00,3,526,1244.66,France,45,0.0,1244.66,414.89,10,66,2011-09,True,5.0,3.0,4.0,Potential Loyalists
12489,2011-01-07 13:13:00,2011-01-07 13:13:00,1,103,298.93,France,14,0.0,298.93,298.93,337,0,2011-01,True,1.0,1.0,2.0,Hibernating
12490,2011-01-14 09:13:00,2011-12-04 16:07:00,10,3033,4859.93,France,130,0.0,4859.93,485.99,6,324,2011-01,True,5.0,5.0,5.0,Champions
12491,2011-11-01 12:18:00,2011-11-01 12:18:00,1,258,424.4,France,24,0.0,424.4,424.4,39,0,2011-11,True,3.0,1.0,2.0,About to Sleep
12492,2011-08-26 14:51:00,2011-10-07 15:15:00,2,190,227.21,Germany,18,0.0,227.21,113.6,64,42,2011-08,True,3.0,2.0,1.0,About to Sleep
12493,2011-05-26 14:53:00,2011-06-27 10:17:00,2,204,379.74,France,18,16.95,362.79,189.87,166,32,2011-05,True,2.0,2.0,2.0,Hibernating
12494,2010-12-09 11:31:00,2011-11-24 09:34:00,7,698,1084.1,France,62,88.75,995.35,154.87,16,350,2010-12,True,4.0,5.0,4.0,Loyal Customers
12497,2011-09-19 12:29:00,2011-09-19 12:29:00,1,1231,953.1,Germany,13,0.0,953.1,953.1,82,0,2011-09,True,2.0,1.0,4.0,Hibernating
12498,2011-10-13 09:30:00,2011-11-18 12:53:00,3,156,349.7,Germany,20,0.0,349.7,116.57,22,36,2011-10,True,4.0,3.0,2.0,Potential Loyalists
12500,2011-01-10 09:48:00,2011-11-16 16:20:00,11,2667,4059.82,Germany,33,33.55,4026.27,369.07,24,310,2011-01,True,4.0,5.0,5.0,Loyal Customers
12501,2011-01-07 12:28:00,2011-01-07 12:28:00,1,1775,2025.39,Germany,148,79.71,1945.68,2025.39,337,0,2011-01,True,1.0,1.0,4.0,Hibernating
12502,2011-02-03 10:41:00,2011-09-05 11:52:00,5,794,2995.87,Spain,101,0.0,2995.87,599.17,96,214,2011-02,True,2.0,4.0,5.0,At Risk
12504,2011-11-09 14:56:00,2011-11-21 16:02:00,2,87,428.05,Germany,5,368.05,60.0,214.02,19,12,2011-11,True,4.0,2.0,1.0,Potential Loyalists
12506,2011-04-21 08:54:00,2011-04-21 08:54:00,1,23,73.5,France,23,0.0,73.5,73.5,233,0,2011-04,True,1.0,1.0,1.0,Hibernating
12507,2011-02-14 09:24:00,2011-07-28 17:09:00,3,885,1052.81,Spain,18,46.75,1006.06,350.94,135,164,2011-02,True,2.0,3.0,4.0,At Risk
12508,2011-11-10 16:27:00,2011-11-13 15:37:00,2,271,397.88,France,57,0.0,397.88,198.94,27,3,2011-11,True,4.0,2.0,2.0,Potential Loyalists
12509,2011-02-28 14:45:00,2011-02-28 14:45:00,1,54,158.5,France,6,0.0,158.5,158.5,285,0,2011-02,True,1.0,1.0,1.0,Hibernating
12510,2011-01-18 14:04:00,2011-07-20 10:15:00,2,347,814.57,Spain,28,0.0,814.57,407.28,143,183,2011-01,True,2.0,2.0,3.0,Hibernating
12512,2011-10-04 14:53:00,2011-10-04 14:55:00,2,96,132.18,Israel,31,0.0,132.18,66.09,67,0,2011-10,True,3.0,2.0,1.0,About to Sleep
12513,2011-08-19 10:51:00,2011-08-19 10:51:00,1,459,558.29,France,34,25.5,532.79,558.29,113,0,2011-08,True,2.0,1.0,3.0,Hibernating
12514,2011-03-17 16:38:00,2011-03-17 16:38:00,1,440,1017.68,Italy,51,0.0,1017.68,1017.68,268,0,2011-03,True,1.0,1.0,4.0,Hibernating
12515,2010-12-21 15:43:00,2010-12-21 15:43:00,1,128,278.7,Italy,15,0.0,278.7,278.7,354,0,2010-12,True,1.0,1.0,2.0,Hibernating
12516,2011-06-12 11:37:00,2011-09-23 09:13:00,2,868,1186.06,Germany,19,0.0,1186.06,593.03,78,103,2011-06,True,2.0,2.0,4.0,Hibernating
12517,2011-06-02 15:13:00,2011-11-11 13:57:00,4,1351,2301.6,Germany,231,37.95,2263.65,575.4,29,162,2011-06,True,4.0,4.0,5.0,Loyal Customers
12518,2011-08-21 13:18:00,2011-12-09 10:13:00,5,1306,1840.89,Germany,83,0.0,1840.89,368.18,1,110,2011-08,True,5.0,4.0,4.0,Champions
12519,2011-10-07 09:26:00,2011-10-07 09:26:00,1,172,276.84,Germany,16,0.0,276.84,276.84,64,0,2011-10,True,3.0,1.0,2.0,About to Sleep
12520,2011-03-11 11:35:00,2011-09-21 15:23:00,5,1423,2346.26,Germany,120,51.75,2294.51,469.25,80,194,2011-03,True,2.0,4.0,5.0,At Risk
12521,2011-07-20 10:51:00,2011-07-20 10:51:00,1,306,545.68,Germany,37,0.0,545.68,545.68,143,0,2011-07,True,2.0,1.0,3.0,Hibernating
12522,2011-10-19 14:41:00,2011-10-31 15:30:00,2,192,156.72,Germany,10,0.0,156.72,78.36,40,12,2011-10,True,3.0,2.0,1.0,About to Sleep
12523,2011-01-12 09:43:00,2011-11-20 12:55:00,11,860,1699.77,France,83,44.2,1655.57,154.52,20,312,2011-01,True,4.0,5.0,4.0,Loyal Customers
12524,2011-01-10 10:35:00,2011-11-30 15:31:00,8,3669,3945.72,Germany,112,0.0,3945.72,493.22,10,324,2011-01,True,5.0,5.0,5.0,Champions
12526,2011-09-06 14:19:00,2011-12-09 12:09:00,3,624,1172.66,Germany,63,0.0,1172.66,390.89,1,94,2011-09,True,5.0,3.0,4.0,Potential Loyalists
12527,2011-01-18 12:05:00,2011-09-19 11:55:00,3,233,330.71,Germany,17,0.0,330.71,110.24,82,244,2011-01,True,2.0,3.0,2.0,At Risk
12528,2011-01-31 09:05:00,2011-11-30 14:40:00,6,740,1645.48,Germany,49,11.2,1634.28,274.25,10,303,2011-01,True,5.0,5.0,4.0,Champions
12530,2011-01-07 10:04:00,2011-10-11 12:34:00,4,904,1500.28,Germany,50,38.65,1461.63,375.07,60,277,2011-01,True,3.0,4.0,4.0,Loyal Customers
12531,2011-11-25 11:12:00,2011-11-25 11:12:00,1,45,125.22,Germany,17,0.0,125.22,125.22,15,0,2011-11,True,4.0,1.0,1.0,Promising
12532,2011-11-09 13:47:00,2011-11-09 13:47:00,1,151,313.83,France,15,0.0,313.83,313.83,31,0,2011-11,True,4.0,1.0,2.0,Promising
12534,2011-08-01 10:26:00,2011-08-01 10:26:00,1,645,981.18,Germany,62,0.0,981.18,981.18,131,0,2011-08,True,2.0,1.0,4.0,Hibernating
12535,2011-06-06 12:47:00,2011-09-09 08:48:00,2,219,716.35,France,28,0.0,716.35,358.18,92,95,2011-06,True,2.0,2.0,3.0,Hibernating
12536,2011-10-11 14:52:00,2011-10-11 14:52:00,1,2801,4279.71,France,259,128.45,4151.26,4279.71,60,0,2011-10,True,3.0,1.0,5.0,About to Sleep
12538,2011-11-10 17:16:00,2011-11-10 17:16:00,1,191,363.95,Spain,21,0.0,363.95,363.95,30,0,2011-11,True,4.0,1.0,2.0,Promising
12539,2011-01-10 09:11:00,2011-11-17 13:30:00,4,2067,5568.35,Spain,157,0.0,5568.35,1392.09,23,311,2011-01,True,4.0,4.0,5.0,Loyal Customers
12540,2010-12-13 09:39:00,2011-11-20 11:31:00,17,6620,11580.24,Spain,276,91.2,11489.04,681.19,20,342,2010-12,True,4.0,5.0,5.0,Loyal Customers
12541,2011-03-04 09:32:00,2011-11-10 10:40:00,3,675,841.18,Spain,45,0.0,841.18,280.39,30,251,2011-03,True,4.0,3.0,3.0,Potential Loyalists
12544,2011-11-03 16:15:00,2011-11-03 16:15:00,1,134,316.7,Spain,18,17.0,299.7,316.7,37,0,2011-11,True,3.0,1.0,2.0,About to Sleep
12545,2011-03-25 12:04:00,2011-09-25 13:39:00,2,517,832.39,Spain,41,0.0,832.39,416.2,76,184,2011-03,True,2.0,2.0,3.0,Hibernating
12546,2011-09-23 09:44:00,2011-10-24 12:09:00,2,628,1021.5,Spain,58,20.0,1001.5,510.75,47,31,2011-09,True,3.0,2.0,4.0,About to Sleep
12547,2011-03-04 12:46:00,2011-05-26 12:38:00,2,132,151.8,Spain,6,0.0,151.8,75.9,198,83,2011-03,True,1.0,2.0,1.0,Hibernating
12548,2011-06-26 15:35:00,2011-06-26 15:35:00,1,48,67.2,Spain,4,0.0,67.2,67.2,167,0,2011-06,True,2.0,1.0,1.0,Hibernating
12550,2011-09-21 14:35:00,2011-09-21 14:35:00,1,564,824.83,Spain,56,0.0,824.83,824.83,80,0,2011-09,True,2.0,1.0,3.0,Hibernating
12551,2010-12-17 11:23:00,2010-12-17 11:23:00,1,100,168.0,Spain,10,0.0,168.0,168.0,358,0,2010-12,True,1.0,1.0,1.0,Hibernating
12552,2011-10-31 12:11:00,2011-10-31 12:11:00,1,85,317.82,Italy,19,0.0,317.82,317.82,40,0,2011-10,True,3.0,1.0,2.0,About to Sleep
12553,2011-01-14 10:42:00,2011-12-01 16:38:00,10,1942,3278.28,France,94,40.03,3238.25,327.83,9,321,2011-01,True,5.0,5.0,5.0,Champions
12556,2011-07-11 13:35:00,2011-10-20 13:06:00,2,355,599.56,Spain,100,0.0,599.56,299.78,51,101,2011-07,True,3.0,2.0,3.0,About to Sleep
12557,2010-12-03 12:20:00,2011-11-23 16:59:00,5,4384,11990.96,Spain,15,0.0,11990.96,2398.19,17,355,2010-12,True,4.0,4.0,5.0,Loyal Customers
12558,2011-12-02 10:41:00,2011-12-02 10:41:00,1,196,269.96,USA,11,269.96,0.0,269.96,8,0,2011-12,False,,,,
12559,2011-01-24 10:12:00,2011-02-02 09:49:00,2,281,525.71,Germany,20,25.5,500.21,262.86,311,9,2011-01,True,1.0,2.0,3.0,Hibernating
12560,2011-07-19 15:55:00,2011-12-04 13:54:00,2,1098,1918.01,Germany,90,32.62,1885.39,959.0,6,138,2011-07,True,5.0,2.0,4.0,Potential Loyalists
12561,2011-02-10 11:39:00,2011-02-10 11:39:00,1,177,238.85,Germany,16,0.0,238.85,238.85,303,0,2011-02,True,1.0,1.0,1.0,Hibernating
12562,2011-05-25 12:44:00,2011-12-01 17:20:00,7,1757,3385.74,France,98,0.0,3385.74,483.68,9,190,2011-05,True,5.0,5.0,5.0,Champions
12564,2011-03-23 14:55:00,2011-03-23 14:55:00,1,130,402.9,France,20,0.0,402.9,402.9,262,0,2011-03,True,1.0,1.0,2.0,Hibernating
12565,2011-02-24 10:34:00,2011-02-24 10:34:00,1,80,145.92,Saudi Arabia,9,14.75,131.17,145.92,289,0,2011-02,True,1.0,1.0,1.0,Hibernating
12566,2011-09-14 14:30:00,2011-09-14 14:30:00,1,262,297.65,Germany,18,4.95,292.7,297.65,87,0,2011-09,True,2.0,1.0,2.0,Hibernating
12567,2010-12-05 11:57:00,2011-11-17 11:02:00,10,4261,8609.28,France,322,286.34,8322.94,860.93,23,347,2010-12,True,4.0,5.0,5.0,Loyal Customers
12569,2011-04-01 13:47:00,2011-12-07 16:24:00,32,1747,3152.69,Germany,91,23.7,3128.99,98.52,3,250,2011-04,True,5.0,5.0,5.0,Champions
12571,2011-08-10 12:35:00,2011-10-31 10:19:00,2,523,519.61,France,31,0.0,519.61,259.8,40,82,2011-08,True,3.0,2.0,3.0,About to Sleep
12572,2011-10-19 08:20:00,2011-12-01 09:20:00,2,446,912.42,Germany,52,15.7,896.72,456.21,9,43,2011-10,True,5.0,2.0,3.0,Potential Loyalists
12573,2011-04-26 15:52:00,2011-04-26 15:52:00,1,84,160.54,France,26,0.0,160.54,160.54,228,0,2011-04,True,1.0,1.0,1.0,Hibernating
12574,2011-01-28 09:20:00,2011-01-28 09:20:00,1,59,182.45,France,10,0.0,182.45,182.45,316,0,2011-01,True,1.0,1.0,1.0,Hibernating
12576,2011-02-08 11:31:00,2011-11-04 10:11:00,5,967,1315.83,Poland,72,8.85,1306.98,263.17,36,269,2011-02,True,3.0,4.0,4.0,Loyal Customers
12577,2010-12-15 16:21:00,2011-11-04 13:24:00,3,468,622.65,France,136,62.4,560.25,207.55,36,324,2010-12,True,3.0,3.0,3.0,Need Attention
12578,2011-01-13 15:34:00,2011-11-18 13:30:00,2,1182,2402.51,Italy,110,41.15,2361.36,1201.25,22,309,2011-01,True,4.0,2.0,5.0,Potential Loyalists
12579,2011-09-22 17:15:00,2011-09-22 17:15:00,1,282,386.42,France,28,11.7,374.72,386.42,79,0,2011-09,True,2.0,1.0,2.0,Hibernating
12580,2011-04-07 10:24:00,2011-04-07 10:24:00,1,236,379.7,Germany,23,0.0,379.7,379.7,247,0,2011-04,True,1.0,1.0,2.0,Hibernating
12581,2011-10-31 08:56:00,2011-10-31 08:56:00,1,160,179.71,Germany,14,0.0,179.71,179.71,40,0,2011-10,True,3.0,1.0,1.0,About to Sleep
12582,2011-02-24 11:42:00,2011-04-15 08:45:00,2,296,351.36,Finland,20,0.0,351.36,175.68,239,50,2011-02,True,1.0,2.0,2.0,Hibernating
12583,2010-12-01 08:45:00,2011-12-07 08:07:00,15,5028,6705.38,France,114,76.04,6629.34,447.03,3,371,2010-12,True,5.0,5.0,5.0,Champions
12584,2011-03-04 15:15:00,2011-12-06 09:35:00,9,413,2254.15,Italy,43,444.2,1809.95,250.46,4,277,2011-03,True,5.0,5.0,4.0,Champions
12585,2010-12-23 12:58:00,2011-04-19 13:39:00,2,1267,1824.1,Germany,76,57.29,1766.81,912.05,235,117,2010-12,True,1.0,2.0,4.0,Hibernating
12586,2011-11-22 16:24:00,2011-11-22 16:24:00,1,79,196.94,Italy,11,17.0,179.94,196.94,18,0,2011-11,True,4.0,1.0,1.0,Promising
12587,2011-12-02 12:47:00,2011-12-02 12:47:00,1,50,104.0,Finland,3,0.0,104.0,104.0,8,0,2011-12,True,5.0,1.0,1.0,New Customers
12588,2011-10-31 15:01:00,2011-10-31 15:01:00,1,52,174.9,Finland,9,0.0,174.9,174.9,40,0,2011-10,True,3.0,1.0,1.0,About to Sleep
12589,2011-07-18 12:05:00,2011-11-11 10:19:00,2,302,574.68,France,28,0.0,574.68,287.34,29,116,2011-07,True,4.0,2.0,3.0,Potential Loyalists
12590,2011-05-12 14:46:00,2011-05-12 14:46:00,1,4282,9341.26,Germany,67,2.88,9338.38,9341.26,212,0,2011-05,True,1.0,1.0,5.0,Hibernating
12591,2011-01-26 14:35:00,2011-01-26 14:35:00,1,225,368.85,Italy,25,0.0,368.85,368.85,318,0,2011-01,True,1.0,1.0,2.0,Hibernating
12592,2011-05-10 13:44:00,2011-09-08 15:04:00,2,288,401.6,Germany,10,0.0,401.6,200.8,93,121,2011-05,True,2.0,2.0,2.0,Hibernating
12593,2011-05-05 09:29:00,2011-08-23 12:43:00,3,204,382.1,France,13,0.0,382.1,127.37,109,110,2011-05,True,2.0,3.0,2.0,At Risk
12594,2011-01-21 09:52:00,2011-11-02 12:20:00,9,1772,3208.22,Italy,49,0.0,3208.22,356.47,38,285,2011-01,True,3.0,5.0,5.0,Loyal Customers
12596,2011-04-11 13:22:00,2011-10-19 13:02:00,2,468,450.27,Spain,24,0.0,450.27,225.14,52,191,2011-04,True,3.0,2.0,2.0,About to Sleep
12597,2011-03-16 14:00:00,2011-11-20 13:33:00,4,2214,3195.22,Spain,183,128.09,3067.13,798.8,20,249,2011-03,True,4.0,4.0,5.0,Loyal Customers
12598,2011-02-28 11:58:00,2011-11-30 12:18:00,7,1952,2807.08,France,83,20.4,2786.68,401.01,10,275,2011-02,True,5.0,5.0,5.0,Champions
12599,2011-02-08 13:28:00,2011-11-10 13:34:00,7,948,888.58,France,31,0.0,888.58,126.94,30,275,2011-02,True,4.0,5.0,3.0,Loyal Customers
12600,2010-12-03 12:57:00,2011-11-11 10:29:00,10,758,2311.04,Germany,31,0.0,2311.04,231.1,29,343,2010-12,True,4.0,5.0,5.0,Loyal Customers
12601,2011-01-11 10:38:00,2011-06-03 10:17:00,5,240,487.06,Germany,20,7.5,479.56,97.41,190,143,2011-01,True,1.0,4.0,3.0,At Risk
12602,2011-10-12 11:22:00,2011-10-12 11:22:00,1,162,153.12,France,12,0.0,153.12,153.12,59,0,2011-10,True,3.0,1.0,1.0,About to Sleep
12603,2011-11-18 10:42:00,2011-11-18 10:42:00,1,56,613.2,Germany,1,0.0,613.2,613.2,22,0,2011-11,True,4.0,1.0,3.0,Promising
12604,2011-03-23 12:06:00,2011-09-21 14:08:00,2,200,236.18,France,14,0.0,236.18,118.09,80,182,2011-03,True,2.0,2.0,1.0,Hibernating
12607,2011-10-10 16:06:00,2011-10-10 16:06:00,1,1228,1579.51,USA,101,1579.51,0.0,1579.51,61,0,2011-10,False,,,,
12609,2011-01-25 15:13:00,2011-09-22 16:34:00,3,639,964.85,Germany,56,0.0,964.85,321.62,79,240,2011-01,True,2.0,3.0,4.0,At Risk
12610,2011-08-05 13:52:00,2011-11-17 09:34:00,4,1039,1747.54,Italy,84,41.55,1705.99,436.88,23,104,2011-08,True,4.0,4.0,4.0,Loyal Customers
12611,2011-10-18 13:12:00,2011-10-18 13:12:00,1,846,1193.32,Italy,65,0.0,1193.32,1193.32,53,0,2011-10,True,3.0,1.0,4.0,About to Sleep
12612,2011-09-26 15:35:00,2011-09-26 15:35:00,1,260,668.04,Germany,18,60.45,607.59,668.04,75,0,2011-09,True,2.0,1.0,3.0,Hibernating
12613,2011-03-22 15:42:00,2011-10-13 14:59:00,4,1630,3092.38,Germany,123,125.4,2966.98,773.1,58,205,2011-03,True,3.0,4.0,5.0,Loyal Customers
12614,2011-03-07 10:22:00,2011-03-07 10:22:00,1,76,315.6,Germany,20,0.0,315.6,315.6,278,0,2011-03,True,1.0,1.0,2.0,Hibernating
12615,2011-06-24 13:35:00,2011-12-07 15:02:00,4,1365,2093.19,France,81,0.0,2093.19,523.3,3,166,2011-06,True,5.0,4.0,5.0,Champions
12616,2011-02-15 14:17:00,2011-09-05 15:17:00,2,280,641.3,France,24,56.05,585.25,320.65,96,202,2011-02,True,2.0,2.0,3.0,Hibernating
12617,2011-11-10 14:39:00,2011-11-10 14:39:00,1,210,352.98,France,39,0.0,352.98,352.98,30,0,2011-11,True,4.0,1.0,2.0,Promising
12618,2011-11-18 11:10:00,2011-11-18 11:10:00,1,95,137.31,Italy,10,0.0,137.31,137.31,22,0,2011-11,True,4.0,1.0,1.0,Promising
12619,2011-03-31 13:10:00,2011-11-23 14:52:00,8,3360,2945.56,Germany,48,36.75,2908.81,368.2,17,237,2011-03,True,4.0,5.0,5.0,Loyal Customers
12620,2011-05-19 12:10:00,2011-11-25 10:20:00,3,1179,1303.41,France,88,0.0,1303.41,434.47,15,190,2011-05,True,4.0,3.0,4.0,Potential Loyalists
12621,2010-12-09 10:16:00,2011-12-08 11:25:00,20,7369,12411.67,Germany,260,77.6,12334.07,620.58,2,364,2010-12,True,5.0,5.0,5.0,Champions
12622,2011-04-21 16:39:00,2011-04-21 16:39:00,1,68,162.1,Germany,10,0.0,162.1,162.1,233,0,2011-04,True,1.0,1.0,1.0,Hibernating
12623,2011-03-08 13:50:00,2011-03-08 13:50:00,1,189,269.1,Germany,17,0.0,269.1,269.1,277,0,2011-03,True,1.0,1.0,2.0,Hibernating
12624,2011-06-15 12:34:00,2011-08-25 15:04:00,2,351,569.13,France,35,0.0,569.13,284.56,107,71,2011-06,True,2.0,2.0,3.0,Hibernating
12625,2011-01-24 13:27:00,2011-05-12 09:54:00,2,1597,2413.82,Germany,72,51.5,2362.32,1206.91,212,108,2011-01,True,1.0,2.0,5.0,Hibernating
12626,2011-01-17 11:01:00,2011-11-16 16:06:00,9,3416,5954.48,Germany,231,232.13,5722.35,661.61,24,303,2011-01,True,4.0,5.0,5.0,Loyal Customers
12627,2011-07-22 13:59:00,2011-11-29 12:07:00,6,2730,4082.53,Germany,161,0.0,4082.53,680.42,11,130,2011-07,True,5.0,5.0,5.0,Champions
12628,2011-10-06 09:28:00,2011-12-05 13:15:00,3,445,732.46,Germany,33,16.85,715.61,244.15,5,60,2011-10,True,5.0,3.0,3.0,Potential Loyalists
12630,2011-10-27 10:41:00,2011-11-30 10:48:00,2,542,1030.88,Finland,59,0.0,1030.88,515.44,10,34,2011-10,True,5.0,2.0,4.0,Potential Loyalists
12631,2011-10-13 13:53:00,2011-10-13 13:53:00,1,232,480.5,Finland,30,0.0,480.5,480.5,58,0,2011-10,True,3.0,1.0,3.0,About to Sleep
12633,2011-02-25 08:44:00,2011-10-12 11:40:00,4,1149,1929.98,Germany,72,23.35,1906.63,482.5,59,229,2011-02,True,3.0,4.0,4.0,Loyal Customers
12635,2011-07-08 08:43:00,2011-09-11 11:04:00,2,1162,1509.18,Germany,95,0.0,1509.18,754.59,90,65,2011-07,True,2.0,2.0,4.0,Hibernating
12637,2011-01-20 10:47:00,2011-10-03 13:46:00,8,2983,5804.9,France,204,14.65,5790.25,725.61,68,256,2011-01,True,3.0,5.0,5.0,Loyal Customers
12638,2011-11-06 13:11:00,2011-11-06 13:11:00,1,573,511.69,Sweden,38,0.0,511.69,511.69,34,0,2011-11,True,3.0,1.0,3.0,About to Sleep
12639,2011-04-15 12:48:00,2011-04-15 12:48:00,1,198,366.1,Sweden,21,0.0,366.1,366.1,239,0,2011-04,True,1.0,1.0,2.0,Hibernating
12640,2011-09-19 12:01:00,2011-11-16 11:52:00,3,301,994.58,France,46,0.0,994.58,331.53,24,58,2011-09,True,4.0,3.0,4.0,Potential Loyalists
12641,2011-08-16 13:26:00,2011-08-16 13:26:00,1,71,145.9,Sweden,9,0.0,145.9,145.9,116,0,2011-08,True,2.0,1.0,1.0,Hibernating
12642,2011-08-24 09:23:00,2011-11-14 15:03:00,3,546,905.26,Germany,38,0.0,905.26,301.75,26,82,2011-08,True,4.0,3.0,3.0,Potential Loyalists
12643,2011-01-11 11:48:00,2011-08-03 12:56:00,6,1788,3041.64,France,10,0.0,3041.64,506.94,129,204,2011-01,True,2.0,5.0,5.0,Can't Lose Them
12644,2011-08-02 10:33:00,2011-08-02 10:33:00,1,325,477.91,Germany,31,0.0,477.91,477.91,130,0,2011-08,True,2.0,1.0,3.0,Hibernating
12645,2011-01-27 13:08:00,2011-11-06 12:38:00,4,1076,1631.18,Germany,57,19.8,1611.38,407.8,34,283,2011-01,True,3.0,4.0,4.0,Loyal Customers
12646,2011-10-21 12:52:00,2011-12-05 10:14:00,2,897,1346.97,USA,43,0.0,1346.97,673.48,5,45,2011-10,True,5.0,2.0,4.0,Potential Loyalists
12647,2010-12-05 14:02:00,2011-11-17 12:56:00,12,1399,3146.82,Germany,77,52.9,3093.92,262.24,23,347,2010-12,True,4.0,5.0,5.0,Loyal Customers
12648,2011-07-08 11:55:00,2011-07-08 11:55:00,1,159,300.05,Germany,20,0.0,300.05,300.05,155,0,2011-07,True,2.0,1.0,2.0,Hibernating
12649,2011-05-11 14:37:00,2011-08-24 14:41:00,3,583,569.51,Germany,27,19.8,549.71,189.84,108,105,2011-05,True,2.0,3.0,3.0,At Risk
12650,2011-12-06 16:34:00,2011-12-06 16:34:00,1,250,242.44,France,19,0.0,242.44,242.44,4,0,2011-12,True,5.0,1.0,2.0,New Customers
12651,2011-01-09 12:46:00,2011-01-09 12:46:00,1,78,114.0,France,9,0.0,114.0,114.0,335,0,2011-01,True,1.0,1.0,1.0,Hibernating
12652,2011-01-12 15:00:00,2011-01-12 15:00:00,1,498,793.98,France,47,5.45,788.53,793.98,332,0,2011-01,True,1.0,1.0,3.0,Hibernating
12653,2011-02-16 10:53:00,2011-07-14 10:41:00,2,919,2209.85,Israel,37,0.0,2209.85,1104.92,149,148,2011-02,True,2.0,2.0,5.0,Hibernating
12654,2011-02-17 13:16:00,2011-11-29 10:10:00,5,260,529.98,Germany,30,0.0,529.98,106.0,11,285,2011-02,True,5.0,4.0,3.0,Champions
12656,2011-04-20 09:20:00,2011-11-22 13:42:00,5,1699,3619.17,France,88,68.45,3550.72,723.83,18,216,2011-04,True,4.0,4.0,5.0,Loyal Customers
12657,2011-09-22 11:40:00,2011-11-28 15:47:00,4,1032,1427.18,France,34,419.12,1008.06,356.8,12,67,2011-09,True,5.0,4.0,4.0,Champions
12658,2011-11-21 10:22:00,2011-11-21 10:22:00,1,317,632.05,Germany,35,0.0,632.05,632.05,19,0,2011-11,True,4.0,1.0,3.0,Promising
12659,2011-11-10 11:53:00,2011-11-10 11:53:00,1,104,73.68,France,4,0.0,73.68,73.68,30,0,2011-11,True,4.0,1.0,1.0,Promising
12660,2011-11-28 13:26:00,2011-11-28 13:26:00,1,126,227.1,France,12,0.0,227.1,227.1,12,0,2011-11,True,5.0,1.0,1.0,New Customers
12662,2010-12-01 13:04:00,2011-12-09 11:59:00,11,2041,3543.78,Germany,128,32.7,3511.08,322.16,1,373,2010-12,True,5.0,5.0,5.0,Champions
12664,2011-01-21 11:42:00,2011-12-01 17:07:00,9,1188,4391.88,Finland,9,0.0,4391.88,487.99,9,314,2011-01,True,5.0,5.0,5.0,Champions
12665,2011-01-19 08:34:00,2011-01-19 08:34:00,1,36,45.0,Germany,2,1.25,43.75,45.0,325,0,2011-01,True,1.0,1.0,1.0,Hibernating
12667,2011-10-12 17:00:00,2011-10-12 17:00:00,1,391,460.13,Finland,32,0.0,460.13,460.13,59,0,2011-10,True,3.0,1.0,2.0,About to Sleep
12668,2010-12-19 12:46:00,2011-11-28 10:56:00,4,1599,3177.15,Germany,114,63.97,3113.18,794.29,12,344,2010-12,True,5.0,4.0,5.0,Champions
12669,2011-03-28 10:15:00,2011-07-12 09:54:00,2,1104,1427.73,France,96,0.0,1427.73,713.86,151,106,2011-03,True,2.0,2.0,4.0,Hibernating
12670,2011-04-21 10:16:00,2011-11-29 15:23:00,5,1383,2744.05,France,57,9.9,2734.15,548.81,11,222,2011-04,True,5.0,4.0,5.0,Champions
12672,2011-01-14 09:20:00,2011-01-14 09:20:00,1,78,225.9,France,10,0.0,225.9,225.9,330,0,2011-01,True,1.0,1.0,1.0,Hibernating
12673,2011-01-17 11:46:00,2011-12-04 13:55:00,2,349,574.52,Germany,41,0.0,574.52,287.26,6,321,2011-01,True,5.0,2.0,3.0,Potential Loyalists
12674,2011-05-16 09:10:00,2011-11-01 12:12:00,4,1126,1844.6,France,51,48.34,1796.26,461.15,39,169,2011-05,True,3.0,4.0,4.0,Loyal Customers
12676,2011-02-01 15:41:00,2011-11-15 12:25:00,6,664,1091.39,Sweden,32,0.0,1091.39,181.9,25,287,2011-02,True,4.0,5.0,4.0,Loyal Customers
12678,2010-12-21 14:26:00,2011-10-28 13:04:00,9,10900,16331.46,France,103,40.2,16291.26,1814.61,43,311,2010-12,True,3.0,5.0,5.0,Loyal Customers
12679,2011-03-01 12:26:00,2011-10-12 12:30:00,4,545,951.02,France,42,54.35,896.67,237.76,59,225,2011-03,True,3.0,4.0,3.0,Loyal Customers
12680,2011-08-18 15:44:00,2011-12-09 12:50:00,4,439,790.81,France,32,0.0,790.81,197.7,1,113,2011-08,True,5.0,4.0,3.0,Champions
12681,2010-12-07 10:08:00,2011-11-25 11:33:00,22,7457,12365.54,France,266,55.95,12309.59,562.07,15,353,2010-12,True,4.0,5.0,5.0,Loyal Customers
12682,2010-12-03 13:59:00,2011-12-06 10:00:00,31,5485,11019.82,France,208,0.0,11019.82,355.48,4,368,2010-12,True,5.0,5.0,5.0,Champions
12683,2010-12-09 10:37:00,2011-12-05 16:28:00,14,4934,7612.57,France,176,255.48,7357.09,543.76,5,361,2010-12,True,5.0,5.0,5.0,Champions
12684,2011-05-10 12:55:00,2011-12-02 09:53:00,6,1973,2073.63,France,59,0.0,2073.63,345.6,8,206,2011-05,True,5.0,5.0,5.0,Champions
12685,2011-09-07 10:28:00,2011-11-11 13:46:00,6,1507,2575.08,France,116,0.0,2575.08,429.18,29,65,2011-09,True,4.0,5.0,5.0,Loyal Customers
12686,2010-12-03 09:51:00,2010-12-03 09:51:00,1,106,71.14,France,6,0.0,71.14,71.14,372,0,2010-12,True,1.0,1.0,1.0,Hibernating
12688,2011-08-18 08:49:00,2011-08-18 08:49:00,1,3028,4873.81,Israel,171,0.0,4873.81,4873.81,114,0,2011-08,True,2.0,1.0,5.0,Hibernating
12689,2011-08-04 10:04:00,2011-11-14 08:31:00,2,622,1139.61,France,56,0.0,1139.61,569.8,26,102,2011-08,True,4.0,2.0,4.0,Potential Loyalists
12690,2011-05-18 09:09:00,2011-05-18 09:09:00,1,103,335.01,France,15,0.0,335.01,335.01,206,0,2011-05,True,1.0,1.0,2.0,Hibernating
12691,2010-12-17 14:46:00,2011-11-11 16:49:00,5,388,927.8,France,20,0.0,927.8,185.56,29,329,2010-12,True,4.0,4.0,4.0,Loyal Customers
12693,2011-01-24 12:58:00,2011-08-04 17:51:00,4,247,711.91,Germany,34,24.95,686.96,177.98,128,192,2011-01,True,2.0,4.0,3.0,At Risk
12694,2011-06-09 17:48:00,2011-09-30 13:06:00,2,503,761.67,France,31,0.0,761.67,380.84,71,113,2011-06,True,3.0,2.0,3.0,About to Sleep
12695,2011-05-13 13:15:00,2011-12-02 13:22:00,4,220,582.1,France,23,0.0,582.1,145.52,8,203,2011-05,True,5.0,4.0,3.0,Champions
12697,2011-06-23 15:44:00,2011-11-11 08:47:00,3,503,757.59,Sweden,36,18.57,739.02,252.53,29,141,2011-06,True,4.0,3.0,3.0,Potential Loyalists
12700,2011-05-08 16:10:00,2011-12-02 10:47:00,4,2944,4525.99,France,192,0.0,4525.99,1131.5,8,208,2011-05,True,5.0,4.0,5.0,Champions
12701,2011-04-11 13:02:00,2011-09-21 10:47:00,2,674,725.71,Germany,49,0.0,725.71,362.86,80,163,2011-04,True,2.0,2.0,3.0,Hibernating
12702,2011-11-20 10:36:00,2011-11-20 10:36:00,1,52,201.0,Germany,11,0.0,201.0,201.0,20,0,2011-11,True,4.0,1.0,1.0,Promising
12703,2011-09-29 17:52:00,2011-09-29 17:52:00,1,163,265.55,Germany,20,8.85,256.7,265.55,72,0,2011-09,True,3.0,1.0,2.0,About to Sleep
12704,2011-06-23 10:20:00,2011-12-02 13:15:00,8,991,1740.84,Finland,63,0.0,1740.84,217.6,8,162,2011-06,True,5.0,5.0,4.0,Champions
12705,2010-12-17 15:58:00,2011-11-24 13:17:00,8,3970,6382.29,Germany,227,54.05,6328.24,797.79,16,342,2010-12,True,4.0,5.0,5.0,Loyal Customers
12707,2011-02-21 08:38:00,2011-02-21 08:38:00,1,256,603.42,France,33,0.0,603.42,603.42,292,0,2011-02,True,1.0,1.0,3.0,Hibernating
12708,2010-12-06 10:43:00,2011-11-10 09:52:00,10,1292,2442.91,Germany,85,96.59,2346.32,244.29,30,339,2010-12,True,4.0,5.0,5.0,Loyal Customers
12709,2010-12-08 09:49:00,2011-11-24 15:38:00,15,3895,9400.52,Germany,92,440.77,8959.75,626.7,16,351,2010-12,True,4.0,5.0,5.0,Loyal Customers
12710,2011-05-22 14:05:00,2011-09-04 12:00:00,3,844,1023.02,Germany,74,18.45,1004.57,341.01,97,105,2011-05,True,2.0,3.0,4.0,At Risk
12712,2010-12-03 14:30:00,2011-11-11 08:19:00,13,1036,3928.13,Germany,57,136.5,3791.63,302.16,29,343,2010-12,True,4.0,5.0,5.0,Loyal Customers
12713,2011-12-09 12:16:00,2011-12-09 12:16:00,1,505,794.55,Germany,37,0.0,794.55,794.55,1,0,2011-12,True,5.0,1.0,3.0,New Customers
12714,2011-02-18 10:53:00,2011-11-30 15:43:00,5,3046,4294.86,France,215,0.0,4294.86,858.97,10,285,2011-02,True,5.0,4.0,5.0,Champions
12715,2011-08-25 15:22:00,2011-08-25 15:22:00,1,190,263.36,Sweden,19,0.0,263.36,263.36,107,0,2011-08,True,2.0,1.0,2.0,Hibernating
12716,2011-07-29 13:28:00,2011-12-06 08:55:00,2,703,963.49,France,59,0.0,963.49,481.74,4,130,2011-07,True,5.0,2.0,4.0,Potential Loyalists
12717,2011-04-08 10:32:00,2011-07-11 14:47:00,2,502,830.98,Greece,48,0.0,830.98,415.49,152,94,2011-04,True,2.0,2.0,3.0,Hibernating
12718,2011-09-29 16:38:00,2011-09-29 16:38:00,1,201,202.25,France,18,0.0,202.25,202.25,72,0,2011-09,True,3.0,1.0,1.0,About to Sleep
12719,2011-10-05 14:50:00,2011-12-04 13:45:00,2,370,572.95,France,33,36.85,536.1,286.48,6,60,2011-10,True,5.0,2.0,3.0,Potential Loyalists
12720,2010-12-05 15:21:00,2011-12-07 08:03:00,25,4635,5115.73,Germany,210,50.45,5065.28,204.63,3,367,2010-12,True,5.0,5.0,5.0,Champions
12721,2010-12-20 11:38:00,2011-11-08 12:13:00,6,1944,2386.13,France,132,27.15,2358.98,397.69,32,323,2010-12,True,4.0,5.0,5.0,Loyal Customers
12722,2011-07-12 11:55:00,2011-09-15 14:50:00,4,565,979.63,France,49,93.3,886.33,244.91,86,65,2011-07,True,2.0,4.0,3.0,At Risk
12723,2011-10-05 15:52:00,2011-12-06 10:19:00,5,433,707.07,France,52,0.0,707.07,141.41,4,62,2011-10,True,5.0,4.0,3.0,Champions
12724,2011-01-11 15:00:00,2011-12-04 16:02:00,4,439,923.41,France,46,0.0,923.41,230.85,6,327,2011-01,True,5.0,4.0,4.0,Champions
12725,2010-12-03 15:45:00,2010-12-03 15:45:00,1,162,371.8,Italy,23,0.0,371.8,371.8,372,0,2010-12,True,1.0,1.0,2.0,Hibernating
12726,2010-12-17 12:56:00,2011-11-11 13:35:00,7,3132,2411.1,France,56,0.0,2411.1,344.44,29,329,2010-12,True,4.0,5.0,5.0,Loyal Customers
12727,2011-01-23 15:17:00,2011-11-29 11:46:00,7,2068,3440.7,France,108,15.0,3425.7,491.53,11,310,2011-01,True,5.0,5.0,5.0,Champions
12728,2011-01-11 13:31:00,2011-09-29 15:31:00,4,413,728.33,France,37,0.0,728.33,182.08,72,261,2011-01,True,3.0,4.0,3.0,Loyal Customers
12729,2011-08-18 11:40:00,2011-08-18 11:40:00,1,231,417.01,France,25,0.0,417.01,417.01,114,0,2011-08,True,2.0,1.0,2.0,Hibernating
12731,2010-12-10 10:56:00,2011-11-16 11:59:00,12,8429,18751.91,France,108,91.5,18660.41,1562.66,24,341,2010-12,True,4.0,5.0,5.0,Loyal Customers
12732,2011-06-13 11:33:00,2011-06-13 11:33:00,1,110,218.26,France,11,0.0,218.26,218.26,180,0,2011-06,True,2.0,1.0,1.0,Hibernating
12733,2011-04-19 16:19:00,2011-04-19 16:19:00,1,137,383.95,USA,22,0.0,383.95,383.95,235,0,2011-04,True,1.0,1.0,2.0,Hibernating
12734,2010-12-22 12:47:00,2010-12-22 12:47:00,1,88,110.4,France,4,0.0,110.4,110.4,353,0,2010-12,True,1.0,1.0,1.0,Hibernating
12735,2011-01-06 14:26:00,2011-01-28 13:37:00,2,363,689.57,France,37,0.0,689.57,344.78,316,22,2011-01,True,1.0,2.0,3.0,Hibernating
12736,2011-01-11 07:57:00,2011-01-11 07:57:00,1,168,144.0,France,3,0.0,144.0,144.0,333,0,2011-01,True,1.0,1.0,1.0,Hibernating
12738,2010-12-02 18:27:00,2010-12-02 18:27:00,1,147,137.35,Germany,10,0.0,137.35,137.35,373,0,2010-12,True,1.0,1.0,1.0,Hibernating
12739,2011-09-01 17:45:00,2011-09-01 17:45:00,1,485,975.54,United Arab Emirates,37,0.0,975.54,975.54,100,0,2011-09,True,2.0,1.0,4.0,Hibernating
12740,2011-10-07 10:44:00,2011-10-07 10:44:00,1,342,427.6,France,27,0.0,427.6,427.6,64,0,2011-10,True,3.0,1.0,2.0,About to Sleep
12743,2011-07-28 16:06:00,2011-07-28 16:21:00,2,315,540.13,Unspecified,114,0.0,540.13,270.06,135,0,2011-07,True,2.0,2.0,3.0,Hibernating
12744,2011-01-25 13:26:00,2011-10-14 14:54:00,4,5234,9120.39,Singapore,177,0.0,9120.39,2280.1,57,262,2011-01,True,3.0,4.0,5.0,Loyal Customers
12747,2010-12-05 15:38:00,2011-12-07 14:34:00,11,1275,4196.01,United Kingdom,42,0.0,4196.01,381.46,3,367,2010-12,True,5.0,5.0,5.0,Champions
12748,2010-12-01 12:48:00,2011-12-09 12:20:00,206,25051,31650.78,United Kingdom,1766,1830.79,29819.99,153.64,1,373,2010-12,True,5.0,5.0,5.0,Champions
12749,2011-05-10 15:25:00,2011-12-06 09:56:00,5,1470,4040.88,United Kingdom,159,222.68,3818.2,808.18,4,210,2011-05,True,5.0,4.0,5.0,Champions
12750,2011-08-03 09:13:00,2011-08-03 09:13:00,1,137,275.88,Poland,15,0.0,275.88,275.88,129,0,2011-08,True,2.0,1.0,2.0,Hibernating
12752,2011-09-19 13:32:00,2011-09-19 13:32:00,1,2262,4366.78,Norway,53,0.0,4366.78,4366.78,82,0,2011-09,True,2.0,1.0,5.0,Hibernating
12753,2010-12-12 11:44:00,2011-11-17 10:52:00,6,11421,21429.39,Japan,132,405.38,21024.01,3571.56,23,340,2010-12,True,4.0,5.0,5.0,Loyal Customers
12754,2011-02-04 10:31:00,2011-04-18 09:00:00,3,6481,3010.74,Japan,49,0.0,3010.74,1003.58,236,73,2011-02,True,1.0,3.0,5.0,At Risk
12755,2010-12-09 10:44:00,2011-03-04 12:42:00,2,1491,3811.95,Japan,4,1591.2,2220.75,1905.98,281,85,2010-12,True,1.0,2.0,5.0,Hibernating
12756,2011-09-14 09:31:00,2011-09-14 09:31:00,1,144,112.08,Japan,4,0.0,112.08,112.08,87,0,2011-09,True,2.0,1.0,1.0,Hibernating
12757,2011-05-12 19:01:00,2011-11-24 12:30:00,9,2387,4176.75,Portugal,235,15.0,4161.75,464.08,16,196,2011-05,True,4.0,5.0,5.0,Loyal Customers
12758,2011-03-08 12:05:00,2011-08-15 10:22:00,2,2135,2791.59,Portugal,84,0.0,2791.59,1395.8,117,160,2011-03,True,2.0,2.0,5.0,Hibernating
12759,2011-03-09 08:09:00,2011-10-18 14:49:00,3,894,1411.44,Netherlands,80,0.0,1411.44,470.48,53,223,2011-03,True,3.0,3.0,4.0,Need Attention
12762,2011-11-14 14:23:00,2011-12-02 10:23:00,2,1220,1702.52,Portugal,61,0.0,1702.52,851.26,8,18,2011-11,True,5.0,2.0,4.0,Potential Loyalists
12763,2010-12-05 15:46:00,2011-07-24 14:12:00,2,316,494.08,Japan,16,0.0,494.08,247.04,139,231,2010-12,True,2.0,2.0,3.0,Hibernating
12764,2011-01-27 10:19:00,2011-01-27 10:19:00,1,386,1693.88,Lebanon,45,0.0,1693.88,1693.88,317,0,2011-01,True,1.0,1.0,4.0,Hibernating
12766,2010-12-08 13:53:00,2011-12-06 08:46:00,7,3627,6457.63,Portugal,204,0.0,6457.63,922.52,4,363,2010-12,True,5.0,5.0,5.0,Champions
12769,2011-04-15 10:25:00,2011-04-15 10:25:00,1,356,1143.6,Brazil,32,0.0,1143.6,1143.6,239,0,2011-04,True,1.0,1.0,4.0,Hibernating
12770,2011-05-13 09:33:00,2011-05-13 09:33:00,1,743,1351.45,Japan,12,0.0,1351.45,1351.45,211,0,2011-05,True,1.0,1.0,4.0,Hibernating
12772,2011-10-11 09:19:00,2011-10-11 09:19:00,1,551,752.47,Portugal,54,0.0,752.47,752.47,60,0,2011-10,True,3.0,1.0,3.0,About to Sleep
12775,2011-02-01 13:45:00,2011-11-22 16:33:00,5,870,1281.04,Netherlands,46,34.8,1246.24,256.21,18,294,2011-02,True,4.0,4.0,4.0,Loyal Customers
12778,2011-01-31 14:35:00,2011-11-20 11:30:00,6,817,693.23,Netherlands,39,0.0,693.23,115.54,20,293,2011-01,True,4.0,5.0,3.0,Loyal Customers
12779,2010-12-03 13:40:00,2011-11-02 11:43:00,8,2024,3981.36,Poland,88,112.66,3868.7,497.67,38,334,2010-12,True,3.0,5.0,5.0,Loyal Customers
12781,2011-02-28 08:43:00,2011-10-07 10:37:00,2,670,786.74,Czech Republic,24,115.02,671.72,393.37,64,221,2011-02,True,3.0,2.0,3.0,About to Sleep
12782,2010-12-17 11:30:00,2011-12-05 09:16:00,5,1072,1938.92,Portugal,80,57.6,1881.32,387.78,5,353,2010-12,True,5.0,4.0,4.0,Champions
12783,2011-09-25 15:35:00,2011-12-07 15:56:00,4,611,1295.87,Portugal,74,0.0,1295.87,323.97,3,73,2011-09,True,5.0,4.0,4.0,Champions
12784,2011-11-24 12:53:00,2011-11-24 12:53:00,1,278,476.82,Portugal,53,0.0,476.82,476.82,16,0,2011-11,True,4.0,1.0,3.0,Promising
12785,2010-12-10 13:48:00,2010-12-10 13:48:00,1,129,255.95,Portugal,13,6.24,249.71,255.95,365,0,2010-12,True,1.0,1.0,2.0,Hibernating
12787,2011-05-31 09:36:00,2011-11-30 08:44:00,3,258,418.66,Netherlands,16,0.0,418.66,139.55,10,183,2011-05,True,5.0,3.0,2.0,Potential Loyalists
12789,2011-10-05 13:34:00,2011-10-05 13:34:00,1,3,76.85,Netherlands,3,0.0,76.85,76.85,66,0,2011-10,True,3.0,1.0,1.0,About to Sleep
12790,2011-05-31 14:14:00,2011-05-31 14:14:00,1,164,294.92,Netherlands,20,0.0,294.92,294.92,193,0,2011-05,True,1.0,1.0,2.0,Hibernating
12791,2010-12-01 11:27:00,2010-12-01 11:27:00,1,96,177.6,Netherlands,1,0.0,177.6,177.6,374,0,2010-12,True,1.0,1.0,1.0,Hibernating
12792,2011-03-28 11:36:00,2011-03-28 11:36:00,1,215,344.54,Portugal,24,0.0,344.54,344.54,257,0,2011-03,True,1.0,1.0,2.0,Hibernating
12793,2010-12-03 15:14:00,2011-01-09 12:12:00,2,292,461.48,Portugal,20,0.0,461.48,230.74,335,37,2010-12,True,1.0,2.0,2.0,Hibernating
12794,2011-09-02 12:01:00,2011-10-17 14:54:00,2,592,860.41,Portugal,43,0.0,860.41,430.2,54,45,2011-09,True,3.0,2.0,3.0,About to Sleep
12795,2011-11-21 10:27:00,2011-11-21 10:27:00,1,64,318.48,Portugal,13,0.0,318.48,318.48,19,0,2011-11,True,4.0,1.0,2.0,Promising
12797,2010-12-09 10:55:00,2010-12-09 10:55:00,1,117,226.03,Portugal,12,59.85,166.18,226.03,366,0,2010-12,True,1.0,1.0,1.0,Hibernating
12798,2011-06-22 10:11:00,2011-11-29 15:52:00,3,5256,6977.04,Japan,6,0.0,6977.04,2325.68,11,160,2011-06,True,5.0,3.0,5.0,Potential Loyalists
12802,2011-06-06 09:36:00,2011-06-06 09:36:00,1,312,397.58,Netherlands,24,15.0,382.58,397.58,187,0,2011-06,True,1.0,1.0,2.0,Hibernating
12808,2010-12-06 10:27:00,2011-11-03 10:05:00,3,187,455.65,Portugal,26,0.0,455.65,151.88,37,332,2010-12,True,3.0,3.0,2.0,Need Attention
12809,2011-06-15 10:51:00,2011-06-15 10:51:00,1,217,405.31,Portugal,24,4.95,400.36,405.31,178,0,2011-06,True,2.0,1.0,2.0,Hibernating
12811,2011-02-28 15:39:00,2011-03-23 10:55:00,2,227,458.85,Portugal,26,0.0,458.85,229.42,262,23,2011-02,True,1.0,2.0,2.0,Hibernating
12812,2011-10-26 09:54:00,2011-10-26 09:54:00,1,164,229.64,Japan,15,0.0,229.64,229.64,45,0,2011-10,True,3.0,1.0,1.0,About to Sleep
12814,2011-08-30 12:11:00,2011-08-30 12:11:00,1,48,85.92,Poland,1,0.0,85.92,85.92,102,0,2011-08,True,2.0,1.0,1.0,Hibernating
12815,2011-05-25 13:34:00,2011-07-15 10:21:00,2,374,863.46,Poland,37,0.0,863.46,431.73,148,51,2011-05,True,2.0,2.0,3.0,Hibernating
12816,2011-06-16 13:24:00,2011-09-05 12:41:00,2,125,452.2,Poland,26,0.0,452.2,226.1,96,81,2011-06,True,2.0,2.0,2.0,Hibernating
12817,2011-03-03 16:28:00,2011-03-03 16:28:00,1,52,126.04,Austria,3,0.0,126.04,126.04,282,0,2011-03,True,1.0,1.0,1.0,Hibernating
12818,2011-03-23 12:06:00,2011-03-23 12:06:00,1,920,1182.08,Austria,13,24.2,1157.88,1182.08,262,0,2011-03,True,1.0,1.0,4.0,Hibernating
12820,2011-01-17 12:34:00,2011-12-06 15:12:00,4,722,942.34,United Kingdom,55,0.0,942.34,235.58,4,323,2011-01,True,5.0,4.0,4.0,Champions
12821,2011-05-09 15:51:00,2011-05-09 15:51:00,1,70,92.72,United Kingdom,6,0.0,92.72,92.72,215,0,2011-05,True,1.0,1.0,1.0,Hibernating
12822,2011-09-13 13:46:00,2011-09-30 10:04:00,2,550,948.88,United Kingdom,41,29.9,918.98,474.44,71,17,2011-09,True,3.0,2.0,4.0,About to Sleep
12823,2011-02-16 12:15:00,2011-09-26 07:35:00,5,230,1759.5,United Kingdom,1,0.0,1759.5,351.9,75,222,2011-02,True,2.0,4.0,4.0,At Risk
12824,2011-10-11 12:49:00,2011-10-11 12:49:00,1,232,397.12,United Kingdom,25,0.0,397.12,397.12,60,0,2011-10,True,3.0,1.0,2.0,About to Sleep
12826,2010-12-09 15:21:00,2011-12-07 10:25:00,7,1058,1474.72,United Kingdom,58,6.6,1468.12,210.67,3,363,2010-12,True,5.0,5.0,4.0,Champions
12827,2011-10-26 15:44:00,2011-12-04 12:17:00,3,197,430.15,United Kingdom,19,0.0,430.15,143.38,6,39,2011-10,True,5.0,3.0,2.0,Potential Loyalists
12828,2011-08-01 16:16:00,2011-12-07 08:45:00,6,494,1018.71,United Kingdom,46,0.0,1018.71,169.78,3,128,2011-08,True,5.0,5.0,4.0,Champions
12829,2010-12-14 14:54:00,2011-01-07 11:13:00,2,376,293.0,United Kingdom,9,39.95,253.05,146.5,337,24,2010-12,True,1.0,2.0,2.0,Hibernating
12830,2011-06-21 10:53:00,2011-11-02 11:54:00,6,9848,6814.64,United Kingdom,13,0.0,6814.64,1135.77,38,134,2011-06,True,3.0,5.0,5.0,Loyal Customers
12831,2011-03-22 13:02:00,2011-03-22 13:02:00,1,135,215.05,United Kingdom,9,0.0,215.05,215.05,263,0,2011-03,True,1.0,1.0,1.0,Hibernating
12832,2011-09-02 13:48:00,2011-11-07 13:30:00,2,195,383.03,United Kingdom,27,0.0,383.03,191.52,33,66,2011-09,True,4.0,2.0,2.0,Potential Loyalists
12833,2011-07-17 13:46:00,2011-07-17 13:46:00,1,156,417.38,United Kingdom,24,0.0,417.38,417.38,146,0,2011-07,True,2.0,1.0,2.0,Hibernating
12834,2011-03-02 09:49:00,2011-03-02 09:49:00,1,110,312.38,United Kingdom,18,0.0,312.38,312.38,283,0,2011-03,True,1.0,1.0,2.0,Hibernating
12836,2011-02-01 11:19:00,2011-10-11 15:10:00,4,1062,2610.36,United Kingdom,148,0.0,2610.36,652.59,60,252,2011-02,True,3.0,4.0,5.0,Loyal Customers
12837,2011-06-19 16:07:00,2011-06-19 16:07:00,1,24,134.1,United Kingdom,12,0.0,134.1,134.1,174,0,2011-06,True,2.0,1.0,1.0,Hibernating
12838,2010-12-01 11:57:00,2011-11-06 12:20:00,2,355,671.95,United Kingdom,115,0.0,671.95,335.98,34,340,2010-12,True,3.0,2.0,3.0,About to Sleep
12839,2010-12-07 15:48:00,2011-12-07 12:33:00,14,3807,5591.42,United Kingdom,95,3.3,5588.12,399.39,3,365,2010-12,True,5.0,5.0,5.0,Champions
12840,2011-04-27 12:21:00,2011-07-19 09:29:00,4,1511,2726.77,United Kingdom,67,12.5,2714.27,681.69,144,83,2011-04,True,2.0,4.0,5.0,At Risk
12841,2010-12-03 10:43:00,2011-12-05 11:13:00,25,2720,3991.58,United Kingdom,229,145.95,3845.63,159.66,5,367,2010-12,True,5.0,5.0,5.0,Champions
12842,2011-02-04 12:36:00,2011-09-30 15:33:00,2,547,1118.99,United Kingdom,34,0.0,1118.99,559.5,71,238,2011-02,True,3.0,2.0,4.0,About to Sleep
12843,2011-03-20 14:38:00,2011-10-05 12:09:00,8,781,1702.26,United Kingdom,69,21.5,1680.76,212.78,66,199,2011-03,True,3.0,5.0,4.0,Loyal Customers
12844,2011-08-01 13:11:00,2011-11-10 13:31:00,2,125,325.96,United Kingdom,47,0.0,325.96,162.98,30,101,2011-08,True,4.0,2.0,2.0,Potential Loyalists
12845,2011-02-22 14:10:00,2011-03-17 13:34:00,4,204,354.09,United Kingdom,26,0.0,354.09,88.52,268,23,2011-02,True,1.0,4.0,2.0,At Risk
12847,2011-11-17 13:16:00,2011-11-17 13:16:00,1,873,843.64,United Kingdom,72,0.0,843.64,843.64,23,0,2011-11,True,4.0,1.0,3.0,Promising
12849,2011-03-16 12:26:00,2011-11-08 13:41:00,2,579,992.65,United Kingdom,46,0.0,992.65,496.32,32,237,2011-03,True,4.0,2.0,4.0,Potential Loyalists
12851,2011-09-04 12:41:00,2011-09-04 12:41:00,1,106,131.81,United Kingdom,43,0.0,131.81,131.81,97,0,2011-09,True,2.0,1.0,1.0,Hibernating
12852,2011-02-18 08:47:00,2011-02-18 08:47:00,1,149,311.55,United Kingdom,17,11.8,299.75,311.55,295,0,2011-02,True,1.0,1.0,2.0,Hibernating
12853,2011-01-28 10:28:00,2011-07-28 11:29:00,6,800,1957.1,United Kingdom,66,75.4,1881.7,326.18,135,181,2011-01,True,2.0,5.0,4.0,Can't Lose Them
12854,2011-01-25 13:35:00,2011-09-22 12:15:00,3,626,1316.25,United Kingdom,95,35.35,1280.9,438.75,79,240,2011-01,True,2.0,3.0,4.0,At Risk
12855,2010-12-02 09:37:00,2010-12-02 09:37:00,1,30,38.1,United Kingdom,3,0.0,38.1,38.1,373,0,2010-12,True,1.0,1.0,1.0,Hibernating
12856,2011-10-07 12:38:00,2011-12-02 10:52:00,6,1076,2170.78,United Kingdom,155,17.25,2153.53,361.8,8,56,2011-10,True,5.0,5.0,5.0,Champions
12857,2011-02-10 12:32:00,2011-05-13 10:20:00,2,343,1106.4,United Kingdom,37,0.0,1106.4,553.2,211,92,2011-02,True,1.0,2.0,4.0,Hibernating
12863,2011-10-18 14:15:00,2011-10-18 14:15:00,1,188,521.2,United Kingdom,5,17.0,504.2,521.2,53,0,2011-10,True,3.0,1.0,3.0,About to Sleep
12864,2011-07-24 13:03:00,2011-07-24 13:03:00,1,216,147.12,United Kingdom,3,0.0,147.12,147.12,139,0,2011-07,True,2.0,1.0,1.0,Hibernating
12865,2011-08-08 10:11:00,2011-11-13 14:31:00,2,925,1568.23,Austria,86,20.16,1548.07,784.12,27,97,2011-08,True,4.0,2.0,4.0,Potential Loyalists
12866,2011-03-01 14:11:00,2011-03-01 14:11:00,1,167,499.12,Belgium,25,0.0,499.12,499.12,284,0,2011-03,True,1.0,1.0,3.0,Hibernating
12867,2010-12-14 16:39:00,2011-11-13 15:30:00,7,4284,4009.34,United Kingdom,240,46.35,3962.99,572.76,27,334,2010-12,True,4.0,5.0,5.0,Loyal Customers
12868,2010-12-01 12:50:00,2011-06-07 10:42:00,6,928,1607.06,United Kingdom,72,0.0,1607.06,267.84,186,188,2010-12,True,1.0,5.0,4.0,Can't Lose Them
12871,2011-05-16 13:32:00,2011-09-16 15:07:00,2,200,380.64,United Kingdom,8,0.0,380.64,190.32,85,123,2011-05,True,2.0,2.0,2.0,Hibernating
12872,2010-12-09 14:44:00,2011-01-17 10:52:00,2,319,599.97,United Kingdom,58,0.0,599.97,299.98,327,39,2010-12,True,1.0,2.0,3.0,Hibernating
12873,2011-03-02 14:58:00,2011-03-02 14:58:00,1,128,374.0,United Kingdom,4,0.0,374.0,374.0,283,0,2011-03,True,1.0,1.0,2.0,Hibernating
12875,2010-12-12 12:03:00,2011-07-19 15:30:00,2,2019,343.23,United Kingdom,1,0.0,343.23,171.62,144,219,2010-12,True,2.0,2.0,2.0,Hibernating
12876,2011-05-27 13:34:00,2011-10-13 12:26:00,2,1930,2053.02,Belgium,66,0.0,2053.02,1026.51,58,139,2011-05,True,3.0,2.0,5.0,About to Sleep
12877,2010-12-16 12:23:00,2011-12-06 10:30:00,12,1178,1535.77,United Kingdom,100,0.0,1535.77,127.98,4,355,2010-12,True,5.0,5.0,4.0,Champions
12878,2011-03-18 14:02:00,2011-04-17 13:07:00,2,547,854.99,United Kingdom,38,13.35,841.64,427.5,237,30,2011-03,True,1.0,2.0,3.0,Hibernating
12879,2011-09-09 12:11:00,2011-10-26 12:24:00,3,370,573.22,United Kingdom,7,20.65,552.57,191.07,45,47,2011-09,True,3.0,3.0,3.0,Need Attention
12881,2011-03-09 11:44:00,2011-03-09 11:44:00,1,21,298.0,United Kingdom,7,0.0,298.0,298.0,276,0,2011-03,True,1.0,1.0,2.0,Hibernating
12882,2011-11-06 11:22:00,2011-11-30 16:18:00,2,246,1463.04,United Kingdom,12,0.0,1463.04,731.52,10,24,2011-11,True,5.0,2.0,4.0,Potential Loyalists
12883,2011-09-11 15:18:00,2011-11-15 09:32:00,4,196,703.47,United Kingdom,39,0.0,703.47,175.87,25,65,2011-09,True,4.0,4.0,3.0,Loyal Customers
12884,2011-09-12 13:10:00,2011-09-12 13:10:00,1,43,309.05,United Kingdom,7,0.0,309.05,309.05,89,0,2011-09,True,2.0,1.0,2.0,Hibernating
12885,2011-08-08 11:45:00,2011-10-07 13:40:00,3,655,1175.22,United Kingdom,66,16.95,1158.27,391.74,64,60,2011-08,True,3.0,3.0,4.0,Need Attention
12886,2011-05-04 11:21:00,2011-10-03 10:09:00,2,770,1378.4,United Kingdom,75,27.31,1351.09,689.2,68,152,2011-05,True,3.0,2.0,4.0,About to Sleep
12888,2011-03-29 14:31:00,2011-05-09 16:02:00,2,76,354.12,United Kingdom,4,40.35,313.77,177.06,215,41,2011-03,True,1.0,2.0,2.0,Hibernating
12890,2011-11-15 17:26:00,2011-11-15 17:26:00,1,256,376.72,United Kingdom,78,0.0,376.72,376.72,25,0,2011-11,True,4.0,1.0,2.0,Promising
12891,2011-02-20 11:28:00,2011-06-07 12:31:00,3,950,331.0,United Kingdom,2,0.0,331.0,110.33,186,107,2011-02,True,1.0,3.0,2.0,At Risk
12893,2011-11-09 12:34:00,2011-11-09 12:34:00,1,90,176.55,United Kingdom,27,0.0,176.55,176.55,31,0,2011-11,True,4.0,1.0,1.0,Promising
12895,2011-09-14 08:35:00,2011-10-28 13:51:00,2,210,372.8,United Kingdom,22,25.5,347.3,186.4,43,44,2011-09,True,3.0,2.0,2.0,About to Sleep
12897,2011-02-11 11:40:00,2011-05-19 12:13:00,2,110,216.5,United Kingdom,3,0.0,216.5,108.25,205,97,2011-02,True,1.0,2.0,1.0,Hibernating
12901,2011-03-14 10:41:00,2011-12-01 10:07:00,28,23075,17654.54,United Kingdom,30,1338.4,16316.14,630.52,9,262,2011-03,True,5.0,5.0,5.0,Champions
12902,2011-03-20 12:06:00,2011-03-20 12:06:00,1,66,138.68,United Kingdom,10,0.0,138.68,138.68,265,0,2011-03,True,1.0,1.0,1.0,Hibernating
12904,2011-06-20 13:18:00,2011-11-21 14:34:00,2,294,496.06,United Kingdom,59,0.0,496.06,248.03,19,154,2011-06,True,4.0,2.0,3.0,Potential Loyalists
12906,2011-09-22 15:03:00,2011-11-28 09:55:00,5,1749,2919.81,United Kingdom,55,0.0,2919.81,583.96,12,67,2011-09,True,5.0,4.0,5.0,Champions
12908,2011-01-31 12:37:00,2011-06-16 15:39:00,2,1200,750.0,United Kingdom,1,390.0,360.0,375.0,177,136,2011-01,True,2.0,2.0,2.0,Hibernating
12909,2011-03-31 12:51:00,2011-10-31 12:43:00,5,1280,2178.67,United Kingdom,78,49.84,2128.83,435.73,40,214,2011-03,True,3.0,4.0,5.0,Loyal Customers
12910,2011-04-12 10:01:00,2011-11-16 14:28:00,8,1692,3075.04,United Kingdom,48,0.0,3075.04,384.38,24,218,2011-04,True,4.0,5.0,5.0,Loyal Customers
12912,2011-10-30 11:35:00,2011-12-07 08:55:00,5,670,1662.3,United Kingdom,17,0.0,1662.3,332.46,3,38,2011-10,True,5.0,4.0,4.0,Champions
12913,2010-12-06 16:36:00,2011-12-05 12:11:00,5,1419,2483.63,United Kingdom,37,0.0,2483.63,496.73,5,364,2010-12,True,5.0,4.0,5.0,Champions
12915,2010-12-02 12:33:00,2011-07-14 11:34:00,2,93,363.65,United Kingdom,19,0.0,363.65,181.82,149,224,2010-12,True,2.0,2.0,2.0,Hibernating
12916,2011-01-23 10:43:00,2011-07-24 10:35:00,4,1083,2944.95,United Kingdom,53,23.8,2921.15,736.24,139,182,2011-01,True,2.0,4.0,5.0,At Risk
12917,2011-08-03 16:42:00,2011-08-03 16:42:00,1,120,594.0,United Kingdom,2,0.0,594.0,594.0,129,0,2011-08,True,2.0,1.0,3.0,Hibernating
12919,2011-06-23 09:22:00,2011-12-01 13:47:00,6,673,1335.19,United Kingdom,34,33.75,1301.44,222.53,9,161,2011-06,True,5.0,5.0,4.0,Champions
12920,2011-11-22 15:05:00,2011-11-22 15:05:00,1,128,162.78,United Kingdom,27,0.0,162.78,162.78,18,0,2011-11,True,4.0,1.0,1.0,Promising
12921,2010-12-01 15:06:00,2011-11-30 16:22:00,37,9526,16587.09,United Kingdom,233,197.35,16389.74,448.3,10,364,2010-12,True,5.0,5.0,5.0,Champions
12922,2011-07-01 15:35:00,2011-07-01 15:35:00,1,370,405.38,United Kingdom,28,0.0,405.38,405.38,162,0,2011-07,True,2.0,1.0,2.0,Hibernating
12923,2011-10-06 16:20:00,2011-10-06 16:20:00,1,67,171.57,United Kingdom,27,0.0,171.57,171.57,65,0,2011-10,True,3.0,1.0,1.0,About to Sleep
12924,2011-01-16 11:49:00,2011-09-12 13:55:00,4,480,925.75,United Kingdom,21,3.75,922.0,231.44,89,239,2011-01,True,2.0,4.0,4.0,At Risk
12925,2011-09-26 11:05:00,2011-12-05 11:11:00,2,541,694.05,United Kingdom,42,0.0,694.05,347.02,5,70,2011-09,True,5.0,2.0,3.0,Potential Loyalists
12928,2010-12-15 15:45:00,2011-11-04 14:24:00,5,1472,2062.7,United Kingdom,59,0.0,2062.7,412.54,36,324,2010-12,True,3.0,4.0,5.0,Loyal Customers
12929,2011-02-01 12:08:00,2011-02-01 12:08:00,1,37,117.85,United Kingdom,8,12.75,105.1,117.85,312,0,2011-02,True,1.0,1.0,1.0,Hibernating
12930,2011-06-21 13:25:00,2011-09-22 15:18:00,2,252,415.8,United Kingdom,20,5.9,409.9,207.9,79,93,2011-06,True,2.0,2.0,2.0,Hibernating
12931,2010-12-17 09:45:00,2011-11-18 12:39:00,15,28004,42055.96,United Kingdom,28,8511.15,33544.81,2803.73,22,336,2010-12,True,4.0,5.0,5.0,Loyal Customers
12933,2011-03-01 11:30:00,2011-11-15 16:38:00,3,499,607.53,United Kingdom,102,1.25,606.28,202.51,25,259,2011-03,True,4.0,3.0,3.0,Potential Loyalists
12935,2011-01-24 13:58:00,2011-12-07 17:25:00,7,1853,2160.7,United Kingdom,80,4.25,2156.45,308.67,3,317,2011-01,True,5.0,5.0,5.0,Champions
12936,2011-09-22 13:51:00,2011-11-22 17:32:00,4,559,1063.9,United Kingdom,56,51.0,1012.9,265.98,18,61,2011-09,True,4.0,4.0,4.0,Loyal Customers
12937,2011-03-17 14:19:00,2011-11-24 15:05:00,4,1007,1504.27,United Kingdom,81,0.0,1504.27,376.07,16,252,2011-03,True,4.0,4.0,4.0,Loyal Customers
12938,2011-11-14 11:21:00,2011-11-14 11:21:00,1,140,114.14,United Kingdom,9,0.0,114.14,114.14,26,0,2011-11,True,4.0,1.0,1.0,Promising
12939,2011-01-09 11:20:00,2011-10-06 14:33:00,8,4876,11581.8,United Kingdom,21,0.0,11581.8,1447.72,65,270,2011-01,True,3.0,5.0,5.0,Loyal Customers
12940,2011-09-13 10:16:00,2011-10-16 12:09:00,2,404,899.69,United Kingdom,87,37.25,862.44,449.84,55,33,2011-09,True,3.0,2.0,3.0,About to Sleep
12942,2010-12-09 09:34:00,2011-07-31 14:39:00,3,198,675.6,United Kingdom,68,0.0,675.6,225.2,132,234,2010-12,True,2.0,3.0,3.0,At Risk
12944,2010-12-20 10:41:00,2011-11-04 11:04:00,2,289,604.51,United Kingdom,29,0.0,604.51,302.26,36,319,2010-12,True,3.0,2.0,3.0,About to Sleep
12945,2011-02-24 14:15:00,2011-02-24 14:15:00,1,165,462.95,United Kingdom,23,0.0,462.95,462.95,289,0,2011-02,True,1.0,1.0,2.0,Hibernating
12947,2010-12-01 16:21:00,2011-07-19 10:06:00,6,1165,1603.99,United Kingdom,83,196.7,1407.29,267.33,144,230,2010-12,True,2.0,5.0,4.0,Can't Lose Them
12948,2011-03-20 10:17:00,2011-11-23 17:10:00,7,1080,2064.95,United Kingdom,82,11.25,2053.7,294.99,17,248,2011-03,True,4.0,5.0,5.0,Loyal Customers
12949,2011-04-01 13:20:00,2011-11-09 11:25:00,8,2381,4167.22,United Kingdom,166,24.2,4143.02,520.9,31,222,2011-04,True,4.0,5.0,5.0,Loyal Customers
12950,2011-11-15 13:48:00,2011-12-07 13:17:00,3,1380,1843.0,United Kingdom,13,0.0,1843.0,614.33,3,22,2011-11,True,5.0,3.0,4.0,Potential Loyalists
12951,2011-01-13 10:33:00,2011-12-01 12:14:00,6,503,1064.07,United Kingdom,53,22.0,1042.07,177.34,9,322,2011-01,True,5.0,5.0,4.0,Champions
12952,2011-09-22 16:37:00,2011-12-04 10:35:00,4,653,1387.79,United Kingdom,64,4.95,1382.84,346.95,6,73,2011-09,True,5.0,4.0,4.0,Champions
12953,2011-11-30 09:24:00,2011-11-30 09:24:00,1,84,329.85,United Kingdom,17,0.0,329.85,329.85,10,0,2011-11,True,5.0,1.0,2.0,New Customers
12955,2011-03-17 09:03:00,2011-12-08 16:29:00,11,3664,4757.16,United Kingdom,81,22.9,4734.26,432.47,2,266,2011-03,True,5.0,5.0,5.0,Champions
12956,2011-02-06 16:08:00,2011-02-06 16:08:00,1,34,108.07,United Kingdom,19,0.0,108.07,108.07,307,0,2011-02,True,1.0,1.0,1.0,Hibernating
12957,2011-01-04 12:18:00,2011-11-30 09:53:00,8,2549,4017.54,United Kingdom,208,38.5,3979.04,502.19,10,330,2011-01,True,5.0,5.0,5.0,Champions
12962,2011-08-18 13:38:00,2011-12-02 15:55:00,2,129,266.39,United Kingdom,15,0.0,266.39,133.2,8,106,2011-08,True,5.0,2.0,2.0,Potential Loyalists
12963,2010-12-09 09:14:00,2011-12-01 12:55:00,8,881,1856.63,United Kingdom,75,0.0,1856.63,232.08,9,357,2010-12,True,5.0,5.0,4.0,Champions
12965,2011-09-11 15:31:00,2011-09-11 15:31:00,1,282,769.81,United Kingdom,108,0.0,769.81,769.81,90,0,2011-09,True,2.0,1.0,3.0,Hibernating
12966,2011-11-30 12:38:00,2011-11-30 12:38:00,1,75,160.18,United Kingdom,10,0.0,160.18,160.18,10,0,2011-11,True,5.0,1.0,1.0,New Customers
12967,2010-12-03 09:49:00,2010-12-16 19:10:00,2,438,1660.9,United Kingdom,19,466.15,1194.75,830.45,359,13,2010-12,True,1.0,2.0,4.0,Hibernating
12968,2011-08-19 15:44:00,2011-08-19 15:44:00,1,73,135.95,United Kingdom,5,0.0,135.95,135.95,113,0,2011-08,True,2.0,1.0,1.0,Hibernating
12970,2011-01-21 14:04:00,2011-12-02 14:30:00,4,268,405.47,United Kingdom,116,0.0,405.47,101.37,8,315,2011-01,True,5.0,4.0,2.0,Champions
12971,2010-12-02 16:42:00,2011-12-06 12:20:00,86,9289,11189.91,United Kingdom,94,256.15,10933.76,130.12,4,369,2010-12,True,5.0,5.0,5.0,Champions
12974,2011-05-26 09:33:00,2011-05-26 09:33:00,1,24,144.8,United Kingdom,8,0.0,144.8,144.8,198,0,2011-05,True,1.0,1.0,1.0,Hibernating
12976,2011-05-12 09:55:00,2011-05-12 09:55:00,1,561,738.6,United Kingdom,22,0.0,738.6,738.6,212,0,2011-05,True,1.0,1.0,3.0,Hibernating
12977,2011-07-06 16:40:00,2011-07-06 16:40:00,1,12,39.24,United Kingdom,9,0.0,39.24,39.24,157,0,2011-07,True,2.0,1.0,1.0,Hibernating
12980,2010-12-16 11:36:00,2011-07-05 09:34:00,9,886,7374.9,United Kingdom,6,282.84,7092.06,819.43,158,201,2010-12,True,2.0,5.0,5.0,Can't Lose Them
12981,2011-07-29 14:14:00,2011-11-10 12:00:00,2,242,372.22,United Kingdom,12,0.0,372.22,186.11,30,104,2011-07,True,4.0,2.0,2.0,Potential Loyalists
12982,2011-04-11 11:51:00,2011-04-11 11:51:00,1,288,390.54,United Kingdom,28,13.34,377.2,390.54,243,0,2011-04,True,1.0,1.0,2.0,Hibernating
12984,2011-11-21 12:37:00,2011-11-21 12:37:00,1,26,97.5,United Kingdom,4,0.0,97.5,97.5,19,0,2011-11,True,4.0,1.0,1.0,Promising
12985,2011-11-11 12:44:00,2011-12-09 10:46:00,2,1533,1239.38,United Kingdom,73,23.76,1215.62,619.69,1,28,2011-11,True,5.0,2.0,4.0,Potential Loyalists
12987,2011-05-26 12:00:00,2011-09-27 12:03:00,2,219,558.7,United Kingdom,27,13.7,545.0,279.35,74,124,2011-05,True,2.0,2.0,3.0,Hibernating
12988,2011-02-20 14:31:00,2011-02-20 14:31:00,1,126,505.82,United Kingdom,75,0.0,505.82,505.82,293,0,2011-02,True,1.0,1.0,3.0,Hibernating
12989,2010-12-10 13:24:00,2011-12-06 15:28:00,15,2943,6924.11,United Kingdom,41,69.6,6854.51,461.61,4,361,2010-12,True,5.0,5.0,5.0,Champions
12990,2011-02-02 15:39:00,2011-11-08 13:01:00,3,200,409.5,United Kingdom,8,0.0,409.5,136.5,32,279,2011-02,True,4.0,3.0,2.0,Potential Loyalists
12991,2011-08-19 14:39:00,2011-11-16 15:34:00,2,405,503.76,United Kingdom,31,0.0,503.76,251.88,24,89,2011-08,True,4.0,2.0,3.0,Potential Loyalists
12993,2011-02-14 14:29:00,2011-11-16 15:49:00,4,240,414.76,United Kingdom,26,0.0,414.76,103.69,24,275,2011-02,True,4.0,4.0,2.0,Loyal Customers
12994,2011-03-16 08:31:00,2011-12-05 15:43:00,3,459,974.42,United Kingdom,52,72.2,902.22,324.81,5,264,2011-03,True,5.0,3.0,3.0,Potential Loyalists
12995,2011-09-15 15:44:00,2011-09-15 15:44:00,1,108,211.32,United Kingdom,3,10.6,200.72,211.32,86,0,2011-09,True,2.0,1.0,1.0,Hibernating
12997,2011-01-26 15:49:00,2011-11-17 15:47:00,4,664,1226.89,United Kingdom,45,28.95,1197.94,306.72,23,295,2011-01,True,4.0,4.0,4.0,Loyal Customers
12999,2011-04-08 10:26:00,2011-05-27 13:24:00,3,342,455.88,United Kingdom,25,0.0,455.88,151.96,197,49,2011-04,True,1.0,3.0,2.0,At Risk
13000,2010-12-10 10:26:00,2011-08-25 10:43:00,3,379,534.85,United Kingdom,30,0.0,534.85,178.28,107,258,2010-12,True,2.0,3.0,3.0,At Risk
13001,2011-01-17 12:45:00,2011-12-05 14:51:00,13,5490,9785.97,United Kingdom,166,20.9,9765.07,752.77,5,322,2011-01,True,5.0,5.0,5.0,Champions
13002,2011-01-25 15:18:00,2011-01-25 15:18:00,1,73,120.95,United Kingdom,7,0.0,120.95,120.95,319,0,2011-01,True,1.0,1.0,1.0,Hibernating
13003,2011-05-09 08:23:00,2011-08-26 10:50:00,3,103,149.05,United Kingdom,4,0.0,149.05,49.68,106,109,2011-05,True,2.0,3.0,1.0,At Risk
13004,2010-12-17 08:20:00,2011-11-28 11:27:00,18,4822,5655.91,United Kingdom,277,42.48,5613.43,314.22,12,346,2010-12,True,5.0,5.0,5.0,Champions
13005,2011-04-07 13:32:00,2011-06-19 10:53:00,2,172,513.7,United Kingdom,21,44.75,468.95,256.85,174,73,2011-04,True,2.0,2.0,2.0,Hibernating
13006,2011-10-14 13:49:00,2011-10-14 13:49:00,1,55,81.57,United Kingdom,4,0.0,81.57,81.57,57,0,2011-10,True,3.0,1.0,1.0,About to Sleep
13008,2011-01-20 14:24:00,2011-01-20 14:24:00,1,175,229.47,United Kingdom,14,51.0,178.47,229.47,324,0,2011-01,True,1.0,1.0,1.0,Hibernating
13011,2010-12-02 17:22:00,2010-12-02 17:22:00,1,13,50.55,United Kingdom,3,0.0,50.55,50.55,373,0,2010-12,True,1.0,1.0,1.0,Hibernating
13012,2011-02-18 09:43:00,2011-11-30 13:05:00,8,820,1646.84,United Kingdom,67,345.12,1301.72,205.86,10,285,2011-02,True,5.0,5.0,4.0,Champions
13013,2010-12-03 12:28:00,2011-12-08 15:01:00,13,2224,4810.94,United Kingdom,155,23.95,4786.99,370.07,2,370,2010-12,True,5.0,5.0,5.0,Champions
13014,2011-03-03 18:28:00,2011-11-29 12:27:00,10,905,3466.28,United Kingdom,67,100.85,3365.43,346.63,11,271,2011-03,True,5.0,5.0,5.0,Champions
13015,2011-04-04 14:28:00,2011-10-17 13:19:00,5,1609,3339.64,United Kingdom,156,0.0,3339.64,667.93,54,196,2011-04,True,3.0,4.0,5.0,Loyal Customers
13016,2011-08-08 15:00:00,2011-09-27 14:08:00,3,527,789.89,United Kingdom,39,0.0,789.89,263.3,74,50,2011-08,True,2.0,3.0,3.0,At Risk
13017,2011-12-02 15:53:00,2011-12-02 15:53:00,1,48,204.0,United Kingdom,1,0.0,204.0,204.0,8,0,2011-12,True,5.0,1.0,1.0,New Customers
13018,2011-02-17 11:05:00,2011-11-23 13:28:00,28,5435,7277.7,United Kingdom,313,4.95,7272.75,259.92,17,279,2011-02,True,4.0,5.0,5.0,Loyal Customers
13021,2010-12-16 10:12:00,2011-12-05 16:37:00,9,1352,2616.38,United Kingdom,101,31.98,2584.4,290.71,5,354,2010-12,True,5.0,5.0,5.0,Champions
13023,2011-08-02 09:34:00,2011-10-06 16:27:00,2,280,599.9,United Kingdom,35,0.0,599.9,299.95,65,65,2011-08,True,3.0,2.0,3.0,About to Sleep
13026,2011-03-09 11:35:00,2011-12-08 16:58:00,5,1620,975.36,United Kingdom,32,31.59,943.77,195.07,2,274,2011-03,True,5.0,4.0,4.0,Champions
13027,2010-12-20 12:45:00,2011-08-18 09:39:00,6,17280,6912.0,United Kingdom,6,0.0,6912.0,1152.0,114,241,2010-12,True,2.0,5.0,5.0,Can't Lose Them
13028,2011-10-25 14:09:00,2011-11-17 11:10:00,2,798,661.32,United Kingdom,40,1.64,659.68,330.66,23,23,2011-10,True,4.0,2.0,3.0,Potential Loyalists
13029,2010-12-21 13:53:00,2011-11-09 09:13:00,3,134,1247.5,United Kingdom,8,0.0,1247.5,415.83,31,323,2010-12,True,4.0,3.0,4.0,Potential Loyalists
13030,2010-12-06 14:31:00,2011-11-28 14:30:00,2,348,752.44,United Kingdom,76,0.0,752.44,376.22,12,357,2010-12,True,5.0,2.0,3.0,Potential Loyalists
13032,2011-09-13 16:40:00,2011-10-18 15:54:00,2,375,1010.18,United Kingdom,55,13.66,996.52,505.09,53,35,2011-09,True,3.0,2.0,4.0,About to Sleep
13033,2010-12-17 14:23:00,2010-12-17 14:23:00,1,83,190.55,United Kingdom,11,0.0,190.55,190.55,358,0,2010-12,True,1.0,1.0,1.0,Hibernating
13034,2010-12-05 14:52:00,2011-10-16 12:21:00,2,369,642.77,United Kingdom,37,0.0,642.77,321.38,55,315,2010-12,True,3.0,2.0,3.0,About to Sleep
13035,2011-03-24 09:21:00,2011-09-27 08:57:00,2,644,921.88,United Kingdom,23,35.25,886.63,460.94,74,187,2011-03,True,2.0,2.0,3.0,Hibernating
13037,2011-03-28 15:42:00,2011-07-24 15:46:00,3,431,881.07,United Kingdom,44,0.0,881.07,293.69,139,118,2011-03,True,2.0,3.0,3.0,At Risk
13038,2011-02-22 11:43:00,2011-09-20 14:37:00,3,360,908.46,United Kingdom,24,0.0,908.46,302.82,81,210,2011-02,True,2.0,3.0,3.0,At Risk
13040,2011-11-06 13:53:00,2011-12-01 10:38:00,2,355,676.99,United Kingdom,38,0.0,676.99,338.5,9,25,2011-11,True,5.0,2.0,3.0,Potential Loyalists
13043,2011-03-11 14:52:00,2011-03-11 14:52:00,1,254,516.42,United Kingdom,13,44.85,471.57,516.42,274,0,2011-03,True,1.0,1.0,3.0,Hibernating
13044,2011-02-21 15:20:00,2011-02-21 15:20:00,1,429,560.47,United Kingdom,33,0.0,560.47,560.47,292,0,2011-02,True,1.0,1.0,3.0,Hibernating
13045,2011-09-01 15:04:00,2011-09-01 15:04:00,1,221,305.28,United Kingdom,18,0.0,305.28,305.28,100,0,2011-09,True,2.0,1.0,2.0,Hibernating
13046,2011-03-18 15:43:00,2011-11-09 08:36:00,2,264,629.31,United Kingdom,33,0.0,629.31,314.65,31,236,2011-03,True,4.0,2.0,3.0,Potential Loyalists
13047,2010-12-01 08:34:00,2011-10-14 11:15:00,9,1390,3232.59,United Kingdom,105,143.49,3089.1,359.18,57,317,2010-12,True,3.0,5.0,5.0,Loyal Customers
13048,2011-01-16 14:36:00,2011-11-25 13:23:00,4,1228,1819.41,United Kingdom,77,30.0,1789.41,454.85,15,313,2011-01,True,4.0,4.0,4.0,Loyal Customers
13049,2011-01-25 16:33:00,2011-10-06 15:31:00,2,268,656.68,United Kingdom,14,0.0,656.68,328.34,65,254,2011-01,True,3.0,2.0,3.0,About to Sleep
13050,2010-12-08 09:30:00,2011-11-25 09:18:00,17,3747,5833.11,United Kingdom,245,152.25,5680.86,343.12,15,352,2010-12,True,4.0,5.0,5.0,Loyal Customers
13052,2011-05-11 14:12:00,2011-05-11 14:12:00,1,222,348.15,United Kingdom,18,0.0,348.15,348.15,213,0,2011-05,True,1.0,1.0,2.0,Hibernating
13055,2011-05-10 08:58:00,2011-09-22 14:26:00,3,894,1214.41,United Kingdom,74,12.45,1201.96,404.8,79,135,2011-05,True,2.0,3.0,4.0,At Risk
13058,2011-07-11 12:01:00,2011-11-15 12:43:00,3,52,271.4,United Kingdom,5,0.0,271.4,90.47,25,127,2011-07,True,4.0,3.0,2.0,Potential Loyalists
13059,2011-04-04 10:40:00,2011-04-04 10:40:00,1,35,183.4,United Kingdom,8,0.0,183.4,183.4,250,0,2011-04,True,1.0,1.0,1.0,Hibernating
13060,2011-03-31 11:37:00,2011-03-31 11:37:00,1,123,307.53,United Kingdom,15,0.0,307.53,307.53,254,0,2011-03,True,1.0,1.0,2.0,Hibernating
13061,2011-09-28 16:04:00,2011-09-28 16:04:00,1,107,248.61,United Kingdom,10,0.0,248.61,248.61,73,0,2011-09,True,2.0,1.0,2.0,Hibernating
13062,2011-06-01 15:12:00,2011-06-01 15:12:00,1,343,346.98,United Kingdom,11,0.0,346.98,346.98,192,0,2011-06,True,1.0,1.0,2.0,Hibernating
13064,2011-01-16 13:41:00,2011-11-27 12:31:00,4,514,1105.59,United Kingdom,51,0.0,1105.59,276.4,13,315,2011-01,True,5.0,4.0,4.0,Champions
13065,2010-12-01 16:52:00,2010-12-01 16:52:00,1,74,205.86,United Kingdom,14,0.0,205.86,205.86,374,0,2010-12,True,1.0,1.0,1.0,Hibernating
13066,2011-11-07 17:06:00,2011-11-15 12:57:00,2,322,470.8,United Kingdom,48,39.9,430.9,235.4,25,8,2011-11,True,4.0,2.0,2.0,Potential Loyalists
13067,2011-09-18 13:38:00,2011-09-18 13:38:00,1,32,115.46,United Kingdom,14,0.0,115.46,115.46,83,0,2011-09,True,2.0,1.0,1.0,Hibernating
13068,2011-01-24 08:20:00,2011-11-29 15:00:00,2,200,344.0,United Kingdom,1,0.0,344.0,172.0,11,309,2011-01,True,5.0,2.0,2.0,Potential Loyalists
13069,2010-12-05 11:02:00,2011-12-09 08:39:00,24,5873,4431.44,United Kingdom,281,718.3,3713.14,184.64,1,369,2010-12,True,5.0,5.0,5.0,Champions
13070,2011-05-31 13:45:00,2011-05-31 13:45:00,1,110,228.8,United Kingdom,9,0.0,228.8,228.8,193,0,2011-05,True,1.0,1.0,1.0,Hibernating
13072,2011-03-18 08:12:00,2011-03-18 08:12:00,1,69,177.15,United Kingdom,7,0.0,177.15,177.15,267,0,2011-03,True,1.0,1.0,1.0,Hibernating
13075,2011-08-02 10:19:00,2011-08-02 10:19:00,1,485,919.61,United Kingdom,22,0.0,919.61,919.61,130,0,2011-08,True,2.0,1.0,4.0,Hibernating
13077,2010-12-08 14:59:00,2011-12-08 19:24:00,4,862,728.02,United Kingdom,99,0.0,728.02,182.0,2,365,2010-12,True,5.0,4.0,3.0,Champions
13078,2010-12-08 09:07:00,2011-12-06 15:36:00,26,5630,12627.94,United Kingdom,95,195.66,12432.28,485.69,4,363,2010-12,True,5.0,5.0,5.0,Champions
13079,2011-07-22 14:41:00,2011-12-05 16:53:00,5,62,220.1,United Kingdom,2,0.0,220.1,44.02,5,136,2011-07,True,5.0,4.0,1.0,Champions
13080,2011-06-13 14:59:00,2011-06-13 14:59:00,1,120,58.08,United Kingdom,6,0.0,58.08,58.08,180,0,2011-06,True,2.0,1.0,1.0,Hibernating
13081,2010-12-03 17:20:00,2011-11-28 10:54:00,11,19068,28337.38,United Kingdom,503,365.3,27972.08,2576.13,12,360,2010-12,True,5.0,5.0,5.0,Champions
13082,2011-01-05 15:42:00,2011-08-05 16:16:00,9,4324,3613.63,United Kingdom,63,18.15,3595.48,401.51,127,212,2011-01,True,2.0,5.0,5.0,Can't Lose Them
13083,2011-09-25 10:46:00,2011-12-05 15:01:00,2,187,303.75,United Kingdom,15,0.0,303.75,151.88,5,71,2011-09,True,5.0,2.0,2.0,Potential Loyalists
13085,2011-02-17 13:57:00,2011-07-05 12:11:00,2,216,416.08,United Kingdom,17,143.7,272.38,208.04,158,138,2011-02,True,2.0,2.0,2.0,Hibernating
13089,2010-12-05 10:27:00,2011-12-07 09:02:00,97,31025,58762.08,United Kingdom,636,1439.95,57322.13,605.79,3,367,2010-12,True,5.0,5.0,5.0,Champions
13090,2010-12-02 07:48:00,2011-12-01 12:39:00,13,2262,8895.82,United Kingdom,97,221.43,8674.39,684.29,9,364,2010-12,True,5.0,5.0,5.0,Champions
13091,2011-11-11 15:54:00,2011-11-11 15:54:00,1,466,345.82,United Kingdom,21,26.0,319.82,345.82,29,0,2011-11,True,4.0,1.0,2.0,Promising
13092,2010-12-15 12:27:00,2011-09-30 11:18:00,5,279,477.83,United Kingdom,19,18.0,459.83,95.57,71,289,2010-12,True,3.0,4.0,2.0,Loyal Customers
13093,2010-12-01 15:00:00,2011-03-09 12:14:00,8,3961,7832.47,United Kingdom,97,91.0,7741.47,979.06,276,98,2010-12,True,1.0,5.0,5.0,Can't Lose Them
13094,2010-12-06 10:34:00,2011-11-18 14:07:00,12,1716,1927.32,United Kingdom,4,218.46,1708.86,160.61,22,347,2010-12,True,4.0,5.0,4.0,Loyal Customers
13095,2011-09-30 12:03:00,2011-09-30 12:03:00,1,144,74.4,United Kingdom,6,0.0,74.4,74.4,71,0,2011-09,True,3.0,1.0,1.0,About to Sleep
13097,2010-12-14 15:13:00,2011-11-07 10:43:00,10,2360,6003.22,United Kingdom,214,102.15,5901.07,600.32,33,328,2010-12,True,4.0,5.0,5.0,Loyal Customers
13098,2011-01-26 13:46:00,2011-12-08 14:14:00,28,15968,28882.44,United Kingdom,156,223.56,28658.88,1031.52,2,316,2011-01,True,5.0,5.0,5.0,Champions
13099,2011-09-01 17:40:00,2011-09-01 17:40:00,1,288,207.36,United Kingdom,1,0.0,207.36,207.36,100,0,2011-09,True,2.0,1.0,1.0,Hibernating
13101,2011-04-19 14:37:00,2011-04-19 14:37:00,1,113,101.19,United Kingdom,8,0.0,101.19,101.19,235,0,2011-04,True,1.0,1.0,1.0,Hibernating
13102,2010-12-09 13:38:00,2011-12-08 12:52:00,24,4204,6424.09,United Kingdom,140,87.8,6336.29,267.67,2,364,2010-12,True,5.0,5.0,5.0,Champions
13103,2011-10-31 09:38:00,2011-10-31 09:38:00,1,82,243.94,United Kingdom,8,0.0,243.94,243.94,40,0,2011-10,True,3.0,1.0,2.0,About to Sleep
13104,2010-12-20 11:58:00,2011-12-06 13:10:00,6,504,1098.48,United Kingdom,14,0.0,1098.48,183.08,4,351,2010-12,True,5.0,5.0,4.0,Champions
13106,2011-07-29 15:12:00,2011-07-29 15:12:00,1,18,76.5,United Kingdom,1,17.0,59.5,76.5,134,0,2011-07,True,2.0,1.0,1.0,Hibernating
13107,2011-01-10 12:28:00,2011-10-26 14:52:00,4,1293,1531.62,United Kingdom,54,7.55,1524.07,382.9,45,289,2011-01,True,3.0,4.0,4.0,Loyal Customers
13108,2010-12-02 10:35:00,2010-12-02 10:35:00,1,298,350.06,United Kingdom,10,0.0,350.06,350.06,373,0,2010-12,True,1.0,1.0,2.0,Hibernating
13109,2011-07-05 14:56:00,2011-10-11 10:16:00,2,520,786.54,United Kingdom,41,19.7,766.84,393.27,60,98,2011-07,True,3.0,2.0,3.0,About to Sleep
13110,2011-02-01 15:24:00,2011-11-08 14:30:00,7,388,1488.67,United Kingdom,109,35.8,1452.87,212.67,32,280,2011-02,True,4.0,5.0,4.0,Loyal Customers
13113,2010-12-08 13:21:00,2011-12-09 12:49:00,24,3045,12245.96,United Kingdom,95,1722.31,10523.65,510.25,1,366,2010-12,True,5.0,5.0,5.0,Champions
13115,2011-06-08 16:15:00,2011-11-28 12:38:00,4,1567,2294.78,United Kingdom,88,89.15,2205.63,573.7,12,173,2011-06,True,5.0,4.0,5.0,Champions
13116,2011-07-24 14:33:00,2011-07-24 14:33:00,1,291,501.14,United Kingdom,30,15.95,485.19,501.14,139,0,2011-07,True,2.0,1.0,3.0,Hibernating
13117,2010-12-02 13:11:00,2011-11-18 12:02:00,8,945,984.91,United Kingdom,66,0.0,984.91,123.11,22,351,2010-12,True,4.0,5.0,4.0,Loyal Customers
13118,2011-02-24 12:32:00,2011-11-20 12:46:00,5,410,1197.81,United Kingdom,68,72.81,1125.0,239.56,20,269,2011-02,True,4.0,4.0,4.0,Loyal Customers
13120,2011-04-15 10:19:00,2011-04-15 10:19:00,1,12,30.6,United Kingdom,1,0.0,30.6,30.6,239,0,2011-04,True,1.0,1.0,1.0,Hibernating
13121,2011-03-15 16:47:00,2011-03-15 16:47:00,1,252,283.73,United Kingdom,50,29.0,254.73,283.73,270,0,2011-03,True,1.0,1.0,2.0,Hibernating
13122,2011-04-13 14:12:00,2011-09-06 15:53:00,2,585,922.39,United Kingdom,54,0.0,922.39,461.2,95,146,2011-04,True,2.0,2.0,4.0,Hibernating
13124,2010-12-15 15:00:00,2011-09-11 12:45:00,3,2119,3756.33,United Kingdom,185,0.0,3756.33,1252.11,90,270,2010-12,True,2.0,3.0,5.0,At Risk
13126,2010-12-08 11:42:00,2011-12-05 10:00:00,8,2143,2099.64,United Kingdom,124,43.35,2056.29,262.46,5,362,2010-12,True,5.0,5.0,5.0,Champions
13127,2011-09-23 10:26:00,2011-09-23 10:26:00,1,127,259.17,United Kingdom,15,0.0,259.17,259.17,78,0,2011-09,True,2.0,1.0,2.0,Hibernating
13130,2011-09-06 15:30:00,2011-09-06 15:30:00,1,32,64.0,United Kingdom,2,0.0,64.0,64.0,95,0,2011-09,True,2.0,1.0,1.0,Hibernating
13131,2011-06-05 10:54:00,2011-11-16 13:21:00,3,447,1073.3,United Kingdom,30,34.0,1039.3,357.77,24,164,2011-06,True,4.0,3.0,4.0,Potential Loyalists
13132,2011-03-23 12:44:00,2011-03-23 12:44:00,1,20,77.3,United Kingdom,3,0.0,77.3,77.3,262,0,2011-03,True,1.0,1.0,1.0,Hibernating
13133,2011-02-08 15:48:00,2011-03-11 10:31:00,2,32,109.8,United Kingdom,7,0.0,109.8,54.9,274,31,2011-02,True,1.0,2.0,1.0,Hibernating
13134,2011-04-13 12:57:00,2011-09-15 10:35:00,4,1059,1793.58,United Kingdom,94,52.95,1740.63,448.4,86,155,2011-04,True,2.0,4.0,4.0,At Risk
13135,2011-05-27 10:52:00,2011-05-27 10:52:00,1,4300,3096.0,United Kingdom,1,0.0,3096.0,3096.0,197,0,2011-05,True,1.0,1.0,5.0,Hibernating
13136,2011-05-11 12:47:00,2011-10-14 13:41:00,5,1328,2607.61,United Kingdom,94,62.23,2545.38,521.52,57,156,2011-05,True,3.0,4.0,5.0,Loyal Customers
13137,2011-02-04 11:54:00,2011-11-29 12:09:00,8,2204,3603.29,United Kingdom,345,0.0,3603.29,450.41,11,298,2011-02,True,5.0,5.0,5.0,Champions
13138,2010-12-02 15:03:00,2011-11-17 16:51:00,6,473,962.39,United Kingdom,31,0.0,962.39,160.4,23,350,2010-12,True,4.0,5.0,4.0,Loyal Customers
13139,2011-03-25 11:57:00,2011-11-23 13:54:00,7,2425,5064.94,United Kingdom,132,9.15,5055.79,723.56,17,243,2011-03,True,4.0,5.0,5.0,Loyal Customers
13140,2010-12-08 15:12:00,2011-08-23 15:33:00,3,185,422.47,United Kingdom,40,0.0,422.47,140.82,109,258,2010-12,True,2.0,3.0,2.0,At Risk
13141,2011-01-28 13:04:00,2011-09-16 09:54:00,5,1548,2388.75,United Kingdom,113,2.95,2385.8,477.75,85,231,2011-01,True,2.0,4.0,5.0,At Risk
13142,2011-11-20 16:07:00,2011-11-20 16:07:00,1,258,307.09,United Kingdom,23,0.0,307.09,307.09,20,0,2011-11,True,4.0,1.0,2.0,Promising
13144,2011-01-11 11:15:00,2011-01-11 11:15:00,1,21,110.95,United Kingdom,3,0.0,110.95,110.95,333,0,2011-01,True,1.0,1.0,1.0,Hibernating
13145,2010-12-02 18:06:00,2011-10-31 12:45:00,4,145,618.52,United Kingdom,5,3.75,614.77,154.63,40,333,2010-12,True,3.0,4.0,3.0,Loyal Customers
13146,2011-11-13 15:29:00,2011-11-13 15:29:00,1,154,228.91,United Kingdom,16,0.0,228.91,228.91,27,0,2011-11,True,4.0,1.0,1.0,Promising
13147,2011-09-01 12:28:00,2011-11-29 13:59:00,4,144,712.8,United Kingdom,1,0.0,712.8,178.2,11,89,2011-09,True,5.0,4.0,3.0,Champions
13148,2010-12-10 13:06:00,2011-11-10 15:23:00,12,1965,3683.26,United Kingdom,231,358.64,3324.62,306.94,30,335,2010-12,True,4.0,5.0,5.0,Loyal Customers
13149,2011-02-23 13:57:00,2011-11-25 13:09:00,4,1280,1676.06,United Kingdom,76,0.0,1676.06,419.02,15,275,2011-02,True,4.0,4.0,4.0,Loyal Customers
13151,2011-02-17 12:29:00,2011-02-17 12:29:00,1,363,1257.87,United Kingdom,73,7.5,1250.37,1257.87,296,0,2011-02,True,1.0,1.0,4.0,Hibernating
13153,2011-12-04 12:14:00,2011-12-04 12:14:00,1,418,486.22,United Kingdom,15,0.0,486.22,486.22,6,0,2011-12,True,5.0,1.0,3.0,New Customers
13155,2010-12-06 12:44:00,2011-11-06 15:41:00,4,497,971.76,United Kingdom,67,0.0,971.76,242.94,34,335,2010-12,True,3.0,4.0,4.0,Loyal Customers
13157,2011-02-14 14:03:00,2011-10-21 13:50:00,4,1439,1741.22,United Kingdom,69,19.65,1721.57,435.3,50,249,2011-02,True,3.0,4.0,4.0,Loyal Customers
13158,2011-01-25 09:58:00,2011-09-06 11:58:00,4,784,1201.06,United Kingdom,59,0.0,1201.06,300.26,95,224,2011-01,True,2.0,4.0,4.0,At Risk
13159,2011-08-16 11:44:00,2011-12-01 11:20:00,4,1058,1429.35,United Kingdom,114,58.1,1371.25,357.34,9,107,2011-08,True,5.0,4.0,4.0,Champions
13160,2011-11-17 13:07:00,2011-11-17 13:07:00,1,56,91.8,United Kingdom,4,0.0,91.8,91.8,23,0,2011-11,True,4.0,1.0,1.0,Promising
13161,2011-01-30 14:03:00,2011-01-30 14:03:00,1,29,112.75,United Kingdom,8,0.0,112.75,112.75,314,0,2011-01,True,1.0,1.0,1.0,Hibernating
13162,2011-01-09 10:43:00,2011-08-09 15:59:00,4,1713,1688.29,United Kingdom,74,43.3,1644.99,422.07,123,212,2011-01,True,2.0,4.0,4.0,At Risk
13165,2010-12-23 14:06:00,2011-10-24 15:05:00,2,1376,1021.48,United Kingdom,40,0.0,1021.48,510.74,47,305,2010-12,True,3.0,2.0,4.0,About to Sleep
13166,2011-03-01 15:16:00,2011-03-01 15:16:00,1,216,417.2,United Kingdom,39,2.5,414.7,417.2,284,0,2011-03,True,1.0,1.0,2.0,Hibernating
13167,2011-07-19 12:13:00,2011-11-21 12:24:00,4,773,779.33,United Kingdom,50,0.0,779.33,194.83,19,125,2011-07,True,4.0,4.0,3.0,Loyal Customers
13168,2011-01-25 13:55:00,2011-11-03 12:56:00,4,670,1299.59,United Kingdom,102,9.05,1290.54,324.9,37,282,2011-01,True,3.0,4.0,4.0,Loyal Customers
13169,2011-04-01 14:24:00,2011-10-07 12:11:00,2,272,712.88,United Kingdom,11,0.0,712.88,356.44,64,189,2011-04,True,3.0,2.0,3.0,About to Sleep
13170,2011-11-13 12:19:00,2011-11-13 12:19:00,1,141,108.81,United Kingdom,29,0.0,108.81,108.81,27,0,2011-11,True,4.0,1.0,1.0,Promising
13171,2011-02-13 14:16:00,2011-11-18 10:27:00,3,229,468.41,United Kingdom,37,41.6,426.81,156.14,22,278,2011-02,True,4.0,3.0,2.0,Potential Loyalists
13173,2010-12-07 14:30:00,2011-12-05 15:51:00,2,277,353.65,United Kingdom,41,0.0,353.65,176.82,5,363,2010-12,True,5.0,2.0,2.0,Potential Loyalists
13174,2010-12-05 16:24:00,2011-11-23 14:35:00,3,1351,2738.82,United Kingdom,227,0.0,2738.82,912.94,17,353,2010-12,True,4.0,3.0,5.0,Potential Loyalists
13176,2011-10-24 15:43:00,2011-10-24 15:43:00,1,448,481.49,United Kingdom,66,0.0,481.49,481.49,47,0,2011-10,True,3.0,1.0,3.0,About to Sleep
13177,2011-10-06 09:56:00,2011-10-06 09:56:00,1,91,282.45,United Kingdom,17,0.0,282.45,282.45,65,0,2011-10,True,3.0,1.0,2.0,About to Sleep
13178,2010-12-14 12:22:00,2011-11-13 16:14:00,11,3570,5725.47,United Kingdom,95,0.0,5725.47,520.5,27,334,2010-12,True,4.0,5.0,5.0,Loyal Customers
13182,2011-10-25 13:46:00,2011-10-25 13:46:00,1,201,121.18,United Kingdom,11,0.0,121.18,121.18,46,0,2011-10,True,3.0,1.0,1.0,About to Sleep
13183,2011-01-09 10:50:00,2011-12-02 10:30:00,9,2208,3957.78,United Kingdom,51,0.0,3957.78,439.75,8,327,2011-01,True,5.0,5.0,5.0,Champions
13184,2011-02-22 17:25:00,2011-11-25 12:02:00,10,1661,1667.95,United Kingdom,137,52.5,1615.45,166.8,15,276,2011-02,True,4.0,5.0,4.0,Loyal Customers
13185,2011-03-17 11:56:00,2011-03-17 11:56:00,1,12,71.4,United Kingdom,1,0.0,71.4,71.4,268,0,2011-03,True,1.0,1.0,1.0,Hibernating
13186,2011-08-03 09:09:00,2011-10-31 11:40:00,3,820,1575.89,United Kingdom,69,36.2,1539.69,525.3,40,89,2011-08,True,3.0,3.0,4.0,Need Attention
13187,2011-01-06 18:57:00,2011-01-06 18:57:00,1,95,236.02,United Kingdom,37,0.0,236.02,236.02,338,0,2011-01,True,1.0,1.0,1.0,Hibernating
13188,2011-11-28 15:28:00,2011-11-28 15:28:00,1,25,114.6,United Kingdom,2,0.0,114.6,114.6,12,0,2011-11,True,5.0,1.0,1.0,New Customers
13189,2011-08-16 13:12:00,2011-11-21 10:39:00,2,842,260.68,United Kingdom,29,0.0,260.68,130.34,19,97,2011-08,True,4.0,2.0,2.0,Potential Loyalists
13192,2011-05-18 14:57:00,2011-09-05 14:13:00,2,595,911.94,United Kingdom,57,0.0,911.94,455.97,96,110,2011-05,True,2.0,2.0,4.0,Hibernating
13193,2011-10-09 14:30:00,2011-10-09 14:30:00,1,46,112.08,United Kingdom,22,0.0,112.08,112.08,62,0,2011-10,True,3.0,1.0,1.0,About to Sleep
13194,2011-07-27 09:01:00,2011-07-27 09:01:00,1,26,60.7,United Kingdom,3,0.0,60.7,60.7,136,0,2011-07,True,2.0,1.0,1.0,Hibernating
13196,2011-03-22 14:24:00,2011-11-28 13:54:00,4,1224,1797.78,United Kingdom,97,0.0,1797.78,449.44,12,251,2011-03,True,5.0,4.0,4.0,Champions
13198,2010-12-13 09:29:00,2011-11-29 15:17:00,6,2648,3401.24,United Kingdom,199,17.15,3384.09,566.87,11,351,2010-12,True,5.0,5.0,5.0,Champions
13199,2010-12-08 10:51:00,2011-12-06 12:30:00,37,6175,9802.12,United Kingdom,47,13.16,9788.96,264.92,4,363,2010-12,True,5.0,5.0,5.0,Champions
13200,2011-08-05 14:50:00,2011-11-20 15:35:00,4,516,870.09,United Kingdom,42,0.0,870.09,217.52,20,107,2011-08,True,4.0,4.0,3.0,Loyal Customers
13203,2011-04-11 14:40:00,2011-11-30 10:45:00,4,800,869.46,United Kingdom,56,0.0,869.46,217.36,10,233,2011-04,True,5.0,4.0,3.0,Champions
13207,2011-07-12 11:35:00,2011-11-24 14:52:00,2,130,250.26,United Kingdom,7,0.0,250.26,125.13,16,135,2011-07,True,4.0,2.0,2.0,Potential Loyalists
13208,2011-02-03 19:32:00,2011-10-11 16:25:00,5,767,1193.17,United Kingdom,123,0.0,1193.17,238.63,60,250,2011-02,True,3.0,4.0,4.0,Loyal Customers
13209,2010-12-13 10:31:00,2011-11-09 13:54:00,8,4253,5891.61,United Kingdom,255,71.45,5820.16,736.45,31,331,2010-12,True,4.0,5.0,5.0,Loyal Customers
13210,2011-09-07 08:18:00,2011-09-07 08:18:00,1,316,353.48,United Kingdom,22,0.0,353.48,353.48,94,0,2011-09,True,2.0,1.0,2.0,Hibernating
13211,2010-12-13 16:17:00,2011-11-29 14:43:00,3,834,1095.42,United Kingdom,45,0.0,1095.42,365.14,11,351,2010-12,True,5.0,3.0,4.0,Potential Loyalists
13212,2011-10-09 14:48:00,2011-11-20 12:40:00,3,309,786.83,United Kingdom,128,7.5,779.33,262.28,20,42,2011-10,True,4.0,3.0,3.0,Potential Loyalists
13213,2011-05-24 12:22:00,2011-10-14 11:42:00,5,1360,1520.58,United Kingdom,82,2.15,1518.43,304.12,57,143,2011-05,True,3.0,4.0,4.0,Loyal Customers
13216,2011-03-17 12:18:00,2011-03-17 12:18:00,1,297,333.74,United Kingdom,5,0.0,333.74,333.74,268,0,2011-03,True,1.0,1.0,2.0,Hibernating
13217,2011-07-06 12:08:00,2011-08-09 15:32:00,3,262,533.98,United Kingdom,3,400.36,133.62,177.99,123,34,2011-07,True,2.0,3.0,1.0,At Risk
13218,2011-08-04 16:59:00,2011-08-04 16:59:00,1,88,62.64,United Kingdom,5,0.0,62.64,62.64,128,0,2011-08,True,2.0,1.0,1.0,Hibernating
13220,2011-04-17 10:59:00,2011-09-22 13:38:00,4,196,819.29,United Kingdom,18,0.0,819.29,204.82,79,158,2011-04,True,2.0,4.0,3.0,At Risk
13221,2010-12-15 13:24:00,2011-04-13 16:58:00,2,243,844.86,United Kingdom,61,0.0,844.86,422.43,241,119,2010-12,True,1.0,2.0,3.0,Hibernating
13223,2011-04-21 15:16:00,2011-05-23 13:03:00,2,88,163.2,United Kingdom,5,0.0,163.2,81.6,201,32,2011-04,True,1.0,2.0,1.0,Hibernating
13224,2011-07-11 14:10:00,2011-10-10 14:55:00,2,1515,2152.95,United Kingdom,100,5.1,2147.85,1076.47,61,91,2011-07,True,3.0,2.0,5.0,About to Sleep
13225,2010-12-13 09:49:00,2011-12-06 13:29:00,7,3416,6463.84,United Kingdom,23,380.8,6083.04,923.41,4,358,2010-12,True,5.0,5.0,5.0,Champions
13226,2011-03-11 14:35:00,2011-03-11 14:35:00,1,80,108.21,United Kingdom,16,0.0,108.21,108.21,274,0,2011-03,True,1.0,1.0,1.0,Hibernating
13227,2011-05-22 11:47:00,2011-05-22 11:47:00,1,99,257.7,United Kingdom,9,0.0,257.7,257.7,202,0,2011-05,True,1.0,1.0,2.0,Hibernating
13228,2011-09-19 14:28:00,2011-09-19 14:28:00,1,200,358.0,United Kingdom,2,0.0,358.0,358.0,82,0,2011-09,True,2.0,1.0,2.0,Hibernating
13229,2011-04-28 12:07:00,2011-04-28 12:07:00,1,63,160.95,United Kingdom,10,0.0,160.95,160.95,226,0,2011-04,True,1.0,1.0,1.0,Hibernating
13230,2010-12-09 19:28:00,2011-12-05 16:03:00,14,1638,2755.63,United Kingdom,393,43.56,2712.07,196.83,5,361,2010-12,True,5.0,5.0,5.0,Champions
13232,2011-04-10 13:48:00,2011-11-27 10:39:00,7,771,1327.75,United Kingdom,146,0.0,1327.75,189.68,13,231,2011-04,True,5.0,5.0,4.0,Champions
13233,2011-01-07 14:49:00,2011-09-26 13:25:00,2,1004,605.12,United Kingdom,43,0.0,605.12,302.56,75,262,2011-01,True,2.0,2.0,3.0,Hibernating
13235,2011-05-11 17:13:00,2011-05-11 17:13:00,1,441,1031.07,United Kingdom,53,0.0,1031.07,1031.07,213,0,2011-05,True,1.0,1.0,4.0,Hibernating
13236,2011-08-25 08:58:00,2011-11-15 12:50:00,2,416,744.85,United Kingdom,34,17.58,727.27,372.42,25,82,2011-08,True,4.0,2.0,3.0,Potential Loyalists
13238,2010-12-14 14:37:00,2011-11-22 15:37:00,4,298,700.73,United Kingdom,20,19.9,680.83,175.18,18,343,2010-12,True,4.0,4.0,3.0,Loyal Customers
13239,2011-03-23 10:25:00,2011-03-23 10:25:00,1,327,329.56,United Kingdom,21,0.0,329.56,329.56,262,0,2011-03,True,1.0,1.0,2.0,Hibernating
13240,2010-12-09 12:49:00,2011-09-04 14:08:00,4,297,648.7,United Kingdom,58,0.0,648.7,162.18,97,269,2010-12,True,2.0,4.0,3.0,At Risk
13242,2011-05-10 12:26:00,2011-08-19 12:53:00,3,130,270.4,United Kingdom,12,0.0,270.4,90.13,113,101,2011-05,True,2.0,3.0,2.0,At Risk
13243,2011-05-20 13:14:00,2011-05-20 13:14:00,1,232,585.12,United Kingdom,56,0.0,585.12,585.12,204,0,2011-05,True,1.0,1.0,3.0,Hibernating
13244,2011-09-08 11:46:00,2011-09-08 11:46:00,1,38,121.74,United Kingdom,27,0.0,121.74,121.74,93,0,2011-09,True,2.0,1.0,1.0,Hibernating
13245,2011-10-20 11:40:00,2011-10-20 11:40:00,1,125,430.5,United Kingdom,16,0.0,430.5,430.5,51,0,2011-10,True,3.0,1.0,2.0,About to Sleep
13246,2011-01-13 13:36:00,2011-11-21 16:50:00,6,1587,1961.52,United Kingdom,110,65.2,1896.32,326.92,19,312,2011-01,True,4.0,5.0,4.0,Loyal Customers
13247,2011-09-18 11:31:00,2011-11-22 10:59:00,4,328,501.12,United Kingdom,18,0.0,501.12,125.28,18,65,2011-09,True,4.0,4.0,3.0,Loyal Customers
13248,2011-06-03 13:05:00,2011-08-07 12:40:00,2,305,465.68,United Kingdom,25,0.0,465.68,232.84,125,65,2011-06,True,2.0,2.0,2.0,Hibernating
13249,2011-03-23 15:26:00,2011-09-08 13:26:00,3,546,711.41,United Kingdom,21,0.0,711.41,237.14,93,169,2011-03,True,2.0,3.0,3.0,At Risk
13253,2011-01-04 15:43:00,2011-07-06 10:09:00,2,1572,1030.4,United Kingdom,35,0.0,1030.4,515.2,157,183,2011-01,True,2.0,2.0,4.0,Hibernating
13255,2010-12-01 11:58:00,2011-11-30 13:14:00,2,177,399.51,United Kingdom,13,8.85,390.66,199.76,10,364,2010-12,True,5.0,2.0,2.0,Potential Loyalists
13258,2011-05-18 13:11:00,2011-11-28 09:31:00,3,282,672.83,United Kingdom,28,0.0,672.83,224.28,12,194,2011-05,True,5.0,3.0,3.0,Potential Loyalists
13259,2011-10-09 10:48:00,2011-10-09 10:48:00,1,126,283.18,United Kingdom,77,0.0,283.18,283.18,62,0,2011-10,True,3.0,1.0,2.0,About to Sleep
13260,2011-10-09 13:21:00,2011-10-09 13:21:00,1,142,557.62,United Kingdom,8,0.0,557.62,557.62,62,0,2011-10,True,3.0,1.0,3.0,About to Sleep
13261,2011-02-27 10:41:00,2011-03-16 12:22:00,2,210,944.1,United Kingdom,8,0.0,944.1,472.05,269,17,2011-02,True,1.0,2.0,4.0,Hibernating
13262,2011-03-21 15:06:00,2011-03-21 15:06:00,1,125,200.29,United Kingdom,11,0.0,200.29,200.29,264,0,2011-03,True,1.0,1.0,1.0,Hibernating
13263,2011-01-18 16:31:00,2011-12-08 13:59:00,34,4761,7411.71,United Kingdom,448,0.0,7411.71,217.99,2,324,2011-01,True,5.0,5.0,5.0,Champions
13265,2011-03-11 09:54:00,2011-10-17 15:02:00,5,1740,2092.66,United Kingdom,66,0.0,2092.66,418.53,54,220,2011-03,True,3.0,4.0,5.0,Loyal Customers
13266,2011-03-28 10:14:00,2011-11-28 14:39:00,12,4428,3834.26,United Kingdom,82,116.59,3717.67,319.52,12,245,2011-03,True,5.0,5.0,5.0,Champions
13267,2010-12-08 09:20:00,2011-12-07 11:12:00,19,1969,4521.49,United Kingdom,88,117.05,4404.44,237.97,3,364,2010-12,True,5.0,5.0,5.0,Champions
13268,2011-03-17 13:20:00,2011-11-22 11:34:00,10,3548,3152.71,United Kingdom,256,47.05,3105.66,315.27,18,250,2011-03,True,4.0,5.0,5.0,Loyal Customers
13269,2010-12-05 11:51:00,2011-12-08 14:53:00,15,3513,5343.28,United Kingdom,177,30.31,5312.97,356.22,2,368,2010-12,True,5.0,5.0,5.0,Champions
13270,2010-12-08 14:53:00,2010-12-08 14:53:00,1,200,590.0,United Kingdom,1,0.0,590.0,590.0,367,0,2010-12,True,1.0,1.0,3.0,Hibernating
13271,2011-11-02 14:31:00,2011-11-02 14:31:00,1,240,211.49,United Kingdom,79,39.12,172.37,211.49,38,0,2011-11,True,3.0,1.0,1.0,About to Sleep
13272,2011-09-11 12:06:00,2011-11-08 14:00:00,2,96,276.56,United Kingdom,15,0.0,276.56,138.28,32,58,2011-09,True,4.0,2.0,2.0,Potential Loyalists
13273,2011-08-18 14:02:00,2011-08-18 14:02:00,1,153,138.98,United Kingdom,16,0.0,138.98,138.98,114,0,2011-08,True,2.0,1.0,1.0,Hibernating
13276,2011-09-01 10:03:00,2011-10-07 12:44:00,2,161,590.93,United Kingdom,30,0.0,590.93,295.46,64,36,2011-09,True,3.0,2.0,3.0,About to Sleep
13277,2011-07-29 10:06:00,2011-11-24 09:21:00,4,176,258.4,United Kingdom,5,0.0,258.4,64.6,16,118,2011-07,True,4.0,4.0,2.0,Loyal Customers
13278,2011-10-30 11:49:00,2011-10-30 11:49:00,1,537,542.73,United Kingdom,46,0.0,542.73,542.73,41,0,2011-10,True,3.0,1.0,3.0,About to Sleep
13279,2011-09-22 17:24:00,2011-09-22 17:24:00,1,73,137.75,United Kingdom,9,11.45,126.3,137.75,79,0,2011-09,True,2.0,1.0,1.0,Hibernating
13280,2011-01-06 17:10:00,2011-08-09 13:14:00,3,518,798.46,United Kingdom,67,0.0,798.46,266.15,123,215,2011-01,True,2.0,3.0,3.0,At Risk
13282,2011-05-03 12:03:00,2011-11-21 15:33:00,3,307,1132.14,United Kingdom,29,84.3,1047.84,377.38,19,202,2011-05,True,4.0,3.0,4.0,Potential Loyalists
13283,2011-06-07 12:39:00,2011-10-11 09:50:00,2,90,93.66,United Kingdom,7,0.0,93.66,46.83,60,126,2011-06,True,3.0,2.0,1.0,About to Sleep
13284,2011-01-13 09:23:00,2011-01-13 09:23:00,1,91,201.19,United Kingdom,13,5.04,196.15,201.19,331,0,2011-01,True,1.0,1.0,1.0,Hibernating
13285,2011-02-22 17:13:00,2011-11-16 13:19:00,4,2051,2709.12,United Kingdom,157,0.0,2709.12,677.28,24,267,2011-02,True,4.0,4.0,5.0,Loyal Customers
13291,2011-07-07 10:36:00,2011-07-07 10:36:00,1,233,361.11,United Kingdom,41,0.0,361.11,361.11,156,0,2011-07,True,2.0,1.0,2.0,Hibernating
13292,2011-02-28 15:00:00,2011-11-01 10:04:00,2,347,578.94,United Kingdom,29,0.0,578.94,289.47,39,246,2011-02,True,3.0,2.0,3.0,About to Sleep
13294,2011-04-04 12:37:00,2011-06-03 08:54:00,2,453,873.74,United Kingdom,48,0.0,873.74,436.87,190,60,2011-04,True,1.0,2.0,3.0,Hibernating
13295,2010-12-15 11:21:00,2010-12-15 11:21:00,1,82,201.2,United Kingdom,10,3.25,197.95,201.2,360,0,2010-12,True,1.0,1.0,1.0,Hibernating
13296,2011-07-25 13:46:00,2011-07-25 13:46:00,1,78,87.4,United Kingdom,5,0.0,87.4,87.4,138,0,2011-07,True,2.0,1.0,1.0,Hibernating
13297,2011-10-03 15:08:00,2011-12-02 09:32:00,4,963,2089.85,United Kingdom,52,0.0,2089.85,522.46,8,60,2011-10,True,5.0,4.0,5.0,Champions
13298,2011-12-08 13:11:00,2011-12-08 13:11:00,1,96,360.0,United Kingdom,2,0.0,360.0,360.0,2,0,2011-12,True,5.0,1.0,2.0,New Customers
13299,2011-03-16 12:55:00,2011-03-16 12:55:00,1,30,142.5,United Kingdom,5,0.0,142.5,142.5,269,0,2011-03,True,1.0,1.0,1.0,Hibernating
13300,2011-06-23 13:09:00,2011-06-23 13:09:00,1,203,371.89,United Kingdom,20,6.6,365.29,371.89,170,0,2011-06,True,2.0,1.0,2.0,Hibernating
13301,2011-02-20 13:13:00,2011-08-28 11:25:00,4,343,600.19,United Kingdom,74,0.0,600.19,150.05,104,189,2011-02,True,2.0,4.0,3.0,At Risk
13302,2011-07-07 17:56:00,2011-07-07 17:56:00,1,5,63.75,United Kingdom,1,0.0,63.75,63.75,156,0,2011-07,True,2.0,1.0,1.0,Hibernating
13304,2010-12-23 14:35:00,2010-12-23 14:35:00,1,238,300.42,United Kingdom,21,0.0,300.42,300.42,352,0,2010-12,True,1.0,1.0,2.0,Hibernating
13305,2010-12-02 12:10:00,2011-12-05 15:15:00,10,1232,2000.86,United Kingdom,50,0.0,2000.86,200.09,5,368,2010-12,True,5.0,5.0,5.0,Champions
13307,2011-08-11 17:14:00,2011-08-11 17:14:00,1,4,15.0,United Kingdom,1,0.0,15.0,15.0,121,0,2011-08,True,2.0,1.0,1.0,Hibernating
13308,2011-05-20 13:13:00,2011-11-17 09:31:00,3,843,1385.51,United Kingdom,49,17.9,1367.61,461.84,23,181,2011-05,True,4.0,3.0,4.0,Potential Loyalists
13309,2011-02-04 12:29:00,2011-12-02 16:34:00,5,1544,1456.79,United Kingdom,82,0.0,1456.79,291.36,8,301,2011-02,True,5.0,4.0,4.0,Champions
13310,2011-01-19 14:50:00,2011-11-11 17:23:00,3,587,1132.03,United Kingdom,65,48.4,1083.63,377.34,29,296,2011-01,True,4.0,3.0,4.0,Potential Loyalists
13311,2011-07-12 14:26:00,2011-12-05 12:55:00,2,305,598.57,United Kingdom,25,0.0,598.57,299.28,5,146,2011-07,True,5.0,2.0,3.0,Potential Loyalists
13313,2011-01-04 10:00:00,2011-11-17 16:48:00,5,851,1555.32,United Kingdom,47,0.0,1555.32,311.06,23,317,2011-01,True,4.0,4.0,4.0,Loyal Customers
13314,2011-09-27 10:20:00,2011-12-08 12:29:00,3,560,775.94,United Kingdom,55,182.43,593.51,258.65,2,72,2011-09,True,5.0,3.0,3.0,Potential Loyalists
13316,2011-03-30 13:01:00,2011-11-02 13:40:00,4,5508,5732.93,United Kingdom,66,0.0,5732.93,1433.23,38,217,2011-03,True,3.0,4.0,5.0,Loyal Customers
13317,2010-12-16 09:22:00,2011-10-04 13:35:00,6,1035,2273.68,United Kingdom,100,133.61,2140.07,378.95,67,292,2010-12,True,3.0,5.0,5.0,Loyal Customers
13318,2011-11-02 13:26:00,2011-12-08 18:51:00,3,304,640.76,United Kingdom,14,0.0,640.76,213.59,2,36,2011-11,True,5.0,3.0,3.0,Potential Loyalists
13319,2010-12-09 10:04:00,2011-12-04 13:34:00,26,4724,10845.55,United Kingdom,209,181.21,10664.34,417.14,6,360,2010-12,True,5.0,5.0,5.0,Champions
13320,2011-05-10 10:29:00,2011-09-22 18:07:00,4,1086,1532.2,United Kingdom,77,57.0,1475.2,383.05,79,135,2011-05,True,2.0,4.0,4.0,At Risk
13321,2011-09-14 15:18:00,2011-09-28 15:24:00,2,372,567.36,United Kingdom,10,0.0,567.36,283.68,73,14,2011-09,True,2.0,2.0,3.0,Hibernating
13322,2011-11-22 14:21:00,2011-11-22 14:21:00,1,117,199.48,United Kingdom,25,0.0,199.48,199.48,18,0,2011-11,True,4.0,1.0,1.0,Promising
13323,2011-09-16 13:23:00,2011-12-06 17:12:00,5,175,787.85,United Kingdom,6,0.0,787.85,157.57,4,81,2011-09,True,5.0,4.0,3.0,Champions
13324,2010-12-14 09:50:00,2011-11-03 16:28:00,10,5205,7121.95,United Kingdom,25,49.15,7072.8,712.2,37,324,2010-12,True,3.0,5.0,5.0,Loyal Customers
13325,2011-09-19 10:36:00,2011-09-19 10:36:00,1,240,675.3,United Kingdom,12,0.0,675.3,675.3,82,0,2011-09,True,2.0,1.0,3.0,Hibernating
13327,2010-12-09 15:32:00,2011-11-01 10:21:00,8,1600,3627.77,United Kingdom,74,10.2,3617.57,453.47,39,327,2010-12,True,3.0,5.0,5.0,Loyal Customers
13328,2011-01-27 15:22:00,2011-01-27 15:22:00,1,680,1308.48,United Kingdom,17,0.0,1308.48,1308.48,317,0,2011-01,True,1.0,1.0,4.0,Hibernating
13329,2010-12-08 10:11:00,2011-11-08 10:29:00,2,463,789.0,United Kingdom,16,48.6,740.4,394.5,32,335,2010-12,True,4.0,2.0,3.0,Potential Loyalists
13330,2011-01-28 10:08:00,2011-09-08 12:27:00,3,751,1140.93,United Kingdom,37,0.0,1140.93,380.31,93,223,2011-01,True,2.0,3.0,4.0,At Risk
13332,2011-11-25 13:30:00,2011-11-25 13:30:00,1,179,350.9,United Kingdom,21,0.0,350.9,350.9,15,0,2011-11,True,4.0,1.0,2.0,Promising
13334,2011-02-07 11:42:00,2011-09-18 15:21:00,3,1764,3502.32,United Kingdom,207,0.0,3502.32,1167.44,83,223,2011-02,True,2.0,3.0,5.0,At Risk
13336,2011-09-23 14:05:00,2011-09-23 14:05:00,1,559,795.12,United Kingdom,51,0.0,795.12,795.12,78,0,2011-09,True,2.0,1.0,3.0,Hibernating
13338,2011-07-05 09:06:00,2011-07-05 09:06:00,1,255,437.02,United Kingdom,18,55.2,381.82,437.02,158,0,2011-07,True,2.0,1.0,2.0,Hibernating
13339,2011-05-23 08:31:00,2011-05-23 08:31:00,1,326,860.12,United Kingdom,54,0.0,860.12,860.12,201,0,2011-05,True,1.0,1.0,3.0,Hibernating
13340,2011-03-08 11:39:00,2011-10-25 13:15:00,7,5770,10736.48,United Kingdom,128,0.0,10736.48,1533.78,46,231,2011-03,True,3.0,5.0,5.0,Loyal Customers
13341,2011-03-24 09:50:00,2011-03-24 09:50:00,1,301,775.85,United Kingdom,42,0.0,775.85,775.85,261,0,2011-03,True,1.0,1.0,3.0,Hibernating
13343,2011-06-15 12:24:00,2011-06-15 12:24:00,1,134,303.43,United Kingdom,18,49.5,253.93,303.43,178,0,2011-06,True,2.0,1.0,2.0,Hibernating
13344,2011-03-07 10:28:00,2011-10-03 09:45:00,3,952,2511.69,United Kingdom,115,0.0,2511.69,837.23,68,210,2011-03,True,3.0,3.0,5.0,Need Attention
13345,2011-02-25 09:01:00,2011-02-25 09:01:00,1,140,339.5,United Kingdom,19,11.9,327.6,339.5,288,0,2011-02,True,1.0,1.0,2.0,Hibernating
13347,2011-09-30 13:28:00,2011-09-30 13:28:00,1,204,291.36,United Kingdom,7,0.0,291.36,291.36,71,0,2011-09,True,3.0,1.0,2.0,About to Sleep
13348,2011-10-06 17:28:00,2011-10-06 17:28:00,1,136,233.76,United Kingdom,14,0.0,233.76,233.76,65,0,2011-10,True,3.0,1.0,1.0,About to Sleep
13349,2011-11-29 08:07:00,2011-11-29 08:07:00,1,224,197.32,United Kingdom,15,0.0,197.32,197.32,11,0,2011-11,True,5.0,1.0,1.0,New Customers
13350,2011-09-21 13:33:00,2011-11-23 16:33:00,2,285,879.12,United Kingdom,35,68.4,810.72,439.56,17,63,2011-09,True,4.0,2.0,3.0,Potential Loyalists
13351,2011-10-04 12:55:00,2011-10-04 12:55:00,1,116,323.94,United Kingdom,15,0.0,323.94,323.94,67,0,2011-10,True,3.0,1.0,2.0,About to Sleep
13352,2011-10-10 13:55:00,2011-10-10 13:55:00,1,320,347.98,United Kingdom,23,8.7,339.28,347.98,61,0,2011-10,True,3.0,1.0,2.0,About to Sleep
13354,2011-09-29 13:17:00,2011-09-29 13:17:00,1,604,743.53,United Kingdom,51,0.0,743.53,743.53,72,0,2011-09,True,3.0,1.0,3.0,About to Sleep
13355,2011-08-09 14:48:00,2011-08-09 14:48:00,1,314,674.7,United Kingdom,32,0.0,674.7,674.7,123,0,2011-08,True,2.0,1.0,3.0,Hibernating
13356,2011-09-20 14:33:00,2011-09-20 14:33:00,1,325,768.24,United Kingdom,42,0.0,768.24,768.24,81,0,2011-09,True,2.0,1.0,3.0,Hibernating
13357,2011-03-27 13:56:00,2011-03-27 13:56:00,1,321,609.4,United Kingdom,85,0.0,609.4,609.4,258,0,2011-03,True,1.0,1.0,3.0,Hibernating
13358,2011-03-16 11:52:00,2011-03-16 11:52:00,1,284,389.03,United Kingdom,28,0.0,389.03,389.03,269,0,2011-03,True,1.0,1.0,2.0,Hibernating
13359,2011-10-07 09:30:00,2011-10-07 09:30:00,1,160,389.56,United Kingdom,22,8.3,381.26,389.56,64,0,2011-10,True,3.0,1.0,2.0,About to Sleep
13362,2011-02-25 11:33:00,2011-11-30 14:41:00,4,1382,3090.74,United Kingdom,128,5.25,3085.49,772.68,10,278,2011-02,True,5.0,4.0,5.0,Champions
13363,2011-10-27 10:46:00,2011-11-22 12:40:00,2,708,892.5,United Kingdom,46,0.0,892.5,446.25,18,26,2011-10,True,4.0,2.0,3.0,Potential Loyalists
13364,2011-09-29 18:13:00,2011-09-29 18:13:00,1,71,134.96,United Kingdom,10,134.96,0.0,134.96,72,0,2011-09,False,,,,
13365,2011-05-06 12:00:00,2011-11-06 12:36:00,2,1247,2225.37,United Kingdom,122,34.15,2191.22,1112.68,34,184,2011-05,True,3.0,2.0,5.0,About to Sleep
13366,2011-10-20 13:37:00,2011-10-20 13:37:00,1,144,56.16,United Kingdom,1,0.0,56.16,56.16,51,0,2011-10,True,3.0,1.0,1.0,About to Sleep
13368,2011-01-06 12:32:00,2011-03-28 09:59:00,2,326,573.4,United Kingdom,28,0.0,573.4,286.7,257,81,2011-01,True,1.0,2.0,3.0,Hibernating
13369,2010-12-09 11:30:00,2010-12-09 11:30:00,1,148,258.28,United Kingdom,13,44.53,213.75,258.28,366,0,2010-12,True,1.0,1.0,1.0,Hibernating
13370,2010-12-03 10:26:00,2010-12-03 10:26:00,1,343,754.87,United Kingdom,39,33.55,721.32,754.87,372,0,2010-12,True,1.0,1.0,3.0,Hibernating
13372,2011-09-11 12:46:00,2011-09-11 12:46:00,1,158,328.64,United Kingdom,22,0.0,328.64,328.64,90,0,2011-09,True,2.0,1.0,2.0,Hibernating
13373,2011-03-08 14:35:00,2011-10-10 10:51:00,3,1651,3312.25,United Kingdom,135,0.0,3312.25,1104.08,61,216,2011-03,True,3.0,3.0,5.0,Need Attention
13375,2011-09-12 10:19:00,2011-09-12 10:19:00,1,442,778.65,United Kingdom,37,5.75,772.9,778.65,89,0,2011-09,True,2.0,1.0,3.0,Hibernating
13376,2011-04-19 13:03:00,2011-09-01 16:16:00,3,490,869.76,United Kingdom,44,0.0,869.76,289.92,100,135,2011-04,True,2.0,3.0,3.0,At Risk
13379,2011-07-26 12:26:00,2011-11-13 13:45:00,3,601,572.56,United Kingdom,85,0.0,572.56,190.85,27,110,2011-07,True,4.0,3.0,3.0,Potential Loyalists
13381,2011-02-14 10:10:00,2011-11-08 11:58:00,6,2029,3639.31,United Kingdom,77,12.5,3626.81,606.55,32,267,2011-02,True,4.0,5.0,5.0,Loyal Customers
13382,2011-03-04 10:03:00,2011-03-04 10:03:00,1,131,222.99,United Kingdom,15,0.0,222.99,222.99,281,0,2011-03,True,1.0,1.0,1.0,Hibernating
13384,2011-06-14 12:47:00,2011-11-09 11:04:00,7,2422,4151.93,United Kingdom,123,29.65,4122.28,593.13,31,148,2011-06,True,4.0,5.0,5.0,Loyal Customers
13385,2011-01-14 09:52:00,2011-01-14 09:52:00,1,281,534.57,United Kingdom,35,0.0,534.57,534.57,330,0,2011-01,True,1.0,1.0,3.0,Hibernating
13388,2011-07-31 12:52:00,2011-07-31 12:52:00,2,282,677.1,United Kingdom,35,49.95,627.15,338.55,132,0,2011-07,True,2.0,2.0,3.0,Hibernating
13389,2011-04-21 12:12:00,2011-11-28 14:01:00,3,429,797.96,United Kingdom,50,0.0,797.96,265.99,12,221,2011-04,True,5.0,3.0,3.0,Potential Loyalists
13390,2011-09-26 08:38:00,2011-09-26 08:38:00,1,224,544.08,United Kingdom,13,0.0,544.08,544.08,75,0,2011-09,True,2.0,1.0,3.0,Hibernating
13391,2011-05-20 10:50:00,2011-05-20 10:50:00,1,4,59.8,United Kingdom,1,0.0,59.8,59.8,204,0,2011-05,True,1.0,1.0,1.0,Hibernating
13394,2011-02-03 10:39:00,2011-12-08 11:36:00,8,2392,2520.02,United Kingdom,124,201.72,2318.3,315.0,2,308,2011-02,True,5.0,5.0,5.0,Champions
13395,2011-06-07 15:04:00,2011-06-07 15:04:00,1,336,307.72,United Kingdom,21,0.0,307.72,307.72,186,0,2011-06,True,1.0,1.0,2.0,Hibernating
13396,2011-01-24 13:37:00,2011-11-10 16:59:00,2,600,1360.99,United Kingdom,42,35.7,1325.29,680.5,30,290,2011-01,True,4.0,2.0,4.0,Potential Loyalists
13397,2011-01-04 13:50:00,2011-09-28 10:56:00,5,430,1544.13,United Kingdom,28,4.95,1539.18,308.83,73,267,2011-01,True,2.0,4.0,4.0,At Risk
13398,2011-05-31 13:17:00,2011-05-31 13:17:00,1,281,457.34,United Kingdom,26,0.0,457.34,457.34,193,0,2011-05,True,1.0,1.0,2.0,Hibernating
13402,2010-12-02 17:12:00,2011-08-04 15:51:00,2,479,621.23,United Kingdom,32,0.0,621.23,310.62,128,245,2010-12,True,2.0,2.0,3.0,Hibernating
13403,2011-11-22 08:28:00,2011-11-22 08:28:00,1,44,75.0,United Kingdom,3,0.0,75.0,75.0,18,0,2011-11,True,4.0,1.0,1.0,Promising
13404,2011-05-11 11:57:00,2011-12-08 15:37:00,2,111,252.49,United Kingdom,11,0.0,252.49,126.24,2,211,2011-05,True,5.0,2.0,2.0,Potential Loyalists
13405,2011-01-26 09:27:00,2011-05-19 16:31:00,2,163,557.45,United Kingdom,24,0.0,557.45,278.73,205,113,2011-01,True,1.0,2.0,3.0,Hibernating
13408,2010-12-01 10:39:00,2011-12-08 09:05:00,62,16232,28117.04,United Kingdom,234,228.66,27888.38,453.5,2,372,2010-12,True,5.0,5.0,5.0,Champions
13410,2011-02-21 14:38:00,2011-11-15 15:33:00,5,518,1003.06,United Kingdom,15,14.15,988.91,200.61,25,267,2011-02,True,4.0,4.0,4.0,Loyal Customers
13411,2011-08-24 13:57:00,2011-08-24 13:57:00,1,72,213.55,United Kingdom,17,0.0,213.55,213.55,108,0,2011-08,True,2.0,1.0,1.0,Hibernating
13414,2011-02-16 12:13:00,2011-07-29 11:45:00,3,1574,1390.5,United Kingdom,23,0.0,1390.5,463.5,134,163,2011-02,True,2.0,3.0,4.0,At Risk
13416,2011-09-19 14:43:00,2011-10-27 08:56:00,2,142,712.5,United Kingdom,11,0.0,712.5,356.25,44,38,2011-09,True,3.0,2.0,3.0,About to Sleep
13417,2011-05-18 16:26:00,2011-12-05 08:49:00,2,162,640.83,United Kingdom,26,0.0,640.83,320.42,5,201,2011-05,True,5.0,2.0,3.0,Potential Loyalists
13418,2010-12-02 10:45:00,2011-11-28 10:23:00,18,3918,6127.43,United Kingdom,223,281.99,5845.44,340.41,12,361,2010-12,True,5.0,5.0,5.0,Champions
13419,2011-10-07 12:49:00,2011-10-07 12:49:00,1,275,221.06,United Kingdom,16,0.0,221.06,221.06,64,0,2011-10,True,3.0,1.0,1.0,About to Sleep
13420,2011-06-22 11:35:00,2011-07-13 08:48:00,2,101,159.85,United Kingdom,8,19.5,140.35,79.92,150,21,2011-06,True,2.0,2.0,1.0,Hibernating
13421,2011-02-22 15:46:00,2011-10-30 14:21:00,2,1103,1823.21,United Kingdom,87,2.1,1821.11,911.6,41,250,2011-02,True,3.0,2.0,4.0,About to Sleep
13422,2011-10-06 13:42:00,2011-10-06 13:42:00,1,1326,2626.3,United Kingdom,127,24.75,2601.55,2626.3,65,0,2011-10,True,3.0,1.0,5.0,About to Sleep
13425,2011-02-18 08:34:00,2011-08-23 17:13:00,3,1123,1624.21,United Kingdom,66,0.0,1624.21,541.4,109,186,2011-02,True,2.0,3.0,4.0,At Risk
13426,2010-12-15 12:43:00,2011-12-09 08:59:00,10,2245,3641.32,United Kingdom,103,83.0,3558.32,364.13,1,359,2010-12,True,5.0,5.0,5.0,Champions
13427,2011-05-08 15:58:00,2011-11-20 13:02:00,3,545,582.6,United Kingdom,25,0.0,582.6,194.2,20,196,2011-05,True,4.0,3.0,3.0,Potential Loyalists
13428,2011-11-29 14:20:00,2011-11-29 14:20:00,1,151,201.78,United Kingdom,70,0.0,201.78,201.78,11,0,2011-11,True,5.0,1.0,1.0,New Customers
13429,2011-09-25 15:59:00,2011-11-29 09:10:00,4,1390,1006.8,United Kingdom,55,0.0,1006.8,251.7,11,65,2011-09,True,5.0,4.0,4.0,Champions
13430,2011-09-14 14:26:00,2011-11-21 08:19:00,2,751,679.45,United Kingdom,48,27.38,652.07,339.72,19,68,2011-09,True,4.0,2.0,3.0,Potential Loyalists
13431,2011-09-12 11:25:00,2011-10-03 13:49:00,2,672,1269.1,United Kingdom,44,0.0,1269.1,634.55,68,21,2011-09,True,3.0,2.0,4.0,About to Sleep
13434,2011-09-04 10:35:00,2011-09-26 14:30:00,2,300,534.24,United Kingdom,9,0.0,534.24,267.12,75,22,2011-09,True,2.0,2.0,3.0,Hibernating
13435,2011-06-03 17:07:00,2011-12-04 14:45:00,7,2129,3809.89,United Kingdom,68,15.4,3794.49,544.27,6,184,2011-06,True,5.0,5.0,5.0,Champions
13436,2011-12-08 10:33:00,2011-12-08 10:33:00,1,76,196.89,United Kingdom,12,0.0,196.89,196.89,2,0,2011-12,True,5.0,1.0,1.0,New Customers
13437,2011-06-02 14:30:00,2011-11-25 14:00:00,7,1283,3408.06,United Kingdom,143,0.0,3408.06,486.87,15,176,2011-06,True,4.0,5.0,5.0,Loyal Customers
13439,2011-03-29 14:20:00,2011-03-29 14:20:00,1,242,283.71,United Kingdom,54,0.0,283.71,283.71,256,0,2011-03,True,1.0,1.0,2.0,Hibernating
13441,2011-09-09 09:38:00,2011-09-09 09:38:00,1,204,296.64,United Kingdom,13,0.0,296.64,296.64,92,0,2011-09,True,2.0,1.0,2.0,Hibernating
13447,2011-11-04 10:10:00,2011-11-16 13:38:00,3,584,1129.14,United Kingdom,55,24.91,1104.23,376.38,24,12,2011-11,True,4.0,3.0,4.0,Potential Loyalists
13448,2010-12-01 10:52:00,2011-11-23 12:33:00,6,1648,3534.69,United Kingdom,137,73.7,3460.99,589.12,17,357,2010-12,True,4.0,5.0,5.0,Loyal Customers
13449,2011-11-16 08:28:00,2011-11-16 08:28:00,1,222,291.88,United Kingdom,19,0.0,291.88,291.88,24,0,2011-11,True,4.0,1.0,2.0,Promising
13450,2011-05-05 19:48:00,2011-11-13 11:54:00,6,1982,2043.72,United Kingdom,32,0.0,2043.72,340.62,27,192,2011-05,True,4.0,5.0,5.0,Loyal Customers
13451,2011-01-09 15:35:00,2011-11-13 15:58:00,5,2128,2898.26,United Kingdom,315,59.7,2838.56,579.65,27,308,2011-01,True,4.0,4.0,5.0,Loyal Customers
13452,2011-03-14 11:38:00,2011-03-25 14:19:00,2,2,590.0,United Kingdom,1,0.0,590.0,295.0,260,11,2011-03,True,1.0,2.0,3.0,Hibernating
13453,2011-02-23 09:44:00,2011-06-27 09:34:00,2,134,356.98,United Kingdom,16,0.0,356.98,178.49,166,124,2011-02,True,2.0,2.0,2.0,Hibernating
13455,2010-12-08 13:11:00,2011-11-15 11:21:00,2,354,1058.34,United Kingdom,42,50.99,1007.35,529.17,25,342,2010-12,True,4.0,2.0,4.0,Potential Loyalists
13456,2011-05-16 15:34:00,2011-11-22 09:18:00,6,765,1766.72,United Kingdom,43,28.9,1737.82,294.45,18,190,2011-05,True,4.0,5.0,4.0,Loyal Customers
13458,2010-12-15 12:05:00,2011-12-02 15:29:00,14,5508,9646.57,United Kingdom,242,108.65,9537.92,689.04,8,352,2010-12,True,5.0,5.0,5.0,Champions
13460,2011-10-21 09:50:00,2011-11-10 17:17:00,2,286,183.44,United Kingdom,16,0.0,183.44,91.72,30,20,2011-10,True,4.0,2.0,1.0,Potential Loyalists
13461,2011-06-29 10:23:00,2011-11-01 09:01:00,3,1170,1445.0,United Kingdom,14,0.0,1445.0,481.67,39,125,2011-06,True,3.0,3.0,4.0,Need Attention
13462,2011-04-01 11:20:00,2011-04-01 11:20:00,1,62,151.5,United Kingdom,9,8.25,143.25,151.5,253,0,2011-04,True,1.0,1.0,1.0,Hibernating
13464,2011-10-12 15:01:00,2011-10-12 15:01:00,1,403,674.68,United Kingdom,41,0.0,674.68,674.68,59,0,2011-10,True,3.0,1.0,3.0,About to Sleep
13466,2011-06-08 16:39:00,2011-06-08 16:39:00,1,259,307.9,United Kingdom,17,9.95,297.95,307.9,185,0,2011-06,True,1.0,1.0,2.0,Hibernating
13467,2011-11-03 16:56:00,2011-11-29 10:01:00,2,580,1071.91,United Kingdom,89,0.0,1071.91,535.96,11,26,2011-11,True,5.0,2.0,4.0,Potential Loyalists
13468,2010-12-01 15:08:00,2011-12-08 10:39:00,37,2589,5704.97,United Kingdom,184,48.22,5656.75,154.19,2,372,2010-12,True,5.0,5.0,5.0,Champions
13470,2011-08-16 17:06:00,2011-09-01 14:57:00,2,100,165.0,United Kingdom,7,0.0,165.0,82.5,100,16,2011-08,True,2.0,2.0,1.0,Hibernating
13471,2011-10-23 13:10:00,2011-12-08 15:44:00,4,1583,2501.84,United Kingdom,214,0.0,2501.84,625.46,2,46,2011-10,True,5.0,4.0,5.0,Champions
13473,2011-01-11 08:45:00,2011-10-10 11:20:00,2,266,422.64,United Kingdom,21,5.1,417.54,211.32,61,272,2011-01,True,3.0,2.0,2.0,About to Sleep
13474,2011-04-17 13:53:00,2011-04-17 13:53:00,1,129,226.84,United Kingdom,59,0.0,226.84,226.84,237,0,2011-04,True,1.0,1.0,1.0,Hibernating
13475,2011-02-14 12:36:00,2011-06-01 13:52:00,4,1012,1431.78,United Kingdom,64,0.0,1431.78,357.94,192,107,2011-02,True,1.0,4.0,4.0,At Risk
13476,2011-03-03 14:43:00,2011-06-14 12:00:00,2,417,1238.47,United Kingdom,56,145.7,1092.77,619.24,179,103,2011-03,True,2.0,2.0,4.0,Hibernating
13477,2011-02-21 12:29:00,2011-11-02 12:04:00,6,1021,1454.58,United Kingdom,57,13.05,1441.53,242.43,38,254,2011-02,True,3.0,5.0,4.0,Loyal Customers
13479,2011-04-19 11:27:00,2011-05-23 10:45:00,2,134,300.95,United Kingdom,14,9.95,291.0,150.48,201,34,2011-04,True,1.0,2.0,2.0,Hibernating
13481,2011-03-28 09:07:00,2011-10-25 09:07:00,5,1142,1804.56,United Kingdom,98,27.75,1776.81,360.91,46,211,2011-03,True,3.0,4.0,4.0,Loyal Customers
13482,2011-04-21 17:03:00,2011-04-21 17:03:00,1,116,184.64,United Kingdom,11,0.0,184.64,184.64,233,0,2011-04,True,1.0,1.0,1.0,Hibernating
13483,2011-10-05 11:53:00,2011-10-05 11:53:00,1,160,140.34,United Kingdom,10,0.0,140.34,140.34,66,0,2011-10,True,3.0,1.0,1.0,About to Sleep
13484,2011-04-12 16:30:00,2011-04-12 16:30:00,1,44,313.8,United Kingdom,8,0.0,313.8,313.8,242,0,2011-04,True,1.0,1.0,2.0,Hibernating
13485,2011-04-20 13:58:00,2011-04-20 13:58:00,1,277,454.24,United Kingdom,23,0.0,454.24,454.24,234,0,2011-04,True,1.0,1.0,2.0,Hibernating
13486,2011-07-07 17:19:00,2011-09-22 13:13:00,3,669,1122.41,United Kingdom,69,0.0,1122.41,374.14,79,77,2011-07,True,2.0,3.0,4.0,At Risk
13487,2010-12-21 14:54:00,2011-10-13 12:07:00,3,265,575.4,United Kingdom,26,0.0,575.4,191.8,58,296,2010-12,True,3.0,3.0,3.0,Need Attention
13488,2010-12-07 13:01:00,2011-11-22 14:41:00,13,4518,8968.31,United Kingdom,271,57.7,8910.61,689.87,18,350,2010-12,True,4.0,5.0,5.0,Loyal Customers
13489,2011-02-18 10:42:00,2011-08-26 13:16:00,4,560,449.52,United Kingdom,11,0.0,449.52,112.38,106,189,2011-02,True,2.0,4.0,2.0,At Risk
13491,2010-12-02 14:30:00,2011-10-19 08:32:00,10,903,1215.82,United Kingdom,73,0.0,1215.82,121.58,52,321,2010-12,True,3.0,5.0,4.0,Loyal Customers
13492,2011-05-09 10:06:00,2011-07-26 14:25:00,3,408,1269.84,Switzerland,38,0.0,1269.84,423.28,137,78,2011-05,True,2.0,3.0,4.0,At Risk
13493,2011-02-25 16:42:00,2011-03-09 15:35:00,2,377,498.63,Switzerland,5,0.0,498.63,249.32,276,12,2011-02,True,1.0,2.0,3.0,Hibernating
13494,2011-02-01 11:58:00,2011-02-01 11:58:00,1,162,316.26,United Kingdom,18,0.0,316.26,316.26,312,0,2011-02,True,1.0,1.0,2.0,Hibernating
13495,2010-12-06 15:14:00,2011-12-02 11:21:00,5,829,2044.87,United Kingdom,34,54.75,1990.12,408.97,8,361,2010-12,True,5.0,4.0,4.0,Champions
13496,2010-12-15 10:17:00,2011-11-29 10:58:00,2,341,653.33,United Kingdom,28,35.4,617.93,326.67,11,349,2010-12,True,5.0,2.0,3.0,Potential Loyalists
13497,2010-12-06 11:37:00,2011-03-02 09:04:00,2,163,348.05,United Kingdom,19,27.0,321.05,174.02,283,86,2010-12,True,1.0,2.0,2.0,Hibernating
13499,2011-03-15 08:52:00,2011-11-22 11:21:00,5,1365,1159.11,United Kingdom,31,12.15,1146.96,231.82,18,252,2011-03,True,4.0,4.0,4.0,Loyal Customers
13500,2011-08-09 12:20:00,2011-11-16 15:35:00,3,609,1166.77,United Kingdom,60,30.0,1136.77,388.92,24,99,2011-08,True,4.0,3.0,4.0,Potential Loyalists
13501,2011-02-24 18:59:00,2011-02-24 18:59:00,1,560,1340.32,Switzerland,52,29.85,1310.47,1340.32,289,0,2011-02,True,1.0,1.0,4.0,Hibernating
13502,2011-01-20 09:03:00,2011-11-23 10:39:00,3,264,292.0,United Kingdom,17,0.0,292.0,97.33,17,307,2011-01,True,4.0,3.0,2.0,Potential Loyalists
13503,2011-09-29 13:23:00,2011-09-29 13:23:00,1,248,216.85,United Kingdom,17,0.0,216.85,216.85,72,0,2011-09,True,3.0,1.0,1.0,About to Sleep
13504,2011-10-06 13:20:00,2011-10-06 13:20:00,1,178,295.93,United Kingdom,22,0.0,295.93,295.93,65,0,2011-10,True,3.0,1.0,2.0,About to Sleep
13505,2011-04-21 12:07:00,2011-09-28 11:56:00,4,2467,3633.63,Switzerland,181,110.75,3522.88,908.41,73,160,2011-04,True,2.0,4.0,5.0,At Risk
13506,2010-12-05 12:15:00,2011-01-27 13:53:00,2,324,458.52,United Kingdom,26,5.7,452.82,229.26,317,53,2010-12,True,1.0,2.0,2.0,Hibernating
13507,2011-07-17 11:50:00,2011-12-06 13:13:00,4,1597,2479.16,United Kingdom,146,0.0,2479.16,619.79,4,142,2011-07,True,5.0,4.0,5.0,Champions
13508,2011-04-10 11:58:00,2011-04-10 11:58:00,1,24,110.97,United Kingdom,12,0.0,110.97,110.97,244,0,2011-04,True,1.0,1.0,1.0,Hibernating
13509,2011-02-28 13:27:00,2011-12-01 10:10:00,6,1105,964.72,United Kingdom,26,0.0,964.72,160.79,9,276,2011-02,True,5.0,5.0,4.0,Champions
13510,2011-06-09 09:32:00,2011-12-08 13:46:00,4,1386,1791.56,United Kingdom,86,6.4,1785.16,447.89,2,182,2011-06,True,5.0,4.0,4.0,Champions
13512,2011-03-24 10:03:00,2011-03-24 10:03:00,1,143,251.21,United Kingdom,15,0.0,251.21,251.21,261,0,2011-03,True,1.0,1.0,2.0,Hibernating
13513,2011-08-05 11:50:00,2011-08-05 11:50:00,1,109,205.1,United Kingdom,10,0.0,205.1,205.1,127,0,2011-08,True,2.0,1.0,1.0,Hibernating
13514,2011-09-27 09:39:00,2011-09-27 09:39:00,1,40,152.2,United Kingdom,4,0.0,152.2,152.2,74,0,2011-09,True,2.0,1.0,1.0,Hibernating
13515,2011-04-06 10:33:00,2011-09-28 11:26:00,4,681,891.12,United Kingdom,50,0.0,891.12,222.78,73,175,2011-04,True,2.0,4.0,3.0,At Risk
13516,2011-04-15 11:06:00,2011-11-18 13:15:00,3,985,1389.41,United Kingdom,43,0.0,1389.41,463.14,22,217,2011-04,True,4.0,3.0,4.0,Potential Loyalists
13517,2011-06-13 08:44:00,2011-10-11 11:43:00,3,1369,2128.42,United Kingdom,125,19.35,2109.07,709.47,60,120,2011-06,True,3.0,3.0,5.0,Need Attention
13518,2011-09-15 10:29:00,2011-09-15 10:29:00,1,382,627.16,United Kingdom,36,0.0,627.16,627.16,86,0,2011-09,True,2.0,1.0,3.0,Hibernating
13519,2011-09-22 18:24:00,2011-09-22 18:24:00,1,23,122.75,United Kingdom,8,11.95,110.8,122.75,79,0,2011-09,True,2.0,1.0,1.0,Hibernating
13520,2010-12-03 10:36:00,2011-10-12 10:20:00,6,1633,2984.35,Switzerland,48,16.6,2967.75,497.39,59,313,2010-12,True,3.0,5.0,5.0,Loyal Customers
13521,2011-11-29 15:09:00,2011-12-08 13:50:00,3,715,1070.47,United Kingdom,312,0.0,1070.47,356.82,2,9,2011-11,True,5.0,3.0,4.0,Potential Loyalists
13522,2011-11-09 15:11:00,2011-11-09 15:11:00,1,44,125.8,United Kingdom,5,0.0,125.8,125.8,31,0,2011-11,True,4.0,1.0,1.0,Promising
13523,2010-12-08 14:22:00,2011-11-06 15:11:00,5,1752,3964.88,United Kingdom,157,209.5,3755.38,792.98,34,333,2010-12,True,3.0,4.0,5.0,Loyal Customers
13524,2011-05-04 12:26:00,2011-10-30 12:34:00,5,324,680.18,United Kingdom,17,0.0,680.18,136.04,41,179,2011-05,True,3.0,4.0,3.0,Loyal Customers
13525,2011-04-05 15:36:00,2011-11-25 12:01:00,2,394,628.78,United Kingdom,5,0.0,628.78,314.39,15,234,2011-04,True,4.0,2.0,3.0,Potential Loyalists
13527,2011-01-17 11:17:00,2011-11-06 12:04:00,7,1683,2242.36,United Kingdom,153,23.75,2218.61,320.34,34,293,2011-01,True,3.0,5.0,5.0,Loyal Customers
13529,2011-05-19 11:50:00,2011-09-22 09:15:00,2,74,307.76,United Kingdom,15,0.0,307.76,153.88,79,126,2011-05,True,2.0,2.0,2.0,Hibernating
13531,2010-12-08 15:03:00,2011-05-18 16:56:00,2,174,483.8,United Kingdom,17,0.0,483.8,241.9,206,161,2010-12,True,1.0,2.0,3.0,Hibernating
13532,2011-11-06 12:25:00,2011-11-06 12:25:00,1,129,210.31,United Kingdom,66,0.0,210.31,210.31,34,0,2011-11,True,3.0,1.0,1.0,About to Sleep
13533,2011-03-17 12:47:00,2011-06-10 11:54:00,3,202,269.09,United Kingdom,61,0.0,269.09,89.7,183,85,2011-03,True,1.0,3.0,2.0,At Risk
13534,2010-12-16 15:23:00,2011-12-07 14:52:00,25,2961,5870.08,United Kingdom,119,257.0,5613.08,234.8,3,356,2010-12,True,5.0,5.0,5.0,Champions
13536,2011-09-25 13:30:00,2011-12-08 16:38:00,7,2126,3444.39,United Kingdom,91,0.0,3444.39,492.06,2,74,2011-09,True,5.0,5.0,5.0,Champions
13538,2011-01-28 10:40:00,2011-10-27 16:34:00,7,175,1280.85,United Kingdom,10,0.0,1280.85,182.98,44,272,2011-01,True,3.0,5.0,4.0,Loyal Customers
13539,2011-02-03 15:23:00,2011-09-15 10:18:00,3,320,631.34,United Kingdom,35,25.5,605.84,210.45,86,224,2011-02,True,2.0,3.0,3.0,At Risk
13544,2011-04-13 12:09:00,2011-10-31 11:57:00,2,112,276.06,United Kingdom,76,0.0,276.06,138.03,40,201,2011-04,True,3.0,2.0,2.0,About to Sleep
13546,2011-05-23 12:14:00,2011-11-27 14:50:00,3,357,621.09,United Kingdom,72,0.0,621.09,207.03,13,188,2011-05,True,5.0,3.0,3.0,Potential Loyalists
13548,2011-04-10 11:35:00,2011-09-04 14:50:00,2,436,678.16,United Kingdom,114,0.0,678.16,339.08,97,147,2011-04,True,2.0,2.0,3.0,Hibernating
13549,2011-04-11 13:42:00,2011-11-14 09:20:00,7,458,918.2,United Kingdom,37,2.08,916.12,131.17,26,217,2011-04,True,4.0,5.0,4.0,Loyal Customers
13551,2011-01-24 14:46:00,2011-01-24 14:46:00,1,12,91.8,United Kingdom,4,0.0,91.8,91.8,320,0,2011-01,True,1.0,1.0,1.0,Hibernating
13552,2011-01-28 10:10:00,2011-10-04 15:19:00,12,1417,3740.07,United Kingdom,82,200.54,3539.53,311.67,67,249,2011-01,True,3.0,5.0,5.0,Loyal Customers
13555,2011-05-22 11:06:00,2011-09-27 12:36:00,4,2636,4098.88,United Kingdom,128,0.0,4098.88,1024.72,74,128,2011-05,True,2.0,4.0,5.0,At Risk
13557,2011-03-04 12:14:00,2011-11-11 15:24:00,2,546,584.06,United Kingdom,31,0.0,584.06,292.03,29,252,2011-03,True,4.0,2.0,3.0,Potential Loyalists
13558,2011-10-02 13:01:00,2011-12-04 11:24:00,4,338,594.52,United Kingdom,123,0.0,594.52,148.63,6,63,2011-10,True,5.0,4.0,3.0,Champions
13560,2011-12-02 13:11:00,2011-12-02 13:11:00,1,63,171.42,United Kingdom,32,0.0,171.42,171.42,8,0,2011-12,True,5.0,1.0,1.0,New Customers
13561,2011-05-08 12:39:00,2011-05-08 12:39:00,1,83,141.86,United Kingdom,14,0.0,141.86,141.86,216,0,2011-05,True,1.0,1.0,1.0,Hibernating
13562,2011-04-08 12:42:00,2011-09-19 10:51:00,3,757,1799.33,United Kingdom,50,0.0,1799.33,599.78,82,164,2011-04,True,2.0,3.0,4.0,At Risk
13563,2011-07-22 17:21:00,2011-09-16 14:45:00,2,209,777.53,United Kingdom,49,0.0,777.53,388.76,85,56,2011-07,True,2.0,2.0,3.0,Hibernating
13564,2010-12-06 17:26:00,2010-12-20 16:50:00,2,635,1174.03,United Kingdom,67,0.0,1174.03,587.02,355,14,2010-12,True,1.0,2.0,4.0,Hibernating
13565,2011-01-09 14:28:00,2011-11-20 14:33:00,2,172,240.22,United Kingdom,35,0.0,240.22,120.11,20,315,2011-01,True,4.0,2.0,1.0,Potential Loyalists
13566,2011-09-18 12:40:00,2011-10-30 11:59:00,2,567,856.84,United Kingdom,134,0.0,856.84,428.42,41,42,2011-09,True,3.0,2.0,3.0,About to Sleep
13568,2011-06-19 14:42:00,2011-06-19 14:42:00,1,66,187.05,United Kingdom,41,0.0,187.05,187.05,174,0,2011-06,True,2.0,1.0,1.0,Hibernating
13569,2010-12-07 12:29:00,2011-11-22 13:07:00,2,155,337.12,United Kingdom,72,0.0,337.12,168.56,18,350,2010-12,True,4.0,2.0,2.0,Potential Loyalists
13570,2011-04-10 13:36:00,2011-04-10 13:36:00,1,161,239.49,United Kingdom,27,0.0,239.49,239.49,244,0,2011-04,True,1.0,1.0,1.0,Hibernating
13571,2011-03-31 12:43:00,2011-11-27 10:47:00,12,1757,2088.94,United Kingdom,157,0.0,2088.94,174.08,13,241,2011-03,True,5.0,5.0,5.0,Champions
13572,2011-05-18 11:59:00,2011-05-18 11:59:00,1,534,1384.25,United Kingdom,32,0.0,1384.25,1384.25,206,0,2011-05,True,1.0,1.0,4.0,Hibernating
13573,2011-03-31 14:47:00,2011-10-20 14:33:00,2,302,290.25,United Kingdom,24,0.0,290.25,145.12,51,203,2011-03,True,3.0,2.0,2.0,About to Sleep
13575,2011-06-16 14:24:00,2011-11-16 13:14:00,5,449,732.07,United Kingdom,41,0.0,732.07,146.41,24,153,2011-06,True,4.0,4.0,3.0,Loyal Customers
13576,2010-12-01 17:24:00,2011-11-29 15:34:00,18,2646,6717.34,United Kingdom,78,14.04,6703.3,373.19,11,363,2010-12,True,5.0,5.0,5.0,Champions
13577,2011-04-12 10:33:00,2011-11-14 15:19:00,4,791,1687.6,United Kingdom,61,29.3,1658.3,421.9,26,216,2011-04,True,4.0,4.0,4.0,Loyal Customers
13579,2010-12-05 16:10:00,2011-11-25 08:41:00,2,176,467.04,United Kingdom,19,0.0,467.04,233.52,15,355,2010-12,True,4.0,2.0,2.0,Potential Loyalists
13581,2011-02-03 14:41:00,2011-02-03 14:41:00,1,30,118.0,United Kingdom,10,0.0,118.0,118.0,310,0,2011-02,True,1.0,1.0,1.0,Hibernating
13583,2011-07-07 10:40:00,2011-07-07 10:40:00,1,725,781.03,United Kingdom,53,0.0,781.03,781.03,156,0,2011-07,True,2.0,1.0,3.0,Hibernating
13584,2011-02-06 12:49:00,2011-02-06 12:49:00,1,37,142.4,United Kingdom,24,0.0,142.4,142.4,307,0,2011-02,True,1.0,1.0,1.0,Hibernating
13587,2011-10-07 12:31:00,2011-10-07 12:31:00,1,180,712.4,United Kingdom,8,365.4,347.0,712.4,64,0,2011-10,True,3.0,1.0,2.0,About to Sleep
13588,2011-03-29 15:53:00,2011-11-24 10:42:00,9,2606,2478.95,United Kingdom,131,29.42,2449.53,275.44,16,240,2011-03,True,4.0,5.0,5.0,Loyal Customers
13589,2011-06-13 12:44:00,2011-11-25 12:10:00,2,114,379.65,United Kingdom,21,0.0,379.65,189.82,15,165,2011-06,True,4.0,2.0,2.0,Potential Loyalists
13590,2011-02-09 13:25:00,2011-11-28 12:54:00,6,1848,1981.92,United Kingdom,70,5.8,1976.12,330.32,12,292,2011-02,True,5.0,5.0,4.0,Champions
13591,2011-03-18 12:18:00,2011-10-06 12:26:00,3,485,1117.13,United Kingdom,56,0.0,1117.13,372.38,65,202,2011-03,True,3.0,3.0,4.0,Need Attention
13592,2011-03-20 14:01:00,2011-11-04 09:49:00,4,84,247.96,United Kingdom,15,0.0,247.96,61.99,36,229,2011-03,True,3.0,4.0,2.0,Loyal Customers
13593,2011-01-07 16:32:00,2011-08-23 13:35:00,5,719,2011.88,United Kingdom,77,46.8,1965.08,402.38,109,228,2011-01,True,2.0,4.0,4.0,At Risk
13594,2011-10-18 10:19:00,2011-10-18 10:19:00,1,359,396.97,United Kingdom,26,0.0,396.97,396.97,53,0,2011-10,True,3.0,1.0,2.0,About to Sleep
13596,2011-11-27 11:57:00,2011-12-04 12:01:00,2,384,664.11,United Kingdom,133,0.0,664.11,332.06,6,7,2011-11,True,5.0,2.0,3.0,Potential Loyalists
13598,2011-10-23 14:28:00,2011-10-23 14:28:00,1,52,160.04,United Kingdom,33,12.75,147.29,160.04,48,0,2011-10,True,3.0,1.0,1.0,About to Sleep
13599,2010-12-08 10:11:00,2011-12-08 16:10:00,21,3293,5149.92,United Kingdom,171,121.35,5028.57,245.23,2,365,2010-12,True,5.0,5.0,5.0,Champions
13600,2011-01-31 15:27:00,2011-01-31 15:27:00,1,324,219.52,United Kingdom,19,0.0,219.52,219.52,313,0,2011-01,True,1.0,1.0,1.0,Hibernating
13601,2011-05-12 16:52:00,2011-10-25 17:31:00,2,548,693.32,United Kingdom,90,0.0,693.32,346.66,46,166,2011-05,True,3.0,2.0,3.0,About to Sleep
13602,2011-10-06 11:47:00,2011-10-06 11:47:00,1,267,428.89,United Kingdom,23,0.0,428.89,428.89,65,0,2011-10,True,3.0,1.0,2.0,About to Sleep
13603,2011-11-13 15:57:00,2011-11-13 15:57:00,1,164,164.34,United Kingdom,27,0.0,164.34,164.34,27,0,2011-11,True,4.0,1.0,1.0,Promising
13606,2011-02-01 11:42:00,2011-11-10 17:46:00,3,276,276.75,United Kingdom,40,0.0,276.75,92.25,30,282,2011-02,True,4.0,3.0,2.0,Potential Loyalists
13607,2011-10-30 16:17:00,2011-10-30 16:17:00,1,288,675.51,United Kingdom,93,0.0,675.51,675.51,41,0,2011-10,True,3.0,1.0,3.0,About to Sleep
13610,2011-02-27 14:44:00,2011-11-27 15:38:00,7,488,1082.33,United Kingdom,165,16.45,1065.88,154.62,13,273,2011-02,True,5.0,5.0,4.0,Champions
13611,2010-12-15 10:31:00,2011-09-11 14:51:00,3,754,1154.4,United Kingdom,67,13.6,1140.8,384.8,90,270,2010-12,True,2.0,3.0,4.0,At Risk
13614,2011-01-13 12:37:00,2011-11-15 14:47:00,4,564,1585.46,United Kingdom,171,0.0,1585.46,396.36,25,306,2011-01,True,4.0,4.0,4.0,Loyal Customers
13615,2011-01-25 08:21:00,2011-01-25 08:21:00,1,189,417.69,United Kingdom,23,17.7,399.99,417.69,319,0,2011-01,True,1.0,1.0,2.0,Hibernating
13617,2011-06-12 12:55:00,2011-10-30 13:50:00,3,300,544.18,United Kingdom,31,0.0,544.18,181.39,41,140,2011-06,True,3.0,3.0,3.0,Need Attention
13618,2011-06-19 11:09:00,2011-06-19 11:09:00,1,246,177.34,United Kingdom,13,0.0,177.34,177.34,174,0,2011-06,True,2.0,1.0,1.0,Hibernating
13621,2011-08-15 08:26:00,2011-08-15 08:26:00,1,343,213.85,United Kingdom,19,0.0,213.85,213.85,117,0,2011-08,True,2.0,1.0,1.0,Hibernating
13623,2011-02-15 13:08:00,2011-11-09 12:00:00,5,286,727.74,United Kingdom,75,31.54,696.2,145.55,31,267,2011-02,True,4.0,4.0,3.0,Loyal Customers
13626,2011-04-01 10:05:00,2011-04-01 10:05:00,1,209,257.23,United Kingdom,19,0.0,257.23,257.23,253,0,2011-04,True,1.0,1.0,2.0,Hibernating
13627,2010-12-17 09:52:00,2011-10-11 14:20:00,5,1269,1638.47,United Kingdom,84,14.45,1624.02,327.69,60,298,2010-12,True,3.0,4.0,4.0,Loyal Customers
13629,2011-01-05 12:09:00,2011-11-16 13:21:00,11,4372,7792.36,United Kingdom,28,0.0,7792.36,708.4,24,315,2011-01,True,4.0,5.0,5.0,Loyal Customers
13630,2011-02-27 12:49:00,2011-12-04 15:16:00,7,1391,2031.78,United Kingdom,51,36.1,1995.68,290.25,6,280,2011-02,True,5.0,5.0,4.0,Champions
13631,2011-03-17 17:13:00,2011-09-01 09:57:00,11,467,3070.42,United Kingdom,6,48.65,3021.77,279.13,100,168,2011-03,True,2.0,5.0,5.0,Can't Lose Them
13632,2011-04-10 15:07:00,2011-11-15 10:51:00,5,1031,2118.93,United Kingdom,121,4.25,2114.68,423.79,25,219,2011-04,True,4.0,4.0,5.0,Loyal Customers
13634,2011-01-16 15:30:00,2011-11-06 13:40:00,5,700,1547.36,United Kingdom,156,0.0,1547.36,309.47,34,294,2011-01,True,3.0,4.0,4.0,Loyal Customers
13635,2011-10-03 10:55:00,2011-10-03 10:55:00,1,677,1071.03,United Kingdom,62,0.0,1071.03,1071.03,68,0,2011-10,True,3.0,1.0,4.0,About to Sleep
13636,2011-02-27 14:29:00,2011-11-03 10:30:00,5,592,949.12,United Kingdom,57,7.5,941.62,189.82,37,249,2011-02,True,3.0,4.0,4.0,Loyal Customers
13637,2011-04-27 13:06:00,2011-10-18 13:32:00,3,404,803.05,United Kingdom,78,0.0,803.05,267.68,53,174,2011-04,True,3.0,3.0,3.0,Need Attention
13638,2011-11-24 10:38:00,2011-11-24 10:38:00,1,93,122.64,United Kingdom,8,0.0,122.64,122.64,16,0,2011-11,True,4.0,1.0,1.0,Promising
13639,2011-09-26 13:36:00,2011-09-26 13:36:00,1,800,1033.34,United Kingdom,39,0.0,1033.34,1033.34,75,0,2011-09,True,2.0,1.0,4.0,Hibernating
13642,2011-05-08 12:34:00,2011-05-08 12:34:00,1,151,312.28,United Kingdom,57,0.0,312.28,312.28,216,0,2011-05,True,1.0,1.0,2.0,Hibernating
13643,2011-06-07 11:40:00,2011-11-08 15:37:00,3,273,519.44,United Kingdom,24,0.0,519.44,173.15,32,154,2011-06,True,4.0,3.0,3.0,Potential Loyalists
13644,2011-08-26 11:53:00,2011-11-23 14:07:00,4,2067,2624.26,United Kingdom,144,26.74,2597.52,656.06,17,89,2011-08,True,4.0,4.0,5.0,Loyal Customers
13645,2011-08-11 16:11:00,2011-08-11 16:11:00,1,158,252.1,United Kingdom,5,0.0,252.1,252.1,121,0,2011-08,True,2.0,1.0,2.0,Hibernating
13647,2011-04-19 09:49:00,2011-11-30 12:00:00,4,887,1648.12,United Kingdom,65,7.9,1640.22,412.03,10,225,2011-04,True,5.0,4.0,4.0,Champions
13649,2010-12-08 14:46:00,2011-03-28 11:51:00,2,139,346.6,United Kingdom,23,0.0,346.6,173.3,257,110,2010-12,True,1.0,2.0,2.0,Hibernating
13650,2011-03-17 12:37:00,2011-11-23 12:22:00,6,922,1836.34,United Kingdom,79,27.0,1809.34,306.06,17,251,2011-03,True,4.0,5.0,4.0,Loyal Customers
13651,2011-10-31 12:11:00,2011-10-31 12:11:00,1,32,79.2,United Kingdom,5,0.0,79.2,79.2,40,0,2011-10,True,3.0,1.0,1.0,About to Sleep
13652,2010-12-06 09:21:00,2011-10-25 08:51:00,3,578,1095.08,United Kingdom,48,0.0,1095.08,365.03,46,323,2010-12,True,3.0,3.0,4.0,Need Attention
13654,2011-03-11 12:54:00,2011-10-27 16:24:00,6,2182,2707.33,United Kingdom,157,0.0,2707.33,451.22,44,230,2011-03,True,3.0,5.0,5.0,Loyal Customers
13655,2011-04-12 09:53:00,2011-08-17 14:25:00,2,605,932.97,United Kingdom,52,0.0,932.97,466.48,115,127,2011-04,True,2.0,2.0,4.0,Hibernating
13656,2011-01-06 15:42:00,2011-06-28 10:31:00,2,490,379.65,United Kingdom,49,0.0,379.65,189.82,165,173,2011-01,True,2.0,2.0,2.0,Hibernating
13657,2011-05-22 12:35:00,2011-11-29 12:32:00,2,209,382.14,United Kingdom,16,0.0,382.14,191.07,11,191,2011-05,True,5.0,2.0,2.0,Potential Loyalists
13658,2011-05-19 17:15:00,2011-11-30 10:13:00,5,1019,2639.17,United Kingdom,91,217.7,2421.47,527.83,10,195,2011-05,True,5.0,4.0,5.0,Champions
13659,2011-01-23 12:08:00,2011-05-18 12:37:00,2,882,1563.0,United Kingdom,92,22.35,1540.65,781.5,206,115,2011-01,True,1.0,2.0,4.0,Hibernating
13662,2011-03-25 13:23:00,2011-09-15 12:04:00,3,533,881.26,United Kingdom,50,18.68,862.58,293.75,86,174,2011-03,True,2.0,3.0,3.0,At Risk
13663,2011-06-13 15:44:00,2011-06-13 15:44:00,1,91,189.47,United Kingdom,13,0.0,189.47,189.47,180,0,2011-06,True,1.0,1.0,1.0,Hibernating
13666,2011-02-25 13:05:00,2011-10-10 15:39:00,3,41,84.65,United Kingdom,12,0.0,84.65,28.22,61,227,2011-02,True,3.0,3.0,1.0,Need Attention
13667,2011-07-13 15:42:00,2011-07-13 15:42:00,1,149,299.05,United Kingdom,82,0.0,299.05,299.05,150,0,2011-07,True,2.0,1.0,2.0,Hibernating
13668,2010-12-12 12:35:00,2011-12-07 12:11:00,21,3722,6309.83,United Kingdom,284,147.52,6162.31,300.47,3,360,2010-12,True,5.0,5.0,5.0,Champions
13669,2011-07-13 11:44:00,2011-10-20 09:32:00,2,237,218.55,United Kingdom,9,0.0,218.55,109.28,51,99,2011-07,True,3.0,2.0,1.0,About to Sleep
13670,2011-09-25 15:25:00,2011-09-25 15:25:00,1,282,349.7,United Kingdom,25,0.0,349.7,349.7,76,0,2011-09,True,2.0,1.0,2.0,Hibernating
13672,2011-01-11 13:54:00,2011-02-11 13:53:00,2,57,186.39,United Kingdom,4,186.39,-0.0,93.2,302,31,2011-01,False,,,,
13673,2011-11-07 15:40:00,2011-11-21 12:11:00,2,114,387.44,United Kingdom,47,0.0,387.44,193.72,19,14,2011-11,True,4.0,2.0,2.0,Potential Loyalists
13675,2011-02-28 12:14:00,2011-07-11 12:57:00,2,330,486.82,United Kingdom,25,0.0,486.82,243.41,152,133,2011-02,True,2.0,2.0,3.0,Hibernating
13678,2011-07-11 10:14:00,2011-07-11 10:14:00,1,924,232.6,United Kingdom,16,0.0,232.6,232.6,152,0,2011-07,True,2.0,1.0,1.0,Hibernating
13680,2011-01-04 14:12:00,2011-12-08 13:47:00,4,1934,3719.12,United Kingdom,164,1520.11,2199.01,929.78,2,338,2011-01,True,5.0,4.0,5.0,Champions
13681,2011-07-07 15:21:00,2011-11-22 11:13:00,4,360,827.83,United Kingdom,37,0.0,827.83,206.96,18,138,2011-07,True,4.0,4.0,3.0,Loyal Customers
13682,2011-06-05 14:06:00,2011-06-05 14:06:00,1,10,59.5,United Kingdom,3,0.0,59.5,59.5,188,0,2011-06,True,1.0,1.0,1.0,Hibernating
13684,2011-02-27 10:13:00,2011-02-27 10:13:00,1,38,65.13,United Kingdom,29,3.0,62.13,65.13,286,0,2011-02,True,1.0,1.0,1.0,Hibernating
13685,2011-10-10 12:59:00,2011-12-07 11:41:00,7,5056,3119.44,United Kingdom,29,0.0,3119.44,445.63,3,58,2011-10,True,5.0,5.0,5.0,Champions
13686,2011-06-10 09:10:00,2011-06-10 09:10:00,1,70,72.0,United Kingdom,8,0.0,72.0,72.0,183,0,2011-06,True,1.0,1.0,1.0,Hibernating
13689,2011-10-07 13:21:00,2011-10-07 13:21:00,1,512,910.0,United Kingdom,6,0.0,910.0,910.0,64,0,2011-10,True,3.0,1.0,4.0,About to Sleep
13690,2011-10-11 15:03:00,2011-10-11 15:03:00,1,67,172.25,United Kingdom,9,0.0,172.25,172.25,60,0,2011-10,True,3.0,1.0,1.0,About to Sleep
13692,2011-04-17 12:57:00,2011-11-15 11:17:00,3,1226,1488.32,United Kingdom,48,14.95,1473.37,496.11,25,212,2011-04,True,4.0,3.0,4.0,Potential Loyalists
13694,2010-12-01 12:12:00,2011-12-06 09:32:00,50,63312,65039.62,United Kingdom,366,2078.08,62961.54,1300.79,4,370,2010-12,True,5.0,5.0,5.0,Champions
13695,2011-03-25 11:31:00,2011-11-08 14:26:00,15,1603,2504.13,United Kingdom,46,0.0,2504.13,166.94,32,228,2011-03,True,4.0,5.0,5.0,Loyal Customers
13697,2011-11-01 09:14:00,2011-11-01 09:14:00,1,177,151.3,United Kingdom,12,0.0,151.3,151.3,39,0,2011-11,True,3.0,1.0,1.0,About to Sleep
13699,2011-07-07 16:51:00,2011-07-07 16:51:00,1,66,308.58,United Kingdom,14,0.0,308.58,308.58,156,0,2011-07,True,2.0,1.0,2.0,Hibernating
13700,2011-01-16 13:18:00,2011-11-13 13:00:00,10,2281,2248.63,United Kingdom,139,0.0,2248.63,224.86,27,301,2011-01,True,4.0,5.0,5.0,Loyal Customers
13703,2011-01-25 13:10:00,2011-01-25 13:10:00,1,10,99.5,United Kingdom,1,0.0,99.5,99.5,319,0,2011-01,True,1.0,1.0,1.0,Hibernating
13704,2011-09-12 14:40:00,2011-12-04 15:13:00,9,1531,2308.06,United Kingdom,111,12.75,2295.31,256.45,6,83,2011-09,True,5.0,5.0,5.0,Champions
13705,2010-12-01 10:29:00,2011-12-02 12:32:00,3,363,711.86,United Kingdom,25,0.0,711.86,237.29,8,366,2010-12,True,5.0,3.0,3.0,Potential Loyalists
13706,2011-02-10 09:21:00,2011-02-10 09:21:00,1,189,330.79,United Kingdom,20,0.0,330.79,330.79,303,0,2011-02,True,1.0,1.0,2.0,Hibernating
13707,2011-01-28 13:27:00,2011-03-17 18:03:00,2,351,806.41,United Kingdom,48,0.0,806.41,403.2,268,48,2011-01,True,1.0,2.0,3.0,Hibernating
13708,2011-03-13 13:46:00,2011-03-13 13:46:00,1,300,283.33,United Kingdom,48,0.0,283.33,283.33,272,0,2011-03,True,1.0,1.0,2.0,Hibernating
13709,2011-01-28 14:57:00,2011-12-06 10:28:00,13,3508,6307.65,United Kingdom,244,78.94,6228.71,485.2,4,312,2011-01,True,5.0,5.0,5.0,Champions
13710,2011-11-08 08:16:00,2011-11-08 08:16:00,1,176,180.48,United Kingdom,8,0.0,180.48,180.48,32,0,2011-11,True,4.0,1.0,1.0,Promising
13711,2011-05-05 10:29:00,2011-05-05 10:31:00,2,140,252.06,United Kingdom,11,0.0,252.06,126.03,219,0,2011-05,True,1.0,2.0,2.0,Hibernating
13712,2011-04-07 12:33:00,2011-04-07 12:33:00,1,352,228.84,United Kingdom,10,0.0,228.84,228.84,247,0,2011-04,True,1.0,1.0,1.0,Hibernating
13715,2010-12-02 08:52:00,2011-03-03 19:21:00,5,562,1077.39,United Kingdom,89,25.4,1051.99,215.48,282,91,2010-12,True,1.0,4.0,4.0,At Risk
13716,2011-03-15 13:49:00,2011-03-15 13:49:00,1,138,138.28,United Kingdom,21,0.0,138.28,138.28,270,0,2011-03,True,1.0,1.0,1.0,Hibernating
13717,2011-02-14 13:21:00,2011-11-07 14:13:00,6,1959,1445.01,United Kingdom,92,12.75,1432.26,240.84,33,266,2011-02,True,4.0,5.0,4.0,Loyal Customers
13718,2011-02-17 11:58:00,2011-04-07 13:24:00,2,173,306.55,United Kingdom,9,0.0,306.55,153.28,247,49,2011-02,True,1.0,2.0,2.0,Hibernating
13719,2011-04-19 13:56:00,2011-11-24 15:26:00,5,609,1041.68,United Kingdom,56,0.0,1041.68,208.34,16,219,2011-04,True,4.0,4.0,4.0,Loyal Customers
13720,2011-03-30 09:17:00,2011-08-15 12:46:00,4,501,799.9,United Kingdom,42,0.0,799.9,199.98,117,138,2011-03,True,2.0,4.0,3.0,At Risk
13721,2011-11-03 14:05:00,2011-11-03 14:05:00,1,316,524.14,United Kingdom,28,0.0,524.14,524.14,37,0,2011-11,True,3.0,1.0,3.0,About to Sleep
13722,2011-03-02 11:43:00,2011-07-31 12:44:00,3,1401,2375.41,United Kingdom,75,6.25,2369.16,791.8,132,151,2011-03,True,2.0,3.0,5.0,At Risk
13723,2011-05-06 17:04:00,2011-05-06 17:04:00,1,43,199.85,United Kingdom,6,0.0,199.85,199.85,218,0,2011-05,True,1.0,1.0,1.0,Hibernating
13725,2011-02-04 12:18:00,2011-10-21 10:03:00,8,806,1980.56,United Kingdom,95,170.75,1809.81,247.57,50,259,2011-02,True,3.0,5.0,4.0,Loyal Customers
13726,2011-08-31 11:06:00,2011-11-01 10:49:00,2,1054,1079.66,United Kingdom,39,0.0,1079.66,539.83,39,62,2011-08,True,3.0,2.0,4.0,About to Sleep
13727,2011-11-06 12:16:00,2011-11-11 09:46:00,2,162,333.48,United Kingdom,19,0.0,333.48,166.74,29,5,2011-11,True,4.0,2.0,2.0,Potential Loyalists
13728,2011-02-02 12:09:00,2011-11-03 10:49:00,6,458,1016.14,United Kingdom,38,0.0,1016.14,169.36,37,274,2011-02,True,3.0,5.0,4.0,Loyal Customers
13730,2011-07-01 12:47:00,2011-07-27 08:35:00,2,488,752.6,United Kingdom,38,0.0,752.6,376.3,136,26,2011-07,True,2.0,2.0,3.0,Hibernating
13731,2011-04-07 10:10:00,2011-05-04 14:33:00,2,278,610.59,United Kingdom,36,0.0,610.59,305.3,220,27,2011-04,True,1.0,2.0,3.0,Hibernating
13732,2011-11-11 15:49:00,2011-11-11 15:49:00,1,498,491.86,United Kingdom,33,0.0,491.86,491.86,29,0,2011-11,True,4.0,1.0,3.0,Promising
13735,2011-04-19 13:49:00,2011-11-15 11:14:00,4,1128,2883.54,United Kingdom,158,119.06,2764.48,720.88,25,210,2011-04,True,4.0,4.0,5.0,Loyal Customers
13736,2011-03-24 13:04:00,2011-12-04 15:19:00,2,496,729.8,United Kingdom,166,7.9,721.9,364.9,6,255,2011-03,True,5.0,2.0,3.0,Potential Loyalists
13737,2011-05-23 16:32:00,2011-05-23 16:32:00,1,125,339.6,United Kingdom,29,0.0,339.6,339.6,201,0,2011-05,True,1.0,1.0,2.0,Hibernating
13739,2011-11-21 13:35:00,2011-11-21 13:35:00,1,54,216.9,United Kingdom,3,0.0,216.9,216.9,19,0,2011-11,True,4.0,1.0,1.0,Promising
13740,2011-04-13 10:32:00,2011-04-13 10:32:00,1,425,350.75,United Kingdom,23,0.0,350.75,350.75,241,0,2011-04,True,1.0,1.0,2.0,Hibernating
13741,2011-05-06 13:43:00,2011-09-29 09:19:00,3,218,668.43,United Kingdom,34,2.1,666.33,222.81,72,146,2011-05,True,3.0,3.0,3.0,Need Attention
13742,2011-01-23 14:59:00,2011-11-23 11:07:00,12,1115,3107.87,United Kingdom,200,28.6,3079.27,258.99,17,304,2011-01,True,4.0,5.0,5.0,Loyal Customers
13743,2011-03-25 14:46:00,2011-12-07 10:09:00,7,1776,1341.6,United Kingdom,8,1.45,1340.15,191.66,3,257,2011-03,True,5.0,5.0,4.0,Champions
13744,2011-02-20 14:08:00,2011-09-05 15:19:00,2,1153,1080.52,United Kingdom,54,0.0,1080.52,540.26,96,197,2011-02,True,2.0,2.0,4.0,Hibernating
13745,2011-06-30 16:43:00,2011-06-30 16:43:00,1,496,300.04,United Kingdom,25,8.5,291.54,300.04,163,0,2011-06,True,2.0,1.0,2.0,Hibernating
13747,2010-12-01 10:37:00,2010-12-01 10:37:00,1,8,79.6,United Kingdom,1,0.0,79.6,79.6,374,0,2010-12,True,1.0,1.0,1.0,Hibernating
13748,2010-12-01 09:00:00,2011-09-05 09:45:00,5,439,948.25,United Kingdom,24,0.0,948.25,189.65,96,278,2010-12,True,2.0,4.0,4.0,At Risk
13750,2011-01-07 11:49:00,2011-10-17 12:16:00,5,516,1647.26,United Kingdom,20,0.0,1647.26,329.45,54,283,2011-01,True,3.0,4.0,4.0,Loyal Customers
13751,2011-02-24 15:56:00,2011-02-24 15:56:00,1,152,296.25,United Kingdom,9,0.0,296.25,296.25,289,0,2011-02,True,1.0,1.0,2.0,Hibernating
13752,2011-04-07 12:04:00,2011-08-07 14:16:00,6,874,1175.38,United Kingdom,64,0.0,1175.38,195.9,125,122,2011-04,True,2.0,5.0,4.0,Can't Lose Them
13753,2011-02-25 12:48:00,2011-02-25 12:48:00,1,512,741.26,United Kingdom,35,0.0,741.26,741.26,288,0,2011-02,True,1.0,1.0,3.0,Hibernating
13754,2011-01-26 14:58:00,2011-07-11 11:51:00,2,214,282.6,United Kingdom,11,0.0,282.6,141.3,152,166,2011-01,True,2.0,2.0,2.0,Hibernating
13755,2011-10-07 15:45:00,2011-12-06 12:26:00,9,1242,2108.06,United Kingdom,232,6.67,2101.39,234.23,4,60,2011-10,True,5.0,5.0,5.0,Champions
13756,2010-12-07 11:41:00,2011-12-07 16:44:00,14,3188,5189.52,United Kingdom,66,44.4,5145.12,370.68,3,365,2010-12,True,5.0,5.0,5.0,Champions
13758,2010-12-01 12:08:00,2011-11-28 11:11:00,7,1844,3190.55,United Kingdom,104,0.0,3190.55,455.79,12,362,2010-12,True,5.0,5.0,5.0,Champions
13759,2011-09-29 15:40:00,2011-11-06 14:47:00,2,287,659.41,United Kingdom,24,0.0,659.41,329.7,34,38,2011-09,True,3.0,2.0,3.0,About to Sleep
13760,2011-03-28 12:52:00,2011-10-16 16:13:00,2,197,286.79,United Kingdom,50,0.0,286.79,143.4,55,202,2011-03,True,3.0,2.0,2.0,About to Sleep
13761,2011-06-13 08:43:00,2011-10-20 14:01:00,2,642,1070.65,United Kingdom,68,0.0,1070.65,535.33,51,129,2011-06,True,3.0,2.0,4.0,About to Sleep
13762,2011-05-05 09:15:00,2011-05-05 09:15:00,1,272,306.72,United Kingdom,7,306.72,0.0,306.72,219,0,2011-05,False,,,,
13763,2011-10-07 15:13:00,2011-10-07 15:13:00,1,728,1714.96,United Kingdom,15,25.5,1689.46,1714.96,64,0,2011-10,True,3.0,1.0,4.0,About to Sleep
13764,2011-01-06 14:53:00,2011-09-30 12:03:00,3,923,1516.42,United Kingdom,182,0.0,1516.42,505.47,71,267,2011-01,True,3.0,3.0,4.0,Need Attention
13767,2010-12-01 10:47:00,2011-12-07 15:00:00,37,7322,17220.36,United Kingdom,55,274.65,16945.71,465.42,3,371,2010-12,True,5.0,5.0,5.0,Champions
13769,2010-12-07 13:28:00,2011-12-07 15:08:00,10,1163,2796.51,United Kingdom,73,24.64,2771.87,279.65,3,365,2010-12,True,5.0,5.0,5.0,Champions
13771,2011-04-06 15:47:00,2011-10-06 14:18:00,4,1477,2634.45,United Kingdom,114,2.75,2631.7,658.61,65,183,2011-04,True,3.0,4.0,5.0,Loyal Customers
13772,2011-04-14 12:31:00,2011-11-06 11:43:00,3,540,1122.63,United Kingdom,141,0.0,1122.63,374.21,34,206,2011-04,True,3.0,3.0,4.0,Need Attention
13774,2011-09-19 12:06:00,2011-09-19 12:06:00,1,192,345.0,United Kingdom,22,0.0,345.0,345.0,82,0,2011-09,True,2.0,1.0,2.0,Hibernating
13777,2010-12-01 16:01:00,2011-12-09 12:25:00,33,12897,25977.16,United Kingdom,36,219.06,25758.1,787.19,1,373,2010-12,True,5.0,5.0,5.0,Champions
13778,2011-08-28 15:25:00,2011-08-28 15:25:00,1,70,178.7,United Kingdom,9,0.0,178.7,178.7,104,0,2011-08,True,2.0,1.0,1.0,Hibernating
13780,2011-06-22 11:43:00,2011-12-02 13:49:00,2,318,360.01,United Kingdom,56,0.0,360.01,180.0,8,163,2011-06,True,5.0,2.0,2.0,Potential Loyalists
13781,2011-04-03 12:08:00,2011-04-03 12:08:00,1,30,127.84,United Kingdom,17,0.0,127.84,127.84,251,0,2011-04,True,1.0,1.0,1.0,Hibernating
13782,2011-01-16 11:08:00,2011-11-27 11:54:00,6,369,908.86,United Kingdom,96,0.0,908.86,151.48,13,315,2011-01,True,5.0,5.0,3.0,Champions
13784,2011-01-11 14:38:00,2011-11-30 09:33:00,11,2493,2462.79,United Kingdom,9,0.0,2462.79,223.89,10,323,2011-01,True,5.0,5.0,5.0,Champions
13786,2010-12-07 13:53:00,2010-12-07 13:53:00,1,136,230.4,United Kingdom,7,0.0,230.4,230.4,368,0,2010-12,True,1.0,1.0,1.0,Hibernating
13787,2010-12-10 14:45:00,2011-09-25 12:06:00,2,337,309.04,United Kingdom,24,0.0,309.04,154.52,76,289,2010-12,True,2.0,2.0,2.0,Hibernating
13790,2011-12-05 15:48:00,2011-12-05 15:48:00,1,748,348.8,United Kingdom,45,0.0,348.8,348.8,5,0,2011-12,True,5.0,1.0,2.0,New Customers
13791,2011-06-24 16:38:00,2011-08-04 11:44:00,2,1200,1516.0,United Kingdom,7,468.32,1047.68,758.0,128,41,2011-06,True,2.0,2.0,4.0,Hibernating
13792,2011-02-25 14:03:00,2011-10-04 14:31:00,2,92,195.55,United Kingdom,13,0.0,195.55,97.78,67,221,2011-02,True,3.0,2.0,1.0,About to Sleep
13798,2010-12-02 17:24:00,2011-12-08 15:51:00,57,23948,37153.85,United Kingdom,113,800.98,36352.87,651.82,2,371,2010-12,True,5.0,5.0,5.0,Champions
13799,2011-02-18 14:18:00,2011-08-15 12:07:00,2,402,688.86,United Kingdom,32,0.0,688.86,344.43,117,178,2011-02,True,2.0,2.0,3.0,Hibernating
13800,2011-02-03 12:27:00,2011-02-03 12:27:00,1,331,558.32,United Kingdom,33,0.0,558.32,558.32,310,0,2011-02,True,1.0,1.0,3.0,Hibernating
13801,2011-10-04 10:15:00,2011-10-04 10:15:00,1,168,324.8,United Kingdom,23,0.0,324.8,324.8,67,0,2011-10,True,3.0,1.0,2.0,About to Sleep
13802,2011-02-01 12:03:00,2011-07-24 10:54:00,3,2572,4599.42,United Kingdom,55,693.15,3906.27,1533.14,139,173,2011-02,True,2.0,3.0,5.0,At Risk
13803,2011-03-29 12:57:00,2011-03-29 12:57:00,1,121,277.07,United Kingdom,17,0.0,277.07,277.07,256,0,2011-03,True,1.0,1.0,2.0,Hibernating
13804,2011-02-23 09:09:00,2011-11-09 12:32:00,7,1462,2588.39,United Kingdom,124,0.0,2588.39,369.77,31,259,2011-02,True,4.0,5.0,5.0,Loyal Customers
13805,2011-08-02 15:29:00,2011-10-18 14:50:00,2,1900,924.6,United Kingdom,10,0.0,924.6,462.3,53,77,2011-08,True,3.0,2.0,4.0,About to Sleep
13806,2011-10-07 11:43:00,2011-10-07 11:43:00,1,56,256.38,United Kingdom,10,0.0,256.38,256.38,64,0,2011-10,True,3.0,1.0,2.0,About to Sleep
13807,2010-12-07 15:48:00,2010-12-07 15:48:00,1,36,112.6,United Kingdom,7,0.0,112.6,112.6,368,0,2010-12,True,1.0,1.0,1.0,Hibernating
13808,2011-09-04 12:07:00,2011-12-04 12:18:00,5,782,1747.66,United Kingdom,70,0.0,1747.66,349.53,6,91,2011-09,True,5.0,4.0,4.0,Champions
13809,2011-02-07 13:15:00,2011-02-07 13:15:00,1,29,155.05,Cyprus,11,0.0,155.05,155.05,306,0,2011-02,True,1.0,1.0,1.0,Hibernating
13810,2011-10-14 12:57:00,2011-11-11 08:33:00,2,307,827.51,Germany,30,0.0,827.51,413.76,29,28,2011-10,True,4.0,2.0,3.0,Potential Loyalists
13811,2011-04-14 18:40:00,2011-06-09 09:54:00,2,63,519.75,Germany,5,0.0,519.75,259.88,184,56,2011-04,True,1.0,2.0,3.0,Hibernating
13812,2011-08-26 12:54:00,2011-10-28 14:27:00,3,330,485.0,Germany,32,0.0,485.0,161.67,43,63,2011-08,True,3.0,3.0,3.0,Need Attention
13813,2011-07-28 10:33:00,2011-10-31 10:38:00,4,541,1168.86,Germany,53,13.45,1155.41,292.22,40,95,2011-07,True,3.0,4.0,4.0,Loyal Customers
13814,2011-07-25 13:54:00,2011-09-08 13:48:00,2,864,1579.12,Germany,37,17.0,1562.12,789.56,93,45,2011-07,True,2.0,2.0,4.0,Hibernating
13815,2011-01-25 12:16:00,2011-11-17 14:19:00,4,2540,3667.36,Germany,131,12.45,3654.91,916.84,23,296,2011-01,True,4.0,4.0,5.0,Loyal Customers
13816,2011-10-06 14:37:00,2011-11-16 08:38:00,2,265,499.67,Germany,24,16.63,483.04,249.84,24,41,2011-10,True,4.0,2.0,3.0,Potential Loyalists
13817,2010-12-23 11:46:00,2011-11-10 17:49:00,2,208,328.98,Germany,19,0.0,328.98,164.49,30,322,2010-12,True,4.0,2.0,2.0,Potential Loyalists
13819,2011-01-24 10:38:00,2011-02-11 10:38:00,3,1109,1140.35,United Kingdom,26,0.0,1140.35,380.12,302,18,2011-01,True,1.0,3.0,4.0,At Risk
13821,2011-03-23 11:30:00,2011-07-18 09:49:00,2,153,385.64,United Kingdom,51,0.0,385.64,192.82,145,117,2011-03,True,2.0,2.0,2.0,Hibernating
13822,2011-10-30 15:55:00,2011-12-04 12:13:00,2,611,632.0,United Kingdom,90,0.0,632.0,316.0,6,35,2011-10,True,5.0,2.0,3.0,Potential Loyalists
13823,2011-09-09 10:42:00,2011-11-21 10:22:00,2,439,957.66,United Kingdom,39,0.0,957.66,478.83,19,73,2011-09,True,4.0,2.0,4.0,Potential Loyalists
13824,2011-02-02 13:07:00,2011-11-07 12:41:00,5,768,1698.94,United Kingdom,34,0.0,1698.94,339.79,33,278,2011-02,True,4.0,4.0,4.0,Loyal Customers
13826,2011-06-16 13:48:00,2011-06-16 13:48:00,1,82,189.5,United Kingdom,10,9.95,179.55,189.5,177,0,2011-06,True,2.0,1.0,1.0,Hibernating
13827,2011-07-19 15:38:00,2011-10-13 12:38:00,3,138,409.8,United Kingdom,83,0.0,409.8,136.6,58,86,2011-07,True,3.0,3.0,2.0,Need Attention
13828,2011-11-17 16:02:00,2011-11-17 16:02:00,1,311,209.49,United Kingdom,15,0.0,209.49,209.49,23,0,2011-11,True,4.0,1.0,1.0,Promising
13831,2010-12-05 12:13:00,2011-11-23 15:41:00,6,743,2198.45,United Kingdom,58,0.0,2198.45,366.41,17,353,2010-12,True,4.0,5.0,5.0,Loyal Customers
13832,2011-11-20 15:36:00,2011-11-20 15:36:00,1,28,52.2,United Kingdom,3,11.25,40.95,52.2,20,0,2011-11,True,4.0,1.0,1.0,Promising
13833,2011-07-03 13:27:00,2011-07-03 13:27:00,1,117,383.85,United Kingdom,28,0.0,383.85,383.85,160,0,2011-07,True,2.0,1.0,2.0,Hibernating
13835,2011-05-08 15:22:00,2011-11-14 15:37:00,4,442,834.57,United Kingdom,48,0.0,834.57,208.64,26,190,2011-05,True,4.0,4.0,3.0,Loyal Customers
13837,2011-01-26 12:15:00,2011-05-12 12:10:00,2,182,266.59,United Kingdom,17,0.0,266.59,133.29,212,106,2011-01,True,1.0,2.0,2.0,Hibernating
13838,2010-12-05 10:45:00,2011-12-04 11:00:00,4,254,674.82,United Kingdom,144,0.0,674.82,168.7,6,364,2010-12,True,5.0,4.0,3.0,Champions
13841,2011-04-01 12:10:00,2011-04-01 12:10:00,1,100,85.0,United Kingdom,1,0.0,85.0,85.0,253,0,2011-04,True,1.0,1.0,1.0,Hibernating
13842,2010-12-08 10:39:00,2011-10-12 10:51:00,9,1768,3385.62,United Kingdom,155,0.0,3385.62,376.18,59,308,2010-12,True,3.0,5.0,5.0,Loyal Customers
13844,2011-11-28 13:21:00,2011-11-28 13:21:00,1,196,361.62,United Kingdom,20,0.0,361.62,361.62,12,0,2011-11,True,5.0,1.0,2.0,New Customers
13845,2011-10-06 08:25:00,2011-10-06 08:25:00,1,182,312.98,United Kingdom,9,0.0,312.98,312.98,65,0,2011-10,True,3.0,1.0,2.0,About to Sleep
13846,2010-12-14 16:07:00,2011-11-15 12:07:00,3,388,865.06,United Kingdom,55,17.45,847.61,288.35,25,336,2010-12,True,4.0,3.0,3.0,Potential Loyalists
13848,2010-12-08 15:10:00,2011-09-08 12:58:00,3,3700,1255.0,United Kingdom,3,0.0,1255.0,418.33,93,274,2010-12,True,2.0,3.0,4.0,At Risk
13849,2011-06-22 10:11:00,2011-10-19 10:59:00,2,1016,1537.95,United Kingdom,97,0.0,1537.95,768.98,52,119,2011-06,True,3.0,2.0,4.0,About to Sleep
13850,2011-08-02 14:04:00,2011-08-02 14:04:00,1,944,1595.48,United Kingdom,93,8.67,1586.81,1595.48,130,0,2011-08,True,2.0,1.0,4.0,Hibernating
13851,2011-02-24 17:18:00,2011-09-05 12:36:00,3,1705,2651.46,United Kingdom,77,0.0,2651.46,883.82,96,193,2011-02,True,2.0,3.0,5.0,At Risk
13853,2011-10-13 14:18:00,2011-10-13 14:18:00,1,312,1090.14,United Kingdom,23,33.2,1056.94,1090.14,58,0,2011-10,True,3.0,1.0,4.0,About to Sleep
13854,2010-12-09 10:48:00,2011-12-01 09:06:00,25,2296,8109.52,United Kingdom,39,84.5,8025.02,324.38,9,357,2010-12,True,5.0,5.0,5.0,Champions
13856,2011-05-20 13:13:00,2011-06-24 10:03:00,3,494,388.5,United Kingdom,10,25.1,363.4,129.5,169,35,2011-05,True,2.0,3.0,2.0,At Risk
13858,2011-10-13 16:17:00,2011-10-13 16:17:00,1,75,216.17,United Kingdom,11,0.0,216.17,216.17,58,0,2011-10,True,3.0,1.0,1.0,About to Sleep
13859,2011-01-17 16:14:00,2011-01-17 16:14:00,1,129,201.16,United Kingdom,27,0.0,201.16,201.16,327,0,2011-01,True,1.0,1.0,1.0,Hibernating
13860,2011-09-14 09:27:00,2011-12-08 12:57:00,5,591,1245.9,United Kingdom,58,5.9,1240.0,249.18,2,85,2011-09,True,5.0,4.0,4.0,Champions
13862,2011-01-11 15:13:00,2011-11-21 16:24:00,8,1688,2209.36,United Kingdom,97,22.05,2187.31,276.17,19,314,2011-01,True,4.0,5.0,5.0,Loyal Customers
13863,2011-04-06 10:20:00,2011-04-06 10:20:00,1,224,305.78,United Kingdom,20,6.22,299.56,305.78,248,0,2011-04,True,1.0,1.0,2.0,Hibernating
13865,2011-02-23 12:04:00,2011-10-12 13:31:00,4,204,501.56,United Kingdom,26,0.0,501.56,125.39,59,231,2011-02,True,3.0,4.0,3.0,Loyal Customers
13866,2011-09-26 14:54:00,2011-09-26 14:54:00,1,57,145.67,United Kingdom,7,0.0,145.67,145.67,75,0,2011-09,True,2.0,1.0,1.0,Hibernating
13867,2011-05-05 17:28:00,2011-11-08 15:48:00,3,501,1005.09,United Kingdom,51,0.0,1005.09,335.03,32,187,2011-05,True,4.0,3.0,4.0,Potential Loyalists
13868,2011-11-01 12:45:00,2011-12-02 16:32:00,2,1964,3192.54,United Kingdom,32,0.0,3192.54,1596.27,8,31,2011-11,True,5.0,2.0,5.0,Potential Loyalists
13869,2010-12-17 15:14:00,2011-08-08 13:53:00,4,1709,3083.65,United Kingdom,234,0.0,3083.65,770.91,124,234,2010-12,True,2.0,4.0,5.0,At Risk
13870,2011-02-25 09:09:00,2011-12-07 13:23:00,8,1325,2770.94,United Kingdom,91,19.69,2751.25,346.37,3,285,2011-02,True,5.0,5.0,5.0,Champions
13871,2011-02-04 09:30:00,2011-11-17 10:49:00,13,2806,6403.25,United Kingdom,155,13.45,6389.8,492.56,23,286,2011-02,True,4.0,5.0,5.0,Loyal Customers
13873,2011-02-03 09:37:00,2011-08-12 10:08:00,3,140,389.6,United Kingdom,21,7.9,381.7,129.87,120,190,2011-02,True,2.0,3.0,2.0,At Risk
13874,2010-12-16 18:20:00,2010-12-16 18:20:00,1,180,540.45,United Kingdom,18,0.0,540.45,540.45,359,0,2010-12,True,1.0,1.0,3.0,Hibernating
13875,2011-02-11 15:39:00,2011-10-17 09:36:00,5,1316,1786.79,United Kingdom,79,0.0,1786.79,357.36,54,248,2011-02,True,3.0,4.0,4.0,Loyal Customers
13876,2011-10-07 10:22:00,2011-10-07 10:22:00,1,36,122.7,United Kingdom,7,0.0,122.7,122.7,64,0,2011-10,True,3.0,1.0,1.0,About to Sleep
13877,2011-09-14 15:49:00,2011-09-14 15:49:00,1,108,117.24,United Kingdom,3,0.0,117.24,117.24,87,0,2011-09,True,2.0,1.0,1.0,Hibernating
13878,2011-10-16 12:19:00,2011-10-16 12:19:00,1,463,1271.57,United Kingdom,35,0.0,1271.57,1271.57,55,0,2011-10,True,3.0,1.0,4.0,About to Sleep
13880,2010-12-07 14:00:00,2011-11-18 13:44:00,13,1842,3219.77,United Kingdom,125,0.0,3219.77,247.67,22,346,2010-12,True,4.0,5.0,5.0,Loyal Customers
13881,2011-02-01 10:14:00,2011-12-06 12:50:00,20,10118,17159.52,United Kingdom,72,170.0,16989.52,857.98,4,308,2011-02,True,5.0,5.0,5.0,Champions
13882,2011-10-06 15:28:00,2011-12-07 11:16:00,5,953,1191.13,United Kingdom,54,59.85,1131.28,238.23,3,62,2011-10,True,5.0,4.0,4.0,Champions
13883,2011-03-31 17:17:00,2011-11-29 10:45:00,5,1436,2674.48,United Kingdom,108,132.23,2542.25,534.9,11,243,2011-03,True,5.0,4.0,5.0,Champions
13884,2011-03-01 13:40:00,2011-12-02 16:30:00,5,300,787.6,United Kingdom,45,6.3,781.3,157.52,8,276,2011-03,True,5.0,4.0,3.0,Champions
13885,2011-05-23 08:52:00,2011-06-03 15:07:00,2,182,506.8,United Kingdom,28,0.0,506.8,253.4,190,11,2011-05,True,1.0,2.0,3.0,Hibernating
13886,2011-09-29 13:17:00,2011-09-29 13:17:00,1,126,243.56,United Kingdom,16,0.0,243.56,243.56,72,0,2011-09,True,3.0,1.0,2.0,About to Sleep
13887,2011-05-19 17:22:00,2011-05-19 17:22:00,1,147,349.55,United Kingdom,19,0.0,349.55,349.55,205,0,2011-05,True,1.0,1.0,2.0,Hibernating
13888,2011-05-05 14:41:00,2011-08-12 10:13:00,2,254,595.67,United Kingdom,38,0.0,595.67,297.83,120,99,2011-05,True,2.0,2.0,3.0,Hibernating
13889,2011-09-08 09:13:00,2011-09-08 09:13:00,1,146,416.9,United Kingdom,15,0.0,416.9,416.9,93,0,2011-09,True,2.0,1.0,2.0,Hibernating
13890,2010-12-16 09:31:00,2011-12-08 15:36:00,10,831,1883.81,United Kingdom,74,22.95,1860.86,188.38,2,357,2010-12,True,5.0,5.0,4.0,Champions
13892,2011-04-07 12:04:00,2011-11-13 11:50:00,4,983,632.97,United Kingdom,26,0.0,632.97,158.24,27,220,2011-04,True,4.0,4.0,3.0,Loyal Customers
13893,2011-02-15 11:30:00,2011-02-15 11:30:00,1,190,821.1,United Kingdom,21,0.0,821.1,821.1,298,0,2011-02,True,1.0,1.0,3.0,Hibernating
13894,2011-02-02 12:54:00,2011-11-16 09:44:00,3,354,564.62,United Kingdom,25,28.65,535.97,188.21,24,287,2011-02,True,4.0,3.0,3.0,Potential Loyalists
13895,2011-06-28 10:17:00,2011-11-11 16:57:00,4,1365,2593.07,United Kingdom,97,4.95,2588.12,648.27,29,136,2011-06,True,4.0,4.0,5.0,Loyal Customers
13897,2011-10-20 14:30:00,2011-10-20 14:30:00,1,200,311.16,United Kingdom,17,0.0,311.16,311.16,51,0,2011-10,True,3.0,1.0,2.0,About to Sleep
13898,2011-01-18 10:28:00,2011-01-18 10:28:00,1,133,155.93,United Kingdom,12,0.0,155.93,155.93,326,0,2011-01,True,1.0,1.0,1.0,Hibernating
13899,2011-03-10 09:30:00,2011-11-23 13:40:00,2,156,388.52,United Kingdom,19,0.0,388.52,194.26,17,258,2011-03,True,4.0,2.0,2.0,Potential Loyalists
13900,2011-03-22 10:13:00,2011-06-09 19:26:00,3,430,740.95,United Kingdom,42,0.0,740.95,246.98,184,79,2011-03,True,1.0,3.0,3.0,At Risk
13901,2011-01-25 09:01:00,2011-09-28 14:48:00,5,1739,2867.2,United Kingdom,144,0.0,2867.2,573.44,73,246,2011-01,True,2.0,4.0,5.0,At Risk
13904,2011-02-18 11:18:00,2011-11-02 13:41:00,2,332,332.64,United Kingdom,24,0.0,332.64,166.32,38,257,2011-02,True,3.0,2.0,2.0,About to Sleep
13908,2011-03-08 12:04:00,2011-09-21 11:49:00,4,1477,2319.55,United Kingdom,103,22.5,2297.05,579.89,80,197,2011-03,True,2.0,4.0,5.0,At Risk
13911,2011-02-04 14:46:00,2011-10-13 15:43:00,9,2731,2580.91,United Kingdom,120,0.0,2580.91,286.77,58,251,2011-02,True,3.0,5.0,5.0,Loyal Customers
13914,2011-11-03 16:28:00,2011-11-28 10:35:00,2,380,626.45,United Kingdom,28,12.5,613.95,313.23,12,25,2011-11,True,5.0,2.0,3.0,Potential Loyalists
13917,2011-06-01 12:46:00,2011-10-21 09:56:00,2,228,272.04,United Kingdom,16,0.0,272.04,136.02,50,142,2011-06,True,3.0,2.0,2.0,About to Sleep
13918,2011-03-31 18:05:00,2011-10-21 12:25:00,2,1140,1212.84,United Kingdom,30,0.0,1212.84,606.42,50,204,2011-03,True,3.0,2.0,4.0,About to Sleep
13919,2011-08-10 10:15:00,2011-10-11 14:24:00,2,472,348.81,Denmark,23,34.65,314.16,174.4,60,62,2011-08,True,3.0,2.0,2.0,About to Sleep
13922,2010-12-23 10:38:00,2010-12-23 10:38:00,1,93,172.25,United Kingdom,7,0.0,172.25,172.25,352,0,2010-12,True,1.0,1.0,1.0,Hibernating
13923,2011-10-17 12:33:00,2011-10-17 12:33:00,1,185,351.13,United Kingdom,20,0.0,351.13,351.13,54,0,2011-10,True,3.0,1.0,2.0,About to Sleep
13924,2011-09-28 15:07:00,2011-12-08 09:39:00,6,1575,1838.85,United Kingdom,90,156.77,1682.08,306.47,2,71,2011-09,True,5.0,5.0,4.0,Champions
13925,2011-07-28 12:09:00,2011-09-08 12:47:00,4,331,678.25,United Kingdom,28,61.6,616.65,169.56,93,42,2011-07,True,2.0,4.0,3.0,At Risk
13926,2011-11-16 13:16:00,2011-11-16 13:16:00,1,104,223.85,United Kingdom,11,0.0,223.85,223.85,24,0,2011-11,True,4.0,1.0,1.0,Promising
13927,2011-09-26 12:00:00,2011-09-26 12:00:00,1,214,348.99,United Kingdom,21,0.0,348.99,348.99,75,0,2011-09,True,2.0,1.0,2.0,Hibernating
13928,2011-07-29 15:59:00,2011-11-29 10:33:00,4,129,464.57,United Kingdom,23,0.0,464.57,116.14,11,123,2011-07,True,5.0,4.0,2.0,Champions
13929,2011-01-17 15:11:00,2011-06-23 15:26:00,2,143,842.65,United Kingdom,8,39.8,802.85,421.32,170,157,2011-01,True,2.0,2.0,3.0,Hibernating
13930,2011-07-26 11:00:00,2011-10-13 09:45:00,2,274,337.34,United Kingdom,15,0.0,337.34,168.67,58,79,2011-07,True,3.0,2.0,2.0,About to Sleep
13931,2011-03-04 08:43:00,2011-09-05 10:12:00,2,725,1237.53,United Kingdom,56,6.6,1230.93,618.76,96,185,2011-03,True,2.0,2.0,4.0,Hibernating
13932,2011-02-18 12:02:00,2011-02-18 12:02:00,1,72,307.4,United Kingdom,16,0.0,307.4,307.4,295,0,2011-02,True,1.0,1.0,2.0,Hibernating
13933,2011-07-14 13:35:00,2011-08-22 14:03:00,2,205,608.79,United Kingdom,23,0.0,608.79,304.4,110,39,2011-07,True,2.0,2.0,3.0,Hibernating
13934,2011-03-21 08:39:00,2011-03-21 08:39:00,1,390,922.1,United Kingdom,31,0.0,922.1,922.1,264,0,2011-03,True,1.0,1.0,4.0,Hibernating
13936,2011-06-13 08:47:00,2011-06-13 08:47:00,1,330,376.58,United Kingdom,26,15.3,361.28,376.58,180,0,2011-06,True,1.0,1.0,2.0,Hibernating
13937,2011-06-23 16:35:00,2011-06-23 16:35:00,1,123,158.85,United Kingdom,9,0.0,158.85,158.85,170,0,2011-06,True,2.0,1.0,1.0,Hibernating
13938,2011-11-04 14:37:00,2011-11-04 14:37:00,1,70,71.66,United Kingdom,7,0.0,71.66,71.66,36,0,2011-11,True,3.0,1.0,1.0,About to Sleep
13939,2011-02-01 11:30:00,2011-11-16 13:33:00,3,847,568.55,United Kingdom,43,11.8,556.75,189.52,24,288,2011-02,True,4.0,3.0,3.0,Potential Loyalists
13940,2011-07-18 16:05:00,2011-11-22 15:15:00,4,516,839.14,United Kingdom,39,0.0,839.14,209.78,18,127,2011-07,True,4.0,4.0,3.0,Loyal Customers
13941,2010-12-02 10:17:00,2011-11-18 09:43:00,5,2364,5112.96,United Kingdom,24,200.55,4912.41,1022.59,22,351,2010-12,True,4.0,4.0,5.0,Loyal Customers
13946,2011-03-17 10:02:00,2011-09-21 13:33:00,3,443,561.57,United Kingdom,11,0.0,561.57,187.19,80,188,2011-03,True,2.0,3.0,3.0,At Risk
13947,2011-10-05 14:42:00,2011-10-05 14:42:00,1,44,90.6,United Kingdom,5,0.0,90.6,90.6,66,0,2011-10,True,3.0,1.0,1.0,About to Sleep
13948,2010-12-14 10:18:00,2010-12-14 10:18:00,1,40,102.0,United Kingdom,3,0.0,102.0,102.0,361,0,2010-12,True,1.0,1.0,1.0,Hibernating
13949,2011-09-06 11:55:00,2011-12-07 09:35:00,6,2474,2427.32,United Kingdom,124,0.0,2427.32,404.55,3,92,2011-09,True,5.0,5.0,5.0,Champions
13950,2011-04-07 11:29:00,2011-11-28 14:44:00,4,323,745.06,United Kingdom,33,16.5,728.56,186.26,12,235,2011-04,True,5.0,4.0,3.0,Champions
13951,2011-02-18 15:21:00,2011-06-16 16:43:00,3,459,674.45,United Kingdom,38,0.0,674.45,224.82,177,118,2011-02,True,2.0,3.0,3.0,At Risk
13952,2011-04-15 09:27:00,2011-05-06 09:00:00,2,1430,3251.07,United Kingdom,119,4.98,3246.09,1625.54,218,21,2011-04,True,1.0,2.0,5.0,Hibernating
13953,2010-12-22 10:29:00,2011-12-02 16:04:00,7,2724,3515.68,United Kingdom,8,0.0,3515.68,502.24,8,345,2010-12,True,5.0,5.0,5.0,Champions
13954,2011-09-30 10:52:00,2011-12-08 12:50:00,2,150,439.92,United Kingdom,24,61.33,378.59,219.96,2,69,2011-09,True,5.0,2.0,2.0,Potential Loyalists
13955,2011-02-07 12:24:00,2011-07-08 17:19:00,2,154,322.96,United Kingdom,33,0.0,322.96,161.48,155,151,2011-02,True,2.0,2.0,2.0,Hibernating
13956,2011-03-13 12:51:00,2011-12-04 13:20:00,5,486,1019.27,United Kingdom,123,0.0,1019.27,203.85,6,266,2011-03,True,5.0,4.0,4.0,Champions
13959,2010-12-12 13:56:00,2011-09-21 15:06:00,3,355,594.04,United Kingdom,79,0.0,594.04,198.01,80,283,2010-12,True,2.0,3.0,3.0,At Risk
13960,2011-09-29 12:39:00,2011-11-18 15:27:00,2,142,230.22,United Kingdom,11,0.0,230.22,115.11,22,50,2011-09,True,4.0,2.0,1.0,Potential Loyalists
13962,2011-04-08 11:21:00,2011-11-18 08:47:00,2,87,169.55,United Kingdom,11,0.0,169.55,84.78,22,224,2011-04,True,4.0,2.0,1.0,Potential Loyalists
13963,2010-12-07 09:21:00,2011-02-04 14:43:00,4,460,664.54,United Kingdom,35,0.0,664.54,166.14,309,59,2010-12,True,1.0,4.0,3.0,At Risk
13967,2011-07-17 12:02:00,2011-07-17 12:02:00,1,42,80.7,United Kingdom,2,0.0,80.7,80.7,146,0,2011-07,True,2.0,1.0,1.0,Hibernating
13969,2010-12-09 19:32:00,2011-12-02 15:11:00,18,4528,9024.17,United Kingdom,334,67.25,8956.92,501.34,8,358,2010-12,True,5.0,5.0,5.0,Champions
13971,2011-02-27 12:27:00,2011-11-21 12:06:00,8,1844,2758.26,United Kingdom,118,56.04,2702.22,344.78,19,267,2011-02,True,4.0,5.0,5.0,Loyal Customers
13972,2011-05-22 11:34:00,2011-09-30 11:54:00,2,187,190.25,United Kingdom,15,0.0,190.25,95.12,71,131,2011-05,True,3.0,2.0,1.0,About to Sleep
13973,2011-02-25 15:21:00,2011-02-25 15:21:00,1,109,264.7,United Kingdom,11,0.0,264.7,264.7,288,0,2011-02,True,1.0,1.0,2.0,Hibernating
13974,2011-10-21 14:41:00,2011-10-21 14:41:00,1,249,413.59,United Kingdom,28,0.0,413.59,413.59,50,0,2011-10,True,3.0,1.0,2.0,About to Sleep
13975,2011-03-08 12:19:00,2011-11-08 13:19:00,6,1697,2461.24,United Kingdom,240,23.05,2438.19,410.21,32,245,2011-03,True,4.0,5.0,5.0,Loyal Customers
13976,2011-05-17 09:13:00,2011-05-17 09:13:00,1,154,357.98,United Kingdom,10,0.0,357.98,357.98,207,0,2011-05,True,1.0,1.0,2.0,Hibernating
13978,2011-10-25 15:04:00,2011-11-25 11:36:00,2,315,196.79,United Kingdom,14,0.0,196.79,98.4,15,31,2011-10,True,4.0,2.0,1.0,Potential Loyalists
13979,2011-09-27 13:32:00,2011-09-27 13:32:00,1,639,869.87,United Kingdom,54,0.0,869.87,869.87,74,0,2011-09,True,2.0,1.0,3.0,Hibernating
13980,2011-10-10 13:34:00,2011-10-10 13:34:00,1,172,200.14,United Kingdom,11,0.0,200.14,200.14,61,0,2011-10,True,3.0,1.0,1.0,About to Sleep
13982,2010-12-09 13:57:00,2011-10-31 16:24:00,4,1136,1871.81,United Kingdom,72,10.7,1861.11,467.95,40,326,2010-12,True,3.0,4.0,4.0,Loyal Customers
13983,2010-12-08 10:38:00,2011-11-10 11:06:00,12,1183,2603.43,United Kingdom,91,12.97,2590.46,216.95,30,337,2010-12,True,4.0,5.0,5.0,Loyal Customers
13984,2010-12-08 15:58:00,2011-11-13 12:38:00,5,679,920.51,United Kingdom,14,432.48,488.03,184.1,27,340,2010-12,True,4.0,4.0,3.0,Loyal Customers
13985,2011-03-20 13:48:00,2011-12-05 17:06:00,15,3445,7060.13,United Kingdom,108,35.6,7024.53,470.68,5,260,2011-03,True,5.0,5.0,5.0,Champions
13986,2011-11-22 15:00:00,2011-11-22 15:00:00,1,430,320.46,United Kingdom,12,0.0,320.46,320.46,18,0,2011-11,True,4.0,1.0,2.0,Promising
13988,2011-03-30 11:48:00,2011-11-20 10:15:00,6,3044,4147.96,United Kingdom,188,49.16,4098.8,691.33,20,235,2011-03,True,4.0,5.0,5.0,Loyal Customers
13989,2011-04-14 15:39:00,2011-10-05 09:47:00,2,1313,1266.08,United Kingdom,33,0.0,1266.08,633.04,66,174,2011-04,True,3.0,2.0,4.0,About to Sleep
13990,2011-05-10 15:19:00,2011-05-10 15:19:00,1,190,311.3,United Kingdom,16,0.0,311.3,311.3,214,0,2011-05,True,1.0,1.0,2.0,Hibernating
13991,2011-07-19 12:58:00,2011-11-27 16:18:00,6,994,851.88,United Kingdom,57,5.34,846.54,141.98,13,131,2011-07,True,5.0,5.0,3.0,Champions
13992,2011-11-09 15:23:00,2011-11-09 15:23:00,1,64,76.8,United Kingdom,5,0.0,76.8,76.8,31,0,2011-11,True,4.0,1.0,1.0,Promising
13993,2011-01-13 10:43:00,2011-10-28 09:06:00,9,900,3466.36,United Kingdom,66,56.7,3409.66,385.15,43,288,2011-01,True,3.0,5.0,5.0,Loyal Customers
13994,2011-07-14 18:28:00,2011-12-06 11:05:00,6,932,2274.14,United Kingdom,122,0.0,2274.14,379.02,4,145,2011-07,True,5.0,5.0,5.0,Champions
13995,2011-04-08 08:20:00,2011-11-24 14:22:00,5,879,1393.69,United Kingdom,55,10.2,1383.49,278.74,16,230,2011-04,True,4.0,4.0,4.0,Loyal Customers
13999,2010-12-13 11:23:00,2011-11-29 13:40:00,12,2243,3901.81,United Kingdom,102,36.55,3865.26,325.15,11,351,2010-12,True,5.0,5.0,5.0,Champions
14000,2011-05-12 16:50:00,2011-05-12 16:50:00,1,710,635.66,United Kingdom,15,1.95,633.71,635.66,212,0,2011-05,True,1.0,1.0,3.0,Hibernating
14001,2010-12-01 12:58:00,2011-10-25 10:31:00,3,962,2043.08,United Kingdom,34,0.0,2043.08,681.03,46,328,2010-12,True,3.0,3.0,5.0,Need Attention
14002,2011-07-06 14:59:00,2011-07-28 15:55:00,2,877,529.73,United Kingdom,47,0.0,529.73,264.86,135,22,2011-07,True,2.0,2.0,3.0,Hibernating
14004,2011-02-24 09:28:00,2011-10-27 14:40:00,7,2668,4582.64,United Kingdom,102,0.0,4582.64,654.66,44,245,2011-02,True,3.0,5.0,5.0,Loyal Customers
14005,2011-05-08 10:33:00,2011-11-30 12:41:00,5,2478,2874.72,United Kingdom,53,0.0,2874.72,574.94,10,206,2011-05,True,5.0,4.0,5.0,Champions
14006,2011-01-31 15:11:00,2011-08-16 09:39:00,3,641,962.19,United Kingdom,22,0.0,962.19,320.73,116,197,2011-01,True,2.0,3.0,4.0,At Risk
14009,2011-05-18 13:00:00,2011-05-25 15:47:00,2,365,695.61,United Kingdom,42,9.68,685.93,347.8,199,7,2011-05,True,1.0,2.0,3.0,Hibernating
14012,2011-03-07 12:26:00,2011-03-07 12:26:00,1,160,328.8,United Kingdom,11,0.0,328.8,328.8,278,0,2011-03,True,1.0,1.0,2.0,Hibernating
14013,2011-03-09 08:59:00,2011-08-21 15:01:00,3,462,473.02,United Kingdom,30,0.0,473.02,157.67,111,165,2011-03,True,2.0,3.0,3.0,At Risk
14014,2011-09-23 13:18:00,2011-09-23 13:18:00,1,1076,505.18,United Kingdom,39,0.0,505.18,505.18,78,0,2011-09,True,2.0,1.0,3.0,Hibernating
14015,2011-10-18 10:02:00,2011-10-18 10:02:00,1,378,917.34,United Kingdom,20,0.0,917.34,917.34,53,0,2011-10,True,3.0,1.0,4.0,About to Sleep
14016,2010-12-17 14:21:00,2011-07-01 11:29:00,4,2124,4291.21,EIRE,153,12.75,4278.46,1072.8,162,196,2010-12,True,2.0,4.0,5.0,At Risk
14019,2011-07-24 15:39:00,2011-10-24 10:13:00,3,1037,1421.61,United Kingdom,37,22.65,1398.96,473.87,47,92,2011-07,True,3.0,3.0,4.0,Need Attention
14020,2011-09-12 15:32:00,2011-11-23 09:22:00,2,441,642.8,United Kingdom,37,0.0,642.8,321.4,17,72,2011-09,True,4.0,2.0,3.0,Potential Loyalists
14021,2011-03-28 15:10:00,2011-07-07 15:46:00,3,192,631.9,United Kingdom,22,0.0,631.9,210.63,156,101,2011-03,True,2.0,3.0,3.0,At Risk
14022,2011-04-28 14:39:00,2011-04-28 14:39:00,1,487,440.0,United Kingdom,28,0.0,440.0,440.0,226,0,2011-04,True,1.0,1.0,2.0,Hibernating
14023,2011-04-03 15:50:00,2011-12-02 13:58:00,2,345,584.07,United Kingdom,30,0.0,584.07,292.03,8,243,2011-04,True,5.0,2.0,3.0,Potential Loyalists
14024,2011-08-07 13:31:00,2011-08-10 11:30:00,2,150,327.7,United Kingdom,16,0.0,327.7,163.85,122,3,2011-08,True,2.0,2.0,2.0,Hibernating
14027,2011-10-10 09:01:00,2011-10-10 09:01:00,1,62,104.82,United Kingdom,6,0.0,104.82,104.82,61,0,2011-10,True,3.0,1.0,1.0,About to Sleep
14029,2011-07-18 16:57:00,2011-10-07 14:46:00,2,198,467.66,United Kingdom,15,0.0,467.66,233.83,64,81,2011-07,True,3.0,2.0,2.0,About to Sleep
14030,2010-12-08 16:11:00,2011-11-21 16:48:00,8,1478,2358.84,United Kingdom,210,0.0,2358.84,294.86,19,348,2010-12,True,4.0,5.0,5.0,Loyal Customers
14031,2010-12-02 16:34:00,2011-12-02 17:13:00,19,5788,17286.86,United Kingdom,119,2587.95,14698.91,909.83,8,365,2010-12,True,5.0,5.0,5.0,Champions
14032,2010-12-08 10:53:00,2011-12-07 15:23:00,11,2032,2975.59,United Kingdom,53,45.75,2929.84,270.51,3,364,2010-12,True,5.0,5.0,5.0,Champions
14034,2011-07-05 13:06:00,2011-11-17 14:02:00,3,420,648.89,United Kingdom,82,139.8,509.09,216.3,23,135,2011-07,True,4.0,3.0,3.0,Potential Loyalists
14035,2011-02-15 12:48:00,2011-11-11 10:03:00,5,739,1428.02,United Kingdom,41,0.0,1428.02,285.6,29,269,2011-02,True,4.0,4.0,4.0,Loyal Customers
14036,2011-02-28 09:26:00,2011-02-28 09:26:00,1,268,626.65,United Kingdom,38,0.0,626.65,626.65,285,0,2011-02,True,1.0,1.0,3.0,Hibernating
14037,2010-12-10 11:39:00,2011-06-16 13:57:00,2,46,147.2,United Kingdom,27,0.0,147.2,73.6,177,188,2010-12,True,2.0,2.0,1.0,Hibernating
14038,2011-05-16 14:05:00,2011-09-22 13:37:00,3,965,1560.38,United Kingdom,64,5.9,1554.48,520.13,79,129,2011-05,True,2.0,3.0,4.0,At Risk
14039,2011-11-06 13:48:00,2011-11-06 13:48:00,1,92,152.2,United Kingdom,6,0.0,152.2,152.2,34,0,2011-11,True,3.0,1.0,1.0,About to Sleep
14040,2011-01-12 14:57:00,2011-10-30 12:42:00,12,1544,3560.32,United Kingdom,146,68.68,3491.64,296.69,41,291,2011-01,True,3.0,5.0,5.0,Loyal Customers
14041,2011-03-18 13:25:00,2011-03-18 13:25:00,1,94,141.41,United Kingdom,21,0.0,141.41,141.41,267,0,2011-03,True,1.0,1.0,1.0,Hibernating
14044,2011-02-03 11:39:00,2011-11-13 12:05:00,4,304,646.42,United Kingdom,165,0.0,646.42,161.6,27,283,2011-02,True,4.0,4.0,3.0,Loyal Customers
14045,2010-12-01 11:32:00,2011-08-22 15:27:00,4,535,1659.75,United Kingdom,4,0.0,1659.75,414.94,110,264,2010-12,True,2.0,4.0,4.0,At Risk
14046,2011-02-28 14:48:00,2011-02-28 14:48:00,1,443,151.59,United Kingdom,13,0.0,151.59,151.59,285,0,2011-02,True,1.0,1.0,1.0,Hibernating
14047,2010-12-02 10:09:00,2011-12-01 11:43:00,5,381,1308.61,United Kingdom,22,18.6,1290.01,261.72,9,364,2010-12,True,5.0,4.0,4.0,Champions
14048,2011-02-07 14:53:00,2011-02-07 14:53:00,1,288,409.93,United Kingdom,83,34.8,375.13,409.93,306,0,2011-02,True,1.0,1.0,2.0,Hibernating
14049,2011-01-26 11:27:00,2011-11-23 12:20:00,4,3808,5578.72,United Kingdom,348,42.57,5536.15,1394.68,17,301,2011-01,True,4.0,4.0,5.0,Loyal Customers
14050,2011-08-25 13:46:00,2011-11-08 10:00:00,2,689,746.36,United Kingdom,49,0.0,746.36,373.18,32,75,2011-08,True,4.0,2.0,3.0,Potential Loyalists
14051,2010-12-08 12:49:00,2011-12-09 10:20:00,23,3756,15610.39,United Kingdom,52,133.05,15477.34,678.71,1,366,2010-12,True,5.0,5.0,5.0,Champions
14052,2011-11-20 12:30:00,2011-11-20 12:30:00,1,89,225.36,United Kingdom,56,0.0,225.36,225.36,20,0,2011-11,True,4.0,1.0,1.0,Promising
14053,2011-07-03 12:21:00,2011-08-07 14:27:00,2,215,260.25,United Kingdom,2,0.0,260.25,130.12,125,35,2011-07,True,2.0,2.0,2.0,Hibernating
14054,2011-10-05 15:49:00,2011-10-05 15:49:00,1,62,92.46,United Kingdom,6,0.0,92.46,92.46,66,0,2011-10,True,3.0,1.0,1.0,About to Sleep
14055,2011-08-25 15:04:00,2011-08-25 15:04:00,1,216,725.64,United Kingdom,10,0.0,725.64,725.64,107,0,2011-08,True,2.0,1.0,3.0,Hibernating
14056,2011-02-28 15:19:00,2011-12-08 13:36:00,23,4252,8152.71,United Kingdom,320,89.41,8063.3,354.47,2,283,2011-02,True,5.0,5.0,5.0,Champions
14057,2010-12-14 12:11:00,2011-11-16 10:32:00,17,4873,6211.66,United Kingdom,179,70.56,6141.1,365.39,24,337,2010-12,True,4.0,5.0,5.0,Loyal Customers
14059,2011-03-18 10:06:00,2011-03-18 10:06:00,1,128,183.6,United Kingdom,8,0.0,183.6,183.6,267,0,2011-03,True,1.0,1.0,1.0,Hibernating
14060,2010-12-02 12:11:00,2011-12-05 12:29:00,19,5386,6140.42,United Kingdom,86,5.04,6135.38,323.18,5,368,2010-12,True,5.0,5.0,5.0,Champions
14062,2010-12-10 15:56:00,2011-11-30 10:04:00,12,5593,10464.85,United Kingdom,60,0.0,10464.85,872.07,10,355,2010-12,True,5.0,5.0,5.0,Champions
14064,2011-03-10 12:59:00,2011-11-10 13:14:00,5,1772,1334.34,United Kingdom,59,165.42,1168.92,266.87,30,245,2011-03,True,4.0,4.0,4.0,Loyal Customers
14066,2011-03-18 12:21:00,2011-03-18 12:21:00,1,45,152.55,United Kingdom,7,0.0,152.55,152.55,267,0,2011-03,True,1.0,1.0,1.0,Hibernating
14067,2011-09-04 12:00:00,2011-10-07 10:21:00,2,361,374.7,United Kingdom,51,0.0,374.7,187.35,64,33,2011-09,True,3.0,2.0,2.0,About to Sleep
14068,2011-01-23 16:02:00,2011-01-23 16:02:00,1,73,265.85,United Kingdom,22,0.0,265.85,265.85,321,0,2011-01,True,1.0,1.0,2.0,Hibernating
14071,2011-03-20 11:33:00,2011-12-06 12:27:00,8,956,1422.75,United Kingdom,270,131.41,1291.34,177.84,4,261,2011-03,True,5.0,5.0,4.0,Champions
14073,2011-11-07 15:49:00,2011-11-07 15:49:00,1,130,151.04,United Kingdom,13,11.5,139.54,151.04,33,0,2011-11,True,4.0,1.0,1.0,Promising
14075,2011-03-23 16:35:00,2011-12-05 08:38:00,3,754,942.26,United Kingdom,33,0.0,942.26,314.09,5,257,2011-03,True,5.0,3.0,4.0,Potential Loyalists
14076,2011-08-02 15:19:00,2011-08-02 15:19:00,1,79,118.67,United Kingdom,43,0.0,118.67,118.67,130,0,2011-08,True,2.0,1.0,1.0,Hibernating
14077,2011-03-10 15:52:00,2011-10-30 12:35:00,5,268,499.42,United Kingdom,33,0.0,499.42,99.88,41,234,2011-03,True,3.0,4.0,3.0,Loyal Customers
14078,2010-12-01 12:54:00,2011-08-30 12:16:00,6,310,1049.37,United Kingdom,46,0.0,1049.37,174.9,102,272,2010-12,True,2.0,5.0,4.0,Can't Lose Them
14079,2011-08-07 12:10:00,2011-08-07 12:10:00,1,301,375.1,United Kingdom,12,0.0,375.1,375.1,125,0,2011-08,True,2.0,1.0,2.0,Hibernating
14080,2011-11-07 11:09:00,2011-11-07 11:09:00,1,48,45.6,United Kingdom,4,0.0,45.6,45.6,33,0,2011-11,True,4.0,1.0,1.0,Promising
14081,2010-12-05 15:47:00,2011-02-10 16:17:00,2,592,921.62,United Kingdom,126,29.85,891.77,460.81,303,67,2010-12,True,1.0,2.0,3.0,Hibernating
14082,2010-12-10 11:02:00,2010-12-10 11:02:00,1,110,182.25,United Kingdom,28,0.0,182.25,182.25,365,0,2010-12,True,1.0,1.0,1.0,Hibernating
14083,2010-12-03 12:24:00,2011-12-05 13:14:00,9,705,1002.9,United Kingdom,162,0.0,1002.9,111.43,5,367,2010-12,True,5.0,5.0,4.0,Champions
14085,2010-12-06 12:39:00,2011-12-07 13:46:00,18,3177,4421.29,United Kingdom,272,12.75,4408.54,245.63,3,366,2010-12,True,5.0,5.0,5.0,Champions
14087,2011-12-07 12:41:00,2011-12-07 12:41:00,1,250,191.47,United Kingdom,61,12.75,178.72,191.47,3,0,2011-12,True,5.0,1.0,1.0,New Customers
14088,2011-01-21 13:07:00,2011-11-29 16:16:00,13,12665,50491.81,United Kingdom,379,76.32,50415.49,3883.99,11,312,2011-01,True,5.0,5.0,5.0,Champions
14089,2011-10-14 10:38:00,2011-10-14 10:38:00,1,133,158.75,United Kingdom,13,0.0,158.75,158.75,57,0,2011-10,True,3.0,1.0,1.0,About to Sleep
14090,2011-01-19 10:51:00,2011-01-19 10:51:00,1,72,76.32,United Kingdom,1,0.0,76.32,76.32,325,0,2011-01,True,1.0,1.0,1.0,Hibernating
14092,2010-12-16 15:47:00,2011-12-02 12:13:00,14,2066,4076.91,United Kingdom,117,13.81,4063.1,291.21,8,351,2010-12,True,5.0,5.0,5.0,Champions
14093,2011-11-27 16:27:00,2011-11-27 16:27:00,1,391,433.86,United Kingdom,95,0.0,433.86,433.86,13,0,2011-11,True,5.0,1.0,2.0,New Customers
14096,2011-08-30 10:49:00,2011-12-05 17:17:00,17,16336,53258.43,United Kingdom,1118,0.0,53258.43,3132.85,5,97,2011-08,True,5.0,5.0,5.0,Champions
14098,2011-11-03 10:13:00,2011-11-03 10:13:00,1,104,147.35,United Kingdom,21,0.0,147.35,147.35,37,0,2011-11,True,3.0,1.0,1.0,About to Sleep
14099,2010-12-20 11:14:00,2011-11-23 13:53:00,11,2179,3104.17,United Kingdom,167,11.2,3092.97,282.2,17,338,2010-12,True,4.0,5.0,5.0,Loyal Customers
14100,2011-07-25 11:01:00,2011-07-25 11:01:00,1,63,191.95,United Kingdom,24,0.0,191.95,191.95,138,0,2011-07,True,2.0,1.0,1.0,Hibernating
14101,2011-01-17 13:09:00,2011-09-27 12:28:00,6,6942,5976.79,United Kingdom,15,0.0,5976.79,996.13,74,253,2011-01,True,2.0,5.0,5.0,Can't Lose Them
14102,2011-10-26 12:46:00,2011-12-04 15:38:00,5,769,1105.88,United Kingdom,35,45.55,1060.33,221.18,6,39,2011-10,True,5.0,4.0,4.0,Champions
14104,2011-06-27 12:49:00,2011-07-08 12:50:00,2,72,216.21,United Kingdom,21,0.0,216.21,108.1,155,11,2011-06,True,2.0,2.0,1.0,Hibernating
14105,2011-04-14 17:58:00,2011-04-14 17:58:00,1,800,1266.23,United Kingdom,74,5.9,1260.33,1266.23,240,0,2011-04,True,1.0,1.0,4.0,Hibernating
14107,2010-12-10 13:29:00,2011-10-19 12:12:00,7,1793,2703.23,United Kingdom,61,14.75,2688.48,386.18,52,313,2010-12,True,3.0,5.0,5.0,Loyal Customers
14108,2011-08-30 11:32:00,2011-11-09 10:41:00,2,381,597.91,United Kingdom,33,3.75,594.16,298.96,31,71,2011-08,True,4.0,2.0,3.0,Potential Loyalists
14109,2011-09-28 10:18:00,2011-09-28 10:18:00,1,88,144.2,United Kingdom,9,64.0,80.2,144.2,73,0,2011-09,True,2.0,1.0,1.0,Hibernating
14110,2011-03-18 09:59:00,2011-12-06 12:26:00,12,2445,5683.15,United Kingdom,94,13.5,5669.65,473.6,4,263,2011-03,True,5.0,5.0,5.0,Champions
14111,2011-04-12 11:36:00,2011-11-25 13:44:00,4,458,692.85,United Kingdom,10,4.25,688.6,173.21,15,227,2011-04,True,4.0,4.0,3.0,Loyal Customers
14112,2011-03-09 11:28:00,2011-11-17 12:30:00,7,1651,2915.15,United Kingdom,117,140.98,2774.17,416.45,23,253,2011-03,True,4.0,5.0,5.0,Loyal Customers
14113,2010-12-20 12:14:00,2011-12-06 12:18:00,4,745,1840.42,United Kingdom,26,462.5,1377.92,460.1,4,351,2010-12,True,5.0,4.0,4.0,Champions
14114,2011-01-13 11:05:00,2011-03-11 09:42:00,2,101,386.53,United Kingdom,15,0.0,386.53,193.26,274,57,2011-01,True,1.0,2.0,2.0,Hibernating
14116,2011-08-10 12:44:00,2011-11-20 10:29:00,5,707,1382.74,United Kingdom,61,0.0,1382.74,276.55,20,102,2011-08,True,4.0,4.0,4.0,Loyal Customers
14117,2011-07-19 09:49:00,2011-07-19 09:49:00,1,72,90.0,United Kingdom,3,0.0,90.0,90.0,144,0,2011-07,True,2.0,1.0,1.0,Hibernating
14121,2011-10-11 10:39:00,2011-12-06 12:19:00,4,2082,2780.15,United Kingdom,148,39.85,2740.3,695.04,4,56,2011-10,True,5.0,4.0,5.0,Champions
14124,2011-09-16 13:32:00,2011-09-16 13:32:00,1,1618,419.58,United Kingdom,4,0.0,419.58,419.58,85,0,2011-09,True,2.0,1.0,2.0,Hibernating
14125,2011-09-22 15:40:00,2011-11-29 12:47:00,3,1628,2720.63,United Kingdom,159,0.0,2720.63,906.88,11,68,2011-09,True,5.0,3.0,5.0,Potential Loyalists
14126,2011-11-29 12:21:00,2011-12-02 11:45:00,3,508,706.13,United Kingdom,14,62.5,643.63,235.38,8,3,2011-11,True,5.0,3.0,3.0,Potential Loyalists
14127,2011-02-02 12:26:00,2011-08-09 10:49:00,3,321,709.71,United Kingdom,39,0.0,709.71,236.57,123,188,2011-02,True,2.0,3.0,3.0,At Risk
14128,2011-03-29 10:49:00,2011-10-10 12:00:00,2,564,637.5,United Kingdom,40,0.0,637.5,318.75,61,195,2011-03,True,3.0,2.0,3.0,About to Sleep
14129,2011-03-24 08:44:00,2011-12-08 11:02:00,5,592,1123.86,United Kingdom,31,0.0,1123.86,224.77,2,259,2011-03,True,5.0,4.0,4.0,Champions
14130,2011-01-24 16:05:00,2011-01-24 16:05:00,1,257,480.91,United Kingdom,66,0.0,480.91,480.91,320,0,2011-01,True,1.0,1.0,3.0,Hibernating
14132,2011-06-09 12:04:00,2011-12-07 13:35:00,11,3368,3586.03,United Kingdom,100,5.9,3580.13,326.0,3,181,2011-06,True,5.0,5.0,5.0,Champions
14133,2011-01-28 11:27:00,2011-08-02 11:34:00,3,348,605.64,United Kingdom,25,15.3,590.34,201.88,130,186,2011-01,True,2.0,3.0,3.0,At Risk
14135,2010-12-02 10:27:00,2011-12-08 11:38:00,15,3850,4690.31,United Kingdom,95,0.0,4690.31,312.69,2,371,2010-12,True,5.0,5.0,5.0,Champions
14138,2011-10-07 09:38:00,2011-12-08 12:44:00,2,600,965.88,United Kingdom,40,0.0,965.88,482.94,2,62,2011-10,True,5.0,2.0,4.0,Potential Loyalists
14139,2011-10-24 13:34:00,2011-10-24 13:34:00,1,510,415.82,United Kingdom,26,0.0,415.82,415.82,47,0,2011-10,True,3.0,1.0,2.0,About to Sleep
14140,2011-11-08 11:20:00,2011-12-06 09:05:00,2,811,935.05,United Kingdom,60,15.0,920.05,467.52,4,28,2011-11,True,5.0,2.0,4.0,Potential Loyalists
14141,2011-08-26 14:40:00,2011-12-07 09:53:00,4,355,915.13,United Kingdom,27,36.1,879.03,228.78,3,103,2011-08,True,5.0,4.0,3.0,Champions
14142,2010-12-01 16:33:00,2010-12-01 16:33:00,1,313,311.81,United Kingdom,22,0.0,311.81,311.81,374,0,2010-12,True,1.0,1.0,2.0,Hibernating
14143,2011-07-29 09:48:00,2011-07-29 09:48:00,1,30,115.8,United Kingdom,7,0.0,115.8,115.8,134,0,2011-07,True,2.0,1.0,1.0,Hibernating
14145,2011-05-06 13:01:00,2011-10-24 12:10:00,4,756,3742.2,United Kingdom,6,594.0,3148.2,935.55,47,171,2011-05,True,3.0,4.0,5.0,Loyal Customers
14146,2010-12-17 15:52:00,2011-12-01 10:18:00,5,2437,4191.0,United Kingdom,183,1241.43,2949.57,838.2,9,349,2010-12,True,5.0,4.0,5.0,Champions
14147,2011-02-27 11:42:00,2011-09-22 18:10:00,2,108,483.4,United Kingdom,4,15.0,468.4,241.7,79,207,2011-02,True,2.0,2.0,2.0,Hibernating
14148,2011-04-20 12:02:00,2011-04-20 12:02:00,1,16,157.2,United Kingdom,3,0.0,157.2,157.2,234,0,2011-04,True,1.0,1.0,1.0,Hibernating
14149,2011-05-03 09:44:00,2011-05-03 09:44:00,1,218,446.62,United Kingdom,28,187.19,259.43,446.62,221,0,2011-05,True,1.0,1.0,2.0,Hibernating
14150,2010-12-15 10:04:00,2011-11-04 10:05:00,2,496,658.64,United Kingdom,23,0.0,658.64,329.32,36,324,2010-12,True,3.0,2.0,3.0,About to Sleep
14152,2011-04-19 15:46:00,2011-09-25 12:54:00,2,711,621.29,United Kingdom,47,10.2,611.09,310.64,76,159,2011-04,True,2.0,2.0,3.0,Hibernating
14154,2011-04-14 15:58:00,2011-04-14 16:26:00,2,465,1345.62,United Kingdom,52,0.0,1345.62,672.81,240,0,2011-04,True,1.0,2.0,4.0,Hibernating
14155,2011-03-18 14:13:00,2011-03-18 14:13:00,1,25,118.75,United Kingdom,6,0.0,118.75,118.75,267,0,2011-03,True,1.0,1.0,1.0,Hibernating
14156,2010-12-03 11:48:00,2011-11-30 10:54:00,54,57755,116560.08,EIRE,713,2874.31,113685.77,2158.52,10,362,2010-12,True,5.0,5.0,5.0,Champions
14157,2011-02-27 13:04:00,2011-11-20 11:32:00,2,271,424.89,United Kingdom,45,32.45,392.44,212.44,20,266,2011-02,True,4.0,2.0,2.0,Potential Loyalists
14158,2011-10-30 15:08:00,2011-10-30 15:08:00,1,781,507.66,United Kingdom,41,0.0,507.66,507.66,41,0,2011-10,True,3.0,1.0,3.0,About to Sleep
14159,2010-12-12 11:17:00,2011-11-20 12:36:00,11,4345,4627.98,United Kingdom,500,14.71,4613.27,420.73,20,343,2010-12,True,4.0,5.0,5.0,Loyal Customers
14161,2010-12-05 13:18:00,2011-05-08 11:41:00,3,450,1097.62,United Kingdom,87,0.0,1097.62,365.87,216,154,2010-12,True,1.0,3.0,4.0,At Risk
14162,2011-02-20 12:32:00,2011-06-19 11:36:00,2,142,289.36,United Kingdom,25,0.0,289.36,144.68,174,119,2011-02,True,2.0,2.0,2.0,Hibernating
14163,2011-04-14 17:33:00,2011-09-13 15:18:00,4,893,2445.91,United Kingdom,36,0.0,2445.91,611.48,88,152,2011-04,True,2.0,4.0,5.0,At Risk
14164,2011-09-20 12:18:00,2011-09-30 12:24:00,2,1033,1631.77,United Kingdom,28,0.0,1631.77,815.88,71,10,2011-09,True,3.0,2.0,4.0,About to Sleep
14165,2011-03-09 12:39:00,2011-03-09 12:39:00,1,53,120.44,United Kingdom,23,0.0,120.44,120.44,276,0,2011-03,True,1.0,1.0,1.0,Hibernating
14167,2011-01-12 15:44:00,2011-10-31 14:29:00,4,147,562.59,United Kingdom,27,0.0,562.59,140.65,40,292,2011-01,True,3.0,4.0,3.0,Loyal Customers
14171,2011-09-02 16:43:00,2011-09-02 16:43:00,1,167,363.79,United Kingdom,57,0.0,363.79,363.79,99,0,2011-09,True,2.0,1.0,2.0,Hibernating
14173,2011-05-04 14:03:00,2011-11-29 11:54:00,4,150,450.84,United Kingdom,28,0.0,450.84,112.71,11,209,2011-05,True,5.0,4.0,2.0,Champions
14174,2011-11-06 13:17:00,2011-11-06 13:17:00,1,94,134.46,United Kingdom,26,0.0,134.46,134.46,34,0,2011-11,True,3.0,1.0,1.0,About to Sleep
14175,2011-01-14 12:22:00,2011-10-11 11:55:00,3,1515,3222.3,United Kingdom,139,114.24,3108.06,1074.1,60,270,2011-01,True,3.0,3.0,5.0,Need Attention
14176,2010-12-07 11:45:00,2011-02-15 13:12:00,4,209,576.9,United Kingdom,28,2.9,574.0,144.22,298,70,2010-12,True,1.0,4.0,3.0,At Risk
14177,2011-06-13 11:10:00,2011-09-14 15:11:00,4,204,549.46,United Kingdom,37,4.95,544.51,137.36,87,93,2011-06,True,2.0,4.0,3.0,At Risk
14178,2011-06-10 12:51:00,2011-12-01 12:01:00,7,1492,1580.26,United Kingdom,190,0.0,1580.26,225.75,9,174,2011-06,True,5.0,5.0,4.0,Champions
14179,2011-10-18 14:00:00,2011-10-30 12:07:00,2,319,701.57,United Kingdom,135,0.0,701.57,350.78,41,12,2011-10,True,3.0,2.0,3.0,About to Sleep
14180,2010-12-02 13:08:00,2011-11-29 10:56:00,25,719,4748.52,United Kingdom,112,107.75,4640.77,189.94,11,362,2010-12,True,5.0,5.0,5.0,Champions
14184,2011-10-04 12:43:00,2011-10-04 12:43:00,1,127,452.89,United Kingdom,24,0.0,452.89,452.89,67,0,2011-10,True,3.0,1.0,2.0,About to Sleep
14185,2011-01-12 13:52:00,2011-01-12 13:52:00,1,6,197.65,United Kingdom,3,0.0,197.65,197.65,332,0,2011-01,True,1.0,1.0,1.0,Hibernating
14188,2011-02-02 13:46:00,2011-11-09 12:45:00,6,1162,2054.36,United Kingdom,34,35.45,2018.91,342.39,31,280,2011-02,True,4.0,5.0,5.0,Loyal Customers
14189,2010-12-06 11:42:00,2011-12-07 15:55:00,15,3937,4654.08,United Kingdom,176,49.77,4604.31,310.27,3,366,2010-12,True,5.0,5.0,5.0,Champions
14191,2011-05-03 10:30:00,2011-12-08 09:23:00,13,3662,4684.76,United Kingdom,145,24.75,4660.01,360.37,2,219,2011-05,True,5.0,5.0,5.0,Champions
14193,2011-03-15 11:38:00,2011-10-03 09:34:00,2,445,853.39,United Kingdom,35,0.0,853.39,426.7,68,202,2011-03,True,3.0,2.0,3.0,About to Sleep
14194,2011-02-04 14:51:00,2011-12-05 10:38:00,21,5840,11349.52,United Kingdom,269,132.77,11216.75,540.45,5,304,2011-02,True,5.0,5.0,5.0,Champions
14195,2011-04-01 16:50:00,2011-05-22 10:29:00,2,760,1012.0,United Kingdom,7,49.3,962.7,506.0,202,51,2011-04,True,1.0,2.0,4.0,Hibernating
14196,2011-08-25 10:25:00,2011-08-25 10:25:00,1,142,335.52,United Kingdom,6,0.0,335.52,335.52,107,0,2011-08,True,2.0,1.0,2.0,Hibernating
14198,2011-04-14 14:54:00,2011-11-21 16:35:00,4,290,701.4,United Kingdom,35,37.9,663.5,175.35,19,221,2011-04,True,4.0,4.0,3.0,Loyal Customers
14199,2011-05-05 13:44:00,2011-05-05 13:44:00,1,28,185.4,United Kingdom,2,0.0,185.4,185.4,219,0,2011-05,True,1.0,1.0,1.0,Hibernating
14201,2010-12-15 13:25:00,2011-10-10 13:27:00,7,590,747.44,United Kingdom,32,59.4,688.04,106.78,61,299,2010-12,True,3.0,5.0,3.0,Loyal Customers
14204,2011-12-07 13:38:00,2011-12-07 13:38:00,1,72,150.61,United Kingdom,36,0.0,150.61,150.61,3,0,2011-12,True,5.0,1.0,1.0,New Customers
14205,2011-03-20 15:07:00,2011-11-23 10:55:00,2,204,466.7,United Kingdom,23,238.2,228.5,233.35,17,248,2011-03,True,4.0,2.0,1.0,Potential Loyalists
14206,2011-04-14 16:38:00,2011-04-14 16:38:00,1,276,328.16,United Kingdom,20,19.9,308.26,328.16,240,0,2011-04,True,1.0,1.0,2.0,Hibernating
14208,2011-09-06 12:48:00,2011-09-06 12:48:00,1,114,151.74,United Kingdom,10,0.0,151.74,151.74,95,0,2011-09,True,2.0,1.0,1.0,Hibernating
14209,2011-01-11 12:56:00,2011-11-29 10:18:00,6,691,2073.43,United Kingdom,55,6.3,2067.13,345.57,11,322,2011-01,True,5.0,5.0,5.0,Champions
14210,2010-12-03 12:43:00,2011-08-26 12:36:00,6,760,1905.84,United Kingdom,66,4.95,1900.89,317.64,106,266,2010-12,True,2.0,5.0,4.0,Can't Lose Them
14211,2011-02-17 15:50:00,2011-10-17 13:23:00,9,1242,2241.1,United Kingdom,87,32.8,2208.3,249.01,54,242,2011-02,True,3.0,5.0,5.0,Loyal Customers
14212,2011-09-11 12:45:00,2011-09-11 12:45:00,1,1152,1070.48,United Kingdom,9,0.0,1070.48,1070.48,90,0,2011-09,True,2.0,1.0,4.0,Hibernating
14214,2011-03-07 12:26:00,2011-11-09 10:31:00,5,751,1004.38,United Kingdom,64,4.15,1000.23,200.88,31,247,2011-03,True,4.0,4.0,4.0,Loyal Customers
14215,2010-12-06 15:34:00,2011-11-28 12:19:00,6,1358,1789.72,United Kingdom,98,11.8,1777.92,298.29,12,357,2010-12,True,5.0,5.0,4.0,Champions
14216,2011-11-02 10:51:00,2011-12-06 14:56:00,4,594,1839.3,United Kingdom,47,0.0,1839.3,459.82,4,34,2011-11,True,5.0,4.0,4.0,Champions
14217,2010-12-08 13:28:00,2011-12-08 11:53:00,17,689,2004.98,United Kingdom,78,79.62,1925.36,117.94,2,365,2010-12,True,5.0,5.0,4.0,Champions
14218,2011-10-28 10:00:00,2011-10-28 10:00:00,1,160,169.48,United Kingdom,12,0.0,169.48,169.48,43,0,2011-10,True,3.0,1.0,1.0,About to Sleep
14219,2011-12-05 16:23:00,2011-12-05 16:23:00,1,78,89.94,United Kingdom,7,0.0,89.94,89.94,5,0,2011-12,True,5.0,1.0,1.0,New Customers
14220,2010-12-16 18:18:00,2011-04-06 13:23:00,2,272,632.4,United Kingdom,21,0.0,632.4,316.2,248,111,2010-12,True,1.0,2.0,3.0,Hibernating
14221,2011-01-04 15:33:00,2011-10-28 13:42:00,9,2191,3432.8,United Kingdom,123,4.95,3427.85,381.42,43,297,2011-01,True,3.0,5.0,5.0,Loyal Customers
14222,2011-06-15 16:42:00,2011-06-15 16:42:00,1,607,683.17,United Kingdom,41,0.0,683.17,683.17,178,0,2011-06,True,2.0,1.0,3.0,Hibernating
14223,2011-03-20 16:02:00,2011-09-08 13:38:00,3,585,991.13,United Kingdom,50,15.9,975.23,330.38,93,172,2011-03,True,2.0,3.0,4.0,At Risk
14224,2011-01-23 13:58:00,2011-08-21 13:24:00,4,483,1009.73,United Kingdom,105,0.0,1009.73,252.43,111,210,2011-01,True,2.0,4.0,4.0,At Risk
14226,2011-03-15 15:36:00,2011-11-11 11:34:00,5,1296,2214.79,United Kingdom,64,30.55,2184.24,442.96,29,241,2011-03,True,4.0,4.0,5.0,Loyal Customers
14227,2011-02-28 12:27:00,2011-11-13 15:48:00,10,1820,3350.96,United Kingdom,117,35.25,3315.71,335.1,27,258,2011-02,True,4.0,5.0,5.0,Loyal Customers
14229,2011-01-10 12:03:00,2011-10-19 10:04:00,3,610,1547.2,United Kingdom,29,96.6,1450.6,515.73,52,282,2011-01,True,3.0,3.0,4.0,Need Attention
14231,2011-02-24 11:55:00,2011-06-09 11:05:00,3,409,925.71,United Kingdom,47,103.65,822.06,308.57,184,105,2011-02,True,1.0,3.0,3.0,At Risk
14232,2011-03-20 12:44:00,2011-10-28 11:09:00,5,1941,2048.07,United Kingdom,81,4.14,2043.93,409.61,43,222,2011-03,True,3.0,4.0,5.0,Loyal Customers
14233,2011-01-26 12:43:00,2011-10-21 15:54:00,4,680,1462.72,United Kingdom,30,15.21,1447.51,365.68,50,268,2011-01,True,3.0,4.0,4.0,Loyal Customers
14234,2011-10-13 13:58:00,2011-11-17 17:53:00,4,951,754.12,United Kingdom,122,0.0,754.12,188.53,23,35,2011-10,True,4.0,4.0,3.0,Loyal Customers
14235,2011-03-24 13:23:00,2011-09-25 14:37:00,5,1959,3144.86,United Kingdom,65,51.0,3093.86,628.97,76,185,2011-03,True,2.0,4.0,5.0,At Risk
14236,2010-12-02 18:49:00,2011-09-20 09:13:00,2,310,490.86,United Kingdom,15,0.0,490.86,245.43,81,292,2010-12,True,2.0,2.0,3.0,Hibernating
14237,2010-12-01 13:20:00,2010-12-01 13:20:00,1,38,161.0,United Kingdom,9,0.0,161.0,161.0,374,0,2010-12,True,1.0,1.0,1.0,Hibernating
14238,2011-01-17 14:40:00,2011-01-17 14:40:00,1,111,146.85,United Kingdom,8,0.0,146.85,146.85,327,0,2011-01,True,1.0,1.0,1.0,Hibernating
14239,2011-01-27 14:45:00,2011-10-27 14:40:00,11,993,2380.85,United Kingdom,83,57.35,2323.5,216.44,44,273,2011-01,True,3.0,5.0,5.0,Loyal Customers
14240,2011-04-28 11:40:00,2011-11-09 13:45:00,2,418,890.34,United Kingdom,37,0.0,890.34,445.17,31,195,2011-04,True,4.0,2.0,3.0,Potential Loyalists
14241,2011-06-09 11:46:00,2011-06-09 11:46:00,1,146,213.7,United Kingdom,10,0.0,213.7,213.7,184,0,2011-06,True,1.0,1.0,1.0,Hibernating
14242,2011-01-18 08:53:00,2011-04-19 11:46:00,2,123,280.55,United Kingdom,13,0.0,280.55,140.28,235,91,2011-01,True,1.0,2.0,2.0,Hibernating
14243,2010-12-09 08:34:00,2011-12-01 11:12:00,10,1221,2588.77,United Kingdom,99,52.89,2535.88,258.88,9,357,2010-12,True,5.0,5.0,5.0,Champions
14245,2011-03-21 10:41:00,2011-05-04 08:40:00,2,976,1693.45,United Kingdom,107,15.97,1677.48,846.72,220,44,2011-03,True,1.0,2.0,4.0,Hibernating
14246,2011-04-08 08:25:00,2011-08-21 11:50:00,3,804,1474.06,United Kingdom,57,0.0,1474.06,491.35,111,135,2011-04,True,2.0,3.0,4.0,At Risk
14247,2011-03-06 15:21:00,2011-03-06 15:21:00,1,47,136.77,United Kingdom,19,0.0,136.77,136.77,279,0,2011-03,True,1.0,1.0,1.0,Hibernating
14248,2011-01-25 14:45:00,2011-01-25 14:45:00,1,102,302.58,United Kingdom,8,0.0,302.58,302.58,319,0,2011-01,True,1.0,1.0,2.0,Hibernating
14250,2011-09-11 13:44:00,2011-12-02 14:30:00,3,1200,1904.05,United Kingdom,94,0.0,1904.05,634.68,8,82,2011-09,True,5.0,3.0,4.0,Potential Loyalists
14251,2011-10-13 12:46:00,2011-12-08 08:32:00,5,1674,2879.7,United Kingdom,37,0.0,2879.7,575.94,2,56,2011-10,True,5.0,4.0,5.0,Champions
14256,2010-12-10 11:44:00,2011-03-24 13:17:00,2,414,969.06,United Kingdom,51,34.0,935.06,484.53,261,104,2010-12,True,1.0,2.0,4.0,Hibernating
14257,2011-01-25 10:49:00,2011-10-06 16:54:00,5,1682,3099.72,United Kingdom,88,12.45,3087.27,619.94,65,254,2011-01,True,3.0,4.0,5.0,Loyal Customers
14258,2011-01-06 12:18:00,2011-11-30 15:27:00,9,7100,12669.98,United Kingdom,58,19.9,12650.08,1407.78,10,328,2011-01,True,5.0,5.0,5.0,Champions
14259,2011-07-21 10:44:00,2011-07-21 10:44:00,1,68,120.0,United Kingdom,5,0.0,120.0,120.0,142,0,2011-07,True,2.0,1.0,1.0,Hibernating
14261,2011-09-22 10:47:00,2011-10-20 10:04:00,2,406,1163.45,United Kingdom,52,0.0,1163.45,581.72,51,28,2011-09,True,3.0,2.0,4.0,About to Sleep
14262,2011-04-13 12:23:00,2011-12-01 14:17:00,8,1645,2618.23,United Kingdom,87,0.0,2618.23,327.28,9,232,2011-04,True,5.0,5.0,5.0,Champions
14264,2011-04-08 12:20:00,2011-07-08 10:20:00,2,70,333.97,United Kingdom,15,14.5,319.47,166.98,155,91,2011-04,True,2.0,2.0,2.0,Hibernating
14265,2011-07-14 09:10:00,2011-08-22 13:32:00,2,330,530.18,Unspecified,31,0.0,530.18,265.09,110,39,2011-07,True,2.0,2.0,3.0,Hibernating
14267,2011-03-24 11:38:00,2011-06-30 10:09:00,3,530,1516.24,United Kingdom,25,237.15,1279.09,505.41,163,98,2011-03,True,2.0,3.0,4.0,At Risk
14270,2011-01-12 09:33:00,2011-01-12 09:33:00,1,197,492.65,United Kingdom,29,0.0,492.65,492.65,332,0,2011-01,True,1.0,1.0,3.0,Hibernating
14271,2011-04-28 12:47:00,2011-04-28 12:47:00,1,88,112.32,United Kingdom,10,0.0,112.32,112.32,226,0,2011-04,True,1.0,1.0,1.0,Hibernating
14272,2011-03-30 13:57:00,2011-09-27 10:08:00,2,599,437.96,United Kingdom,33,0.0,437.96,218.98,74,181,2011-03,True,2.0,2.0,2.0,Hibernating
14273,2011-04-11 13:24:00,2011-10-19 13:20:00,4,264,559.97,United Kingdom,22,0.0,559.97,139.99,52,191,2011-04,True,3.0,4.0,3.0,Loyal Customers
14276,2011-02-23 09:38:00,2011-09-02 09:45:00,3,744,1119.74,United Kingdom,52,100.35,1019.39,373.25,99,191,2011-02,True,2.0,3.0,4.0,At Risk
14277,2011-05-11 13:20:00,2011-11-24 15:01:00,3,1974,4152.0,France,194,259.2,3892.8,1384.0,16,197,2011-05,True,4.0,3.0,5.0,Potential Loyalists
14280,2011-05-27 10:37:00,2011-05-27 10:37:00,1,52,134.04,United Kingdom,8,0.0,134.04,134.04,197,0,2011-05,True,1.0,1.0,1.0,Hibernating
14282,2010-12-07 12:21:00,2011-12-06 17:04:00,15,2656,3701.44,United Kingdom,70,0.0,3701.44,246.76,4,364,2010-12,True,5.0,5.0,5.0,Champions
14284,2011-09-14 13:04:00,2011-11-09 08:11:00,2,161,595.25,United Kingdom,24,16.8,578.45,297.62,31,56,2011-09,True,4.0,2.0,3.0,Potential Loyalists
14285,2011-06-16 12:36:00,2011-11-18 14:50:00,4,541,1910.01,United Kingdom,18,0.0,1910.01,477.5,22,155,2011-06,True,4.0,4.0,4.0,Loyal Customers
14286,2011-04-11 08:16:00,2011-11-16 10:34:00,3,4338,4628.75,United Kingdom,220,32.94,4595.81,1542.92,24,219,2011-04,True,4.0,3.0,5.0,Potential Loyalists
14287,2011-05-25 11:41:00,2011-12-01 13:25:00,3,261,176.63,United Kingdom,9,20.4,156.23,58.88,9,190,2011-05,True,5.0,3.0,1.0,Potential Loyalists
14288,2011-05-10 13:22:00,2011-05-10 13:22:00,1,188,426.6,United Kingdom,16,12.75,413.85,426.6,214,0,2011-05,True,1.0,1.0,2.0,Hibernating
14289,2011-02-23 12:33:00,2011-12-01 11:44:00,6,292,911.26,United Kingdom,33,0.0,911.26,151.88,9,281,2011-02,True,5.0,5.0,4.0,Champions
14290,2010-12-13 10:24:00,2011-11-28 14:02:00,5,915,2314.65,United Kingdom,89,7.2,2307.45,462.93,12,350,2010-12,True,5.0,4.0,5.0,Champions
14291,2011-03-09 15:20:00,2011-12-08 10:26:00,11,2749,3883.25,United Kingdom,145,9.95,3873.3,353.02,2,274,2011-03,True,5.0,5.0,5.0,Champions
14292,2011-03-02 08:26:00,2011-12-02 11:50:00,9,1663,4871.93,United Kingdom,64,52.6,4819.33,541.33,8,275,2011-03,True,5.0,5.0,5.0,Champions
14293,2010-12-06 10:18:00,2011-12-06 15:17:00,4,709,1046.56,United Kingdom,51,0.0,1046.56,261.64,4,365,2010-12,True,5.0,4.0,4.0,Champions
14295,2011-10-30 15:50:00,2011-10-30 15:50:00,1,84,166.2,United Kingdom,5,8.5,157.7,166.2,41,0,2011-10,True,3.0,1.0,1.0,About to Sleep
14297,2011-03-10 08:31:00,2011-11-22 09:06:00,4,865,1305.33,United Kingdom,48,14.85,1290.48,326.33,18,257,2011-03,True,4.0,4.0,4.0,Loyal Customers
14298,2010-12-14 12:59:00,2011-12-01 13:12:00,44,58343,51527.3,United Kingdom,884,664.86,50862.44,1171.08,9,352,2010-12,True,5.0,5.0,5.0,Champions
14299,2010-12-09 10:30:00,2011-12-01 16:05:00,9,2149,3965.62,United Kingdom,94,1110.27,2855.35,440.62,9,357,2010-12,True,5.0,5.0,5.0,Champions
14300,2011-11-21 08:57:00,2011-11-21 08:57:00,1,32,43.2,United Kingdom,3,0.0,43.2,43.2,19,0,2011-11,True,4.0,1.0,1.0,Promising
14301,2011-08-14 15:33:00,2011-08-14 15:33:00,1,606,640.14,United Kingdom,13,8.1,632.04,640.14,118,0,2011-08,True,2.0,1.0,3.0,Hibernating
14304,2011-05-01 11:50:00,2011-05-01 11:50:00,1,139,383.45,United Kingdom,17,186.35,197.1,383.45,223,0,2011-05,True,1.0,1.0,1.0,Hibernating
14305,2011-07-27 14:14:00,2011-09-29 15:29:00,3,1089,1858.96,United Kingdom,96,55.2,1803.76,619.65,72,64,2011-07,True,3.0,3.0,4.0,Need Attention
14306,2011-09-15 10:31:00,2011-10-19 13:23:00,2,1075,2093.32,United Kingdom,33,9.9,2083.42,1046.66,52,34,2011-09,True,3.0,2.0,5.0,About to Sleep
14307,2010-12-01 11:41:00,2011-09-12 09:38:00,6,2058,2995.72,United Kingdom,150,0.0,2995.72,499.29,89,285,2010-12,True,2.0,5.0,5.0,Can't Lose Them
14309,2010-12-16 13:05:00,2011-12-01 13:33:00,9,1633,2352.53,United Kingdom,74,32.85,2319.68,261.39,9,350,2010-12,True,5.0,5.0,5.0,Champions
14311,2011-04-11 10:14:00,2011-04-11 10:14:00,1,146,310.26,United Kingdom,20,80.55,229.71,310.26,243,0,2011-04,True,1.0,1.0,1.0,Hibernating
14312,2011-01-06 16:35:00,2011-10-24 09:46:00,6,1012,1611.59,United Kingdom,74,0.0,1611.59,268.6,47,291,2011-01,True,3.0,5.0,4.0,Loyal Customers
14314,2011-08-25 10:39:00,2011-08-25 10:39:00,1,296,120.0,United Kingdom,8,0.0,120.0,120.0,107,0,2011-08,True,2.0,1.0,1.0,Hibernating
14315,2011-03-18 12:59:00,2011-10-26 12:06:00,6,1021,2481.13,United Kingdom,64,24.15,2456.98,413.52,45,222,2011-03,True,3.0,5.0,5.0,Loyal Customers
14317,2011-10-06 10:44:00,2011-10-06 10:44:00,1,255,508.58,United Kingdom,24,0.0,508.58,508.58,65,0,2011-10,True,3.0,1.0,3.0,About to Sleep
14320,2011-01-11 09:12:00,2011-05-17 09:24:00,2,325,477.79,United Kingdom,29,134.68,343.11,238.9,207,126,2011-01,True,1.0,2.0,2.0,Hibernating
14321,2011-01-10 11:35:00,2011-11-29 09:47:00,5,2406,1530.75,United Kingdom,111,0.0,1530.75,306.15,11,323,2011-01,True,5.0,4.0,4.0,Champions
14323,2011-04-15 11:44:00,2011-08-17 11:37:00,2,350,605.06,United Kingdom,32,30.8,574.26,302.53,115,124,2011-04,True,2.0,2.0,3.0,Hibernating
14326,2011-04-11 15:04:00,2011-04-11 15:04:00,1,103,183.85,United Kingdom,8,17.0,166.85,183.85,243,0,2011-04,True,1.0,1.0,1.0,Hibernating
14327,2011-06-29 13:58:00,2011-06-29 13:58:00,1,139,311.65,United Kingdom,12,0.0,311.65,311.65,164,0,2011-06,True,2.0,1.0,2.0,Hibernating
14329,2011-01-14 13:42:00,2011-11-22 15:50:00,7,3087,4975.24,United Kingdom,218,86.1,4889.14,710.75,18,312,2011-01,True,4.0,5.0,5.0,Loyal Customers
14331,2011-07-27 15:14:00,2011-08-07 13:17:00,2,252,462.66,United Kingdom,27,0.0,462.66,231.33,125,11,2011-07,True,2.0,2.0,2.0,Hibernating
14332,2011-07-15 10:33:00,2011-11-17 11:54:00,3,463,840.21,United Kingdom,22,0.0,840.21,280.07,23,125,2011-07,True,4.0,3.0,3.0,Potential Loyalists
14333,2011-10-03 10:38:00,2011-10-03 10:38:00,1,58,415.2,United Kingdom,15,63.75,351.45,415.2,68,0,2011-10,True,3.0,1.0,2.0,About to Sleep
14334,2010-12-16 17:37:00,2011-11-23 10:01:00,8,1731,2552.21,United Kingdom,98,12.75,2539.46,319.03,17,342,2010-12,True,4.0,5.0,5.0,Loyal Customers
14335,2011-09-04 13:07:00,2011-11-23 13:41:00,2,375,454.86,Germany,55,0.0,454.86,227.43,17,80,2011-09,True,4.0,2.0,2.0,Potential Loyalists
14336,2011-03-08 16:48:00,2011-11-23 11:40:00,4,1759,1614.91,United Kingdom,77,0.0,1614.91,403.73,17,260,2011-03,True,4.0,4.0,4.0,Loyal Customers
14338,2011-05-27 13:30:00,2011-07-01 14:08:00,2,335,588.22,United Kingdom,30,34.0,554.22,294.11,162,35,2011-05,True,2.0,2.0,3.0,Hibernating
14339,2011-04-11 11:06:00,2011-04-11 11:06:00,1,168,309.52,United Kingdom,14,15.79,293.73,309.52,243,0,2011-04,True,1.0,1.0,2.0,Hibernating
14340,2011-05-05 09:44:00,2011-05-05 09:44:00,1,58,134.7,United Kingdom,6,0.0,134.7,134.7,219,0,2011-05,True,1.0,1.0,1.0,Hibernating
14341,2011-01-25 13:55:00,2011-10-25 15:48:00,8,1397,2166.98,United Kingdom,109,15.9,2151.08,270.87,46,273,2011-01,True,3.0,5.0,5.0,Loyal Customers
14342,2011-05-13 13:50:00,2011-11-18 13:21:00,4,347,668.56,United Kingdom,18,59.85,608.71,167.14,22,189,2011-05,True,4.0,4.0,3.0,Loyal Customers
14344,2010-12-06 11:58:00,2011-08-04 13:51:00,8,477,889.93,United Kingdom,56,0.0,889.93,111.24,128,241,2010-12,True,2.0,5.0,3.0,Can't Lose Them
14345,2011-11-01 09:51:00,2011-11-01 09:51:00,1,50,108.98,United Kingdom,6,0.0,108.98,108.98,39,0,2011-11,True,3.0,1.0,1.0,About to Sleep
14346,2011-02-15 13:52:00,2011-08-11 09:47:00,2,605,1021.58,United Kingdom,55,0.0,1021.58,510.79,121,177,2011-02,True,2.0,2.0,4.0,Hibernating
14348,2011-03-24 16:23:00,2011-03-24 16:23:00,1,183,409.57,United Kingdom,18,0.0,409.57,409.57,261,0,2011-03,True,1.0,1.0,2.0,Hibernating
14349,2011-11-29 15:39:00,2011-11-29 15:39:00,1,86,133.5,United Kingdom,31,0.0,133.5,133.5,11,0,2011-11,True,5.0,1.0,1.0,New Customers
14350,2011-03-10 14:14:00,2011-03-10 14:14:00,1,183,282.93,United Kingdom,18,24.23,258.7,282.93,275,0,2011-03,True,1.0,1.0,2.0,Hibernating
14351,2011-06-28 11:56:00,2011-06-28 11:56:00,1,12,51.0,United Kingdom,1,0.0,51.0,51.0,165,0,2011-06,True,2.0,1.0,1.0,Hibernating
14352,2011-03-11 14:58:00,2011-07-05 15:41:00,4,538,1078.96,United Kingdom,44,0.0,1078.96,269.74,158,116,2011-03,True,2.0,4.0,4.0,At Risk
14353,2011-05-08 16:06:00,2011-05-08 16:06:00,1,64,90.6,United Kingdom,6,0.0,90.6,90.6,216,0,2011-05,True,1.0,1.0,1.0,Hibernating
14354,2011-11-09 15:36:00,2011-12-04 11:32:00,2,210,163.62,United Kingdom,9,0.0,163.62,81.81,6,25,2011-11,True,5.0,2.0,1.0,Potential Loyalists
14355,2010-12-09 12:16:00,2010-12-09 12:16:00,1,92,174.4,United Kingdom,11,0.0,174.4,174.4,366,0,2010-12,True,1.0,1.0,1.0,Hibernating
14356,2011-09-19 14:43:00,2011-09-21 09:18:00,2,277,701.23,United Kingdom,33,34.29,666.94,350.62,80,2,2011-09,True,2.0,2.0,3.0,Hibernating
14357,2011-10-27 16:23:00,2011-10-27 16:23:00,1,147,225.12,United Kingdom,39,0.0,225.12,225.12,44,0,2011-10,True,3.0,1.0,1.0,About to Sleep
14359,2011-09-13 09:03:00,2011-11-20 13:17:00,3,371,912.18,United Kingdom,44,29.6,882.58,304.06,20,68,2011-09,True,4.0,3.0,3.0,Potential Loyalists
14360,2011-09-06 11:58:00,2011-11-08 09:12:00,4,1139,2118.03,United Kingdom,104,0.0,2118.03,529.51,32,63,2011-09,True,4.0,4.0,5.0,Loyal Customers
14362,2011-11-17 15:08:00,2011-11-17 15:08:00,1,96,151.5,United Kingdom,37,0.0,151.5,151.5,23,0,2011-11,True,4.0,1.0,1.0,Promising
14364,2011-05-12 12:56:00,2011-08-23 11:01:00,8,1967,3717.35,United Kingdom,61,0.0,3717.35,464.67,109,103,2011-05,True,2.0,5.0,5.0,Can't Lose Them
14367,2011-03-08 14:12:00,2011-12-01 13:19:00,16,4426,9227.82,United Kingdom,270,93.7,9134.12,576.74,9,268,2011-03,True,5.0,5.0,5.0,Champions
14368,2011-01-24 09:52:00,2011-01-24 09:52:00,1,36,155.0,United Kingdom,8,0.0,155.0,155.0,320,0,2011-01,True,1.0,1.0,1.0,Hibernating
14371,2011-02-17 16:35:00,2011-02-17 16:35:00,1,34,100.5,United Kingdom,4,0.0,100.5,100.5,296,0,2011-02,True,1.0,1.0,1.0,Hibernating
14373,2010-12-16 15:40:00,2010-12-16 15:40:00,1,17,76.55,United Kingdom,4,0.0,76.55,76.55,359,0,2010-12,True,1.0,1.0,1.0,Hibernating
14375,2011-06-07 13:44:00,2011-06-07 13:44:00,1,184,235.56,United Kingdom,57,0.0,235.56,235.56,186,0,2011-06,True,1.0,1.0,1.0,Hibernating
14377,2011-03-22 13:38:00,2011-06-01 13:32:00,2,219,617.05,United Kingdom,11,0.0,617.05,308.52,192,71,2011-03,True,1.0,2.0,3.0,Hibernating
14379,2011-02-17 15:03:00,2011-10-26 16:43:00,2,292,348.1,United Kingdom,39,0.0,348.1,174.05,45,251,2011-02,True,3.0,2.0,2.0,About to Sleep
14381,2011-10-18 17:10:00,2011-10-18 17:10:00,1,146,202.68,United Kingdom,56,0.0,202.68,202.68,53,0,2011-10,True,3.0,1.0,1.0,About to Sleep
14382,2011-11-13 16:18:00,2011-11-13 16:18:00,1,1231,615.49,United Kingdom,121,0.0,615.49,615.49,27,0,2011-11,True,4.0,1.0,3.0,Promising
14383,2011-06-29 10:18:00,2011-11-01 15:53:00,3,817,1247.69,United Kingdom,49,0.0,1247.69,415.9,39,125,2011-06,True,3.0,3.0,4.0,Need Attention
14385,2011-11-16 11:55:00,2011-11-30 15:36:00,3,159,202.11,United Kingdom,13,0.0,202.11,67.37,10,14,2011-11,True,5.0,3.0,1.0,Potential Loyalists
14386,2011-02-16 09:45:00,2011-02-16 09:45:00,1,54,142.4,United Kingdom,7,0.0,142.4,142.4,297,0,2011-02,True,1.0,1.0,1.0,Hibernating
14387,2011-08-22 14:13:00,2011-11-07 12:29:00,3,795,1727.6,United Kingdom,125,0.0,1727.6,575.87,33,77,2011-08,True,4.0,3.0,4.0,Potential Loyalists
14388,2010-12-02 11:02:00,2011-11-29 13:32:00,8,1941,3212.84,United Kingdom,124,40.8,3172.04,401.6,11,362,2010-12,True,5.0,5.0,5.0,Champions
14389,2011-06-02 12:04:00,2011-10-05 15:17:00,2,729,1043.46,United Kingdom,33,43.74,999.72,521.73,66,125,2011-06,True,3.0,2.0,4.0,About to Sleep
14390,2010-12-02 11:57:00,2011-11-29 13:49:00,9,2133,4642.57,United Kingdom,135,60.35,4582.22,515.84,11,362,2010-12,True,5.0,5.0,5.0,Champions
14393,2011-05-05 18:16:00,2011-05-05 18:16:00,1,13,67.95,United Kingdom,5,0.0,67.95,67.95,219,0,2011-05,True,1.0,1.0,1.0,Hibernating
14395,2010-12-02 18:15:00,2011-12-07 14:34:00,9,1689,3479.91,United Kingdom,181,35.8,3444.11,386.66,3,370,2010-12,True,5.0,5.0,5.0,Champions
14396,2010-12-03 15:19:00,2011-10-05 16:09:00,2,225,487.99,United Kingdom,71,0.0,487.99,244.0,66,306,2010-12,True,3.0,2.0,3.0,About to Sleep
14397,2011-05-10 12:25:00,2011-12-07 09:22:00,19,1890,2612.96,United Kingdom,18,56.28,2556.68,137.52,3,211,2011-05,True,5.0,5.0,5.0,Champions
14400,2011-07-13 15:50:00,2011-07-13 15:50:00,1,454,574.7,United Kingdom,25,15.0,559.7,574.7,150,0,2011-07,True,2.0,1.0,3.0,Hibernating
14401,2010-12-15 09:07:00,2011-12-05 13:30:00,13,4507,4051.48,United Kingdom,113,11.5,4039.98,311.65,5,355,2010-12,True,5.0,5.0,5.0,Champions
14403,2011-04-06 14:23:00,2011-08-01 12:57:00,4,519,1475.81,United Kingdom,17,49.5,1426.31,368.95,131,117,2011-04,True,2.0,4.0,4.0,At Risk
14404,2010-12-05 16:00:00,2011-11-06 12:30:00,6,827,1449.32,United Kingdom,70,39.6,1409.72,241.55,34,336,2010-12,True,3.0,5.0,4.0,Loyal Customers
14406,2011-08-12 16:54:00,2011-08-12 16:54:00,1,77,156.75,United Kingdom,8,0.0,156.75,156.75,120,0,2011-08,True,2.0,1.0,1.0,Hibernating
14407,2011-03-08 11:59:00,2011-08-24 14:02:00,5,1414,2142.73,United Kingdom,66,46.65,2096.08,428.55,108,169,2011-03,True,2.0,4.0,5.0,At Risk
14408,2011-03-20 14:41:00,2011-11-29 11:41:00,7,1610,2599.03,United Kingdom,60,0.0,2599.03,371.29,11,254,2011-03,True,5.0,5.0,5.0,Champions
14409,2010-12-06 15:03:00,2011-09-29 18:18:00,6,1230,2059.45,United Kingdom,40,151.2,1908.25,343.24,72,297,2010-12,True,3.0,5.0,4.0,Loyal Customers
14410,2011-02-07 09:36:00,2011-09-08 15:08:00,9,565,1099.27,United Kingdom,152,511.82,587.45,122.14,93,213,2011-02,True,2.0,5.0,3.0,Can't Lose Them
14411,2011-02-02 10:56:00,2011-02-02 10:56:00,1,196,1063.0,United Kingdom,14,0.0,1063.0,1063.0,311,0,2011-02,True,1.0,1.0,4.0,Hibernating
14412,2011-09-28 08:48:00,2011-10-28 10:45:00,2,786,770.03,United Kingdom,43,8.7,761.33,385.02,43,30,2011-09,True,3.0,2.0,3.0,About to Sleep
14413,2010-12-12 13:37:00,2010-12-12 13:37:00,1,67,121.05,United Kingdom,22,0.0,121.05,121.05,363,0,2010-12,True,1.0,1.0,1.0,Hibernating
14414,2010-12-16 11:11:00,2011-09-09 12:09:00,7,2512,1496.98,United Kingdom,79,11.85,1485.13,213.85,92,267,2010-12,True,2.0,5.0,4.0,Can't Lose Them
14415,2010-12-14 13:31:00,2011-12-08 14:38:00,13,2996,5855.57,United Kingdom,283,88.72,5766.85,450.43,2,359,2010-12,True,5.0,5.0,5.0,Champions
14416,2011-10-28 15:10:00,2011-11-17 15:22:00,2,326,490.22,United Kingdom,13,0.0,490.22,245.11,23,20,2011-10,True,4.0,2.0,3.0,Potential Loyalists
14418,2011-08-23 17:18:00,2011-12-06 11:39:00,3,1711,1937.25,United Kingdom,114,0.0,1937.25,645.75,4,105,2011-08,True,5.0,3.0,4.0,Potential Loyalists
14419,2010-12-10 10:56:00,2011-11-29 11:22:00,6,483,1051.79,United Kingdom,112,0.0,1051.79,175.3,11,354,2010-12,True,5.0,5.0,4.0,Champions
14420,2011-09-01 18:07:00,2011-09-01 18:07:00,1,334,387.52,United Kingdom,29,1.65,385.87,387.52,100,0,2011-09,True,2.0,1.0,2.0,Hibernating
14421,2011-05-12 10:49:00,2011-10-13 13:24:00,2,365,813.11,United Kingdom,25,0.0,813.11,406.56,58,154,2011-05,True,3.0,2.0,3.0,About to Sleep
14422,2011-03-17 17:26:00,2011-12-09 11:26:00,6,2906,4263.64,United Kingdom,189,0.0,4263.64,710.61,1,267,2011-03,True,5.0,5.0,5.0,Champions
14423,2011-05-05 15:12:00,2011-05-05 15:12:00,1,120,265.2,United Kingdom,3,0.0,265.2,265.2,219,0,2011-05,True,1.0,1.0,2.0,Hibernating
14424,2011-11-22 11:48:00,2011-11-22 11:48:00,1,48,322.08,United Kingdom,1,0.0,322.08,322.08,18,0,2011-11,True,4.0,1.0,2.0,Promising
14426,2011-01-31 09:51:00,2011-11-16 12:25:00,10,2699,4481.67,United Kingdom,183,562.77,3918.9,448.17,24,289,2011-01,True,4.0,5.0,5.0,Loyal Customers
14427,2011-10-07 09:10:00,2011-10-20 14:23:00,2,228,363.34,United Kingdom,16,0.0,363.34,181.67,51,13,2011-10,True,3.0,2.0,2.0,About to Sleep
14428,2011-01-18 16:39:00,2011-12-02 13:17:00,5,428,1224.06,United Kingdom,108,14.69,1209.37,244.81,8,318,2011-01,True,5.0,4.0,4.0,Champions
14431,2011-02-10 10:40:00,2011-02-10 10:40:00,1,130,470.36,United Kingdom,17,47.1,423.26,470.36,303,0,2011-02,True,1.0,1.0,2.0,Hibernating
14432,2011-09-11 14:09:00,2011-11-30 08:04:00,6,2013,2248.5,United Kingdom,256,0.0,2248.5,374.75,10,80,2011-09,True,5.0,5.0,5.0,Champions
14434,2011-09-28 15:31:00,2011-11-18 08:56:00,6,368,1372.8,United Kingdom,3,0.0,1372.8,228.8,22,51,2011-09,True,4.0,5.0,4.0,Loyal Customers
14436,2011-09-02 10:13:00,2011-09-02 10:13:00,1,129,89.06,United Kingdom,9,0.0,89.06,89.06,99,0,2011-09,True,2.0,1.0,1.0,Hibernating
14437,2010-12-09 09:27:00,2010-12-09 09:27:00,1,60,63.0,United Kingdom,5,0.0,63.0,63.0,366,0,2010-12,True,1.0,1.0,1.0,Hibernating
14438,2011-02-06 14:56:00,2011-02-06 14:56:00,1,82,131.9,United Kingdom,9,0.0,131.9,131.9,307,0,2011-02,True,1.0,1.0,1.0,Hibernating
14439,2011-01-24 11:39:00,2011-01-24 11:39:00,1,526,2661.24,Greece,32,0.0,2661.24,2661.24,320,0,2011-01,True,1.0,1.0,5.0,Hibernating
14440,2010-12-09 12:49:00,2011-12-01 15:42:00,5,588,2357.68,United Kingdom,33,0.0,2357.68,471.54,9,357,2010-12,True,5.0,4.0,5.0,Champions
14441,2011-03-29 12:01:00,2011-12-09 09:07:00,4,446,1712.89,United Kingdom,43,167.75,1545.14,428.22,1,255,2011-03,True,5.0,4.0,4.0,Champions
14442,2011-01-27 09:33:00,2011-05-19 11:36:00,2,482,1589.82,Channel Islands,58,45.2,1544.62,794.91,205,112,2011-01,True,1.0,2.0,4.0,Hibernating
14443,2010-12-06 11:03:00,2011-10-17 10:10:00,4,938,1420.2,United Kingdom,84,19.32,1400.88,355.05,54,315,2010-12,True,3.0,4.0,4.0,Loyal Customers
14446,2011-04-07 12:10:00,2011-12-09 11:34:00,4,856,1005.55,United Kingdom,232,0.0,1005.55,251.39,1,246,2011-04,True,5.0,4.0,4.0,Champions
14447,2011-03-04 10:49:00,2011-11-21 08:28:00,5,571,1163.23,United Kingdom,54,0.0,1163.23,232.65,19,262,2011-03,True,4.0,4.0,4.0,Loyal Customers
14448,2010-12-10 17:26:00,2011-11-30 13:50:00,2,104,375.35,United Kingdom,20,0.0,375.35,187.68,10,355,2010-12,True,5.0,2.0,2.0,Potential Loyalists
14449,2010-12-02 14:09:00,2011-11-21 12:06:00,4,741,885.8,United Kingdom,201,0.0,885.8,221.45,19,354,2010-12,True,4.0,4.0,3.0,Loyal Customers
14450,2011-01-23 11:53:00,2011-06-12 10:46:00,3,241,483.25,United Kingdom,32,0.0,483.25,161.08,181,140,2011-01,True,1.0,3.0,3.0,At Risk
14451,2011-05-29 12:35:00,2011-10-10 13:38:00,2,378,643.9,United Kingdom,86,0.0,643.9,321.95,61,134,2011-05,True,3.0,2.0,3.0,About to Sleep
14452,2011-09-07 11:32:00,2011-11-29 12:06:00,2,116,259.05,United Kingdom,55,0.0,259.05,129.52,11,83,2011-09,True,5.0,2.0,2.0,Potential Loyalists
14453,2011-06-02 14:15:00,2011-06-02 14:15:00,1,49,119.93,United Kingdom,22,0.0,119.93,119.93,191,0,2011-06,True,1.0,1.0,1.0,Hibernating
14456,2011-07-20 13:06:00,2011-12-04 13:59:00,9,2848,3014.32,United Kingdom,579,13.52,3000.8,334.92,6,137,2011-07,True,5.0,5.0,5.0,Champions
14457,2011-02-02 09:39:00,2011-02-02 09:39:00,1,88,113.64,United Kingdom,4,0.0,113.64,113.64,311,0,2011-02,True,1.0,1.0,1.0,Hibernating
14459,2011-07-07 13:35:00,2011-07-07 13:35:00,1,760,1837.92,United Kingdom,37,0.0,1837.92,1837.92,156,0,2011-07,True,2.0,1.0,4.0,Hibernating
14460,2011-02-02 11:55:00,2011-08-21 14:19:00,3,881,434.34,United Kingdom,14,51.0,383.34,144.78,111,200,2011-02,True,2.0,3.0,2.0,At Risk
14461,2011-03-23 12:15:00,2011-07-14 17:11:00,3,765,2102.67,United Kingdom,172,0.0,2102.67,700.89,149,113,2011-03,True,2.0,3.0,5.0,At Risk
14462,2011-01-04 12:45:00,2011-10-04 15:55:00,11,954,1975.57,United Kingdom,149,33.12,1942.45,179.6,67,273,2011-01,True,3.0,5.0,4.0,Loyal Customers
14463,2011-05-18 14:42:00,2011-09-02 15:20:00,3,179,529.62,United Kingdom,6,0.0,529.62,176.54,99,107,2011-05,True,2.0,3.0,3.0,At Risk
14465,2011-02-10 12:13:00,2011-04-07 12:38:00,3,398,1038.44,United Kingdom,107,0.0,1038.44,346.15,247,56,2011-02,True,1.0,3.0,4.0,At Risk
14466,2010-12-02 13:36:00,2011-11-10 14:07:00,7,1006,2272.4,United Kingdom,35,0.0,2272.4,324.63,30,343,2010-12,True,4.0,5.0,5.0,Loyal Customers
14467,2011-01-31 12:35:00,2011-11-22 12:48:00,4,276,596.26,United Kingdom,67,0.0,596.26,149.06,18,295,2011-01,True,4.0,4.0,3.0,Loyal Customers
14470,2011-02-25 11:56:00,2011-11-28 10:31:00,2,193,461.19,United Kingdom,43,0.0,461.19,230.6,12,276,2011-02,True,5.0,2.0,2.0,Potential Loyalists
14472,2010-12-19 14:03:00,2011-08-28 11:01:00,8,1135,1852.67,United Kingdom,153,0.0,1852.67,231.58,104,252,2010-12,True,2.0,5.0,4.0,Can't Lose Them
14473,2011-03-02 13:56:00,2011-09-26 15:10:00,2,88,234.34,United Kingdom,7,0.0,234.34,117.17,75,208,2011-03,True,2.0,2.0,1.0,Hibernating
14474,2011-10-24 13:26:00,2011-10-24 13:26:00,1,140,547.66,United Kingdom,29,9.95,537.71,547.66,47,0,2011-10,True,3.0,1.0,3.0,About to Sleep
14475,2011-02-08 10:12:00,2011-09-29 10:46:00,3,447,925.85,United Kingdom,35,126.03,799.82,308.62,72,233,2011-02,True,3.0,3.0,3.0,Need Attention
14476,2011-03-27 15:39:00,2011-03-27 15:39:00,1,110,193.0,United Kingdom,17,0.0,193.0,193.0,258,0,2011-03,True,1.0,1.0,1.0,Hibernating
14477,2011-02-15 15:44:00,2011-11-20 11:11:00,4,720,1309.6,United Kingdom,7,1.79,1307.81,327.4,20,278,2011-02,True,4.0,4.0,4.0,Loyal Customers
14479,2010-12-09 12:59:00,2011-03-31 09:07:00,2,117,316.25,United Kingdom,18,0.0,316.25,158.12,254,112,2010-12,True,1.0,2.0,2.0,Hibernating
14480,2011-11-28 16:35:00,2011-11-28 16:35:00,1,143,279.05,United Kingdom,13,0.0,279.05,279.05,12,0,2011-11,True,5.0,1.0,2.0,New Customers
14481,2011-02-25 13:53:00,2011-06-28 10:38:00,2,489,636.51,United Kingdom,25,0.0,636.51,318.26,165,123,2011-02,True,2.0,2.0,3.0,Hibernating
14482,2011-04-14 16:41:00,2011-11-21 13:14:00,6,1627,2022.81,United Kingdom,110,0.0,2022.81,337.14,19,221,2011-04,True,4.0,5.0,5.0,Loyal Customers
14483,2011-03-03 10:26:00,2011-03-03 10:26:00,1,97,137.1,United Kingdom,9,7.9,129.2,137.1,282,0,2011-03,True,1.0,1.0,1.0,Hibernating
14484,2011-10-20 14:11:00,2011-10-20 14:11:00,1,210,321.92,United Kingdom,14,0.0,321.92,321.92,51,0,2011-10,True,3.0,1.0,2.0,About to Sleep
14485,2011-11-01 12:25:00,2011-11-01 12:25:00,1,70,162.8,United Kingdom,44,0.0,162.8,162.8,39,0,2011-11,True,3.0,1.0,1.0,About to Sleep
14487,2010-12-06 13:22:00,2011-11-13 12:17:00,6,712,1165.48,United Kingdom,112,12.75,1152.73,194.25,27,342,2010-12,True,4.0,5.0,4.0,Loyal Customers
14488,2011-10-03 09:30:00,2011-10-03 09:30:00,1,799,1064.28,United Kingdom,46,16.85,1047.43,1064.28,68,0,2011-10,True,3.0,1.0,4.0,About to Sleep
14489,2011-05-16 14:51:00,2011-05-16 14:51:00,1,299,463.38,United Kingdom,30,0.0,463.38,463.38,208,0,2011-05,True,1.0,1.0,2.0,Hibernating
14491,2010-12-02 12:10:00,2011-06-17 15:22:00,2,139,340.93,United Kingdom,17,0.0,340.93,170.46,176,197,2010-12,True,2.0,2.0,2.0,Hibernating
14493,2011-07-07 16:59:00,2011-12-02 16:14:00,5,1285,2383.24,United Kingdom,95,20.4,2362.84,476.65,8,148,2011-07,True,5.0,4.0,5.0,Champions
14494,2011-11-14 09:21:00,2011-11-14 09:21:00,1,92,139.56,United Kingdom,7,0.0,139.56,139.56,26,0,2011-11,True,4.0,1.0,1.0,Promising
14495,2011-08-10 14:13:00,2011-10-20 12:28:00,2,62,123.8,United Kingdom,6,0.0,123.8,61.9,51,71,2011-08,True,3.0,2.0,1.0,About to Sleep
14496,2010-12-01 15:35:00,2011-02-01 09:01:00,2,159,538.81,United Kingdom,16,0.0,538.81,269.41,312,62,2010-12,True,1.0,2.0,3.0,Hibernating
14497,2011-02-03 17:01:00,2011-02-03 17:01:00,1,235,475.37,United Kingdom,29,17.9,457.47,475.37,310,0,2011-02,True,1.0,1.0,2.0,Hibernating
14498,2010-12-13 11:29:00,2011-10-28 12:09:00,5,1098,1957.32,United Kingdom,162,0.0,1957.32,391.46,43,319,2010-12,True,3.0,4.0,4.0,Loyal Customers
14499,2011-03-06 11:55:00,2011-11-13 13:01:00,3,496,808.44,United Kingdom,146,0.0,808.44,269.48,27,252,2011-03,True,4.0,3.0,3.0,Potential Loyalists
14500,2011-06-03 10:08:00,2011-09-12 16:45:00,3,117,356.85,United Kingdom,6,0.0,356.85,118.95,89,101,2011-06,True,2.0,3.0,2.0,At Risk
14501,2011-01-24 10:43:00,2011-06-09 12:02:00,2,161,251.21,United Kingdom,9,60.9,190.31,125.6,184,136,2011-01,True,1.0,2.0,1.0,Hibernating
14502,2011-01-30 15:52:00,2011-11-20 11:50:00,11,1464,2426.79,United Kingdom,367,119.65,2307.14,220.62,20,294,2011-01,True,4.0,5.0,5.0,Loyal Customers
14503,2011-06-14 10:00:00,2011-12-06 13:30:00,6,2004,3543.26,United Kingdom,113,0.0,3543.26,590.54,4,175,2011-06,True,5.0,5.0,5.0,Champions
14504,2011-03-06 14:38:00,2011-10-23 16:00:00,4,308,673.26,United Kingdom,85,0.0,673.26,168.32,48,231,2011-03,True,3.0,4.0,3.0,Loyal Customers
14505,2010-12-12 16:14:00,2011-11-22 15:45:00,8,2739,5859.43,United Kingdom,540,86.94,5772.49,732.43,18,345,2010-12,True,4.0,5.0,5.0,Loyal Customers
14506,2010-12-05 14:25:00,2011-11-22 13:02:00,5,704,1960.65,United Kingdom,204,0.0,1960.65,392.13,18,352,2010-12,True,4.0,4.0,4.0,Loyal Customers
14507,2011-03-08 17:23:00,2011-11-16 12:21:00,6,594,1367.88,United Kingdom,79,15.0,1352.88,227.98,24,253,2011-03,True,4.0,5.0,4.0,Loyal Customers
14508,2011-09-11 11:29:00,2011-11-17 19:48:00,2,129,268.05,United Kingdom,52,0.0,268.05,134.02,23,67,2011-09,True,4.0,2.0,2.0,Potential Loyalists
14511,2011-07-29 12:13:00,2011-11-28 17:05:00,5,784,1314.81,United Kingdom,53,47.4,1267.41,262.96,12,122,2011-07,True,5.0,4.0,4.0,Champions
14512,2011-04-21 19:05:00,2011-06-05 12:39:00,2,122,275.28,United Kingdom,19,0.0,275.28,137.64,188,45,2011-04,True,1.0,2.0,2.0,Hibernating
14513,2011-02-24 09:36:00,2011-08-31 11:25:00,3,361,455.59,United Kingdom,11,17.1,438.49,151.86,101,188,2011-02,True,2.0,3.0,2.0,At Risk
14514,2011-01-12 15:22:00,2011-10-09 16:05:00,3,564,990.2,United Kingdom,65,0.0,990.2,330.07,62,270,2011-01,True,3.0,3.0,4.0,Need Attention
14515,2011-05-05 12:13:00,2011-11-22 11:37:00,6,1110,2076.89,United Kingdom,68,0.0,2076.89,346.15,18,201,2011-05,True,4.0,5.0,5.0,Loyal Customers
14517,2011-07-21 11:42:00,2011-11-06 14:20:00,2,91,330.45,United Kingdom,17,0.0,330.45,165.22,34,108,2011-07,True,3.0,2.0,2.0,About to Sleep
14518,2011-10-06 14:43:00,2011-10-06 14:43:00,1,278,174.37,United Kingdom,16,0.0,174.37,174.37,65,0,2011-10,True,3.0,1.0,1.0,About to Sleep
14520,2011-02-22 09:15:00,2011-12-08 09:46:00,2,146,270.6,United Kingdom,3,0.0,270.6,135.3,2,289,2011-02,True,5.0,2.0,2.0,Potential Loyalists
14522,2011-05-25 16:01:00,2011-11-15 13:24:00,4,525,974.54,United Kingdom,15,0.0,974.54,243.64,25,174,2011-05,True,4.0,4.0,4.0,Loyal Customers
14523,2011-08-23 13:13:00,2011-08-23 13:13:00,1,251,241.09,United Kingdom,12,0.0,241.09,241.09,109,0,2011-08,True,2.0,1.0,1.0,Hibernating
14524,2010-12-14 11:01:00,2011-11-08 12:29:00,9,669,1843.83,United Kingdom,161,0.0,1843.83,204.87,32,329,2010-12,True,4.0,5.0,4.0,Loyal Customers
14525,2010-12-13 17:40:00,2011-11-20 11:37:00,9,2637,4215.9,United Kingdom,217,65.83,4150.07,468.43,20,342,2010-12,True,4.0,5.0,5.0,Loyal Customers
14527,2010-12-05 13:17:00,2011-12-07 12:19:00,55,2086,8506.13,United Kingdom,329,28.6,8477.53,154.66,3,367,2010-12,True,5.0,5.0,5.0,Champions
14528,2011-11-02 17:09:00,2011-11-02 17:09:00,1,278,364.22,United Kingdom,18,0.0,364.22,364.22,38,0,2011-11,True,3.0,1.0,2.0,About to Sleep
14529,2011-08-21 14:10:00,2011-10-10 15:27:00,3,325,578.61,United Kingdom,177,0.0,578.61,192.87,61,50,2011-08,True,3.0,3.0,3.0,Need Attention
14530,2011-02-16 10:47:00,2011-11-14 10:38:00,6,1395,2862.11,United Kingdom,140,0.0,2862.11,477.02,26,271,2011-02,True,4.0,5.0,5.0,Loyal Customers
14532,2010-12-22 13:48:00,2011-04-17 13:05:00,4,284,932.85,United Kingdom,45,0.0,932.85,233.21,237,116,2010-12,True,1.0,4.0,4.0,At Risk
14533,2010-12-22 11:07:00,2011-11-15 12:05:00,7,4019,1949.72,United Kingdom,53,137.1,1812.62,278.53,25,328,2010-12,True,4.0,5.0,4.0,Loyal Customers
14534,2011-01-25 12:33:00,2011-12-07 12:19:00,18,2026,4395.65,United Kingdom,330,371.7,4023.95,244.2,3,316,2011-01,True,5.0,5.0,5.0,Champions
14535,2011-04-05 12:50:00,2011-10-10 15:39:00,3,1824,2854.84,United Kingdom,280,23.1,2831.74,951.61,61,188,2011-04,True,3.0,3.0,5.0,Need Attention
14536,2011-03-25 12:21:00,2011-03-25 12:21:00,1,39,170.95,United Kingdom,18,0.0,170.95,170.95,260,0,2011-03,True,1.0,1.0,1.0,Hibernating
14537,2011-10-13 10:54:00,2011-10-13 10:54:00,1,120,355.56,United Kingdom,10,0.0,355.56,355.56,58,0,2011-10,True,3.0,1.0,2.0,About to Sleep
14538,2011-03-28 14:57:00,2011-10-06 10:31:00,2,155,388.25,United Kingdom,19,0.0,388.25,194.12,65,192,2011-03,True,3.0,2.0,2.0,About to Sleep
14539,2011-10-26 12:03:00,2011-11-24 09:50:00,2,428,537.48,United Kingdom,31,0.0,537.48,268.74,16,29,2011-10,True,4.0,2.0,3.0,Potential Loyalists
14540,2011-02-03 15:02:00,2011-11-30 10:15:00,3,411,952.66,United Kingdom,64,0.0,952.66,317.55,10,300,2011-02,True,5.0,3.0,4.0,Potential Loyalists
14541,2011-01-24 14:16:00,2011-10-12 10:08:00,8,641,1453.35,United Kingdom,71,0.0,1453.35,181.67,59,261,2011-01,True,3.0,5.0,4.0,Loyal Customers
14542,2011-06-07 08:19:00,2011-06-07 08:19:00,1,19,103.25,United Kingdom,5,0.0,103.25,103.25,186,0,2011-06,True,1.0,1.0,1.0,Hibernating
14543,2010-12-10 11:51:00,2011-11-11 12:45:00,16,671,3560.08,United Kingdom,41,614.86,2945.22,222.5,29,336,2010-12,True,4.0,5.0,5.0,Loyal Customers
14544,2010-12-13 12:50:00,2011-11-15 15:06:00,2,1536,2004.3,United Kingdom,97,0.0,2004.3,1002.15,25,337,2010-12,True,4.0,2.0,5.0,Potential Loyalists
14546,2011-04-05 12:37:00,2011-12-04 13:00:00,5,1313,2573.93,United Kingdom,250,91.07,2482.86,514.79,6,243,2011-04,True,5.0,4.0,5.0,Champions
14547,2011-10-16 14:35:00,2011-12-06 11:06:00,8,2639,3974.75,United Kingdom,198,20.8,3953.95,496.84,4,51,2011-10,True,5.0,5.0,5.0,Champions
14548,2011-01-26 08:38:00,2011-07-12 12:19:00,2,256,652.8,United Kingdom,2,0.0,652.8,326.4,151,167,2011-01,True,2.0,2.0,3.0,Hibernating
14549,2011-02-01 13:47:00,2011-02-01 13:47:00,1,136,289.24,United Kingdom,56,0.0,289.24,289.24,312,0,2011-02,True,1.0,1.0,2.0,Hibernating
14550,2011-10-26 12:14:00,2011-11-29 12:12:00,2,389,757.37,United Kingdom,38,0.0,757.37,378.68,11,34,2011-10,True,5.0,2.0,3.0,Potential Loyalists
14551,2011-05-19 18:21:00,2011-11-21 13:36:00,2,106,186.23,United Kingdom,9,0.0,186.23,93.12,19,186,2011-05,True,4.0,2.0,1.0,Potential Loyalists
14552,2011-07-11 12:49:00,2011-07-11 12:49:00,1,90,164.22,United Kingdom,57,0.0,164.22,164.22,152,0,2011-07,True,2.0,1.0,1.0,Hibernating
14553,2011-01-04 15:40:00,2011-11-20 13:20:00,5,493,859.27,United Kingdom,103,0.0,859.27,171.85,20,320,2011-01,True,4.0,4.0,3.0,Loyal Customers
14554,2011-10-18 13:04:00,2011-11-29 16:44:00,4,1443,2279.49,United Kingdom,147,0.0,2279.49,569.87,11,42,2011-10,True,5.0,4.0,5.0,Champions
14555,2011-02-10 17:19:00,2011-10-13 16:24:00,2,122,312.54,United Kingdom,18,0.0,312.54,156.27,58,245,2011-02,True,3.0,2.0,2.0,About to Sleep
14557,2011-09-15 15:48:00,2011-09-15 15:48:00,1,510,788.38,United Kingdom,16,788.38,0.0,788.38,86,0,2011-09,False,,,,
14560,2010-12-17 09:22:00,2011-12-02 15:22:00,22,1260,2237.77,United Kingdom,39,63.59,2174.18,101.72,8,350,2010-12,True,5.0,5.0,5.0,Champions
14561,2011-06-08 13:26:00,2011-09-25 12:39:00,3,1014,1080.76,United Kingdom,67,0.0,1080.76,360.25,76,109,2011-06,True,2.0,3.0,4.0,At Risk
14562,2011-02-08 14:45:00,2011-12-06 11:05:00,18,1815,5006.77,United Kingdom,187,323.85,4682.92,278.15,4,301,2011-02,True,5.0,5.0,5.0,Champions
14565,2010-12-13 13:25:00,2011-09-05 09:07:00,4,1537,2949.12,United Kingdom,110,25.35,2923.77,737.28,96,266,2010-12,True,2.0,4.0,5.0,At Risk
14566,2011-08-21 11:05:00,2011-08-21 11:05:00,1,800,1432.0,Channel Islands,4,0.0,1432.0,1432.0,111,0,2011-08,True,2.0,1.0,4.0,Hibernating
14567,2011-08-01 13:48:00,2011-10-14 10:21:00,2,412,1530.36,United Kingdom,33,5.9,1524.46,765.18,57,74,2011-08,True,3.0,2.0,4.0,About to Sleep
14569,2011-12-08 14:58:00,2011-12-08 14:58:00,1,79,227.39,United Kingdom,10,0.0,227.39,227.39,2,0,2011-12,True,5.0,1.0,1.0,New Customers
14570,2011-03-04 10:39:00,2011-03-04 10:58:00,2,94,217.21,United Kingdom,28,0.0,217.21,108.6,281,0,2011-03,True,1.0,2.0,1.0,Hibernating
14572,2011-01-19 17:23:00,2011-12-06 14:40:00,7,1420,2804.54,United Kingdom,190,29.15,2775.39,400.65,4,321,2011-01,True,5.0,5.0,5.0,Champions
14573,2010-12-02 19:59:00,2011-06-13 11:15:00,9,534,1639.82,United Kingdom,127,49.7,1590.12,182.2,180,193,2010-12,True,1.0,5.0,4.0,Can't Lose Them
14576,2010-12-02 17:51:00,2010-12-02 17:51:00,1,12,35.4,United Kingdom,1,0.0,35.4,35.4,373,0,2010-12,True,1.0,1.0,1.0,Hibernating
14577,2010-12-12 11:26:00,2011-11-27 12:47:00,4,353,859.71,United Kingdom,86,0.0,859.71,214.93,13,350,2010-12,True,5.0,4.0,3.0,Champions
14578,2011-12-06 17:18:00,2011-12-06 17:18:00,1,240,168.63,United Kingdom,24,0.0,168.63,168.63,4,0,2011-12,True,5.0,1.0,1.0,New Customers
14581,2011-11-23 12:39:00,2011-11-23 12:39:00,1,217,138.6,United Kingdom,16,0.0,138.6,138.6,17,0,2011-11,True,4.0,1.0,1.0,Promising
14582,2011-10-30 11:56:00,2011-10-30 11:56:00,1,73,114.11,United Kingdom,6,0.0,114.11,114.11,41,0,2011-10,True,3.0,1.0,1.0,About to Sleep
14583,2011-05-18 11:28:00,2011-12-04 12:32:00,5,751,986.96,United Kingdom,243,0.0,986.96,197.39,6,200,2011-05,True,5.0,4.0,4.0,Champions
14584,2011-05-25 17:31:00,2011-06-23 18:33:00,4,381,1033.06,United Kingdom,68,13.0,1020.06,258.26,170,29,2011-05,True,2.0,4.0,4.0,At Risk
14585,2011-10-20 14:33:00,2011-10-20 14:33:00,1,91,157.05,United Kingdom,29,0.0,157.05,157.05,51,0,2011-10,True,3.0,1.0,1.0,About to Sleep
14586,2011-03-08 10:04:00,2011-03-08 10:04:00,1,444,237.36,United Kingdom,19,103.2,134.16,237.36,277,0,2011-03,True,1.0,1.0,1.0,Hibernating
14587,2011-01-12 13:16:00,2011-11-21 11:34:00,9,749,1580.29,United Kingdom,170,2.9,1577.39,175.59,19,313,2011-01,True,4.0,5.0,4.0,Loyal Customers
14589,2010-12-03 11:42:00,2010-12-03 11:42:00,1,5,39.75,United Kingdom,3,0.0,39.75,39.75,372,0,2010-12,True,1.0,1.0,1.0,Hibernating
14591,2011-05-10 14:09:00,2011-11-24 13:57:00,4,1228,1320.21,United Kingdom,138,0.0,1320.21,330.05,16,198,2011-05,True,4.0,4.0,4.0,Loyal Customers
14592,2011-10-06 18:08:00,2011-11-04 16:35:00,3,407,557.94,United Kingdom,132,0.0,557.94,185.98,36,29,2011-10,True,3.0,3.0,3.0,Need Attention
14593,2011-05-25 11:14:00,2011-11-18 12:48:00,3,330,617.15,United Kingdom,127,0.0,617.15,205.72,22,177,2011-05,True,4.0,3.0,3.0,Potential Loyalists
14594,2010-12-01 13:54:00,2011-12-02 13:28:00,2,183,363.33,United Kingdom,48,0.0,363.33,181.66,8,366,2010-12,True,5.0,2.0,2.0,Potential Loyalists
14595,2011-01-30 13:36:00,2011-11-20 12:12:00,6,978,1740.6,United Kingdom,94,0.0,1740.6,290.1,20,294,2011-01,True,4.0,5.0,4.0,Loyal Customers
14597,2011-06-01 12:33:00,2011-11-28 13:13:00,2,566,866.24,United Kingdom,45,0.0,866.24,433.12,12,180,2011-06,True,5.0,2.0,3.0,Potential Loyalists
14598,2011-10-26 13:19:00,2011-10-26 13:19:00,1,189,221.97,United Kingdom,49,0.0,221.97,221.97,45,0,2011-10,True,3.0,1.0,1.0,About to Sleep
14600,2011-02-07 09:48:00,2011-02-07 09:48:00,1,125,393.33,United Kingdom,25,0.0,393.33,393.33,306,0,2011-02,True,1.0,1.0,2.0,Hibernating
14601,2011-11-29 09:48:00,2011-11-29 09:48:00,1,168,213.96,United Kingdom,7,0.0,213.96,213.96,11,0,2011-11,True,5.0,1.0,1.0,New Customers
14603,2011-03-10 10:27:00,2011-03-10 10:27:00,1,400,660.0,United Kingdom,2,0.0,660.0,660.0,275,0,2011-03,True,1.0,1.0,3.0,Hibernating
14606,2010-12-01 16:57:00,2011-12-08 19:28:00,90,6177,11926.15,United Kingdom,816,439.55,11486.6,132.51,2,372,2010-12,True,5.0,5.0,5.0,Champions
14607,2011-03-23 15:22:00,2011-11-24 10:35:00,12,10734,15021.5,United Kingdom,37,5228.4,9793.1,1251.79,16,246,2011-03,True,4.0,5.0,5.0,Loyal Customers
14608,2010-12-12 14:49:00,2011-12-05 16:52:00,4,437,1785.15,United Kingdom,8,0.0,1785.15,446.29,5,358,2010-12,True,5.0,4.0,4.0,Champions
14609,2011-02-16 12:10:00,2011-09-28 12:54:00,4,7026,601.56,United Kingdom,2,0.0,601.56,150.39,73,224,2011-02,True,2.0,4.0,3.0,At Risk
14616,2011-01-26 12:42:00,2011-04-11 09:54:00,3,104,406.08,United Kingdom,2,0.0,406.08,135.36,243,75,2011-01,True,1.0,3.0,2.0,At Risk
14618,2011-01-06 11:59:00,2011-11-30 13:45:00,3,264,553.44,United Kingdom,10,14.85,538.59,184.48,10,328,2011-01,True,5.0,3.0,3.0,Potential Loyalists
14619,2011-04-08 07:37:00,2011-04-08 07:37:00,1,152,394.44,United Kingdom,20,14.93,379.51,394.44,246,0,2011-04,True,1.0,1.0,2.0,Hibernating
14620,2011-03-01 08:30:00,2011-05-18 11:58:00,2,214,412.78,United Kingdom,26,19.5,393.28,206.39,206,78,2011-03,True,1.0,2.0,2.0,Hibernating
14621,2010-12-16 13:00:00,2011-12-08 16:22:00,5,993,1788.36,United Kingdom,80,22.6,1765.76,357.67,2,357,2010-12,True,5.0,4.0,4.0,Champions
14622,2011-06-08 12:42:00,2011-06-08 12:42:00,1,146,320.58,United Kingdom,21,0.0,320.58,320.58,185,0,2011-06,True,1.0,1.0,2.0,Hibernating
14623,2011-04-18 13:54:00,2011-11-07 13:56:00,5,406,882.02,United Kingdom,107,19.9,862.12,176.4,33,203,2011-04,True,4.0,4.0,3.0,Loyal Customers
14624,2011-10-11 14:39:00,2011-10-13 13:44:00,2,162,225.85,United Kingdom,13,0.0,225.85,112.92,58,2,2011-10,True,3.0,2.0,1.0,About to Sleep
14625,2010-12-13 15:36:00,2011-05-27 15:32:00,2,335,899.63,United Kingdom,51,51.15,848.48,449.82,197,165,2010-12,True,1.0,2.0,3.0,Hibernating
14626,2011-04-20 13:18:00,2011-11-16 10:37:00,4,1403,2791.27,United Kingdom,108,34.2,2757.07,697.82,24,210,2011-04,True,4.0,4.0,5.0,Loyal Customers
14628,2011-04-11 14:43:00,2011-09-09 14:58:00,2,272,671.96,United Kingdom,22,0.0,671.96,335.98,92,151,2011-04,True,2.0,2.0,3.0,Hibernating
14629,2011-10-23 16:13:00,2011-12-05 16:55:00,2,378,955.26,United Kingdom,133,19.8,935.46,477.63,5,43,2011-10,True,5.0,2.0,4.0,Potential Loyalists
14631,2011-02-14 09:31:00,2011-10-20 11:17:00,3,622,1006.98,United Kingdom,38,0.0,1006.98,335.66,51,248,2011-02,True,3.0,3.0,4.0,Need Attention
14632,2011-03-22 08:49:00,2011-03-22 08:49:00,1,96,114.56,United Kingdom,8,0.0,114.56,114.56,263,0,2011-03,True,1.0,1.0,1.0,Hibernating
14633,2011-03-18 17:07:00,2011-03-18 17:07:00,1,96,344.9,United Kingdom,20,0.0,344.9,344.9,267,0,2011-03,True,1.0,1.0,2.0,Hibernating
14636,2011-03-16 09:52:00,2011-11-03 16:12:00,2,241,609.85,United Kingdom,27,0.0,609.85,304.92,37,232,2011-03,True,3.0,2.0,3.0,About to Sleep
14638,2011-10-20 10:10:00,2011-10-20 10:10:00,1,166,443.6,United Kingdom,16,0.0,443.6,443.6,51,0,2011-10,True,3.0,1.0,2.0,About to Sleep
14639,2010-12-13 13:50:00,2011-10-18 15:06:00,6,1431,2984.49,United Kingdom,138,32.15,2952.34,497.42,53,309,2010-12,True,3.0,5.0,5.0,Loyal Customers
14640,2011-04-26 12:31:00,2011-11-15 13:07:00,6,880,2107.38,United Kingdom,87,82.93,2024.45,351.23,25,203,2011-04,True,4.0,5.0,5.0,Loyal Customers
14641,2011-11-18 10:42:00,2011-11-18 10:42:00,1,90,110.46,United Kingdom,7,0.0,110.46,110.46,22,0,2011-11,True,4.0,1.0,1.0,Promising
14642,2011-10-12 11:08:00,2011-10-12 11:08:00,1,76,96.12,United Kingdom,2,0.0,96.12,96.12,59,0,2011-10,True,3.0,1.0,1.0,About to Sleep
14643,2010-12-16 17:53:00,2011-06-22 14:41:00,2,815,693.81,United Kingdom,30,25.2,668.61,346.9,171,188,2010-12,True,2.0,2.0,3.0,Hibernating
14644,2011-02-14 14:14:00,2011-10-03 08:30:00,2,258,830.76,United Kingdom,26,50.3,780.46,415.38,68,231,2011-02,True,3.0,2.0,3.0,About to Sleep
14645,2011-03-09 09:52:00,2011-07-06 09:15:00,2,381,597.09,United Kingdom,28,0.0,597.09,298.54,157,119,2011-03,True,2.0,2.0,3.0,Hibernating
14646,2010-12-20 10:09:00,2011-12-08 12:12:00,72,196844,279138.02,Netherlands,699,360.0,278778.02,3876.92,2,353,2010-12,True,5.0,5.0,5.0,Champions
14647,2011-05-22 13:40:00,2011-05-22 13:40:00,1,91,236.04,United Kingdom,24,0.0,236.04,236.04,202,0,2011-05,True,1.0,1.0,1.0,Hibernating
14649,2011-05-11 14:37:00,2011-12-05 12:30:00,4,1004,1402.59,United Kingdom,148,0.0,1402.59,350.65,5,208,2011-05,True,5.0,4.0,4.0,Champions
14651,2011-05-12 16:29:00,2011-10-03 15:52:00,2,343,653.75,United Kingdom,95,0.0,653.75,326.88,68,144,2011-05,True,3.0,2.0,3.0,About to Sleep
14652,2011-09-23 14:21:00,2011-09-23 14:21:00,1,53,114.18,United Kingdom,29,0.0,114.18,114.18,78,0,2011-09,True,2.0,1.0,1.0,Hibernating
14653,2011-01-05 13:40:00,2011-12-08 13:45:00,7,944,1916.7,United Kingdom,153,0.0,1916.7,273.81,2,337,2011-01,True,5.0,5.0,4.0,Champions
14655,2011-05-01 14:59:00,2011-12-01 16:28:00,4,1089,1932.23,United Kingdom,35,2.08,1930.15,483.06,9,214,2011-05,True,5.0,4.0,4.0,Champions
14656,2011-03-01 13:19:00,2011-06-23 13:51:00,2,120,291.05,United Kingdom,73,0.0,291.05,145.52,170,114,2011-03,True,2.0,2.0,2.0,Hibernating
14657,2011-01-17 15:19:00,2011-11-22 12:47:00,4,466,848.22,United Kingdom,103,9.95,838.27,212.06,18,309,2011-01,True,4.0,4.0,3.0,Loyal Customers
14658,2011-08-14 15:42:00,2011-12-04 15:35:00,2,47,247.15,United Kingdom,27,0.0,247.15,123.58,6,112,2011-08,True,5.0,2.0,2.0,Potential Loyalists
14659,2011-01-28 12:43:00,2011-12-01 12:17:00,9,1195,2529.93,United Kingdom,147,73.4,2456.53,281.1,9,307,2011-01,True,5.0,5.0,5.0,Champions
14660,2011-08-31 10:40:00,2011-09-14 11:34:00,2,228,285.74,United Kingdom,24,0.0,285.74,142.87,87,14,2011-08,True,2.0,2.0,2.0,Hibernating
14661,2011-11-13 11:51:00,2011-11-13 11:51:00,1,35,107.95,United Kingdom,4,0.0,107.95,107.95,27,0,2011-11,True,4.0,1.0,1.0,Promising
14662,2011-01-27 17:41:00,2011-11-11 12:13:00,4,578,741.37,United Kingdom,143,0.0,741.37,185.34,29,288,2011-01,True,4.0,4.0,3.0,Loyal Customers
14664,2011-11-06 14:56:00,2011-11-20 10:59:00,2,465,636.24,United Kingdom,78,0.0,636.24,318.12,20,14,2011-11,True,4.0,2.0,3.0,Potential Loyalists
14665,2011-02-02 09:08:00,2011-10-10 09:14:00,5,740,1835.7,United Kingdom,63,577.32,1258.38,367.14,61,250,2011-02,True,3.0,4.0,4.0,Loyal Customers
14666,2011-11-15 12:57:00,2011-11-15 12:57:00,1,155,179.95,United Kingdom,13,0.0,179.95,179.95,25,0,2011-11,True,4.0,1.0,1.0,Promising
14667,2010-12-06 13:13:00,2011-11-29 11:30:00,25,5318,9170.79,United Kingdom,353,10.0,9160.79,366.83,11,358,2010-12,True,5.0,5.0,5.0,Champions
14669,2011-01-11 12:30:00,2011-04-12 11:43:00,3,770,1259.24,United Kingdom,158,0.0,1259.24,419.75,242,91,2011-01,True,1.0,3.0,4.0,At Risk
14670,2011-03-04 13:58:00,2011-03-04 14:13:00,2,326,392.86,United Kingdom,107,0.0,392.86,196.43,281,0,2011-03,True,1.0,2.0,2.0,Hibernating
14672,2011-01-07 15:48:00,2011-04-19 10:19:00,2,454,765.55,United Kingdom,58,0.0,765.55,382.78,235,102,2011-01,True,1.0,2.0,3.0,Hibernating
14673,2010-12-07 12:49:00,2011-12-06 14:31:00,5,1004,1736.4,United Kingdom,39,0.0,1736.4,347.28,4,364,2010-12,True,5.0,4.0,4.0,Champions
14675,2011-11-23 12:58:00,2011-11-23 12:58:00,1,336,596.36,United Kingdom,93,0.0,596.36,596.36,17,0,2011-11,True,4.0,1.0,3.0,Promising
14676,2011-03-01 14:26:00,2011-11-08 13:29:00,6,2500,2548.24,United Kingdom,29,5.0,2543.24,424.71,32,252,2011-03,True,4.0,5.0,5.0,Loyal Customers
14680,2010-12-03 12:05:00,2011-11-14 16:59:00,16,13476,28754.11,United Kingdom,73,1821.77,26932.34,1797.13,26,346,2010-12,True,4.0,5.0,5.0,Loyal Customers
14681,2011-05-12 10:45:00,2011-09-29 15:52:00,3,76,498.95,United Kingdom,6,0.0,498.95,166.32,72,140,2011-05,True,3.0,3.0,3.0,Need Attention
14682,2011-05-22 12:51:00,2011-06-05 12:12:00,2,80,52.0,United Kingdom,1,0.0,52.0,26.0,188,14,2011-05,True,1.0,2.0,1.0,Hibernating
14684,2010-12-12 12:44:00,2011-11-14 11:33:00,5,821,1201.51,United Kingdom,231,0.0,1201.51,240.3,26,337,2010-12,True,4.0,4.0,4.0,Loyal Customers
14687,2011-08-25 11:59:00,2011-08-25 11:59:00,1,470,628.38,United Kingdom,15,0.0,628.38,628.38,107,0,2011-08,True,2.0,1.0,3.0,Hibernating
14688,2010-12-01 09:37:00,2011-12-02 12:26:00,21,3584,5579.1,United Kingdom,148,523.49,5055.61,265.67,8,366,2010-12,True,5.0,5.0,5.0,Champions
14689,2011-05-15 11:22:00,2011-05-15 11:22:00,1,76,112.8,United Kingdom,13,0.0,112.8,112.8,209,0,2011-05,True,1.0,1.0,1.0,Hibernating
14690,2011-07-11 11:58:00,2011-10-26 15:39:00,2,167,355.05,United Kingdom,40,13.09,341.96,177.52,45,107,2011-07,True,3.0,2.0,2.0,About to Sleep
14691,2011-05-11 09:55:00,2011-11-09 12:30:00,5,707,2114.33,United Kingdom,50,0.0,2114.33,422.87,31,182,2011-05,True,4.0,4.0,5.0,Loyal Customers
14692,2011-01-21 13:47:00,2011-07-25 15:08:00,4,265,591.55,United Kingdom,53,9.5,582.05,147.89,138,185,2011-01,True,2.0,4.0,3.0,At Risk
14693,2011-03-20 12:50:00,2011-03-20 12:50:00,1,34,172.9,United Kingdom,8,0.0,172.9,172.9,265,0,2011-03,True,1.0,1.0,1.0,Hibernating
14696,2010-12-01 15:37:00,2011-12-05 13:43:00,7,1630,2078.95,United Kingdom,117,7.98,2070.97,296.99,5,369,2010-12,True,5.0,5.0,5.0,Champions
14697,2011-05-05 15:29:00,2011-05-05 15:39:00,2,181,188.61,United Kingdom,22,0.0,188.61,94.3,219,0,2011-05,True,1.0,2.0,1.0,Hibernating
14698,2011-10-19 12:54:00,2011-12-08 12:26:00,5,602,1217.27,United Kingdom,148,0.0,1217.27,243.45,2,50,2011-10,True,5.0,4.0,4.0,Champions
14699,2011-05-09 14:54:00,2011-05-09 14:54:00,1,77,109.13,United Kingdom,8,0.0,109.13,109.13,215,0,2011-05,True,1.0,1.0,1.0,Hibernating
14700,2011-04-15 13:16:00,2011-11-07 14:40:00,3,1314,2195.1,United Kingdom,80,0.0,2195.1,731.7,33,206,2011-04,True,4.0,3.0,5.0,Potential Loyalists
14701,2011-01-27 12:40:00,2011-11-29 12:38:00,9,921,2526.09,United Kingdom,268,63.15,2462.94,280.68,11,306,2011-01,True,5.0,5.0,5.0,Champions
14702,2010-12-09 19:23:00,2011-12-08 19:29:00,17,1439,3251.79,United Kingdom,196,41.5,3210.29,191.28,2,364,2010-12,True,5.0,5.0,5.0,Champions
14703,2011-11-25 09:23:00,2011-11-25 09:23:00,1,183,318.17,United Kingdom,22,0.0,318.17,318.17,15,0,2011-11,True,4.0,1.0,2.0,Promising
14704,2011-06-12 13:59:00,2011-11-20 12:20:00,7,1035,1461.62,United Kingdom,286,0.0,1461.62,208.8,20,161,2011-06,True,4.0,5.0,4.0,Loyal Customers
14705,2011-05-25 12:39:00,2011-05-25 12:39:00,1,100,179.0,United Kingdom,1,0.0,179.0,179.0,199,0,2011-05,True,1.0,1.0,1.0,Hibernating
14708,2010-12-06 12:23:00,2011-12-07 08:21:00,3,621,1126.37,United Kingdom,25,29.7,1096.67,375.46,3,366,2010-12,True,5.0,3.0,4.0,Potential Loyalists
14709,2010-12-16 13:43:00,2011-11-24 15:41:00,13,2484,4921.04,United Kingdom,71,9.9,4911.14,378.54,16,343,2010-12,True,4.0,5.0,5.0,Loyal Customers
14710,2011-10-11 13:49:00,2011-11-25 14:53:00,4,375,599.48,United Kingdom,124,0.0,599.48,149.87,15,45,2011-10,True,4.0,4.0,3.0,Loyal Customers
14711,2011-03-22 13:32:00,2011-11-29 14:58:00,11,966,2839.62,United Kingdom,221,30.6,2809.02,258.15,11,252,2011-03,True,5.0,5.0,5.0,Champions
14712,2011-08-19 13:33:00,2011-11-10 12:59:00,3,315,917.07,United Kingdom,21,0.0,917.07,305.69,30,83,2011-08,True,4.0,3.0,4.0,Potential Loyalists
14713,2010-12-09 18:58:00,2011-11-30 16:26:00,11,1613,2662.2,United Kingdom,146,2.1,2660.1,242.02,10,356,2010-12,True,5.0,5.0,5.0,Champions
14714,2011-11-15 13:07:00,2011-11-15 13:07:00,1,229,160.19,United Kingdom,10,0.0,160.19,160.19,25,0,2011-11,True,4.0,1.0,1.0,Promising
14715,2011-01-12 13:27:00,2011-11-15 12:10:00,4,521,867.38,United Kingdom,60,0.0,867.38,216.84,25,307,2011-01,True,4.0,4.0,3.0,Loyal Customers
14716,2011-07-14 12:42:00,2011-10-27 17:29:00,2,495,307.51,United Kingdom,46,0.0,307.51,153.76,44,105,2011-07,True,3.0,2.0,2.0,About to Sleep
14719,2011-04-04 14:17:00,2011-12-08 12:43:00,5,1025,1581.84,United Kingdom,177,9.95,1571.89,316.37,2,248,2011-04,True,5.0,4.0,4.0,Champions
14720,2011-08-05 12:06:00,2011-12-04 12:02:00,3,219,663.81,United Kingdom,34,0.0,663.81,221.27,6,121,2011-08,True,5.0,3.0,3.0,Potential Loyalists
14722,2011-07-15 14:58:00,2011-07-15 14:58:00,1,118,180.42,United Kingdom,28,0.0,180.42,180.42,148,0,2011-07,True,2.0,1.0,1.0,Hibernating
14723,2010-12-03 14:18:00,2011-11-29 15:23:00,6,671,1120.66,United Kingdom,192,0.0,1120.66,186.78,11,361,2010-12,True,5.0,5.0,4.0,Champions
14725,2011-11-15 12:42:00,2011-11-15 12:42:00,1,588,655.58,United Kingdom,45,0.0,655.58,655.58,25,0,2011-11,True,4.0,1.0,3.0,Promising
14727,2011-03-10 14:45:00,2011-03-10 14:45:00,1,62,268.58,United Kingdom,10,0.0,268.58,268.58,275,0,2011-03,True,1.0,1.0,2.0,Hibernating
14729,2010-12-01 12:43:00,2010-12-01 12:43:00,1,197,313.49,United Kingdom,69,0.0,313.49,313.49,374,0,2010-12,True,1.0,1.0,2.0,Hibernating
14730,2011-03-08 12:49:00,2011-12-08 14:39:00,8,1078,1897.57,United Kingdom,317,0.0,1897.57,237.2,2,275,2011-03,True,5.0,5.0,4.0,Champions
14731,2011-05-11 13:06:00,2011-10-23 15:54:00,3,256,380.02,United Kingdom,38,0.0,380.02,126.67,48,165,2011-05,True,3.0,3.0,2.0,Need Attention
14732,2011-01-04 14:40:00,2011-12-01 14:34:00,8,1405,2702.49,United Kingdom,105,16.15,2686.34,337.81,9,331,2011-01,True,5.0,5.0,5.0,Champions
14733,2010-12-07 11:30:00,2011-11-23 15:39:00,12,3764,9585.91,United Kingdom,102,134.37,9451.54,798.83,17,351,2010-12,True,4.0,5.0,5.0,Loyal Customers
14735,2010-12-16 16:05:00,2011-12-06 12:09:00,31,2263,6050.69,United Kingdom,98,258.0,5792.69,195.18,4,355,2010-12,True,5.0,5.0,5.0,Champions
14737,2010-12-21 13:49:00,2011-12-06 10:16:00,3,345,1164.55,United Kingdom,15,0.0,1164.55,388.18,4,350,2010-12,True,5.0,3.0,4.0,Potential Loyalists
14738,2011-01-27 14:10:00,2011-10-28 08:56:00,7,601,1314.45,United Kingdom,39,24.51,1289.94,187.78,43,274,2011-01,True,3.0,5.0,4.0,Loyal Customers
14739,2010-12-07 14:58:00,2011-12-05 16:54:00,7,3820,3902.28,United Kingdom,47,3.18,3899.1,557.47,5,363,2010-12,True,5.0,5.0,5.0,Champions
14740,2011-03-01 08:35:00,2011-05-26 18:17:00,3,735,1448.21,United Kingdom,85,25.0,1423.21,482.74,198,86,2011-03,True,1.0,3.0,4.0,At Risk
14741,2010-12-02 08:43:00,2011-11-28 08:48:00,6,841,1400.34,United Kingdom,35,0.0,1400.34,233.39,12,361,2010-12,True,5.0,5.0,4.0,Champions
14744,2010-12-08 10:21:00,2011-11-23 12:51:00,7,627,1099.98,United Kingdom,21,11.45,1088.53,157.14,17,350,2010-12,True,4.0,5.0,4.0,Loyal Customers
14745,2011-02-27 15:25:00,2011-08-19 10:05:00,5,1038,1220.26,United Kingdom,46,53.1,1167.16,244.05,113,173,2011-02,True,2.0,4.0,4.0,At Risk
14747,2011-04-04 14:09:00,2011-04-04 14:09:00,1,84,328.2,United Kingdom,18,33.9,294.3,328.2,250,0,2011-04,True,1.0,1.0,2.0,Hibernating
14748,2010-12-06 10:19:00,2011-11-10 18:33:00,5,1223,1415.75,United Kingdom,87,96.9,1318.85,283.15,30,339,2010-12,True,4.0,4.0,4.0,Loyal Customers
14752,2011-10-27 11:55:00,2011-10-27 11:55:00,1,260,389.64,United Kingdom,5,0.0,389.64,389.64,44,0,2011-10,True,3.0,1.0,2.0,About to Sleep
14753,2011-09-13 14:50:00,2011-09-13 14:50:00,1,211,563.15,United Kingdom,30,0.0,563.15,563.15,88,0,2011-09,True,2.0,1.0,3.0,Hibernating
14754,2011-02-17 12:21:00,2011-10-26 12:01:00,2,486,638.05,United Kingdom,38,0.0,638.05,319.02,45,251,2011-02,True,3.0,2.0,3.0,About to Sleep
14755,2011-01-09 14:02:00,2011-11-30 11:24:00,11,2219,5010.28,United Kingdom,128,44.9,4965.38,455.48,10,325,2011-01,True,5.0,5.0,5.0,Champions
14756,2011-11-24 18:13:00,2011-11-24 18:13:00,1,416,738.96,United Kingdom,38,0.0,738.96,738.96,16,0,2011-11,True,4.0,1.0,3.0,Promising
14757,2011-09-25 14:36:00,2011-09-25 14:36:00,1,160,420.5,United Kingdom,19,0.0,420.5,420.5,76,0,2011-09,True,2.0,1.0,2.0,Hibernating
14758,2011-03-25 12:10:00,2011-07-18 08:21:00,4,419,1484.06,United Kingdom,54,0.0,1484.06,371.02,145,115,2011-03,True,2.0,4.0,4.0,At Risk
14759,2011-04-21 10:55:00,2011-12-05 12:03:00,3,569,1625.97,United Kingdom,92,0.0,1625.97,541.99,5,228,2011-04,True,5.0,3.0,4.0,Potential Loyalists
14760,2011-02-15 16:27:00,2011-02-15 16:27:00,1,40,89.2,United Kingdom,5,35.4,53.8,89.2,298,0,2011-02,True,1.0,1.0,1.0,Hibernating
14761,2011-01-09 12:03:00,2011-10-12 12:10:00,2,118,255.9,United Kingdom,11,0.0,255.9,127.95,59,276,2011-01,True,3.0,2.0,2.0,About to Sleep
14762,2011-03-21 08:20:00,2011-03-21 08:20:00,1,341,300.52,United Kingdom,21,0.0,300.52,300.52,264,0,2011-03,True,1.0,1.0,2.0,Hibernating
14764,2011-10-24 11:54:00,2011-10-24 11:54:00,1,190,278.3,United Kingdom,6,27.75,250.55,278.3,47,0,2011-10,True,3.0,1.0,2.0,About to Sleep
14765,2011-06-16 19:49:00,2011-11-10 19:53:00,3,135,254.11,United Kingdom,38,0.0,254.11,84.7,30,147,2011-06,True,4.0,3.0,2.0,Potential Loyalists
14766,2010-12-08 15:33:00,2011-12-01 16:05:00,6,1349,2473.37,United Kingdom,111,50.3,2423.07,412.23,9,358,2010-12,True,5.0,5.0,5.0,Champions
14768,2011-08-04 13:25:00,2011-11-22 12:54:00,2,52,192.6,United Kingdom,4,53.1,139.5,96.3,18,110,2011-08,True,4.0,2.0,1.0,Potential Loyalists
14769,2010-12-17 11:40:00,2011-12-07 10:24:00,8,7238,10415.33,United Kingdom,717,33.15,10382.18,1301.92,3,355,2010-12,True,5.0,5.0,5.0,Champions
14770,2011-01-20 15:00:00,2011-04-21 14:21:00,2,490,876.42,United Kingdom,49,0.0,876.42,438.21,233,91,2011-01,True,1.0,2.0,3.0,Hibernating
14772,2011-08-19 15:04:00,2011-08-19 15:04:00,1,82,139.26,United Kingdom,9,0.0,139.26,139.26,113,0,2011-08,True,2.0,1.0,1.0,Hibernating
14775,2010-12-02 16:38:00,2011-10-12 15:27:00,3,1174,1011.9,United Kingdom,57,0.0,1011.9,337.3,59,314,2010-12,True,3.0,3.0,4.0,Need Attention
14776,2011-01-31 13:17:00,2011-10-19 15:34:00,11,3134,2538.3,United Kingdom,44,342.72,2195.58,230.75,52,261,2011-01,True,3.0,5.0,5.0,Loyal Customers
14778,2011-02-04 11:43:00,2011-08-04 15:23:00,2,306,730.86,United Kingdom,34,0.0,730.86,365.43,128,181,2011-02,True,2.0,2.0,3.0,Hibernating
14779,2011-01-20 12:04:00,2011-03-04 12:42:00,3,84,386.15,United Kingdom,40,0.0,386.15,128.72,281,43,2011-01,True,1.0,3.0,2.0,At Risk
14780,2011-09-21 15:15:00,2011-10-16 12:46:00,2,310,447.68,United Kingdom,26,0.0,447.68,223.84,55,25,2011-09,True,3.0,2.0,2.0,About to Sleep
14782,2011-01-24 11:12:00,2011-01-24 11:12:00,1,114,200.1,United Kingdom,6,0.0,200.1,200.1,320,0,2011-01,True,1.0,1.0,1.0,Hibernating
14784,2011-01-20 09:25:00,2011-11-13 13:30:00,2,237,289.99,United Kingdom,15,0.0,289.99,145.0,27,297,2011-01,True,4.0,2.0,2.0,Potential Loyalists
14785,2011-11-24 13:40:00,2011-11-29 13:21:00,2,84,77.4,United Kingdom,2,0.0,77.4,38.7,11,5,2011-11,True,5.0,2.0,1.0,Potential Loyalists
14788,2011-11-13 15:52:00,2011-12-02 17:06:00,2,421,679.44,United Kingdom,26,0.0,679.44,339.72,8,19,2011-11,True,5.0,2.0,3.0,Potential Loyalists
14789,2011-11-11 08:59:00,2011-11-11 08:59:00,1,116,197.64,United Kingdom,6,0.0,197.64,197.64,29,0,2011-11,True,4.0,1.0,1.0,Promising
14790,2011-03-31 11:49:00,2011-11-23 09:28:00,4,699,745.06,United Kingdom,30,0.0,745.06,186.26,17,237,2011-03,True,4.0,4.0,3.0,Loyal Customers
14792,2011-10-07 09:19:00,2011-10-07 09:19:00,1,2,6.2,United Kingdom,2,6.2,0.0,6.2,64,0,2011-10,False,,,,
14793,2011-11-18 14:50:00,2011-11-18 14:50:00,1,91,228.99,United Kingdom,14,14.85,214.14,228.99,22,0,2011-11,True,4.0,1.0,1.0,Promising
14794,2011-01-09 16:11:00,2011-12-07 10:11:00,7,673,1319.91,United Kingdom,68,47.8,1272.11,188.56,3,332,2011-01,True,5.0,5.0,4.0,Champions
14795,2011-06-26 13:04:00,2011-06-26 13:04:00,1,17,131.45,United Kingdom,6,0.0,131.45,131.45,167,0,2011-06,True,2.0,1.0,1.0,Hibernating
14796,2010-12-08 10:40:00,2011-12-08 15:31:00,17,5991,7973.93,United Kingdom,402,182.98,7790.95,469.05,2,365,2010-12,True,5.0,5.0,5.0,Champions
14798,2011-02-02 15:26:00,2011-10-18 10:58:00,3,150,173.74,United Kingdom,11,0.0,173.74,57.91,53,258,2011-02,True,3.0,3.0,1.0,Need Attention
14799,2011-10-19 16:16:00,2011-10-19 16:16:00,1,146,157.7,United Kingdom,13,0.0,157.7,157.7,52,0,2011-10,True,3.0,1.0,1.0,About to Sleep
14800,2010-12-05 11:10:00,2011-10-23 12:46:00,12,3644,4331.79,United Kingdom,246,103.4,4228.39,360.98,48,322,2010-12,True,3.0,5.0,5.0,Loyal Customers
14801,2011-10-09 15:24:00,2011-10-09 15:24:00,1,173,189.34,United Kingdom,56,0.0,189.34,189.34,62,0,2011-10,True,3.0,1.0,1.0,About to Sleep
14803,2011-02-20 13:21:00,2011-06-30 13:58:00,3,370,845.55,United Kingdom,35,0.0,845.55,281.85,163,130,2011-02,True,2.0,3.0,3.0,At Risk
14804,2011-12-01 11:20:00,2011-12-01 11:20:00,1,121,353.27,United Kingdom,12,0.0,353.27,353.27,9,0,2011-12,True,5.0,1.0,2.0,New Customers
14805,2011-01-30 10:43:00,2011-11-24 16:20:00,4,114,546.4,United Kingdom,30,0.0,546.4,136.6,16,298,2011-01,True,4.0,4.0,3.0,Loyal Customers
14806,2011-09-25 15:32:00,2011-09-25 15:32:00,1,330,193.39,United Kingdom,11,0.0,193.39,193.39,76,0,2011-09,True,2.0,1.0,1.0,Hibernating
14808,2011-06-20 12:53:00,2011-10-31 12:21:00,8,2120,2718.6,United Kingdom,176,440.8,2277.8,339.82,40,133,2011-06,True,3.0,5.0,5.0,Loyal Customers
14810,2010-12-05 12:08:00,2011-10-30 11:19:00,11,1015,2085.33,United Kingdom,106,0.0,2085.33,189.58,41,329,2010-12,True,3.0,5.0,5.0,Loyal Customers
14813,2010-12-05 11:54:00,2010-12-05 11:57:00,2,66,152.88,United Kingdom,25,0.0,152.88,76.44,370,0,2010-12,True,1.0,2.0,1.0,Hibernating
14815,2011-10-03 11:36:00,2011-11-03 11:36:00,2,744,778.5,United Kingdom,53,0.0,778.5,389.25,37,31,2011-10,True,3.0,2.0,3.0,About to Sleep
14816,2011-05-26 13:16:00,2011-05-26 13:16:00,1,5,271.85,United Kingdom,4,0.0,271.85,271.85,198,0,2011-05,True,1.0,1.0,2.0,Hibernating
14817,2011-03-07 13:51:00,2011-05-23 13:35:00,2,653,1010.34,United Kingdom,51,0.0,1010.34,505.17,201,77,2011-03,True,1.0,2.0,4.0,Hibernating
14818,2011-03-31 12:28:00,2011-09-27 11:01:00,3,324,657.8,United Kingdom,41,0.0,657.8,219.27,74,180,2011-03,True,2.0,3.0,3.0,At Risk
14819,2011-05-31 13:50:00,2011-10-06 13:41:00,2,109,272.07,United Kingdom,13,0.0,272.07,136.04,65,128,2011-05,True,3.0,2.0,2.0,About to Sleep
14820,2011-06-19 14:56:00,2011-11-18 15:41:00,4,253,507.29,United Kingdom,24,0.0,507.29,126.82,22,152,2011-06,True,4.0,4.0,3.0,Loyal Customers
14821,2010-12-08 08:43:00,2010-12-08 08:43:00,1,20,48.8,United Kingdom,2,0.0,48.8,48.8,367,0,2010-12,True,1.0,1.0,1.0,Hibernating
14823,2011-05-29 12:48:00,2011-06-12 13:12:00,3,88,321.43,United Kingdom,56,0.0,321.43,107.14,181,14,2011-05,True,1.0,3.0,2.0,At Risk
14824,2011-09-09 14:12:00,2011-11-29 14:20:00,4,525,1127.71,United Kingdom,19,0.0,1127.71,281.93,11,81,2011-09,True,5.0,4.0,4.0,Champions
14825,2010-12-06 12:30:00,2011-12-06 11:38:00,12,989,2221.01,United Kingdom,82,0.0,2221.01,185.08,4,365,2010-12,True,5.0,5.0,5.0,Champions
14828,2011-01-07 09:50:00,2011-05-27 10:16:00,3,2172,2139.76,United Kingdom,17,0.0,2139.76,713.25,197,140,2011-01,True,1.0,3.0,5.0,At Risk
14829,2010-12-02 16:12:00,2011-11-10 16:16:00,4,452,697.55,United Kingdom,39,52.9,644.65,174.39,30,343,2010-12,True,4.0,4.0,3.0,Loyal Customers
14830,2011-10-17 14:29:00,2011-10-17 14:29:00,1,163,188.03,United Kingdom,38,0.0,188.03,188.03,54,0,2011-10,True,3.0,1.0,1.0,About to Sleep
14834,2011-04-13 15:00:00,2011-11-22 10:30:00,6,734,1720.3,United Kingdom,43,21.95,1698.35,286.72,18,223,2011-04,True,4.0,5.0,4.0,Loyal Customers
14836,2011-11-09 13:26:00,2011-11-29 16:45:00,3,45,102.45,United Kingdom,5,0.0,102.45,34.15,11,20,2011-11,True,5.0,3.0,1.0,Potential Loyalists
14837,2011-05-22 12:49:00,2011-09-11 10:58:00,4,1436,1649.5,United Kingdom,96,8.3,1641.2,412.38,90,112,2011-05,True,2.0,4.0,4.0,At Risk
14840,2011-03-17 12:00:00,2011-03-17 12:00:00,1,31,62.85,United Kingdom,4,0.0,62.85,62.85,268,0,2011-03,True,1.0,1.0,1.0,Hibernating
14841,2010-12-16 10:28:00,2011-10-17 15:03:00,6,1778,3295.76,United Kingdom,103,0.0,3295.76,549.29,54,305,2010-12,True,3.0,5.0,5.0,Loyal Customers
14842,2011-02-04 15:32:00,2011-10-27 12:37:00,4,1166,2824.69,United Kingdom,128,367.89,2456.8,706.17,44,265,2011-02,True,3.0,4.0,5.0,Loyal Customers
14844,2011-04-12 13:10:00,2011-10-07 10:41:00,4,1833,3189.81,United Kingdom,87,0.0,3189.81,797.45,64,178,2011-04,True,3.0,4.0,5.0,Loyal Customers
14847,2011-07-14 10:52:00,2011-07-14 10:52:00,1,120,309.4,United Kingdom,13,0.0,309.4,309.4,149,0,2011-07,True,2.0,1.0,2.0,Hibernating
14849,2010-12-01 12:22:00,2011-11-18 10:58:00,25,5694,7930.54,United Kingdom,159,26.26,7904.28,317.22,22,352,2010-12,True,4.0,5.0,5.0,Loyal Customers
14850,2011-02-01 11:21:00,2011-02-01 11:21:00,1,293,325.75,United Kingdom,21,47.6,278.15,325.75,312,0,2011-02,True,1.0,1.0,2.0,Hibernating
14851,2011-03-28 14:59:00,2011-11-16 14:20:00,2,325,511.35,United Kingdom,28,0.0,511.35,255.68,24,233,2011-03,True,4.0,2.0,3.0,Potential Loyalists
14852,2011-04-01 13:22:00,2011-10-12 13:20:00,6,1747,2836.69,United Kingdom,96,0.0,2836.69,472.78,59,194,2011-04,True,3.0,5.0,5.0,Loyal Customers
14853,2011-05-12 15:17:00,2011-11-15 16:56:00,2,82,475.8,United Kingdom,8,12.75,463.05,237.9,25,187,2011-05,True,4.0,2.0,2.0,Potential Loyalists
14854,2011-03-10 12:22:00,2011-09-22 17:00:00,7,1820,2740.03,United Kingdom,110,9.94,2730.09,391.43,79,196,2011-03,True,2.0,5.0,5.0,Can't Lose Them
14855,2011-07-28 12:06:00,2011-08-12 14:02:00,2,267,645.65,United Kingdom,13,0.0,645.65,322.82,120,15,2011-07,True,2.0,2.0,3.0,Hibernating
14856,2011-10-14 09:35:00,2011-11-03 14:53:00,3,711,1290.53,United Kingdom,65,0.0,1290.53,430.18,37,20,2011-10,True,3.0,3.0,4.0,Need Attention
14857,2011-07-14 15:03:00,2011-10-11 09:23:00,2,464,1173.12,United Kingdom,58,7.47,1165.65,586.56,60,89,2011-07,True,3.0,2.0,4.0,About to Sleep
14859,2011-05-19 14:42:00,2011-11-27 11:18:00,4,671,1353.74,United Kingdom,47,1.7,1352.04,338.44,13,192,2011-05,True,5.0,4.0,4.0,Champions
14860,2011-11-20 14:17:00,2011-11-20 14:17:00,1,232,170.32,United Kingdom,11,1.7,168.62,170.32,20,0,2011-11,True,4.0,1.0,1.0,Promising
14861,2011-10-18 12:54:00,2011-10-18 12:54:00,1,117,125.79,United Kingdom,6,0.0,125.79,125.79,53,0,2011-10,True,3.0,1.0,1.0,About to Sleep
14862,2011-07-14 11:20:00,2011-11-14 10:01:00,2,772,841.2,United Kingdom,47,0.0,841.2,420.6,26,123,2011-07,True,4.0,2.0,3.0,Potential Loyalists
14863,2011-11-10 15:04:00,2011-11-10 15:04:00,1,132,266.76,United Kingdom,11,0.0,266.76,266.76,30,0,2011-11,True,4.0,1.0,2.0,Promising
14865,2010-12-02 18:23:00,2011-12-02 16:25:00,2,108,52.2,United Kingdom,4,0.0,52.2,26.1,8,365,2010-12,True,5.0,2.0,1.0,Potential Loyalists
14866,2010-12-08 14:58:00,2011-11-29 11:45:00,11,6751,14353.4,United Kingdom,29,192.45,14160.95,1304.85,11,356,2010-12,True,5.0,5.0,5.0,Champions
14867,2011-01-07 16:34:00,2011-06-07 11:39:00,3,328,710.28,United Kingdom,31,8.95,701.33,236.76,186,151,2011-01,True,1.0,3.0,3.0,At Risk
14868,2011-04-20 13:36:00,2011-12-06 14:49:00,8,1405,2953.59,United Kingdom,96,13.95,2939.64,369.2,4,230,2011-04,True,5.0,5.0,5.0,Champions
14869,2011-08-28 16:09:00,2011-12-01 12:36:00,2,549,721.45,United Kingdom,66,3.75,717.7,360.72,9,95,2011-08,True,5.0,2.0,3.0,Potential Loyalists
14870,2011-03-23 10:51:00,2011-03-23 10:51:00,1,119,327.25,United Kingdom,13,0.0,327.25,327.25,262,0,2011-03,True,1.0,1.0,2.0,Hibernating
14871,2010-12-14 12:18:00,2011-12-06 13:42:00,4,179,501.28,United Kingdom,68,0.0,501.28,125.32,4,357,2010-12,True,5.0,4.0,3.0,Champions
14873,2011-05-13 13:52:00,2011-05-13 13:52:00,1,168,519.68,United Kingdom,28,0.0,519.68,519.68,211,0,2011-05,True,1.0,1.0,3.0,Hibernating
14875,2011-03-22 11:53:00,2011-08-24 12:20:00,2,558,1465.32,United Kingdom,46,7.65,1457.67,732.66,108,155,2011-03,True,2.0,2.0,4.0,Hibernating
14878,2010-12-16 12:11:00,2011-11-27 11:15:00,9,799,1476.09,United Kingdom,62,0.0,1476.09,164.01,13,346,2010-12,True,5.0,5.0,4.0,Champions
14880,2011-02-24 12:27:00,2011-09-23 13:42:00,3,365,690.59,United Kingdom,45,0.0,690.59,230.2,78,211,2011-02,True,2.0,3.0,3.0,At Risk
14881,2011-11-20 11:06:00,2011-11-20 11:06:00,1,316,255.4,United Kingdom,17,0.0,255.4,255.4,20,0,2011-11,True,4.0,1.0,2.0,Promising
14882,2011-11-06 10:15:00,2011-11-13 12:47:00,2,158,589.7,United Kingdom,6,0.0,589.7,294.85,27,7,2011-11,True,4.0,2.0,3.0,Potential Loyalists
14883,2011-05-12 09:49:00,2011-11-21 10:23:00,6,790,761.59,United Kingdom,39,4.95,756.64,126.93,19,193,2011-05,True,4.0,5.0,3.0,Loyal Customers
14885,2011-07-31 12:05:00,2011-07-31 12:05:00,1,724,765.32,United Kingdom,15,0.0,765.32,765.32,132,0,2011-07,True,2.0,1.0,3.0,Hibernating
14886,2011-04-01 08:56:00,2011-04-01 08:56:00,1,160,364.8,United Kingdom,18,0.0,364.8,364.8,253,0,2011-04,True,1.0,1.0,2.0,Hibernating
14887,2011-09-21 15:32:00,2011-09-21 15:32:00,1,1100,1862.0,United Kingdom,6,0.0,1862.0,1862.0,80,0,2011-09,True,2.0,1.0,4.0,Hibernating
14888,2011-05-16 14:58:00,2011-05-16 14:58:00,1,184,369.2,United Kingdom,20,0.0,369.2,369.2,208,0,2011-05,True,1.0,1.0,2.0,Hibernating
14889,2011-01-07 15:19:00,2011-01-07 15:19:00,1,90,135.9,United Kingdom,10,0.0,135.9,135.9,337,0,2011-01,True,1.0,1.0,1.0,Hibernating
14890,2011-03-31 11:57:00,2011-03-31 11:57:00,1,51,125.65,United Kingdom,7,0.0,125.65,125.65,254,0,2011-03,True,1.0,1.0,1.0,Hibernating
14891,2011-06-05 10:58:00,2011-07-14 18:08:00,2,505,554.38,United Kingdom,30,0.0,554.38,277.19,149,39,2011-06,True,2.0,2.0,3.0,Hibernating
14893,2011-11-28 10:49:00,2011-11-30 12:31:00,2,799,1237.85,United Kingdom,72,0.0,1237.85,618.92,10,2,2011-11,True,5.0,2.0,4.0,Potential Loyalists
14894,2011-09-15 13:51:00,2011-09-15 13:51:00,1,265,655.75,United Kingdom,23,0.0,655.75,655.75,86,0,2011-09,True,2.0,1.0,3.0,Hibernating
14895,2011-02-22 13:08:00,2011-12-02 09:23:00,20,4851,11138.71,United Kingdom,273,118.45,11020.26,556.94,8,283,2011-02,True,5.0,5.0,5.0,Champions
14896,2010-12-09 12:24:00,2011-05-19 10:20:00,2,279,468.77,United Kingdom,43,0.0,468.77,234.38,205,161,2010-12,True,1.0,2.0,2.0,Hibernating
14897,2011-02-16 08:37:00,2011-12-02 10:32:00,4,468,1366.38,United Kingdom,43,0.0,1366.38,341.6,8,289,2011-02,True,5.0,4.0,4.0,Champions
14898,2010-12-03 15:25:00,2011-11-16 14:54:00,6,1001,1269.31,United Kingdom,86,75.2,1194.11,211.55,24,348,2010-12,True,4.0,5.0,4.0,Loyal Customers
14901,2010-12-02 11:20:00,2011-11-28 17:09:00,9,661,1421.29,United Kingdom,73,6.3,1414.99,157.92,12,361,2010-12,True,5.0,5.0,4.0,Champions
14902,2011-11-14 10:34:00,2011-11-14 10:34:00,1,218,332.66,United Kingdom,20,18.55,314.11,332.66,26,0,2011-11,True,4.0,1.0,2.0,Promising
14903,2011-03-06 11:50:00,2011-11-18 16:07:00,5,1531,2795.33,United Kingdom,227,66.15,2729.18,559.07,22,257,2011-03,True,4.0,4.0,5.0,Loyal Customers
14904,2011-11-14 09:13:00,2011-12-07 12:55:00,2,1985,1025.44,United Kingdom,66,0.0,1025.44,512.72,3,23,2011-11,True,5.0,2.0,4.0,Potential Loyalists
14905,2011-04-20 10:48:00,2011-07-05 12:41:00,2,287,616.15,United Kingdom,14,16.25,599.9,308.08,158,76,2011-04,True,2.0,2.0,3.0,Hibernating
14907,2010-12-07 10:14:00,2011-12-06 14:14:00,7,1691,3501.1,United Kingdom,125,22.25,3478.85,500.16,4,364,2010-12,True,5.0,5.0,5.0,Champions
14908,2011-09-26 12:56:00,2011-09-26 12:56:00,1,132,277.8,United Kingdom,9,0.0,277.8,277.8,75,0,2011-09,True,2.0,1.0,2.0,Hibernating
14910,2011-10-16 11:06:00,2011-12-07 10:06:00,4,238,434.35,United Kingdom,25,44.49,389.86,108.59,3,52,2011-10,True,5.0,4.0,2.0,Champions
14911,2010-12-01 14:05:00,2011-12-08 15:54:00,198,80154,136161.83,EIRE,1785,7393.59,128768.24,687.69,2,372,2010-12,True,5.0,5.0,5.0,Champions
14912,2011-04-07 11:06:00,2011-11-23 09:20:00,2,971,867.85,Italy,21,0.0,867.85,433.92,17,230,2011-04,True,4.0,2.0,3.0,Potential Loyalists
14913,2010-12-15 14:35:00,2011-11-04 08:29:00,4,1743,1227.43,United Kingdom,76,0.0,1227.43,306.86,36,324,2010-12,True,3.0,4.0,4.0,Loyal Customers
14915,2011-03-07 09:39:00,2011-09-09 13:34:00,2,112,307.48,United Kingdom,12,48.65,258.83,153.74,92,186,2011-03,True,2.0,2.0,2.0,Hibernating
14916,2011-01-19 15:30:00,2011-09-30 09:20:00,4,1136,1268.98,United Kingdom,72,4.14,1264.84,317.24,71,254,2011-01,True,3.0,4.0,4.0,Loyal Customers
14918,2011-07-08 12:50:00,2011-08-16 11:50:00,2,675,1610.15,United Kingdom,39,0.0,1610.15,805.08,116,39,2011-07,True,2.0,2.0,4.0,Hibernating
14920,2011-05-11 10:31:00,2011-05-11 10:32:00,2,509,977.77,United Kingdom,57,0.0,977.77,488.88,213,0,2011-05,True,1.0,2.0,4.0,Hibernating
14921,2011-05-22 12:51:00,2011-11-09 13:17:00,2,953,1316.07,United Kingdom,78,0.0,1316.07,658.04,31,171,2011-05,True,4.0,2.0,4.0,Potential Loyalists
14923,2011-10-20 11:51:00,2011-10-20 11:51:00,1,418,749.1,United Kingdom,44,0.0,749.1,749.1,51,0,2011-10,True,3.0,1.0,3.0,About to Sleep
14924,2011-04-08 09:25:00,2011-04-08 09:25:00,1,64,310.05,United Kingdom,10,0.0,310.05,310.05,246,0,2011-04,True,1.0,1.0,2.0,Hibernating
14929,2011-11-07 17:21:00,2011-11-07 17:21:00,1,136,223.88,United Kingdom,11,0.0,223.88,223.88,33,0,2011-11,True,4.0,1.0,1.0,Promising
14930,2011-03-10 14:42:00,2011-08-23 10:31:00,3,1160,2362.96,Channel Islands,116,0.0,2362.96,787.65,109,166,2011-03,True,2.0,3.0,5.0,At Risk
14931,2011-04-13 09:32:00,2011-12-05 10:19:00,4,414,864.68,Channel Islands,28,0.0,864.68,216.17,5,236,2011-04,True,5.0,4.0,3.0,Champions
14932,2010-12-09 11:48:00,2010-12-09 11:48:00,1,79,313.53,Channel Islands,16,0.0,313.53,313.53,366,0,2010-12,True,1.0,1.0,2.0,Hibernating
14934,2011-03-02 11:48:00,2011-09-19 10:10:00,2,1042,1890.94,Channel Islands,68,2.1,1888.84,945.47,82,201,2011-03,True,2.0,2.0,4.0,Hibernating
14935,2011-02-15 14:44:00,2011-02-15 14:44:00,1,935,1784.71,Channel Islands,10,0.0,1784.71,1784.71,298,0,2011-02,True,1.0,1.0,4.0,Hibernating
14936,2011-03-09 11:53:00,2011-11-06 10:30:00,8,4085,8137.02,Channel Islands,210,19.6,8117.42,1017.13,34,242,2011-03,True,3.0,5.0,5.0,Loyal Customers
14937,2011-08-01 14:16:00,2011-10-14 12:29:00,3,484,1621.88,Channel Islands,33,4.25,1617.63,540.63,57,74,2011-08,True,3.0,3.0,4.0,Need Attention
14944,2011-02-16 12:47:00,2011-11-10 09:10:00,12,2815,5900.25,United Kingdom,101,57.3,5842.95,491.69,30,267,2011-02,True,4.0,5.0,5.0,Loyal Customers
14946,2011-11-25 13:33:00,2011-11-25 13:33:00,1,22,100.9,United Kingdom,3,0.0,100.9,100.9,15,0,2011-11,True,4.0,1.0,1.0,Promising
14947,2011-08-01 09:31:00,2011-09-28 15:48:00,2,179,290.82,United Kingdom,14,0.0,290.82,145.41,73,58,2011-08,True,2.0,2.0,2.0,Hibernating
14948,2011-05-04 14:52:00,2011-11-16 17:16:00,6,673,1101.97,United Kingdom,56,35.4,1066.57,183.66,24,196,2011-05,True,4.0,5.0,4.0,Loyal Customers
14950,2011-11-20 13:48:00,2011-11-20 13:48:00,1,136,371.2,United Kingdom,19,9.95,361.25,371.2,20,0,2011-11,True,4.0,1.0,2.0,Promising
14951,2011-09-21 15:15:00,2011-09-21 15:15:00,1,311,311.69,United Kingdom,20,0.0,311.69,311.69,80,0,2011-09,True,2.0,1.0,2.0,Hibernating
14952,2010-12-10 12:48:00,2011-10-11 10:33:00,11,3355,8099.49,United Kingdom,117,186.7,7912.79,736.32,60,305,2010-12,True,3.0,5.0,5.0,Loyal Customers
14953,2011-11-14 14:59:00,2011-11-14 14:59:00,1,224,285.67,United Kingdom,54,0.0,285.67,285.67,26,0,2011-11,True,4.0,1.0,2.0,Promising
14954,2011-11-27 14:30:00,2011-11-27 14:30:00,1,117,294.85,United Kingdom,75,0.0,294.85,294.85,13,0,2011-11,True,5.0,1.0,2.0,New Customers
14957,2011-03-31 17:59:00,2011-03-31 17:59:00,1,34,58.49,United Kingdom,12,0.0,58.49,58.49,254,0,2011-03,True,1.0,1.0,1.0,Hibernating
14958,2011-04-08 11:28:00,2011-07-15 14:20:00,3,128,483.73,United Kingdom,33,0.0,483.73,161.24,148,98,2011-04,True,2.0,3.0,3.0,At Risk
14959,2011-02-16 13:00:00,2011-10-06 18:23:00,4,494,695.42,United Kingdom,37,10.45,684.97,173.86,65,232,2011-02,True,3.0,4.0,3.0,Loyal Customers
14960,2011-06-21 13:38:00,2011-12-01 12:54:00,2,221,221.27,United Kingdom,23,0.0,221.27,110.64,9,163,2011-06,True,5.0,2.0,1.0,Potential Loyalists
14961,2010-12-14 11:38:00,2011-11-29 09:42:00,9,3708,7044.68,United Kingdom,193,38.1,7006.58,782.74,11,350,2010-12,True,5.0,5.0,5.0,Champions
14962,2011-03-14 09:42:00,2011-03-14 09:42:00,1,44,126.7,United Kingdom,5,0.0,126.7,126.7,271,0,2011-03,True,1.0,1.0,1.0,Hibernating
14963,2011-06-09 12:30:00,2011-11-30 12:16:00,5,1159,1472.34,United Kingdom,149,0.0,1472.34,294.47,10,174,2011-06,True,5.0,4.0,4.0,Champions
14964,2011-04-06 14:13:00,2011-04-06 14:13:00,1,143,206.21,United Kingdom,13,0.0,206.21,206.21,248,0,2011-04,True,1.0,1.0,1.0,Hibernating
14965,2011-09-04 13:15:00,2011-09-04 13:20:00,2,363,596.09,United Kingdom,80,0.0,596.09,298.04,97,0,2011-09,True,2.0,2.0,3.0,Hibernating
14966,2011-11-25 12:20:00,2011-11-25 12:20:00,1,179,183.02,United Kingdom,35,0.0,183.02,183.02,15,0,2011-11,True,4.0,1.0,1.0,Promising
14967,2011-10-21 11:06:00,2011-10-21 11:06:00,1,140,463.8,United Kingdom,6,0.0,463.8,463.8,50,0,2011-10,True,3.0,1.0,2.0,About to Sleep
14968,2011-11-09 13:58:00,2011-11-09 13:58:00,1,127,147.59,United Kingdom,37,0.0,147.59,147.59,31,0,2011-11,True,4.0,1.0,1.0,Promising
14970,2011-01-27 12:23:00,2011-10-02 13:44:00,4,250,1592.06,United Kingdom,24,0.0,1592.06,398.02,69,248,2011-01,True,3.0,4.0,4.0,Loyal Customers
14971,2011-10-27 13:33:00,2011-11-04 17:07:00,3,639,1097.98,United Kingdom,144,0.0,1097.98,365.99,36,8,2011-10,True,3.0,3.0,4.0,Need Attention
14972,2011-08-03 14:54:00,2011-08-03 14:54:00,1,28,114.77,United Kingdom,18,0.0,114.77,114.77,129,0,2011-08,True,2.0,1.0,1.0,Hibernating
14973,2011-04-28 12:22:00,2011-08-24 15:51:00,3,369,1314.45,United Kingdom,29,0.0,1314.45,438.15,108,118,2011-04,True,2.0,3.0,4.0,At Risk
14974,2011-11-02 13:01:00,2011-11-02 13:01:00,1,37,89.94,United Kingdom,17,0.0,89.94,89.94,38,0,2011-11,True,3.0,1.0,1.0,About to Sleep
14975,2011-10-13 14:08:00,2011-10-13 14:08:00,1,380,279.94,United Kingdom,11,0.0,279.94,279.94,58,0,2011-10,True,3.0,1.0,2.0,About to Sleep
14976,2011-01-17 11:09:00,2011-10-13 16:33:00,6,232,774.86,United Kingdom,45,25.0,749.86,129.14,58,269,2011-01,True,3.0,5.0,3.0,Loyal Customers
14978,2011-01-13 12:03:00,2011-09-28 13:07:00,5,523,1921.37,United Kingdom,136,0.0,1921.37,384.27,73,258,2011-01,True,2.0,4.0,4.0,At Risk
14981,2011-04-07 13:45:00,2011-04-07 13:45:00,1,97,102.12,United Kingdom,8,0.0,102.12,102.12,247,0,2011-04,True,1.0,1.0,1.0,Hibernating
14984,2011-06-12 11:04:00,2011-11-20 14:28:00,2,58,202.37,United Kingdom,37,0.0,202.37,101.18,20,161,2011-06,True,4.0,2.0,1.0,Potential Loyalists
14985,2010-12-16 19:51:00,2011-05-25 14:29:00,2,256,292.01,United Kingdom,78,0.0,292.01,146.0,199,160,2010-12,True,1.0,2.0,2.0,Hibernating
14987,2010-12-09 12:13:00,2011-11-24 09:59:00,2,128,326.4,United Kingdom,2,0.0,326.4,163.2,16,350,2010-12,True,4.0,2.0,2.0,Potential Loyalists
14988,2011-05-12 12:05:00,2011-05-12 12:05:00,1,141,334.54,United Kingdom,40,0.0,334.54,334.54,212,0,2011-05,True,1.0,1.0,2.0,Hibernating
14995,2011-03-04 13:14:00,2011-11-01 11:39:00,2,102,231.98,United Kingdom,53,0.0,231.98,115.99,39,242,2011-03,True,3.0,2.0,1.0,About to Sleep
14997,2011-06-14 16:52:00,2011-10-24 13:28:00,3,1120,546.2,United Kingdom,25,5.22,540.98,182.07,47,132,2011-06,True,3.0,3.0,3.0,Need Attention
14998,2011-04-12 16:28:00,2011-06-22 17:30:00,2,258,414.87,United Kingdom,70,0.0,414.87,207.44,171,71,2011-04,True,2.0,2.0,2.0,Hibernating
15000,2011-10-23 11:42:00,2011-10-23 11:42:00,1,218,490.52,United Kingdom,76,0.0,490.52,490.52,48,0,2011-10,True,3.0,1.0,3.0,About to Sleep
15002,2010-12-07 13:16:00,2011-08-16 10:44:00,4,862,1641.76,United Kingdom,93,0.0,1641.76,410.44,116,252,2010-12,True,2.0,4.0,4.0,At Risk
15004,2011-07-15 14:05:00,2011-07-15 14:05:00,1,622,1220.38,United Kingdom,153,0.0,1220.38,1220.38,148,0,2011-07,True,2.0,1.0,4.0,Hibernating
15005,2010-12-08 14:36:00,2011-11-24 12:25:00,28,4228,6293.67,United Kingdom,359,134.83,6158.84,224.77,16,351,2010-12,True,4.0,5.0,5.0,Loyal Customers
15006,2011-10-19 15:08:00,2011-10-19 15:08:00,1,285,475.43,United Kingdom,120,0.0,475.43,475.43,52,0,2011-10,True,3.0,1.0,3.0,About to Sleep
15007,2011-07-03 16:00:00,2011-07-03 16:00:00,1,69,156.91,United Kingdom,12,0.0,156.91,156.91,160,0,2011-07,True,2.0,1.0,1.0,Hibernating
15009,2011-11-14 17:40:00,2011-11-27 13:35:00,3,639,1259.43,United Kingdom,148,0.0,1259.43,419.81,13,13,2011-11,True,5.0,3.0,4.0,Potential Loyalists
15010,2011-11-04 12:42:00,2011-11-04 12:42:00,1,184,308.94,United Kingdom,20,0.0,308.94,308.94,36,0,2011-11,True,3.0,1.0,2.0,About to Sleep
15012,2010-12-01 12:49:00,2011-10-17 12:22:00,2,225,405.04,United Kingdom,110,0.0,405.04,202.52,54,320,2010-12,True,3.0,2.0,2.0,About to Sleep
15014,2011-06-16 19:40:00,2011-10-27 20:07:00,2,149,257.67,United Kingdom,29,0.0,257.67,128.84,44,133,2011-06,True,3.0,2.0,2.0,About to Sleep
15016,2011-06-20 12:06:00,2011-06-20 12:06:00,1,76,170.04,United Kingdom,20,0.0,170.04,170.04,173,0,2011-06,True,2.0,1.0,1.0,Hibernating
15017,2011-11-06 10:33:00,2011-11-06 10:33:00,1,63,125.58,United Kingdom,20,0.0,125.58,125.58,34,0,2011-11,True,3.0,1.0,1.0,About to Sleep
15018,2010-12-07 10:47:00,2011-11-01 12:47:00,3,189,496.21,United Kingdom,30,39.95,456.26,165.4,39,329,2010-12,True,3.0,3.0,2.0,Need Attention
15019,2011-03-18 12:35:00,2011-03-18 12:35:00,1,150,252.81,United Kingdom,64,0.0,252.81,252.81,267,0,2011-03,True,1.0,1.0,2.0,Hibernating
15021,2010-12-08 12:17:00,2011-12-01 11:53:00,9,819,1871.77,United Kingdom,287,42.54,1829.23,207.97,9,358,2010-12,True,5.0,5.0,4.0,Champions
15022,2011-10-23 15:47:00,2011-11-28 12:35:00,4,527,852.39,United Kingdom,96,0.0,852.39,213.1,12,36,2011-10,True,5.0,4.0,3.0,Champions
15023,2010-12-05 13:49:00,2011-12-06 17:23:00,11,2818,6701.51,United Kingdom,346,39.6,6661.91,609.23,4,366,2010-12,True,5.0,5.0,5.0,Champions
15024,2010-12-07 13:20:00,2011-11-30 12:06:00,10,902,1636.43,United Kingdom,105,0.0,1636.43,163.64,10,358,2010-12,True,5.0,5.0,4.0,Champions
15025,2011-11-06 15:20:00,2011-11-06 15:20:00,1,184,361.96,United Kingdom,66,0.0,361.96,361.96,34,0,2011-11,True,3.0,1.0,2.0,About to Sleep
15026,2011-03-07 13:45:00,2011-09-20 13:52:00,3,225,464.2,United Kingdom,56,0.0,464.2,154.73,81,197,2011-03,True,2.0,3.0,2.0,At Risk
15027,2011-04-15 14:14:00,2011-11-09 10:16:00,4,565,1066.15,United Kingdom,30,14.2,1051.95,266.54,31,208,2011-04,True,4.0,4.0,4.0,Loyal Customers
15028,2010-12-06 12:47:00,2011-12-01 14:06:00,4,459,627.13,United Kingdom,35,0.0,627.13,156.78,9,360,2010-12,True,5.0,4.0,3.0,Champions
15030,2011-03-16 15:34:00,2011-09-29 10:50:00,2,372,518.28,United Kingdom,7,0.0,518.28,259.14,72,197,2011-03,True,3.0,2.0,3.0,About to Sleep
15031,2011-03-02 14:46:00,2011-12-05 14:19:00,4,400,653.19,United Kingdom,74,0.0,653.19,163.3,5,278,2011-03,True,5.0,4.0,3.0,Champions
15032,2010-12-08 12:57:00,2011-03-28 15:03:00,3,2968,4959.1,United Kingdom,29,495.0,4464.1,1653.03,257,110,2010-12,True,1.0,3.0,5.0,At Risk
15033,2011-01-14 13:28:00,2011-12-05 12:40:00,10,1670,2553.88,United Kingdom,314,15.65,2538.23,255.39,5,325,2011-01,True,5.0,5.0,5.0,Champions
15034,2010-12-21 09:47:00,2011-11-24 12:11:00,8,2413,4274.16,United Kingdom,299,30.95,4243.21,534.27,16,338,2010-12,True,4.0,5.0,5.0,Loyal Customers
15035,2011-09-11 11:08:00,2011-09-11 11:08:00,1,245,252.73,United Kingdom,26,0.0,252.73,252.73,90,0,2011-09,True,2.0,1.0,2.0,Hibernating
15036,2011-06-13 12:19:00,2011-09-28 15:42:00,3,316,429.56,United Kingdom,107,0.0,429.56,143.19,73,107,2011-06,True,2.0,3.0,2.0,At Risk
15038,2010-12-05 10:54:00,2011-10-12 11:33:00,6,212,685.74,United Kingdom,105,39.9,645.84,114.29,59,311,2010-12,True,3.0,5.0,3.0,Loyal Customers
15039,2010-12-06 11:26:00,2011-11-30 11:31:00,47,9131,19766.59,United Kingdom,408,128.0,19638.59,420.57,10,359,2010-12,True,5.0,5.0,5.0,Champions
15041,2011-06-22 16:16:00,2011-06-22 16:16:00,1,103,179.93,United Kingdom,66,0.0,179.93,179.93,171,0,2011-06,True,2.0,1.0,1.0,Hibernating
15042,2011-05-24 16:25:00,2011-05-24 16:25:00,1,30,135.93,United Kingdom,5,0.0,135.93,135.93,200,0,2011-05,True,1.0,1.0,1.0,Hibernating
15043,2011-11-08 14:26:00,2011-11-08 14:26:00,1,300,537.0,United Kingdom,3,0.0,537.0,537.0,32,0,2011-11,True,4.0,1.0,3.0,Promising
15044,2010-12-12 14:27:00,2011-11-20 13:20:00,17,2785,7634.73,United Kingdom,233,70.85,7563.88,449.1,20,343,2010-12,True,4.0,5.0,5.0,Loyal Customers
15045,2011-03-27 11:44:00,2011-07-11 11:33:00,2,114,735.66,United Kingdom,11,102.0,633.66,367.83,152,106,2011-03,True,2.0,2.0,3.0,Hibernating
15046,2011-01-05 15:30:00,2011-11-30 15:50:00,15,3371,5071.47,United Kingdom,146,149.76,4921.71,338.1,10,329,2011-01,True,5.0,5.0,5.0,Champions
15047,2011-03-15 10:49:00,2011-03-15 10:49:00,1,222,343.62,United Kingdom,22,0.0,343.62,343.62,270,0,2011-03,True,1.0,1.0,2.0,Hibernating
15048,2010-12-06 12:15:00,2011-10-05 14:55:00,4,192,381.0,United Kingdom,86,3.48,377.52,95.25,66,303,2010-12,True,3.0,4.0,2.0,Loyal Customers
15049,2011-03-11 12:13:00,2011-03-11 12:13:00,1,63,121.17,United Kingdom,3,0.0,121.17,121.17,274,0,2011-03,True,1.0,1.0,1.0,Hibernating
15050,2011-09-29 13:22:00,2011-11-14 16:17:00,3,1216,1737.69,United Kingdom,68,54.92,1682.77,579.23,26,46,2011-09,True,4.0,3.0,4.0,Potential Loyalists
15051,2011-07-12 15:29:00,2011-11-16 15:38:00,3,1010,1383.36,United Kingdom,130,0.0,1383.36,461.12,24,127,2011-07,True,4.0,3.0,4.0,Potential Loyalists
15052,2011-01-24 15:52:00,2011-01-24 15:52:00,1,79,207.73,United Kingdom,27,0.0,207.73,207.73,320,0,2011-01,True,1.0,1.0,1.0,Hibernating
15053,2011-03-03 12:06:00,2011-12-05 12:08:00,3,984,693.95,United Kingdom,49,0.0,693.95,231.32,5,277,2011-03,True,5.0,3.0,3.0,Potential Loyalists
15054,2011-10-30 14:33:00,2011-11-27 15:02:00,2,198,302.1,United Kingdom,105,0.0,302.1,151.05,13,28,2011-10,True,5.0,2.0,2.0,Potential Loyalists
15057,2011-01-28 09:09:00,2011-03-09 15:17:00,2,668,1489.5,United Kingdom,25,0.0,1489.5,744.75,276,40,2011-01,True,1.0,2.0,4.0,Hibernating
15058,2011-01-31 15:35:00,2011-11-14 14:57:00,11,1054,2102.54,United Kingdom,199,0.0,2102.54,191.14,26,287,2011-01,True,4.0,5.0,5.0,Loyal Customers
15059,2011-01-09 11:54:00,2011-10-30 11:35:00,9,604,1337.72,United Kingdom,161,11.9,1325.82,148.64,41,294,2011-01,True,3.0,5.0,4.0,Loyal Customers
15060,2011-11-30 14:03:00,2011-12-01 13:47:00,4,256,293.0,United Kingdom,80,0.0,293.0,73.25,9,1,2011-11,True,5.0,4.0,2.0,Champions
15061,2010-12-02 15:19:00,2011-12-06 12:06:00,48,28920,54534.14,United Kingdom,70,283.8,54250.34,1136.13,4,369,2010-12,True,5.0,5.0,5.0,Champions
15062,2010-12-15 15:37:00,2011-09-29 16:51:00,4,763,987.86,United Kingdom,47,0.0,987.86,246.96,72,288,2010-12,True,3.0,4.0,4.0,Loyal Customers
15063,2011-05-10 13:25:00,2011-05-10 13:25:00,1,56,370.8,United Kingdom,5,0.0,370.8,370.8,214,0,2011-05,True,1.0,1.0,2.0,Hibernating
15065,2011-02-21 12:54:00,2011-11-02 09:45:00,4,1383,3158.13,United Kingdom,148,22.15,3135.98,789.53,38,254,2011-02,True,3.0,4.0,5.0,Loyal Customers
15066,2011-10-17 13:25:00,2011-10-17 13:25:00,1,317,893.59,United Kingdom,42,133.0,760.59,893.59,54,0,2011-10,True,3.0,1.0,3.0,About to Sleep
15067,2011-03-02 12:10:00,2011-09-22 13:20:00,3,954,1744.76,United Kingdom,82,0.0,1744.76,581.59,79,204,2011-03,True,2.0,3.0,4.0,At Risk
15068,2011-03-28 14:27:00,2011-10-24 14:47:00,2,364,553.36,United Kingdom,96,0.0,553.36,276.68,47,210,2011-03,True,3.0,2.0,3.0,About to Sleep
15069,2011-06-13 14:16:00,2011-06-13 14:16:00,1,520,1109.53,United Kingdom,70,0.0,1109.53,1109.53,180,0,2011-06,True,1.0,1.0,4.0,Hibernating
15070,2010-12-02 11:23:00,2010-12-02 11:23:00,1,36,106.2,United Kingdom,1,0.0,106.2,106.2,373,0,2010-12,True,1.0,1.0,1.0,Hibernating
15071,2011-03-09 10:19:00,2011-09-07 11:43:00,2,269,982.07,United Kingdom,25,0.0,982.07,491.04,94,182,2011-03,True,2.0,2.0,4.0,Hibernating
15073,2011-06-06 09:59:00,2011-11-30 10:44:00,3,491,1043.41,United Kingdom,31,430.98,612.43,347.8,10,177,2011-06,True,5.0,3.0,3.0,Potential Loyalists
15074,2011-08-26 14:45:00,2011-08-26 14:45:00,1,431,735.67,United Kingdom,41,0.0,735.67,735.67,106,0,2011-08,True,2.0,1.0,3.0,Hibernating
15075,2011-09-23 12:27:00,2011-09-23 12:27:00,1,447,773.03,United Kingdom,27,0.0,773.03,773.03,78,0,2011-09,True,2.0,1.0,3.0,Hibernating
15076,2011-06-20 08:23:00,2011-06-20 08:23:00,1,571,880.85,United Kingdom,49,0.0,880.85,880.85,173,0,2011-06,True,2.0,1.0,3.0,Hibernating
15078,2010-12-06 12:38:00,2011-12-02 15:41:00,32,5105,9743.11,United Kingdom,97,119.76,9623.35,304.47,8,361,2010-12,True,5.0,5.0,5.0,Champions
15079,2010-12-09 09:25:00,2011-05-11 12:45:00,4,389,895.61,United Kingdom,46,1.95,893.66,223.9,213,153,2010-12,True,1.0,4.0,3.0,At Risk
15081,2010-12-07 16:20:00,2011-11-17 17:08:00,5,190,504.8,United Kingdom,26,17.45,487.35,100.96,23,345,2010-12,True,4.0,4.0,3.0,Loyal Customers
15083,2011-03-28 12:18:00,2011-03-28 12:18:00,1,38,88.2,United Kingdom,5,0.0,88.2,88.2,257,0,2011-03,True,1.0,1.0,1.0,Hibernating
15087,2011-03-03 10:34:00,2011-03-03 10:34:00,1,470,306.94,United Kingdom,15,0.0,306.94,306.94,282,0,2011-03,True,1.0,1.0,2.0,Hibernating
15088,2011-10-03 14:05:00,2011-11-18 13:14:00,2,460,1160.07,United Kingdom,53,19.8,1140.27,580.04,22,46,2011-10,True,4.0,2.0,4.0,Potential Loyalists
15089,2011-08-03 14:14:00,2011-11-29 16:31:00,6,1359,2420.84,United Kingdom,139,0.0,2420.84,403.47,11,118,2011-08,True,5.0,5.0,5.0,Champions
15090,2011-02-04 14:03:00,2011-02-04 14:03:00,1,208,381.32,United Kingdom,23,0.0,381.32,381.32,309,0,2011-02,True,1.0,1.0,2.0,Hibernating
15091,2011-10-03 12:47:00,2011-10-03 12:47:00,1,346,480.71,United Kingdom,30,3.75,476.96,480.71,68,0,2011-10,True,3.0,1.0,3.0,About to Sleep
15092,2011-03-01 12:24:00,2011-05-08 14:10:00,2,135,457.81,United Kingdom,23,0.0,457.81,228.9,216,68,2011-03,True,1.0,2.0,2.0,Hibernating
15093,2010-12-02 18:25:00,2011-11-21 13:09:00,6,3760,4597.02,United Kingdom,52,186.88,4410.14,766.17,19,354,2010-12,True,4.0,5.0,5.0,Loyal Customers
15095,2011-05-20 14:27:00,2011-08-28 12:01:00,4,1079,1370.6,United Kingdom,30,5.9,1364.7,342.65,104,100,2011-05,True,2.0,4.0,4.0,At Risk
15096,2011-10-28 10:27:00,2011-10-28 10:27:00,1,120,219.39,United Kingdom,11,0.0,219.39,219.39,43,0,2011-10,True,3.0,1.0,1.0,About to Sleep
15097,2011-12-05 14:03:00,2011-12-05 14:03:00,1,170,248.08,United Kingdom,25,0.0,248.08,248.08,5,0,2011-12,True,5.0,1.0,2.0,New Customers
15098,2011-06-10 15:22:00,2011-06-10 15:33:00,3,121,39916.5,United Kingdom,1,297.0,39619.5,13305.5,183,0,2011-06,True,1.0,3.0,5.0,At Risk
15099,2011-09-16 13:13:00,2011-09-16 13:13:00,1,343,410.48,United Kingdom,23,0.0,410.48,410.48,85,0,2011-09,True,2.0,1.0,2.0,Hibernating
15100,2010-12-01 09:09:00,2011-01-10 10:35:00,3,80,876.0,United Kingdom,1,240.9,635.1,292.0,334,40,2010-12,True,1.0,3.0,3.0,At Risk
15101,2010-12-15 12:54:00,2011-12-01 10:18:00,2,241,317.53,United Kingdom,8,7.5,310.03,158.77,9,351,2010-12,True,5.0,2.0,2.0,Potential Loyalists
15103,2011-09-14 13:54:00,2011-11-08 14:53:00,2,329,703.36,United Kingdom,35,0.0,703.36,351.68,32,55,2011-09,True,4.0,2.0,3.0,Potential Loyalists
15104,2011-03-02 14:16:00,2011-05-27 12:29:00,2,635,993.54,United Kingdom,66,24.9,968.64,496.77,197,86,2011-03,True,1.0,2.0,4.0,Hibernating
15105,2011-07-28 10:09:00,2011-11-21 16:54:00,7,1211,2298.93,United Kingdom,90,0.0,2298.93,328.42,19,116,2011-07,True,4.0,5.0,5.0,Loyal Customers
15106,2011-03-15 12:52:00,2011-11-22 09:16:00,5,1181,1422.52,United Kingdom,90,14.79,1407.73,284.5,18,252,2011-03,True,4.0,4.0,4.0,Loyal Customers
15107,2010-12-02 13:45:00,2011-02-01 14:46:00,6,169,319.5,United Kingdom,12,59.5,260.0,53.25,312,61,2010-12,True,1.0,5.0,2.0,Can't Lose Them
15108,2011-04-26 10:54:00,2011-07-21 10:24:00,3,490,1159.25,European Community,49,8.5,1150.75,386.42,142,86,2011-04,True,2.0,3.0,4.0,At Risk
15109,2011-04-08 09:58:00,2011-04-08 09:58:00,1,131,484.95,United Kingdom,28,21.2,463.75,484.95,246,0,2011-04,True,1.0,1.0,2.0,Hibernating
15110,2011-01-25 11:41:00,2011-11-16 11:16:00,4,246,996.1,United Kingdom,17,22.9,973.2,249.02,24,295,2011-01,True,4.0,4.0,4.0,Loyal Customers
15111,2010-12-02 11:45:00,2011-11-10 16:58:00,3,710,1567.48,United Kingdom,70,0.0,1567.48,522.49,30,343,2010-12,True,4.0,3.0,4.0,Potential Loyalists
15113,2011-10-16 15:27:00,2011-11-30 08:23:00,3,2343,3509.04,United Kingdom,76,169.92,3339.12,1169.68,10,45,2011-10,True,5.0,3.0,5.0,Potential Loyalists
15114,2011-02-11 08:45:00,2011-11-09 15:05:00,10,3096,2760.56,United Kingdom,136,0.0,2760.56,276.06,31,271,2011-02,True,4.0,5.0,5.0,Loyal Customers
15115,2011-11-21 14:59:00,2011-11-21 14:59:00,1,157,340.11,United Kingdom,21,0.0,340.11,340.11,19,0,2011-11,True,4.0,1.0,2.0,Promising
15116,2011-05-19 08:50:00,2011-11-22 12:25:00,4,648,1352.75,United Kingdom,37,0.0,1352.75,338.19,18,187,2011-05,True,4.0,4.0,4.0,Loyal Customers
15117,2011-05-08 12:38:00,2011-11-25 08:12:00,5,1948,1551.78,United Kingdom,63,1.65,1550.13,310.36,15,201,2011-05,True,4.0,4.0,4.0,Loyal Customers
15118,2011-07-28 14:54:00,2011-07-28 14:54:00,1,1440,244.8,United Kingdom,1,0.0,244.8,244.8,135,0,2011-07,True,2.0,1.0,2.0,Hibernating
15119,2011-04-08 09:08:00,2011-04-08 09:08:00,1,88,266.4,United Kingdom,14,0.0,266.4,266.4,246,0,2011-04,True,1.0,1.0,2.0,Hibernating
15120,2011-07-29 09:48:00,2011-07-29 09:48:00,1,296,358.82,United Kingdom,21,15.0,343.82,358.82,134,0,2011-07,True,2.0,1.0,2.0,Hibernating
15121,2011-02-24 12:41:00,2011-10-20 14:51:00,2,199,457.72,United Kingdom,28,0.0,457.72,228.86,51,238,2011-02,True,3.0,2.0,2.0,About to Sleep
15122,2011-02-15 09:59:00,2011-08-17 16:48:00,3,800,1633.78,United Kingdom,65,21.65,1612.13,544.59,115,183,2011-02,True,2.0,3.0,4.0,At Risk
15123,2011-05-17 14:57:00,2011-12-02 13:12:00,2,1195,2199.31,United Kingdom,93,0.0,2199.31,1099.66,8,199,2011-05,True,5.0,2.0,5.0,Potential Loyalists
15124,2011-06-01 09:06:00,2011-11-17 10:09:00,2,233,184.19,United Kingdom,14,0.0,184.19,92.1,23,169,2011-06,True,4.0,2.0,1.0,Potential Loyalists
15125,2011-03-14 09:59:00,2011-11-14 13:57:00,15,6193,11528.48,United Kingdom,102,411.43,11117.05,768.57,26,245,2011-03,True,4.0,5.0,5.0,Loyal Customers
15127,2011-10-05 10:30:00,2011-10-05 10:30:00,1,251,406.53,United Kingdom,16,0.0,406.53,406.53,66,0,2011-10,True,3.0,1.0,2.0,About to Sleep
15128,2011-05-04 12:32:00,2011-10-10 13:54:00,4,1343,1471.0,United Kingdom,74,47.75,1423.25,367.75,61,159,2011-05,True,3.0,4.0,4.0,Loyal Customers
15129,2011-02-21 09:09:00,2011-10-20 14:40:00,11,1794,3447.4,United Kingdom,54,0.0,3447.4,313.4,51,241,2011-02,True,3.0,5.0,5.0,Loyal Customers
15130,2011-06-23 10:15:00,2011-06-23 10:15:00,1,197,330.11,United Kingdom,22,0.0,330.11,330.11,170,0,2011-06,True,2.0,1.0,2.0,Hibernating
15132,2011-03-22 12:02:00,2011-11-21 17:10:00,5,679,977.93,United Kingdom,49,0.0,977.93,195.59,19,244,2011-03,True,4.0,4.0,4.0,Loyal Customers
15133,2011-02-11 10:38:00,2011-08-04 10:44:00,3,680,982.42,United Kingdom,27,0.0,982.42,327.47,128,174,2011-02,True,2.0,3.0,4.0,At Risk
15134,2011-04-13 11:05:00,2011-11-25 08:55:00,8,887,1387.99,United Kingdom,44,0.0,1387.99,173.5,15,226,2011-04,True,4.0,5.0,4.0,Loyal Customers
15135,2011-04-14 19:16:00,2011-04-14 19:16:00,1,43,139.05,United Kingdom,9,11.9,127.15,139.05,240,0,2011-04,True,1.0,1.0,1.0,Hibernating
15136,2011-09-04 16:05:00,2011-12-07 12:26:00,4,776,1286.7,United Kingdom,61,4.25,1282.45,321.68,3,94,2011-09,True,5.0,4.0,4.0,Champions
15139,2011-01-07 12:44:00,2011-04-14 11:39:00,2,208,178.96,United Kingdom,13,0.0,178.96,89.48,240,97,2011-01,True,1.0,2.0,1.0,Hibernating
15140,2011-03-20 14:37:00,2011-10-18 14:07:00,7,1572,2354.25,United Kingdom,74,4.25,2350.0,336.32,53,212,2011-03,True,3.0,5.0,5.0,Loyal Customers
15142,2011-10-24 12:51:00,2011-10-24 12:51:00,1,365,498.74,United Kingdom,26,0.0,498.74,498.74,47,0,2011-10,True,3.0,1.0,3.0,About to Sleep
15143,2011-04-28 12:03:00,2011-04-28 12:03:00,1,150,259.45,United Kingdom,14,0.0,259.45,259.45,226,0,2011-04,True,1.0,1.0,2.0,Hibernating
15144,2011-01-31 13:17:00,2011-12-01 15:12:00,17,3050,6580.44,United Kingdom,132,50.4,6530.04,387.08,9,304,2011-01,True,5.0,5.0,5.0,Champions
15145,2011-04-05 15:20:00,2011-12-05 17:21:00,4,756,1194.73,United Kingdom,54,0.0,1194.73,298.68,5,244,2011-04,True,5.0,4.0,4.0,Champions
15146,2011-02-21 13:07:00,2011-06-28 12:09:00,2,1473,1327.16,United Kingdom,90,13.5,1313.66,663.58,165,127,2011-02,True,2.0,2.0,4.0,Hibernating
15147,2011-04-13 15:57:00,2011-04-13 15:57:00,1,366,623.5,United Kingdom,28,14.85,608.65,623.5,241,0,2011-04,True,1.0,1.0,3.0,Hibernating
15148,2011-11-29 08:21:00,2011-11-29 08:21:00,1,187,301.29,United Kingdom,20,0.0,301.29,301.29,11,0,2011-11,True,5.0,1.0,2.0,New Customers
15149,2011-07-29 10:58:00,2011-07-29 10:58:00,1,128,520.8,United Kingdom,23,0.0,520.8,520.8,134,0,2011-07,True,2.0,1.0,3.0,Hibernating
15150,2011-03-15 14:21:00,2011-11-22 12:52:00,10,3642,5291.33,United Kingdom,282,10.5,5280.83,529.13,18,252,2011-03,True,4.0,5.0,5.0,Loyal Customers
15152,2011-06-05 15:36:00,2011-11-30 12:32:00,13,2704,4745.69,United Kingdom,196,61.45,4684.24,365.05,10,178,2011-06,True,5.0,5.0,5.0,Champions
15153,2011-11-08 17:09:00,2011-11-08 17:09:00,1,198,329.25,United Kingdom,22,0.0,329.25,329.25,32,0,2011-11,True,4.0,1.0,2.0,Promising
15154,2011-09-25 16:05:00,2011-09-25 16:05:00,1,89,254.28,United Kingdom,66,29.55,224.73,254.28,76,0,2011-09,True,2.0,1.0,1.0,Hibernating
15156,2011-11-06 12:41:00,2011-12-08 18:22:00,3,597,961.49,United Kingdom,51,0.0,961.49,320.5,2,32,2011-11,True,5.0,3.0,4.0,Potential Loyalists
15157,2010-12-16 13:44:00,2011-12-06 11:28:00,3,2392,1936.07,United Kingdom,125,56.23,1879.84,645.36,4,355,2010-12,True,5.0,3.0,4.0,Potential Loyalists
15158,2011-10-25 13:53:00,2011-10-25 13:53:00,1,198,401.4,United Kingdom,7,0.0,401.4,401.4,46,0,2011-10,True,3.0,1.0,2.0,About to Sleep
15159,2010-12-13 15:44:00,2011-12-08 12:05:00,30,11441,18641.01,United Kingdom,363,67.33,18573.68,621.37,2,360,2010-12,True,5.0,5.0,5.0,Champions
15160,2010-12-17 14:15:00,2010-12-17 14:15:00,1,84,158.16,United Kingdom,4,0.0,158.16,158.16,358,0,2010-12,True,1.0,1.0,1.0,Hibernating
15163,2011-05-31 15:22:00,2011-11-21 13:10:00,2,186,304.47,United Kingdom,29,0.0,304.47,152.23,19,174,2011-05,True,4.0,2.0,2.0,Potential Loyalists
15164,2011-01-04 14:21:00,2011-10-02 12:05:00,3,351,824.58,United Kingdom,79,0.0,824.58,274.86,69,271,2011-01,True,3.0,3.0,3.0,Need Attention
15165,2010-12-01 14:03:00,2010-12-01 14:03:00,1,160,487.75,United Kingdom,27,0.0,487.75,487.75,374,0,2010-12,True,1.0,1.0,3.0,Hibernating
15167,2011-01-23 12:41:00,2011-01-23 12:41:00,1,65,158.8,United Kingdom,39,0.0,158.8,158.8,321,0,2011-01,True,1.0,1.0,1.0,Hibernating
15168,2011-11-14 11:26:00,2011-11-14 11:26:00,1,52,106.56,United Kingdom,5,0.0,106.56,106.56,26,0,2011-11,True,4.0,1.0,1.0,Promising
15171,2011-01-12 15:36:00,2011-01-12 15:36:00,1,290,1289.5,United Kingdom,5,255.0,1034.5,1289.5,332,0,2011-01,True,1.0,1.0,4.0,Hibernating
15172,2011-04-17 11:56:00,2011-12-01 11:51:00,5,1611,1624.05,United Kingdom,106,0.0,1624.05,324.81,9,228,2011-04,True,5.0,4.0,4.0,Champions
15174,2011-01-21 09:06:00,2011-01-21 09:06:00,1,145,135.75,United Kingdom,11,0.0,135.75,135.75,323,0,2011-01,True,1.0,1.0,1.0,Hibernating
15175,2011-09-29 11:31:00,2011-09-29 11:31:00,1,454,224.14,United Kingdom,23,0.0,224.14,224.14,72,0,2011-09,True,3.0,1.0,1.0,About to Sleep
15178,2011-03-24 15:12:00,2011-03-24 15:12:00,1,30,40.5,United Kingdom,3,0.0,40.5,40.5,261,0,2011-03,True,1.0,1.0,1.0,Hibernating
15179,2011-01-24 13:48:00,2011-11-21 12:53:00,5,1938,2206.95,United Kingdom,91,20.75,2186.2,441.39,19,301,2011-01,True,4.0,4.0,5.0,Loyal Customers
15180,2010-12-07 14:57:00,2010-12-07 14:57:00,1,36,87.5,United Kingdom,6,0.0,87.5,87.5,368,0,2010-12,True,1.0,1.0,1.0,Hibernating
15181,2011-03-15 12:03:00,2011-10-04 13:58:00,3,544,689.48,United Kingdom,11,4.95,684.53,229.83,67,203,2011-03,True,3.0,3.0,3.0,Need Attention
15182,2011-03-16 12:42:00,2011-07-08 13:37:00,2,253,622.85,United Kingdom,24,0.0,622.85,311.42,155,114,2011-03,True,2.0,2.0,3.0,Hibernating
15184,2011-06-02 12:06:00,2011-11-10 13:41:00,2,199,402.2,United Kingdom,59,0.0,402.2,201.1,30,161,2011-06,True,4.0,2.0,2.0,Potential Loyalists
15185,2011-09-30 14:06:00,2011-09-30 14:06:00,1,666,310.62,United Kingdom,21,0.0,310.62,310.62,71,0,2011-09,True,3.0,1.0,2.0,About to Sleep
15186,2011-06-24 14:54:00,2011-11-25 14:58:00,2,215,411.41,United Kingdom,17,0.0,411.41,205.7,15,154,2011-06,True,4.0,2.0,2.0,Potential Loyalists
15187,2011-05-11 13:49:00,2011-12-08 11:56:00,15,1886,4762.18,United Kingdom,60,107.1,4655.08,317.48,2,211,2011-05,True,5.0,5.0,5.0,Champions
15189,2011-01-11 12:29:00,2011-12-08 13:22:00,41,6149,16225.39,United Kingdom,80,423.25,15802.14,395.74,2,331,2011-01,True,5.0,5.0,5.0,Champions
15192,2010-12-09 14:56:00,2011-08-12 11:41:00,3,918,1044.32,United Kingdom,36,0.0,1044.32,348.11,120,246,2010-12,True,2.0,3.0,4.0,At Risk
15193,2011-10-10 08:23:00,2011-10-10 08:23:00,1,144,499.32,United Kingdom,19,0.0,499.32,499.32,61,0,2011-10,True,3.0,1.0,3.0,About to Sleep
15194,2010-12-06 15:00:00,2011-12-06 15:10:00,15,5703,7616.53,United Kingdom,209,95.36,7521.17,507.77,4,365,2010-12,True,5.0,5.0,5.0,Champions
15195,2011-12-07 12:20:00,2011-12-07 12:20:00,1,1404,3861.0,United Kingdom,1,0.0,3861.0,3861.0,3,0,2011-12,True,5.0,1.0,5.0,New Customers
15197,2010-12-16 18:01:00,2011-11-29 10:00:00,3,469,1079.61,United Kingdom,30,423.17,656.44,359.87,11,348,2010-12,True,5.0,3.0,3.0,Potential Loyalists
15198,2011-08-07 15:16:00,2011-09-08 14:42:00,2,120,193.64,United Kingdom,10,0.0,193.64,96.82,93,32,2011-08,True,2.0,2.0,1.0,Hibernating
15199,2011-02-04 14:04:00,2011-10-11 15:12:00,4,396,1268.7,United Kingdom,5,0.0,1268.7,317.18,60,249,2011-02,True,3.0,4.0,4.0,Loyal Customers
15201,2011-04-06 14:02:00,2011-09-13 14:53:00,5,1210,1236.54,United Kingdom,35,308.7,927.84,247.31,88,160,2011-04,True,2.0,4.0,4.0,At Risk
15203,2011-02-01 12:29:00,2011-11-14 08:16:00,6,1753,1827.8,United Kingdom,82,0.0,1827.8,304.63,26,286,2011-02,True,4.0,5.0,4.0,Loyal Customers
15204,2010-12-17 13:49:00,2010-12-17 13:49:00,1,258,316.58,United Kingdom,9,0.0,316.58,316.58,358,0,2010-12,True,1.0,1.0,2.0,Hibernating
15205,2011-08-04 16:07:00,2011-09-15 19:36:00,2,378,653.24,United Kingdom,37,0.0,653.24,326.62,86,42,2011-08,True,2.0,2.0,3.0,Hibernating
15206,2011-03-09 08:59:00,2011-11-29 13:41:00,4,162,420.3,United Kingdom,3,0.0,420.3,105.08,11,265,2011-03,True,5.0,4.0,2.0,Champions
15208,2010-12-21 13:03:00,2011-12-08 17:24:00,5,316,870.12,United Kingdom,25,2.5,867.62,174.02,2,352,2010-12,True,5.0,4.0,3.0,Champions
15210,2011-04-28 16:11:00,2011-04-28 16:11:00,1,228,331.18,United Kingdom,20,0.0,331.18,331.18,226,0,2011-04,True,1.0,1.0,2.0,Hibernating
15211,2010-12-09 16:08:00,2011-10-10 13:31:00,2,240,894.41,United Kingdom,52,0.0,894.41,447.2,61,305,2010-12,True,3.0,2.0,3.0,About to Sleep
15212,2011-04-12 13:45:00,2011-04-12 13:45:00,1,36,101.8,United Kingdom,5,12.85,88.95,101.8,242,0,2011-04,True,1.0,1.0,1.0,Hibernating
15213,2011-01-14 11:05:00,2011-01-25 12:21:00,2,272,328.35,United Kingdom,22,3.3,325.05,164.18,319,11,2011-01,True,1.0,2.0,2.0,Hibernating
15214,2011-04-11 09:46:00,2011-12-08 12:07:00,8,1254,1661.44,United Kingdom,109,0.0,1661.44,207.68,2,241,2011-04,True,5.0,5.0,4.0,Champions
15215,2011-09-04 12:24:00,2011-10-24 11:41:00,3,225,734.94,United Kingdom,33,118.95,615.99,244.98,47,50,2011-09,True,3.0,3.0,3.0,Need Attention
15216,2011-09-13 11:41:00,2011-09-13 11:41:00,1,28,96.6,United Kingdom,2,0.0,96.6,96.6,88,0,2011-09,True,2.0,1.0,1.0,Hibernating
15218,2011-01-25 11:20:00,2011-11-29 11:48:00,11,3329,5756.89,United Kingdom,77,0.0,5756.89,523.35,11,308,2011-01,True,5.0,5.0,5.0,Champions
15219,2011-06-16 16:57:00,2011-06-16 16:57:00,1,45,305.75,United Kingdom,9,0.0,305.75,305.75,177,0,2011-06,True,2.0,1.0,2.0,Hibernating
15220,2011-03-04 10:24:00,2011-10-19 12:39:00,6,1393,1778.96,United Kingdom,110,20.04,1758.92,296.49,52,229,2011-03,True,3.0,5.0,4.0,Loyal Customers
15221,2010-12-08 13:08:00,2010-12-08 13:08:00,1,43,403.25,United Kingdom,5,289.15,114.1,403.25,367,0,2010-12,True,1.0,1.0,1.0,Hibernating
15222,2011-01-25 08:03:00,2011-01-25 08:03:00,1,440,585.0,United Kingdom,5,0.0,585.0,585.0,319,0,2011-01,True,1.0,1.0,3.0,Hibernating
15223,2011-04-04 12:17:00,2011-04-28 11:31:00,2,213,755.75,United Kingdom,14,300.85,454.9,377.88,226,24,2011-04,True,1.0,2.0,2.0,Hibernating
15224,2010-12-12 12:34:00,2010-12-16 15:02:00,2,152,322.08,United Kingdom,13,11.6,310.48,161.04,359,4,2010-12,True,1.0,2.0,2.0,Hibernating
15225,2011-04-19 14:51:00,2011-04-19 14:51:00,1,226,409.4,United Kingdom,23,0.0,409.4,409.4,235,0,2011-04,True,1.0,1.0,2.0,Hibernating
15226,2011-02-02 11:41:00,2011-02-02 11:41:00,1,71,154.41,United Kingdom,8,0.0,154.41,154.41,311,0,2011-02,True,1.0,1.0,1.0,Hibernating
15227,2011-01-26 15:31:00,2011-11-03 11:59:00,5,750,1219.4,United Kingdom,43,0.0,1219.4,243.88,37,281,2011-01,True,3.0,4.0,4.0,Loyal Customers
15228,2011-02-18 09:04:00,2011-10-04 13:56:00,4,2255,3386.71,United Kingdom,110,9.75,3376.96,846.68,67,228,2011-02,True,3.0,4.0,5.0,Loyal Customers
15230,2011-04-13 11:04:00,2011-04-14 14:39:00,2,351,429.6,United Kingdom,23,0.0,429.6,214.8,240,1,2011-04,True,1.0,2.0,2.0,Hibernating
15232,2011-07-22 12:21:00,2011-08-18 16:27:00,2,686,612.06,United Kingdom,26,0.0,612.06,306.03,114,27,2011-07,True,2.0,2.0,3.0,Hibernating
15234,2011-03-08 08:53:00,2011-03-08 08:53:00,1,196,197.0,United Kingdom,14,0.0,197.0,197.0,277,0,2011-03,True,1.0,1.0,1.0,Hibernating
15235,2010-12-01 17:22:00,2011-05-06 09:44:00,12,1324,2247.51,United Kingdom,132,0.0,2247.51,187.29,218,156,2010-12,True,1.0,5.0,5.0,Can't Lose Them
15236,2011-02-14 10:52:00,2011-02-14 10:52:00,1,269,321.05,United Kingdom,15,0.0,321.05,321.05,299,0,2011-02,True,1.0,1.0,2.0,Hibernating
15237,2011-04-26 15:04:00,2011-12-08 09:46:00,4,1071,1412.32,United Kingdom,94,0.0,1412.32,353.08,2,226,2011-04,True,5.0,4.0,4.0,Champions
15238,2011-06-08 16:00:00,2011-11-10 14:28:00,3,692,1071.99,United Kingdom,49,15.45,1056.54,357.33,30,155,2011-06,True,4.0,3.0,4.0,Potential Loyalists
15239,2011-09-22 09:53:00,2011-11-29 14:14:00,2,594,780.59,United Kingdom,48,16.25,764.34,390.3,11,68,2011-09,True,5.0,2.0,3.0,Potential Loyalists
15240,2011-02-01 08:23:00,2011-10-26 09:50:00,5,1369,1706.57,United Kingdom,58,21.0,1685.57,341.31,45,267,2011-02,True,3.0,4.0,4.0,Loyal Customers
15241,2011-03-01 11:02:00,2011-10-04 09:05:00,8,1818,1756.44,United Kingdom,82,17.85,1738.59,219.56,67,217,2011-03,True,3.0,5.0,4.0,Loyal Customers
15243,2011-09-26 14:12:00,2011-09-26 14:12:00,1,185,316.68,United Kingdom,22,0.0,316.68,316.68,75,0,2011-09,True,2.0,1.0,2.0,Hibernating
15244,2011-04-05 15:12:00,2011-10-05 13:19:00,2,405,631.57,United Kingdom,31,0.0,631.57,315.78,66,183,2011-04,True,3.0,2.0,3.0,About to Sleep
15245,2011-03-23 13:42:00,2011-07-28 18:56:00,3,1784,2515.84,United Kingdom,55,0.0,2515.84,838.61,135,127,2011-03,True,2.0,3.0,5.0,At Risk
15246,2010-12-16 09:46:00,2011-04-15 14:45:00,2,247,514.15,United Kingdom,32,0.0,514.15,257.08,239,120,2010-12,True,1.0,2.0,3.0,Hibernating
15247,2011-08-09 12:52:00,2011-08-09 12:52:00,1,160,356.0,United Kingdom,6,0.0,356.0,356.0,123,0,2011-08,True,2.0,1.0,2.0,Hibernating
15249,2011-03-28 12:49:00,2011-11-08 11:45:00,13,3577,6688.46,United Kingdom,211,31.1,6657.36,514.5,32,225,2011-03,True,4.0,5.0,5.0,Loyal Customers
15251,2011-04-12 10:38:00,2011-11-30 15:02:00,11,6171,10484.99,United Kingdom,97,157.88,10327.11,953.18,10,232,2011-04,True,5.0,5.0,5.0,Champions
15252,2011-06-09 14:15:00,2011-11-03 13:30:00,2,522,740.78,United Kingdom,44,0.0,740.78,370.39,37,147,2011-06,True,3.0,2.0,3.0,About to Sleep
15253,2011-06-23 12:19:00,2011-11-23 16:22:00,5,866,918.2,United Kingdom,52,2.9,915.3,183.64,17,153,2011-06,True,4.0,4.0,4.0,Loyal Customers
15254,2011-08-04 15:04:00,2011-08-04 15:04:00,1,275,300.36,United Kingdom,18,0.0,300.36,300.36,128,0,2011-08,True,2.0,1.0,2.0,Hibernating
15255,2011-10-04 12:43:00,2011-10-04 12:43:00,1,489,890.85,United Kingdom,47,0.0,890.85,890.85,67,0,2011-10,True,3.0,1.0,3.0,About to Sleep
15256,2011-07-14 11:47:00,2011-07-14 11:47:00,1,55,98.45,United Kingdom,6,0.0,98.45,98.45,149,0,2011-07,True,2.0,1.0,1.0,Hibernating
15257,2011-03-01 12:58:00,2011-03-01 12:58:00,1,46,317.15,United Kingdom,7,85.0,232.15,317.15,284,0,2011-03,True,1.0,1.0,1.0,Hibernating
15258,2011-05-06 14:16:00,2011-06-24 12:30:00,2,142,623.16,United Kingdom,32,0.0,623.16,311.58,169,49,2011-05,True,2.0,2.0,3.0,Hibernating
15260,2010-12-02 12:09:00,2011-08-31 13:55:00,7,885,1810.77,United Kingdom,62,30.0,1780.77,258.68,101,272,2010-12,True,2.0,5.0,4.0,Can't Lose Them
15261,2011-07-27 15:20:00,2011-07-27 15:20:00,1,270,254.82,United Kingdom,19,0.0,254.82,254.82,136,0,2011-07,True,2.0,1.0,2.0,Hibernating
15262,2011-01-20 12:16:00,2011-01-20 12:16:00,1,73,178.95,United Kingdom,10,0.0,178.95,178.95,324,0,2011-01,True,1.0,1.0,1.0,Hibernating
15263,2011-08-25 10:26:00,2011-08-25 10:26:00,1,89,156.51,United Kingdom,12,0.0,156.51,156.51,107,0,2011-08,True,2.0,1.0,1.0,Hibernating
15264,2011-10-06 13:49:00,2011-10-06 13:49:00,1,265,393.74,United Kingdom,23,0.0,393.74,393.74,65,0,2011-10,True,3.0,1.0,2.0,About to Sleep
15265,2011-04-18 12:16:00,2011-07-11 14:46:00,2,612,1506.12,United Kingdom,76,0.0,1506.12,753.06,152,84,2011-04,True,2.0,2.0,4.0,Hibernating
15266,2011-01-05 13:40:00,2011-01-05 13:40:00,1,18,119.3,United Kingdom,6,0.0,119.3,119.3,339,0,2011-01,True,1.0,1.0,1.0,Hibernating
15267,2011-06-10 10:24:00,2011-11-17 15:59:00,5,944,1717.36,United Kingdom,8,0.0,1717.36,343.47,23,160,2011-06,True,4.0,4.0,4.0,Loyal Customers
15269,2011-11-16 09:32:00,2011-11-16 09:32:00,1,26,408.8,United Kingdom,2,0.0,408.8,408.8,24,0,2011-11,True,4.0,1.0,2.0,Promising
15270,2011-02-02 13:25:00,2011-11-24 09:24:00,7,1521,2379.49,United Kingdom,22,81.29,2298.2,339.93,16,295,2011-02,True,4.0,5.0,5.0,Loyal Customers
15271,2010-12-09 13:47:00,2011-12-02 14:11:00,15,1251,2493.34,United Kingdom,184,21.25,2472.09,166.22,8,358,2010-12,True,5.0,5.0,5.0,Champions
15272,2011-09-14 16:36:00,2011-10-13 12:59:00,2,310,721.94,United Kingdom,63,0.0,721.94,360.97,58,29,2011-09,True,3.0,2.0,3.0,About to Sleep
15274,2011-11-21 14:17:00,2011-12-05 16:57:00,2,619,716.57,United Kingdom,44,0.0,716.57,358.28,5,14,2011-11,True,5.0,2.0,3.0,Potential Loyalists
15275,2011-11-02 11:20:00,2011-11-02 11:20:00,1,498,615.14,United Kingdom,41,5.95,609.19,615.14,38,0,2011-11,True,3.0,1.0,3.0,About to Sleep
15276,2011-10-04 16:39:00,2011-10-04 16:39:00,1,61,128.63,United Kingdom,49,0.0,128.63,128.63,67,0,2011-10,True,3.0,1.0,1.0,About to Sleep
15277,2011-10-24 10:08:00,2011-10-24 10:08:00,1,205,255.9,United Kingdom,12,0.0,255.9,255.9,47,0,2011-10,True,3.0,1.0,2.0,About to Sleep
15279,2010-12-20 10:48:00,2010-12-20 10:48:00,1,189,290.51,United Kingdom,19,13.1,277.41,290.51,355,0,2010-12,True,1.0,1.0,2.0,Hibernating
15280,2011-06-20 17:14:00,2011-06-20 17:14:00,1,154,113.12,United Kingdom,16,0.0,113.12,113.12,173,0,2011-06,True,2.0,1.0,1.0,Hibernating
15281,2011-01-10 15:51:00,2011-10-12 09:10:00,9,1211,2332.15,United Kingdom,121,92.2,2239.95,259.13,59,275,2011-01,True,3.0,5.0,5.0,Loyal Customers
15286,2011-10-21 11:08:00,2011-10-21 11:08:00,1,55,240.55,United Kingdom,3,0.0,240.55,240.55,50,0,2011-10,True,3.0,1.0,1.0,About to Sleep
15287,2011-09-30 12:30:00,2011-11-17 15:34:00,2,433,486.69,United Kingdom,17,1.45,485.24,243.34,23,48,2011-09,True,4.0,2.0,3.0,Potential Loyalists
15288,2010-12-09 13:59:00,2011-10-27 16:58:00,5,775,2306.52,United Kingdom,80,0.0,2306.52,461.3,44,322,2010-12,True,3.0,4.0,5.0,Loyal Customers
15289,2011-04-04 12:44:00,2011-11-10 13:49:00,3,1008,939.78,United Kingdom,43,4.68,935.1,313.26,30,220,2011-04,True,4.0,3.0,4.0,Potential Loyalists
15290,2010-12-15 16:03:00,2011-12-05 11:39:00,18,4501,7943.22,United Kingdom,93,139.45,7803.77,441.29,5,355,2010-12,True,5.0,5.0,5.0,Champions
15291,2010-12-01 09:32:00,2011-11-14 11:02:00,14,2102,4623.3,United Kingdom,61,71.79,4551.51,330.24,26,348,2010-12,True,4.0,5.0,5.0,Loyal Customers
15292,2011-05-22 15:00:00,2011-05-22 15:00:00,1,55,178.39,United Kingdom,24,0.0,178.39,178.39,202,0,2011-05,True,1.0,1.0,1.0,Hibernating
15296,2011-01-17 11:57:00,2011-10-20 11:47:00,6,1766,3672.86,United Kingdom,137,62.55,3610.31,612.14,51,276,2011-01,True,3.0,5.0,5.0,Loyal Customers
15297,2011-10-07 09:42:00,2011-11-29 16:32:00,3,292,641.94,United Kingdom,30,6.9,635.04,213.98,11,53,2011-10,True,5.0,3.0,3.0,Potential Loyalists
15298,2010-12-08 13:55:00,2011-12-07 17:17:00,12,3116,4799.9,United Kingdom,115,1025.8,3774.1,399.99,3,364,2010-12,True,5.0,5.0,5.0,Champions
15299,2010-12-02 16:48:00,2011-10-03 14:19:00,6,2947,3907.01,United Kingdom,6,6.01,3901.0,651.17,68,305,2010-12,True,3.0,5.0,5.0,Loyal Customers
15300,2011-10-06 17:08:00,2011-10-06 17:08:00,1,292,496.44,United Kingdom,28,0.0,496.44,496.44,65,0,2011-10,True,3.0,1.0,3.0,About to Sleep
15301,2010-12-06 12:21:00,2011-10-20 09:57:00,12,2751,5049.95,United Kingdom,167,42.23,5007.72,420.83,51,318,2010-12,True,3.0,5.0,5.0,Loyal Customers
15303,2011-02-22 13:59:00,2011-02-22 13:59:00,1,248,574.02,United Kingdom,31,0.0,574.02,574.02,291,0,2011-02,True,1.0,1.0,3.0,Hibernating
15304,2010-12-06 11:42:00,2011-10-10 10:23:00,8,104,694.4,United Kingdom,8,14.1,680.3,86.8,61,308,2010-12,True,3.0,5.0,3.0,Loyal Customers
15306,2011-07-14 15:22:00,2011-10-06 12:56:00,3,810,1174.35,United Kingdom,57,0.0,1174.35,391.45,65,84,2011-07,True,3.0,3.0,4.0,Need Attention
15307,2011-09-05 11:38:00,2011-09-05 11:38:00,1,37,205.3,United Kingdom,12,0.0,205.3,205.3,96,0,2011-09,True,2.0,1.0,1.0,Hibernating
15308,2011-03-10 13:08:00,2011-03-10 13:08:00,1,175,310.47,United Kingdom,19,8.2,302.27,310.47,275,0,2011-03,True,1.0,1.0,2.0,Hibernating
15311,2010-12-01 09:41:00,2011-12-09 12:00:00,91,38147,60632.75,United Kingdom,567,1348.56,59284.19,666.29,1,373,2010-12,True,5.0,5.0,5.0,Champions
15312,2010-12-20 12:51:00,2011-09-25 13:10:00,4,516,924.85,United Kingdom,42,3.75,921.1,231.21,76,279,2010-12,True,2.0,4.0,4.0,At Risk
15313,2011-08-21 16:02:00,2011-08-21 16:02:00,1,25,52.0,United Kingdom,1,0.0,52.0,52.0,111,0,2011-08,True,2.0,1.0,1.0,Hibernating
15314,2011-05-24 14:39:00,2011-05-24 14:39:00,1,313,327.97,United Kingdom,24,0.0,327.97,327.97,200,0,2011-05,True,1.0,1.0,2.0,Hibernating
15315,2011-08-15 15:17:00,2011-10-06 12:51:00,2,862,570.5,United Kingdom,35,18.96,551.54,285.25,65,52,2011-08,True,3.0,2.0,3.0,About to Sleep
15316,2011-01-17 11:34:00,2011-01-17 11:34:00,1,100,165.0,United Kingdom,1,0.0,165.0,165.0,327,0,2011-01,True,1.0,1.0,1.0,Hibernating
15318,2011-12-06 11:30:00,2011-12-06 11:30:00,1,642,312.62,United Kingdom,33,0.0,312.62,312.62,4,0,2011-12,True,5.0,1.0,2.0,New Customers
15319,2011-03-01 12:48:00,2011-03-01 12:48:00,1,175,204.5,United Kingdom,16,0.0,204.5,204.5,284,0,2011-03,True,1.0,1.0,1.0,Hibernating
15320,2011-10-26 13:27:00,2011-10-26 13:27:00,1,326,267.13,United Kingdom,36,0.0,267.13,267.13,45,0,2011-10,True,3.0,1.0,2.0,About to Sleep
15321,2011-02-21 11:10:00,2011-09-30 09:40:00,3,1181,2748.31,United Kingdom,83,84.83,2663.48,916.1,71,221,2011-02,True,3.0,3.0,5.0,Need Attention
15322,2011-09-15 09:34:00,2011-09-15 09:34:00,1,416,679.68,United Kingdom,42,76.71,602.97,679.68,86,0,2011-09,True,2.0,1.0,3.0,Hibernating
15325,2011-08-28 11:55:00,2011-08-28 11:55:00,1,231,161.74,United Kingdom,47,0.0,161.74,161.74,104,0,2011-08,True,2.0,1.0,1.0,Hibernating
15326,2011-01-10 11:38:00,2011-01-10 11:38:00,1,386,311.71,United Kingdom,29,0.0,311.71,311.71,334,0,2011-01,True,1.0,1.0,2.0,Hibernating
15327,2011-10-18 11:55:00,2011-10-18 11:55:00,1,116,208.75,United Kingdom,10,0.0,208.75,208.75,53,0,2011-10,True,3.0,1.0,1.0,About to Sleep
15329,2011-06-21 10:37:00,2011-10-31 15:36:00,3,486,1049.7,United Kingdom,51,42.2,1007.5,349.9,40,132,2011-06,True,3.0,3.0,4.0,Need Attention
15330,2011-10-10 12:30:00,2011-11-07 17:50:00,2,1312,714.96,United Kingdom,10,0.0,714.96,357.48,33,28,2011-10,True,4.0,2.0,3.0,Potential Loyalists
15332,2010-12-05 12:00:00,2010-12-08 14:43:00,4,652,1661.06,Lithuania,29,0.0,1661.06,415.26,367,3,2010-12,True,1.0,4.0,4.0,At Risk
15333,2011-05-15 13:27:00,2011-05-15 13:27:00,1,344,1028.56,United Kingdom,16,0.0,1028.56,1028.56,209,0,2011-05,True,1.0,1.0,4.0,Hibernating
15334,2011-06-19 13:51:00,2011-07-06 11:22:00,3,272,347.87,United Kingdom,66,0.0,347.87,115.96,157,17,2011-06,True,2.0,3.0,2.0,At Risk
15335,2011-10-17 12:50:00,2011-10-17 12:50:00,1,79,170.22,United Kingdom,34,0.0,170.22,170.22,54,0,2011-10,True,3.0,1.0,1.0,About to Sleep
15339,2011-01-25 13:15:00,2011-10-04 12:51:00,2,416,574.07,United Kingdom,77,16.5,557.57,287.04,67,252,2011-01,True,3.0,2.0,3.0,About to Sleep
15341,2011-09-20 09:40:00,2011-09-20 09:40:00,1,812,2020.52,United Kingdom,17,0.0,2020.52,2020.52,81,0,2011-09,True,2.0,1.0,5.0,Hibernating
15342,2011-08-02 10:19:00,2011-08-02 10:19:00,1,283,406.09,United Kingdom,24,14.33,391.76,406.09,130,0,2011-08,True,2.0,1.0,2.0,Hibernating
15343,2011-09-13 13:55:00,2011-09-13 13:55:00,1,84,364.5,United Kingdom,21,0.0,364.5,364.5,88,0,2011-09,True,2.0,1.0,2.0,Hibernating
15344,2011-09-26 14:48:00,2011-12-09 10:45:00,3,116,563.94,United Kingdom,21,87.36,476.58,187.98,1,74,2011-09,True,5.0,3.0,3.0,Potential Loyalists
15345,2011-10-25 11:28:00,2011-10-25 11:28:00,1,81,393.54,United Kingdom,20,25.85,367.69,393.54,46,0,2011-10,True,3.0,1.0,2.0,About to Sleep
15346,2011-01-11 11:18:00,2011-01-11 11:18:00,1,144,252.42,United Kingdom,17,0.0,252.42,252.42,333,0,2011-01,True,1.0,1.0,2.0,Hibernating
15347,2010-12-08 15:25:00,2010-12-08 15:25:00,1,130,201.6,United Kingdom,5,0.0,201.6,201.6,367,0,2010-12,True,1.0,1.0,1.0,Hibernating
15348,2011-09-28 13:17:00,2011-09-28 13:17:00,1,84,158.04,United Kingdom,9,0.0,158.04,158.04,73,0,2011-09,True,2.0,1.0,1.0,Hibernating
15349,2011-06-05 15:46:00,2011-07-04 16:06:00,2,321,463.91,United Kingdom,65,0.0,463.91,231.96,159,29,2011-06,True,2.0,2.0,2.0,Hibernating
15350,2010-12-01 13:33:00,2010-12-01 13:33:00,1,51,115.65,United Kingdom,5,0.0,115.65,115.65,374,0,2010-12,True,1.0,1.0,1.0,Hibernating
15351,2010-12-05 11:49:00,2011-11-27 12:52:00,7,742,1934.66,United Kingdom,157,97.97,1836.69,276.38,13,357,2010-12,True,5.0,5.0,4.0,Champions
15353,2010-12-07 11:49:00,2011-03-30 12:15:00,2,341,770.12,United Kingdom,59,0.0,770.12,385.06,255,113,2010-12,True,1.0,2.0,3.0,Hibernating
15355,2011-10-17 15:22:00,2011-11-10 13:44:00,2,45,277.05,United Kingdom,9,0.0,277.05,138.52,30,24,2011-10,True,4.0,2.0,2.0,Potential Loyalists
15356,2010-12-06 14:05:00,2011-11-08 13:11:00,10,1643,2718.03,United Kingdom,215,0.0,2718.03,271.8,32,337,2010-12,True,4.0,5.0,5.0,Loyal Customers
15358,2010-12-09 10:04:00,2011-12-05 09:04:00,22,7050,8347.2,United Kingdom,292,111.55,8235.65,379.42,5,361,2010-12,True,5.0,5.0,5.0,Champions
15360,2011-10-31 09:35:00,2011-10-31 09:35:00,1,223,427.93,United Kingdom,13,0.0,427.93,427.93,40,0,2011-10,True,3.0,1.0,2.0,About to Sleep
15361,2010-12-13 09:52:00,2010-12-13 09:52:00,1,336,418.92,United Kingdom,7,0.0,418.92,418.92,362,0,2010-12,True,1.0,1.0,2.0,Hibernating
15363,2010-12-02 12:28:00,2010-12-02 12:28:00,1,144,326.0,United Kingdom,16,7.95,318.05,326.0,373,0,2010-12,True,1.0,1.0,2.0,Hibernating
15364,2011-03-30 13:39:00,2011-09-05 09:46:00,2,493,913.19,United Kingdom,29,0.0,913.19,456.6,96,159,2011-03,True,2.0,2.0,4.0,Hibernating
15365,2011-01-28 13:08:00,2011-11-14 08:29:00,7,1084,2314.32,United Kingdom,65,765.15,1549.17,330.62,26,290,2011-01,True,4.0,5.0,4.0,Loyal Customers
15366,2010-12-16 15:59:00,2011-09-25 15:01:00,2,621,602.51,United Kingdom,37,0.0,602.51,301.26,76,283,2010-12,True,2.0,2.0,3.0,Hibernating
15367,2011-03-09 13:53:00,2011-10-13 14:13:00,4,1057,1877.59,United Kingdom,91,9.9,1867.69,469.4,58,218,2011-03,True,3.0,4.0,4.0,Loyal Customers
15368,2011-11-18 14:42:00,2011-11-18 14:42:00,1,230,446.94,United Kingdom,4,0.0,446.94,446.94,22,0,2011-11,True,4.0,1.0,2.0,Promising
15370,2011-01-11 11:32:00,2011-10-30 10:58:00,7,830,2386.05,United Kingdom,65,25.5,2360.55,340.86,41,292,2011-01,True,3.0,5.0,5.0,Loyal Customers
15372,2011-07-25 16:39:00,2011-07-25 16:39:00,1,2924,2007.4,United Kingdom,27,0.0,2007.4,2007.4,138,0,2011-07,True,2.0,1.0,5.0,Hibernating
15373,2010-12-03 14:40:00,2011-12-01 15:05:00,12,500,2415.91,United Kingdom,74,202.8,2213.11,201.33,9,363,2010-12,True,5.0,5.0,5.0,Champions
15374,2011-08-03 09:59:00,2011-08-03 09:59:00,1,126,168.0,United Kingdom,3,0.0,168.0,168.0,129,0,2011-08,True,2.0,1.0,1.0,Hibernating
15376,2011-05-01 13:45:00,2011-10-30 15:04:00,3,615,1221.56,United Kingdom,100,0.0,1221.56,407.19,41,182,2011-05,True,3.0,3.0,4.0,Need Attention
15379,2010-12-16 13:02:00,2011-06-23 13:13:00,7,2305,3703.29,United Kingdom,145,71.4,3631.89,529.04,170,189,2010-12,True,2.0,5.0,5.0,Can't Lose Them
15380,2010-12-09 15:01:00,2011-12-01 12:13:00,5,376,1690.26,United Kingdom,22,7.9,1682.36,338.05,9,357,2010-12,True,5.0,4.0,4.0,Champions
15381,2011-03-16 13:44:00,2011-05-10 11:55:00,2,171,596.85,United Kingdom,8,0.0,596.85,298.42,214,55,2011-03,True,1.0,2.0,3.0,Hibernating
15382,2011-02-17 12:01:00,2011-11-25 10:58:00,6,4012,5955.71,United Kingdom,193,27.85,5927.86,992.62,15,281,2011-02,True,4.0,5.0,5.0,Loyal Customers
15384,2010-12-15 11:34:00,2011-06-23 10:57:00,2,596,642.41,United Kingdom,34,6.65,635.76,321.2,170,190,2010-12,True,2.0,2.0,3.0,Hibernating
15385,2011-10-30 15:11:00,2011-10-30 15:11:00,1,161,316.88,United Kingdom,12,0.0,316.88,316.88,41,0,2011-10,True,3.0,1.0,2.0,About to Sleep
15386,2011-06-06 13:47:00,2011-06-06 13:47:00,1,446,394.14,United Kingdom,31,0.0,394.14,394.14,187,0,2011-06,True,1.0,1.0,2.0,Hibernating
15388,2011-03-14 13:53:00,2011-03-14 13:53:00,1,88,140.54,Canada,10,0.0,140.54,140.54,271,0,2011-03,True,1.0,1.0,1.0,Hibernating
15389,2011-06-20 16:18:00,2011-06-20 16:18:00,1,400,500.0,United Kingdom,1,0.0,500.0,500.0,173,0,2011-06,True,2.0,1.0,3.0,Hibernating
15392,2010-12-14 15:50:00,2011-12-05 11:01:00,4,1277,1535.53,United Kingdom,74,19.8,1515.73,383.88,5,356,2010-12,True,5.0,4.0,4.0,Champions
15393,2011-03-03 16:58:00,2011-11-23 16:48:00,2,150,231.86,United Kingdom,10,0.0,231.86,115.93,17,265,2011-03,True,4.0,2.0,1.0,Potential Loyalists
15394,2010-12-16 12:46:00,2011-11-30 11:49:00,4,910,2183.54,United Kingdom,54,0.0,2183.54,545.88,10,349,2010-12,True,5.0,4.0,5.0,Champions
15395,2011-01-18 12:40:00,2011-01-18 12:40:00,1,17,107.45,United Kingdom,7,0.0,107.45,107.45,326,0,2011-01,True,1.0,1.0,1.0,Hibernating
15396,2011-08-19 10:56:00,2011-08-19 10:56:00,1,122,288.18,United Kingdom,14,0.0,288.18,288.18,113,0,2011-08,True,2.0,1.0,2.0,Hibernating
15397,2011-02-23 09:25:00,2011-02-23 09:25:00,1,20,94.0,United Kingdom,6,0.0,94.0,94.0,290,0,2011-02,True,1.0,1.0,1.0,Hibernating
15398,2011-09-22 14:56:00,2011-11-23 16:47:00,2,769,1345.53,United Kingdom,60,5.9,1339.63,672.76,17,62,2011-09,True,4.0,2.0,4.0,Potential Loyalists
15399,2011-09-21 15:57:00,2011-12-08 13:04:00,3,611,815.77,United Kingdom,45,0.0,815.77,271.92,2,78,2011-09,True,5.0,3.0,3.0,Potential Loyalists
15400,2011-03-06 11:27:00,2011-09-08 13:57:00,5,390,716.2,United Kingdom,10,49.5,666.7,143.24,93,186,2011-03,True,2.0,4.0,3.0,At Risk
15402,2011-05-27 13:32:00,2011-07-14 12:17:00,2,693,626.35,United Kingdom,34,0.0,626.35,313.18,149,48,2011-05,True,2.0,2.0,3.0,Hibernating
15405,2011-06-03 14:44:00,2011-06-03 14:44:00,1,193,349.1,United Kingdom,8,0.0,349.1,349.1,190,0,2011-06,True,1.0,1.0,2.0,Hibernating
15406,2011-02-11 16:19:00,2011-11-08 13:22:00,2,254,510.71,United Kingdom,51,84.1,426.61,255.36,32,270,2011-02,True,4.0,2.0,2.0,Potential Loyalists
15407,2011-02-07 13:18:00,2011-11-06 11:55:00,4,552,1046.74,United Kingdom,142,0.0,1046.74,261.68,34,272,2011-02,True,3.0,4.0,4.0,Loyal Customers
15408,2011-03-20 15:02:00,2011-03-20 15:02:00,1,106,267.18,United Kingdom,34,0.0,267.18,267.18,265,0,2011-03,True,1.0,1.0,2.0,Hibernating
15410,2011-03-23 10:15:00,2011-09-16 14:47:00,8,1200,3450.84,United Kingdom,48,0.0,3450.84,431.36,85,177,2011-03,True,2.0,5.0,5.0,Can't Lose Them
15411,2011-06-10 12:30:00,2011-11-13 15:19:00,4,529,1348.93,United Kingdom,86,12.5,1336.43,337.23,27,156,2011-06,True,4.0,4.0,4.0,Loyal Customers
15412,2011-06-21 15:24:00,2011-06-21 15:24:00,1,108,190.53,United Kingdom,10,0.0,190.53,190.53,172,0,2011-06,True,2.0,1.0,1.0,Hibernating
15414,2011-04-11 13:45:00,2011-11-30 09:50:00,3,443,774.9,United Kingdom,37,0.0,774.9,258.3,10,233,2011-04,True,5.0,3.0,3.0,Potential Loyalists
15415,2011-01-30 14:13:00,2011-01-30 14:13:00,1,551,559.61,United Kingdom,46,0.0,559.61,559.61,314,0,2011-01,True,1.0,1.0,3.0,Hibernating
15416,2011-03-02 08:41:00,2011-10-06 09:38:00,4,2090,3984.32,United Kingdom,165,9.95,3974.37,996.08,65,218,2011-03,True,3.0,4.0,5.0,Loyal Customers
15417,2011-09-15 15:26:00,2011-09-15 15:26:00,1,284,508.8,United Kingdom,28,0.0,508.8,508.8,86,0,2011-09,True,2.0,1.0,3.0,Hibernating
15419,2011-11-15 09:23:00,2011-11-15 09:23:00,1,230,135.86,United Kingdom,8,0.0,135.86,135.86,25,0,2011-11,True,4.0,1.0,1.0,Promising
15421,2011-02-02 14:36:00,2011-10-12 09:20:00,4,500,950.36,United Kingdom,40,0.0,950.36,237.59,59,252,2011-02,True,3.0,4.0,4.0,Loyal Customers
15422,2011-01-20 14:17:00,2011-01-20 16:17:00,2,38,97.7,United Kingdom,6,0.0,97.7,48.85,324,0,2011-01,True,1.0,2.0,1.0,Hibernating
15423,2011-11-01 14:01:00,2011-11-01 14:01:00,1,101,43.5,United Kingdom,2,0.0,43.5,43.5,39,0,2011-11,True,3.0,1.0,1.0,About to Sleep
15424,2011-03-30 13:00:00,2011-03-30 13:02:00,2,554,383.34,United Kingdom,17,0.0,383.34,191.67,255,0,2011-03,True,1.0,2.0,2.0,Hibernating
15426,2010-12-05 13:55:00,2011-11-20 15:36:00,5,656,1404.07,United Kingdom,217,17.49,1386.58,280.81,20,350,2010-12,True,4.0,4.0,4.0,Loyal Customers
15427,2011-10-23 14:47:00,2011-11-06 14:29:00,3,967,1430.54,United Kingdom,233,0.0,1430.54,476.85,34,14,2011-10,True,3.0,3.0,4.0,Need Attention
15428,2011-11-24 16:54:00,2011-11-24 16:54:00,1,102,93.78,United Kingdom,6,0.0,93.78,93.78,16,0,2011-11,True,4.0,1.0,1.0,Promising
15429,2011-09-25 13:42:00,2011-11-13 12:28:00,2,380,397.35,United Kingdom,77,32.45,364.9,198.68,27,49,2011-09,True,4.0,2.0,2.0,Potential Loyalists
15432,2011-11-16 16:30:00,2011-11-16 16:30:00,1,65,171.19,United Kingdom,10,0.0,171.19,171.19,24,0,2011-11,True,4.0,1.0,1.0,Promising
15433,2011-03-17 14:12:00,2011-05-10 10:45:00,2,534,533.3,United Kingdom,40,115.43,417.87,266.65,214,54,2011-03,True,1.0,2.0,2.0,Hibernating
15434,2011-05-23 14:18:00,2011-12-01 13:33:00,5,647,1041.48,United Kingdom,40,44.0,997.48,208.3,9,192,2011-05,True,5.0,4.0,4.0,Champions
15435,2011-11-17 16:39:00,2011-11-17 16:39:00,1,54,149.29,United Kingdom,29,0.0,149.29,149.29,23,0,2011-11,True,4.0,1.0,1.0,Promising
15436,2011-04-19 16:52:00,2011-11-27 16:05:00,3,574,1067.75,United Kingdom,243,0.0,1067.75,355.92,13,222,2011-04,True,5.0,3.0,4.0,Potential Loyalists
15437,2011-03-22 13:11:00,2011-03-22 13:11:00,1,79,200.16,United Kingdom,44,0.0,200.16,200.16,263,0,2011-03,True,1.0,1.0,1.0,Hibernating
15438,2011-07-31 14:19:00,2011-07-31 14:19:00,1,59,156.58,United Kingdom,25,0.0,156.58,156.58,132,0,2011-07,True,2.0,1.0,1.0,Hibernating
15440,2011-05-15 11:30:00,2011-10-16 12:16:00,3,197,383.68,United Kingdom,50,0.0,383.68,127.89,55,154,2011-05,True,3.0,3.0,2.0,Need Attention
15442,2011-04-05 12:24:00,2011-04-05 12:24:00,1,120,594.0,United Kingdom,2,0.0,594.0,594.0,249,0,2011-04,True,1.0,1.0,3.0,Hibernating
15443,2011-01-23 13:25:00,2011-12-08 10:40:00,7,1639,3213.59,United Kingdom,237,24.75,3188.84,459.08,2,319,2011-01,True,5.0,5.0,5.0,Champions
15444,2011-10-30 16:12:00,2011-11-30 17:37:00,2,759,1411.21,United Kingdom,191,0.0,1411.21,705.6,10,31,2011-10,True,5.0,2.0,4.0,Potential Loyalists
15445,2011-03-20 15:06:00,2011-03-20 15:06:00,1,58,113.5,United Kingdom,5,0.0,113.5,113.5,265,0,2011-03,True,1.0,1.0,1.0,Hibernating
15447,2011-01-13 11:26:00,2011-01-13 11:26:00,1,85,155.17,United Kingdom,9,0.0,155.17,155.17,331,0,2011-01,True,1.0,1.0,1.0,Hibernating
15448,2011-01-31 10:42:00,2011-01-31 10:42:00,1,232,494.64,United Kingdom,28,0.0,494.64,494.64,313,0,2011-01,True,1.0,1.0,3.0,Hibernating
15449,2011-03-23 10:43:00,2011-11-13 15:02:00,3,812,974.52,United Kingdom,47,3.3,971.22,324.84,27,235,2011-03,True,4.0,3.0,4.0,Potential Loyalists
15450,2011-11-09 17:11:00,2011-11-09 17:11:00,1,376,429.84,United Kingdom,30,0.0,429.84,429.84,31,0,2011-11,True,4.0,1.0,2.0,Promising
15452,2011-03-20 15:21:00,2011-11-10 12:13:00,3,280,528.48,United Kingdom,47,0.0,528.48,176.16,30,235,2011-03,True,4.0,3.0,3.0,Potential Loyalists
15453,2011-06-05 12:37:00,2011-12-08 10:59:00,7,837,1371.77,United Kingdom,169,0.0,1371.77,195.97,2,186,2011-06,True,5.0,5.0,4.0,Champions
15454,2010-12-12 14:21:00,2010-12-12 14:21:00,1,86,179.1,United Kingdom,23,0.0,179.1,179.1,363,0,2010-12,True,1.0,1.0,1.0,Hibernating
15456,2010-12-15 15:34:00,2011-03-01 13:51:00,3,633,434.59,United Kingdom,48,0.0,434.59,144.86,284,76,2010-12,True,1.0,3.0,2.0,At Risk
15457,2011-03-22 15:31:00,2011-03-22 15:31:00,1,132,237.07,United Kingdom,56,0.0,237.07,237.07,263,0,2011-03,True,1.0,1.0,1.0,Hibernating
15458,2011-11-14 13:08:00,2011-11-14 13:08:00,1,156,161.64,United Kingdom,7,0.0,161.64,161.64,26,0,2011-11,True,4.0,1.0,1.0,Promising
15460,2010-12-20 16:08:00,2010-12-20 16:08:00,1,107,214.26,United Kingdom,53,0.0,214.26,214.26,355,0,2010-12,True,1.0,1.0,1.0,Hibernating
15462,2011-06-05 15:36:00,2011-09-06 13:11:00,3,172,234.6,United Kingdom,9,0.0,234.6,78.2,95,93,2011-06,True,2.0,3.0,1.0,At Risk
15463,2011-11-10 12:57:00,2011-11-10 12:57:00,1,106,126.14,United Kingdom,7,0.0,126.14,126.14,30,0,2011-11,True,4.0,1.0,1.0,Promising
15464,2011-01-05 15:56:00,2011-01-05 15:56:00,1,348,1044.65,United Kingdom,155,0.0,1044.65,1044.65,339,0,2011-01,True,1.0,1.0,4.0,Hibernating
15465,2010-12-05 10:12:00,2011-11-20 10:11:00,18,1257,7354.62,United Kingdom,43,409.6,6945.02,408.59,20,350,2010-12,True,4.0,5.0,5.0,Loyal Customers
15466,2011-09-15 14:08:00,2011-09-15 14:08:00,1,246,334.53,United Kingdom,56,0.0,334.53,334.53,86,0,2011-09,True,2.0,1.0,2.0,Hibernating
15467,2011-07-10 14:42:00,2011-11-30 14:17:00,3,310,524.88,United Kingdom,41,13.0,511.88,174.96,10,143,2011-07,True,5.0,3.0,3.0,Potential Loyalists
15468,2011-10-19 13:38:00,2011-10-19 13:49:00,2,155,467.51,United Kingdom,24,29.05,438.46,233.76,52,0,2011-10,True,3.0,2.0,2.0,About to Sleep
15469,2011-08-11 16:54:00,2011-10-20 16:21:00,2,153,538.55,United Kingdom,24,34.05,504.5,269.27,51,70,2011-08,True,3.0,2.0,3.0,About to Sleep
15471,2011-12-07 14:12:00,2011-12-07 14:12:00,1,256,454.48,United Kingdom,67,0.0,454.48,454.48,3,0,2011-12,True,5.0,1.0,2.0,New Customers
15472,2011-08-18 15:17:00,2011-08-18 15:17:00,1,251,371.56,United Kingdom,76,0.0,371.56,371.56,114,0,2011-08,True,2.0,1.0,2.0,Hibernating
15473,2011-10-10 11:12:00,2011-11-25 15:15:00,7,672,1771.2,United Kingdom,4,306.0,1465.2,253.03,15,46,2011-10,True,4.0,5.0,4.0,Loyal Customers
15475,2011-09-23 15:20:00,2011-09-23 15:20:00,1,319,454.11,United Kingdom,29,0.0,454.11,454.11,78,0,2011-09,True,2.0,1.0,2.0,Hibernating
15478,2011-10-14 11:09:00,2011-10-30 14:19:00,2,575,1399.92,United Kingdom,34,0.0,1399.92,699.96,41,16,2011-10,True,3.0,2.0,4.0,About to Sleep
15480,2011-08-15 14:32:00,2011-08-15 14:32:00,1,303,905.5,Malta,45,0.0,905.5,905.5,117,0,2011-08,True,2.0,1.0,3.0,Hibernating
15482,2010-12-16 10:08:00,2011-11-24 10:46:00,11,5003,10839.76,United Kingdom,45,4486.24,6353.52,985.43,16,343,2010-12,True,4.0,5.0,5.0,Loyal Customers
15483,2011-03-18 12:26:00,2011-07-01 13:07:00,4,291,225.26,United Kingdom,74,0.0,225.26,56.32,162,105,2011-03,True,2.0,4.0,1.0,At Risk
15484,2011-09-22 13:31:00,2011-12-08 15:03:00,4,3150,3590.41,United Kingdom,135,31.2,3559.21,897.6,2,77,2011-09,True,5.0,4.0,5.0,Champions
15485,2010-12-01 13:23:00,2011-11-09 14:31:00,3,1281,2564.5,United Kingdom,59,0.0,2564.5,854.83,31,343,2010-12,True,4.0,3.0,5.0,Potential Loyalists
15488,2011-09-08 10:11:00,2011-09-08 10:11:00,1,73,91.32,United Kingdom,2,0.0,91.32,91.32,93,0,2011-09,True,2.0,1.0,1.0,Hibernating
15489,2011-05-12 12:54:00,2011-11-17 08:53:00,3,608,1134.28,United Kingdom,47,44.25,1090.03,378.09,23,189,2011-05,True,4.0,3.0,4.0,Potential Loyalists
15491,2011-04-18 10:04:00,2011-09-05 15:56:00,6,1646,3100.09,United Kingdom,108,9.24,3090.85,516.68,96,140,2011-04,True,2.0,5.0,5.0,Can't Lose Them
15492,2011-09-26 14:02:00,2011-11-11 14:53:00,2,483,659.46,United Kingdom,32,0.0,659.46,329.73,29,46,2011-09,True,4.0,2.0,3.0,Potential Loyalists
15493,2011-03-14 11:44:00,2011-11-07 12:04:00,5,551,1953.41,United Kingdom,177,34.55,1918.86,390.68,33,238,2011-03,True,4.0,4.0,4.0,Loyal Customers
15494,2011-08-10 15:29:00,2011-11-18 14:51:00,2,1139,1280.58,United Kingdom,120,0.0,1280.58,640.29,22,100,2011-08,True,4.0,2.0,4.0,Potential Loyalists
15497,2011-01-24 10:01:00,2011-11-22 11:51:00,2,624,1262.2,United Kingdom,13,2.5,1259.7,631.1,18,302,2011-01,True,4.0,2.0,4.0,Potential Loyalists
15498,2010-12-08 12:29:00,2011-12-07 12:48:00,27,6105,13316.4,United Kingdom,360,63.85,13252.55,493.2,3,364,2010-12,True,5.0,5.0,5.0,Champions
15500,2011-09-19 13:47:00,2011-12-01 13:47:00,4,572,1131.56,United Kingdom,64,0.0,1131.56,282.89,9,73,2011-09,True,5.0,4.0,4.0,Champions
15502,2010-12-05 15:40:00,2011-11-24 12:48:00,10,4232,6923.98,United Kingdom,163,1375.4,5548.58,692.4,16,354,2010-12,True,4.0,5.0,5.0,Loyal Customers
15503,2010-12-12 10:57:00,2010-12-12 10:57:00,1,70,141.04,United Kingdom,66,0.0,141.04,141.04,363,0,2010-12,True,1.0,1.0,1.0,Hibernating
15504,2011-09-19 13:45:00,2011-09-19 13:45:00,1,33,52.83,United Kingdom,13,0.0,52.83,52.83,82,0,2011-09,True,2.0,1.0,1.0,Hibernating
15505,2011-07-07 13:33:00,2011-10-18 07:56:00,5,2390,3610.96,United Kingdom,90,113.82,3497.14,722.19,53,103,2011-07,True,3.0,4.0,5.0,Loyal Customers
15506,2011-07-24 11:45:00,2011-11-17 12:11:00,3,842,972.08,United Kingdom,121,0.0,972.08,324.03,23,116,2011-07,True,4.0,3.0,4.0,Potential Loyalists
15507,2011-06-21 11:19:00,2011-06-21 11:19:00,1,160,475.86,United Kingdom,41,0.0,475.86,475.86,172,0,2011-06,True,2.0,1.0,3.0,Hibernating
15508,2011-04-18 15:31:00,2011-06-03 15:43:00,6,440,1000.27,United Kingdom,78,0.0,1000.27,166.71,190,46,2011-04,True,1.0,5.0,4.0,Can't Lose Them
15510,2011-01-13 12:10:00,2011-01-13 12:10:00,1,2,250.0,United Kingdom,1,0.0,250.0,250.0,331,0,2011-01,True,1.0,1.0,2.0,Hibernating
15511,2011-09-15 15:05:00,2011-11-28 09:43:00,5,269,900.53,United Kingdom,117,0.0,900.53,180.11,12,74,2011-09,True,5.0,4.0,3.0,Champions
15512,2010-12-15 12:01:00,2011-07-07 10:20:00,2,68,121.0,United Kingdom,7,0.0,121.0,60.5,156,204,2010-12,True,2.0,2.0,1.0,Hibernating
15513,2010-12-01 11:22:00,2011-11-06 14:36:00,19,5709,14758.22,United Kingdom,183,238.14,14520.08,776.75,34,340,2010-12,True,3.0,5.0,5.0,Loyal Customers
15514,2010-12-10 13:50:00,2011-11-27 14:40:00,11,2098,4023.72,United Kingdom,96,1116.27,2907.45,365.79,13,352,2010-12,True,5.0,5.0,5.0,Champions
15516,2011-10-24 11:33:00,2011-10-26 10:51:00,3,27,62.43,United Kingdom,15,0.0,62.43,20.81,45,2,2011-10,True,3.0,3.0,1.0,Need Attention
15517,2011-04-20 14:02:00,2011-04-20 14:02:00,1,293,267.03,United Kingdom,27,0.0,267.03,267.03,234,0,2011-04,True,1.0,1.0,2.0,Hibernating
15518,2011-01-11 12:55:00,2011-10-06 13:05:00,8,1263,1921.55,United Kingdom,135,23.8,1897.75,240.19,65,268,2011-01,True,3.0,5.0,4.0,Loyal Customers
15520,2011-12-08 10:58:00,2011-12-08 10:58:00,1,314,343.5,United Kingdom,18,0.0,343.5,343.5,2,0,2011-12,True,5.0,1.0,2.0,New Customers
15521,2011-03-30 09:15:00,2011-10-30 13:42:00,8,1836,3000.2,United Kingdom,116,300.55,2699.65,375.02,41,214,2011-03,True,3.0,5.0,5.0,Loyal Customers
15522,2011-09-13 12:26:00,2011-11-07 11:26:00,2,572,397.99,United Kingdom,47,0.0,397.99,199.0,33,55,2011-09,True,4.0,2.0,2.0,Potential Loyalists
15523,2011-09-16 16:29:00,2011-09-16 16:29:00,1,132,412.01,United Kingdom,10,0.0,412.01,412.01,85,0,2011-09,True,2.0,1.0,2.0,Hibernating
15524,2011-11-15 12:09:00,2011-11-15 12:09:00,1,4,440.0,United Kingdom,1,0.0,440.0,440.0,25,0,2011-11,True,4.0,1.0,2.0,Promising
15525,2010-12-01 13:17:00,2011-12-07 14:43:00,3,385,731.87,United Kingdom,132,14.9,716.97,243.96,3,371,2010-12,True,5.0,3.0,3.0,Potential Loyalists
15526,2011-11-06 15:01:00,2011-11-06 15:04:00,2,24,148.44,United Kingdom,4,0.0,148.44,74.22,34,0,2011-11,True,3.0,2.0,1.0,About to Sleep
15527,2010-12-20 14:15:00,2011-11-21 12:17:00,8,991,2428.53,United Kingdom,127,16.85,2411.68,303.57,19,336,2010-12,True,4.0,5.0,5.0,Loyal Customers
15528,2011-03-30 16:14:00,2011-03-30 16:14:00,1,123,229.33,United Kingdom,26,0.0,229.33,229.33,255,0,2011-03,True,1.0,1.0,1.0,Hibernating
15529,2010-12-08 12:24:00,2011-11-17 11:29:00,11,3454,3960.05,United Kingdom,414,27.45,3932.6,360.0,23,344,2010-12,True,4.0,5.0,5.0,Loyal Customers
15530,2011-04-07 11:16:00,2011-11-18 12:25:00,4,938,1497.31,United Kingdom,90,0.0,1497.31,374.33,22,225,2011-04,True,4.0,4.0,4.0,Loyal Customers
15531,2011-11-09 17:47:00,2011-12-01 18:43:00,2,1085,1972.39,United Kingdom,196,0.0,1972.39,986.2,9,22,2011-11,True,5.0,2.0,4.0,Potential Loyalists
15532,2010-12-16 16:45:00,2011-11-14 14:51:00,4,513,1554.83,United Kingdom,204,63.85,1490.98,388.71,26,333,2010-12,True,4.0,4.0,4.0,Loyal Customers
15533,2011-09-11 15:41:00,2011-11-20 15:35:00,3,289,807.57,United Kingdom,73,60.65,746.92,269.19,20,70,2011-09,True,4.0,3.0,3.0,Potential Loyalists
15535,2011-01-16 12:35:00,2011-06-19 16:02:00,4,135,502.9,United Kingdom,55,76.5,426.4,125.72,174,154,2011-01,True,2.0,4.0,2.0,At Risk
15537,2011-06-29 13:10:00,2011-06-29 13:10:00,1,29,110.92,United Kingdom,24,0.0,110.92,110.92,164,0,2011-06,True,2.0,1.0,1.0,Hibernating
15539,2011-12-02 13:36:00,2011-12-02 13:36:00,1,410,538.46,United Kingdom,41,0.0,538.46,538.46,8,0,2011-12,True,5.0,1.0,3.0,New Customers
15540,2011-11-28 13:51:00,2011-11-28 13:51:00,1,200,213.3,United Kingdom,15,0.0,213.3,213.3,12,0,2011-11,True,5.0,1.0,1.0,New Customers
15541,2011-08-17 14:58:00,2011-08-17 14:58:00,1,49,85.13,United Kingdom,29,0.0,85.13,85.13,115,0,2011-08,True,2.0,1.0,1.0,Hibernating
15543,2011-02-24 15:26:00,2011-02-24 15:26:00,1,86,127.86,United Kingdom,26,0.0,127.86,127.86,289,0,2011-02,True,1.0,1.0,1.0,Hibernating
15544,2010-12-02 12:47:00,2011-11-30 16:43:00,9,3109,3546.71,United Kingdom,122,4.2,3542.51,394.08,10,363,2010-12,True,5.0,5.0,5.0,Champions
15545,2010-12-03 17:28:00,2011-10-16 13:24:00,2,162,288.97,United Kingdom,78,0.0,288.97,144.49,55,317,2010-12,True,3.0,2.0,2.0,About to Sleep
15547,2010-12-12 13:26:00,2011-12-02 12:52:00,14,3999,4910.6,United Kingdom,441,0.0,4910.6,350.76,8,355,2010-12,True,5.0,5.0,5.0,Champions
15549,2011-01-27 15:38:00,2011-09-23 16:22:00,3,691,1677.71,United Kingdom,103,37.5,1640.21,559.24,78,239,2011-01,True,2.0,3.0,4.0,At Risk
15550,2011-02-11 12:49:00,2011-12-05 15:38:00,4,295,575.63,United Kingdom,43,0.0,575.63,143.91,5,297,2011-02,True,5.0,4.0,3.0,Champions
15551,2011-11-03 12:37:00,2011-11-03 12:37:00,1,218,436.06,United Kingdom,29,0.0,436.06,436.06,37,0,2011-11,True,3.0,1.0,2.0,About to Sleep
15552,2011-05-06 14:47:00,2011-05-06 14:47:00,1,60,90.12,United Kingdom,17,0.0,90.12,90.12,218,0,2011-05,True,1.0,1.0,1.0,Hibernating
15553,2011-10-10 14:02:00,2011-10-10 14:02:00,1,449,428.93,United Kingdom,51,0.0,428.93,428.93,61,0,2011-10,True,3.0,1.0,2.0,About to Sleep
15554,2011-03-07 09:00:00,2011-03-07 09:00:00,1,74,217.2,United Kingdom,14,0.0,217.2,217.2,278,0,2011-03,True,1.0,1.0,1.0,Hibernating
15555,2010-12-05 14:45:00,2011-11-27 16:19:00,16,4397,4791.87,United Kingdom,400,46.12,4745.75,299.49,13,357,2010-12,True,5.0,5.0,5.0,Champions
15556,2011-11-15 16:08:00,2011-11-15 16:08:00,1,236,279.77,United Kingdom,31,0.0,279.77,279.77,25,0,2011-11,True,4.0,1.0,2.0,Promising
15557,2011-11-11 12:46:00,2011-11-11 12:46:00,1,213,468.91,United Kingdom,16,0.0,468.91,468.91,29,0,2011-11,True,4.0,1.0,2.0,Promising
15561,2011-05-08 11:38:00,2011-11-28 11:07:00,4,267,800.59,United Kingdom,27,77.85,722.74,200.15,12,204,2011-05,True,5.0,4.0,3.0,Champions
15562,2010-12-23 09:55:00,2010-12-23 09:55:00,1,39,134.55,United Kingdom,1,0.0,134.55,134.55,352,0,2010-12,True,1.0,1.0,1.0,Hibernating
15563,2010-12-16 11:27:00,2011-11-17 12:59:00,3,1441,1361.44,United Kingdom,87,50.75,1310.69,453.81,23,336,2010-12,True,4.0,3.0,4.0,Potential Loyalists
15565,2011-09-30 10:44:00,2011-10-20 14:33:00,2,60,173.16,United Kingdom,8,0.0,173.16,86.58,51,20,2011-09,True,3.0,2.0,1.0,About to Sleep
15567,2011-11-21 10:48:00,2011-11-21 10:48:00,1,223,186.01,United Kingdom,7,0.0,186.01,186.01,19,0,2011-11,True,4.0,1.0,1.0,Promising
15568,2011-09-27 14:37:00,2011-12-07 11:27:00,3,461,758.29,United Kingdom,27,0.0,758.29,252.76,3,71,2011-09,True,5.0,3.0,3.0,Potential Loyalists
15569,2011-01-11 13:26:00,2011-08-28 10:15:00,5,666,1375.71,United Kingdom,27,0.0,1375.71,275.14,104,229,2011-01,True,2.0,4.0,4.0,At Risk
15570,2010-12-05 12:57:00,2011-12-02 14:47:00,12,2063,4148.82,United Kingdom,231,55.55,4093.27,345.73,8,362,2010-12,True,5.0,5.0,5.0,Champions
15571,2011-09-22 13:15:00,2011-11-28 10:02:00,4,264,650.43,United Kingdom,47,0.0,650.43,162.61,12,67,2011-09,True,5.0,4.0,3.0,Champions
15572,2011-03-06 14:44:00,2011-12-05 10:09:00,7,1213,2533.42,United Kingdom,166,0.0,2533.42,361.92,5,274,2011-03,True,5.0,5.0,5.0,Champions
15573,2011-09-15 12:16:00,2011-11-08 11:38:00,2,354,583.24,United Kingdom,87,0.0,583.24,291.62,32,54,2011-09,True,4.0,2.0,3.0,Potential Loyalists
15574,2010-12-02 15:46:00,2011-06-15 12:01:00,4,332,675.64,United Kingdom,131,0.0,675.64,168.91,178,195,2010-12,True,2.0,4.0,3.0,At Risk
15576,2011-11-02 12:03:00,2011-11-02 12:03:00,1,394,921.37,United Kingdom,43,0.0,921.37,921.37,38,0,2011-11,True,3.0,1.0,4.0,About to Sleep
15577,2011-02-07 13:32:00,2011-07-11 17:03:00,3,89,258.88,United Kingdom,39,0.0,258.88,86.29,152,154,2011-02,True,2.0,3.0,2.0,At Risk
15578,2011-06-30 13:03:00,2011-06-30 13:03:00,1,52,127.1,United Kingdom,13,0.0,127.1,127.1,163,0,2011-06,True,2.0,1.0,1.0,Hibernating
15579,2011-01-30 12:09:00,2011-10-02 12:45:00,2,117,327.6,United Kingdom,45,0.0,327.6,163.8,69,245,2011-01,True,3.0,2.0,2.0,About to Sleep
15581,2010-12-08 14:38:00,2011-07-06 14:04:00,10,280,717.43,United Kingdom,133,0.0,717.43,71.74,157,210,2010-12,True,2.0,5.0,3.0,Can't Lose Them
15582,2011-05-03 13:36:00,2011-11-15 09:55:00,3,453,682.91,United Kingdom,39,0.0,682.91,227.64,25,196,2011-05,True,4.0,3.0,3.0,Potential Loyalists
15584,2011-06-30 16:39:00,2011-11-16 10:55:00,4,313,720.86,United Kingdom,89,2.5,718.36,180.22,24,139,2011-06,True,4.0,4.0,3.0,Loyal Customers
15585,2011-06-16 08:38:00,2011-06-16 08:38:00,1,320,455.3,United Kingdom,31,0.0,455.3,455.3,177,0,2011-06,True,2.0,1.0,2.0,Hibernating
15587,2010-12-23 09:59:00,2011-10-20 13:37:00,4,312,913.68,United Kingdom,3,0.0,913.68,228.42,51,301,2010-12,True,3.0,4.0,4.0,Loyal Customers
15589,2011-02-02 10:46:00,2011-03-29 09:54:00,3,243,478.53,United Kingdom,28,21.95,456.58,159.51,256,55,2011-02,True,1.0,3.0,2.0,At Risk
15592,2011-10-24 08:59:00,2011-10-24 08:59:00,1,354,388.58,United Kingdom,24,0.0,388.58,388.58,47,0,2011-10,True,3.0,1.0,2.0,About to Sleep
15593,2011-09-30 11:46:00,2011-09-30 11:46:00,1,60,199.8,United Kingdom,5,0.0,199.8,199.8,71,0,2011-09,True,3.0,1.0,1.0,About to Sleep
15594,2011-04-19 10:08:00,2011-11-24 08:53:00,5,983,1771.78,United Kingdom,85,4.25,1767.53,354.36,16,219,2011-04,True,4.0,4.0,4.0,Loyal Customers
15596,2010-12-09 16:10:00,2011-08-31 10:55:00,5,561,1406.59,United Kingdom,51,63.25,1343.34,281.32,101,265,2010-12,True,2.0,4.0,4.0,At Risk
15597,2011-11-04 13:26:00,2011-11-04 13:26:00,1,279,324.57,United Kingdom,22,8.85,315.72,324.57,36,0,2011-11,True,3.0,1.0,2.0,About to Sleep
15598,2011-10-17 16:04:00,2011-10-17 16:04:00,1,160,240.68,United Kingdom,14,5.0,235.68,240.68,54,0,2011-10,True,3.0,1.0,1.0,About to Sleep
15599,2011-05-19 13:05:00,2011-11-13 11:44:00,2,718,761.74,United Kingdom,50,0.0,761.74,380.87,27,178,2011-05,True,4.0,2.0,3.0,Potential Loyalists
15601,2010-12-02 10:39:00,2011-11-28 15:15:00,14,4983,6776.56,United Kingdom,230,31.2,6745.36,484.04,12,361,2010-12,True,5.0,5.0,5.0,Champions
15602,2010-12-06 15:35:00,2011-12-01 14:14:00,9,1137,1297.87,United Kingdom,30,195.5,1102.37,144.21,9,360,2010-12,True,5.0,5.0,4.0,Champions
15603,2011-09-22 10:04:00,2011-09-22 10:04:00,1,96,48.48,United Kingdom,2,0.0,48.48,48.48,79,0,2011-09,True,2.0,1.0,1.0,Hibernating
15604,2011-10-18 14:47:00,2011-10-18 14:47:00,1,159,216.39,United Kingdom,17,0.0,216.39,216.39,53,0,2011-10,True,3.0,1.0,1.0,About to Sleep
15605,2010-12-01 13:38:00,2011-11-03 14:17:00,5,441,1198.23,United Kingdom,61,0.0,1198.23,239.65,37,337,2010-12,True,3.0,4.0,4.0,Loyal Customers
15606,2011-01-19 12:07:00,2011-10-09 15:47:00,9,892,2920.16,United Kingdom,48,497.52,2422.64,324.46,62,263,2011-01,True,3.0,5.0,5.0,Loyal Customers
15607,2011-01-07 12:44:00,2011-01-07 12:44:00,1,202,104.76,United Kingdom,13,0.0,104.76,104.76,337,0,2011-01,True,1.0,1.0,1.0,Hibernating
15608,2011-08-11 09:56:00,2011-11-11 13:20:00,4,714,1093.68,United Kingdom,59,0.0,1093.68,273.42,29,92,2011-08,True,4.0,4.0,4.0,Loyal Customers
15609,2011-06-08 13:00:00,2011-06-08 13:00:00,1,148,298.48,United Kingdom,16,28.45,270.03,298.48,185,0,2011-06,True,1.0,1.0,2.0,Hibernating
15610,2011-10-19 10:36:00,2011-10-19 10:36:00,1,66,112.46,United Kingdom,6,0.0,112.46,112.46,52,0,2011-10,True,3.0,1.0,1.0,About to Sleep
15611,2011-01-09 11:32:00,2011-11-30 12:36:00,11,502,1570.45,United Kingdom,22,23.06,1547.39,142.77,10,325,2011-01,True,5.0,5.0,4.0,Champions
15612,2011-10-09 12:49:00,2011-11-03 14:52:00,2,52,195.15,United Kingdom,4,0.0,195.15,97.58,37,25,2011-10,True,3.0,2.0,1.0,About to Sleep
15615,2010-12-15 16:21:00,2011-11-29 14:42:00,23,5508,10399.74,United Kingdom,184,39.7,10360.04,452.16,11,349,2010-12,True,5.0,5.0,5.0,Champions
15618,2011-07-26 10:13:00,2011-11-07 08:34:00,4,453,776.85,United Kingdom,38,29.82,747.03,194.21,33,104,2011-07,True,4.0,4.0,3.0,Loyal Customers
15619,2011-11-29 08:14:00,2011-11-29 08:14:00,1,136,336.4,United Kingdom,3,0.0,336.4,336.4,11,0,2011-11,True,5.0,1.0,2.0,New Customers
15620,2010-12-16 14:34:00,2011-10-14 12:41:00,3,915,1553.18,United Kingdom,92,28.78,1524.4,517.73,57,302,2010-12,True,3.0,3.0,4.0,Need Attention
15621,2011-11-18 11:49:00,2011-12-05 14:01:00,4,501,1293.03,United Kingdom,11,134.26,1158.77,323.26,5,17,2011-11,True,5.0,4.0,4.0,Champions
15622,2011-03-02 13:42:00,2011-10-27 16:44:00,9,1674,3709.56,United Kingdom,169,485.03,3224.53,412.17,44,239,2011-03,True,3.0,5.0,5.0,Loyal Customers
15623,2011-07-21 17:26:00,2011-07-21 17:26:00,1,125,301.03,United Kingdom,19,0.0,301.03,301.03,142,0,2011-07,True,2.0,1.0,2.0,Hibernating
15624,2011-03-28 13:32:00,2011-08-15 11:38:00,4,357,588.13,United Kingdom,26,0.0,588.13,147.03,117,140,2011-03,True,2.0,4.0,3.0,At Risk
15625,2011-04-18 14:01:00,2011-08-28 10:21:00,4,1188,1534.26,United Kingdom,44,29.7,1504.56,383.56,104,132,2011-04,True,2.0,4.0,4.0,At Risk
15626,2011-01-14 10:10:00,2011-09-26 10:03:00,2,766,675.8,United Kingdom,49,0.0,675.8,337.9,75,255,2011-01,True,2.0,2.0,3.0,Hibernating
15628,2010-12-08 09:51:00,2011-12-05 10:24:00,9,1894,2870.24,United Kingdom,85,4.6,2865.64,318.92,5,362,2010-12,True,5.0,5.0,5.0,Champions
15630,2011-05-19 10:16:00,2011-10-25 15:36:00,2,800,1186.35,United Kingdom,57,5.95,1180.4,593.17,46,159,2011-05,True,3.0,2.0,4.0,About to Sleep
15632,2011-03-10 08:29:00,2011-11-24 09:51:00,8,2109,3285.31,United Kingdom,107,138.0,3147.31,410.66,16,259,2011-03,True,4.0,5.0,5.0,Loyal Customers
15634,2011-11-22 16:28:00,2011-11-22 16:28:00,1,99,243.55,United Kingdom,15,0.0,243.55,243.55,18,0,2011-11,True,4.0,1.0,2.0,Promising
15636,2011-03-02 14:50:00,2011-09-11 11:17:00,2,284,724.76,United Kingdom,20,0.0,724.76,362.38,90,193,2011-03,True,2.0,2.0,3.0,Hibernating
15637,2011-10-18 08:28:00,2011-10-18 08:28:00,1,128,223.36,United Kingdom,15,0.0,223.36,223.36,53,0,2011-10,True,3.0,1.0,1.0,About to Sleep
15639,2011-07-28 14:30:00,2011-07-28 14:30:00,1,323,425.32,United Kingdom,25,0.0,425.32,425.32,135,0,2011-07,True,2.0,1.0,2.0,Hibernating
15640,2010-12-02 15:40:00,2011-12-05 14:35:00,15,6572,12416.11,United Kingdom,240,79.37,12336.74,827.74,5,368,2010-12,True,5.0,5.0,5.0,Champions
15641,2010-12-15 14:45:00,2011-08-26 14:04:00,4,1562,1887.2,United Kingdom,102,0.0,1887.2,471.8,106,254,2010-12,True,2.0,4.0,4.0,At Risk
15643,2011-03-02 14:34:00,2011-06-01 07:38:00,3,246,664.0,United Kingdom,31,16.6,647.4,221.33,192,91,2011-03,True,1.0,3.0,3.0,At Risk
15644,2011-03-23 15:37:00,2011-06-26 14:54:00,4,550,803.54,United Kingdom,166,0.0,803.54,200.88,167,95,2011-03,True,2.0,4.0,3.0,At Risk
15645,2011-11-21 11:55:00,2011-11-21 11:55:00,1,255,611.59,United Kingdom,49,0.0,611.59,611.59,19,0,2011-11,True,4.0,1.0,3.0,Promising
15646,2010-12-02 16:59:00,2011-07-05 09:53:00,3,394,447.64,United Kingdom,35,22.5,425.14,149.21,158,215,2010-12,True,2.0,3.0,2.0,At Risk
15648,2011-03-17 18:59:00,2011-05-19 15:53:00,2,218,639.5,United Kingdom,23,54.75,584.75,319.75,205,63,2011-03,True,1.0,2.0,3.0,Hibernating
15649,2010-12-07 10:06:00,2011-01-07 13:34:00,2,192,816.0,United Kingdom,1,0.0,816.0,408.0,337,31,2010-12,True,1.0,2.0,3.0,Hibernating
15651,2011-03-24 08:56:00,2011-11-03 08:41:00,3,479,646.3,United Kingdom,27,0.0,646.3,215.43,37,224,2011-03,True,3.0,3.0,3.0,Need Attention
15652,2011-09-09 14:22:00,2011-09-09 14:22:00,1,208,337.74,United Kingdom,21,0.0,337.74,337.74,92,0,2011-09,True,2.0,1.0,2.0,Hibernating
15653,2011-08-16 09:50:00,2011-09-08 10:49:00,2,1200,877.44,United Kingdom,4,0.0,877.44,438.72,93,23,2011-08,True,2.0,2.0,3.0,Hibernating
15654,2011-11-13 15:15:00,2011-11-30 13:08:00,2,475,922.53,United Kingdom,15,0.0,922.53,461.26,10,17,2011-11,True,5.0,2.0,4.0,Potential Loyalists
15655,2011-04-10 15:25:00,2011-04-10 15:25:00,1,324,560.67,United Kingdom,34,49.35,511.32,560.67,244,0,2011-04,True,1.0,1.0,3.0,Hibernating
15656,2011-02-28 15:32:00,2011-10-25 14:56:00,4,343,748.5,United Kingdom,46,0.0,748.5,187.12,46,239,2011-02,True,3.0,4.0,3.0,Loyal Customers
15657,2011-11-17 12:19:00,2011-11-17 12:19:00,1,24,30.0,United Kingdom,1,0.0,30.0,30.0,23,0,2011-11,True,4.0,1.0,1.0,Promising
15658,2010-12-02 10:53:00,2011-06-02 15:22:00,5,242,1024.1,United Kingdom,40,65.2,958.9,204.82,191,182,2010-12,True,1.0,4.0,4.0,At Risk
15659,2011-10-27 09:23:00,2011-10-27 09:23:00,1,111,306.45,United Kingdom,11,0.0,306.45,306.45,44,0,2011-10,True,3.0,1.0,2.0,About to Sleep
15660,2010-12-09 09:49:00,2011-11-14 16:58:00,9,1050,1600.86,United Kingdom,55,48.85,1552.01,177.87,26,340,2010-12,True,4.0,5.0,4.0,Loyal Customers
15661,2011-01-05 12:32:00,2011-01-26 13:56:00,2,236,309.8,United Kingdom,4,0.0,309.8,154.9,318,21,2011-01,True,1.0,2.0,2.0,Hibernating
15663,2011-08-25 15:50:00,2011-08-25 15:50:00,1,106,138.14,United Kingdom,9,0.0,138.14,138.14,107,0,2011-08,True,2.0,1.0,1.0,Hibernating
15664,2011-10-20 10:57:00,2011-10-20 10:57:00,1,157,386.43,United Kingdom,17,27.8,358.63,386.43,51,0,2011-10,True,3.0,1.0,2.0,About to Sleep
15665,2011-04-10 15:09:00,2011-06-24 14:57:00,2,1654,2222.21,United Kingdom,92,0.0,2222.21,1111.1,169,75,2011-04,True,2.0,2.0,5.0,Hibernating
15667,2011-10-31 10:56:00,2011-10-31 10:56:00,1,240,301.32,United Kingdom,13,0.0,301.32,301.32,40,0,2011-10,True,3.0,1.0,2.0,About to Sleep
15668,2011-05-06 10:39:00,2011-05-06 10:39:00,1,72,76.32,United Kingdom,1,0.0,76.32,76.32,218,0,2011-05,True,1.0,1.0,1.0,Hibernating
15669,2011-03-21 09:13:00,2011-10-30 16:03:00,4,342,684.34,United Kingdom,31,6.65,677.69,171.08,41,223,2011-03,True,3.0,4.0,3.0,Loyal Customers
15670,2011-02-16 10:50:00,2011-02-16 10:50:00,1,91,173.05,United Kingdom,12,0.0,173.05,173.05,297,0,2011-02,True,1.0,1.0,1.0,Hibernating
15671,2011-03-14 09:37:00,2011-11-21 12:43:00,7,1699,2657.13,United Kingdom,52,21.64,2635.49,379.59,19,252,2011-03,True,4.0,5.0,5.0,Loyal Customers
15673,2011-01-16 16:25:00,2011-09-12 16:12:00,4,1451,2726.23,United Kingdom,107,0.0,2726.23,681.56,89,239,2011-01,True,2.0,4.0,5.0,At Risk
15674,2011-03-30 09:19:00,2011-09-27 15:17:00,4,1274,2111.89,United Kingdom,87,367.87,1744.02,527.97,74,181,2011-03,True,2.0,4.0,4.0,At Risk
15675,2011-03-04 14:21:00,2011-09-19 13:48:00,3,527,323.69,United Kingdom,20,0.0,323.69,107.9,82,199,2011-03,True,2.0,3.0,2.0,At Risk
15676,2011-03-01 10:19:00,2011-11-21 12:40:00,3,2252,3435.76,United Kingdom,191,111.67,3324.09,1145.25,19,265,2011-03,True,4.0,3.0,5.0,Potential Loyalists
15677,2011-10-21 15:36:00,2011-10-21 15:36:00,1,319,657.23,United Kingdom,33,0.0,657.23,657.23,50,0,2011-10,True,3.0,1.0,3.0,About to Sleep
15678,2011-10-18 09:25:00,2011-10-18 09:25:00,1,184,352.7,United Kingdom,12,0.0,352.7,352.7,53,0,2011-10,True,3.0,1.0,2.0,About to Sleep
15679,2011-06-10 08:24:00,2011-11-15 16:19:00,4,1170,781.28,United Kingdom,98,0.0,781.28,195.32,25,158,2011-06,True,4.0,4.0,3.0,Loyal Customers
15680,2010-12-08 14:43:00,2011-11-30 13:46:00,3,952,1333.68,United Kingdom,61,0.0,1333.68,444.56,10,357,2010-12,True,5.0,3.0,4.0,Potential Loyalists
15681,2011-03-04 13:46:00,2011-11-14 16:30:00,5,816,1426.16,United Kingdom,32,479.8,946.36,285.23,26,255,2011-03,True,4.0,4.0,4.0,Loyal Customers
15683,2011-08-14 12:56:00,2011-08-14 12:56:00,1,131,193.75,United Kingdom,10,0.0,193.75,193.75,118,0,2011-08,True,2.0,1.0,1.0,Hibernating
15687,2011-01-13 15:13:00,2011-12-01 08:33:00,9,1310,2993.1,United Kingdom,119,11.6,2981.5,332.57,9,322,2011-01,True,5.0,5.0,5.0,Champions
15689,2010-12-13 09:57:00,2011-08-12 09:37:00,2,84,254.1,United Kingdom,8,0.0,254.1,127.05,120,242,2010-12,True,2.0,2.0,2.0,Hibernating
15690,2011-08-31 11:40:00,2011-12-05 15:59:00,2,408,239.76,United Kingdom,19,0.0,239.76,119.88,5,96,2011-08,True,5.0,2.0,1.0,Potential Loyalists
15691,2011-04-01 15:13:00,2011-04-01 15:13:00,1,72,136.8,United Kingdom,2,0.0,136.8,136.8,253,0,2011-04,True,1.0,1.0,1.0,Hibernating
15692,2011-11-11 14:12:00,2011-11-11 14:12:00,1,138,191.04,United Kingdom,12,0.0,191.04,191.04,29,0,2011-11,True,4.0,1.0,1.0,Promising
15694,2010-12-02 07:49:00,2011-12-09 09:44:00,13,1676,6464.4,United Kingdom,41,55.8,6408.6,497.26,1,372,2010-12,True,5.0,5.0,5.0,Champions
15695,2011-03-18 08:31:00,2011-03-18 08:32:00,2,212,409.98,United Kingdom,22,0.0,409.98,204.99,267,0,2011-03,True,1.0,2.0,2.0,Hibernating
15696,2011-01-17 11:24:00,2011-11-06 14:02:00,8,1015,2711.11,United Kingdom,140,92.0,2619.11,338.89,34,293,2011-01,True,3.0,5.0,5.0,Loyal Customers
15699,2011-11-22 08:26:00,2011-11-22 08:26:00,1,113,309.65,United Kingdom,18,0.0,309.65,309.65,18,0,2011-11,True,4.0,1.0,2.0,Promising
15700,2011-06-19 15:36:00,2011-06-20 16:53:00,2,357,696.68,United Kingdom,85,32.65,664.03,348.34,173,1,2011-06,True,2.0,2.0,3.0,Hibernating
15701,2011-08-21 12:36:00,2011-12-07 14:39:00,4,912,1529.0,United Kingdom,193,0.0,1529.0,382.25,3,108,2011-08,True,5.0,4.0,4.0,Champions
15703,2011-03-20 10:51:00,2011-03-20 10:51:00,1,66,211.5,United Kingdom,5,0.0,211.5,211.5,265,0,2011-03,True,1.0,1.0,1.0,Hibernating
15704,2011-05-08 12:42:00,2011-07-22 13:35:00,4,1028,2293.62,United Kingdom,79,0.0,2293.62,573.4,141,75,2011-05,True,2.0,4.0,5.0,At Risk
15705,2011-05-22 15:37:00,2011-05-22 15:37:00,1,62,143.1,United Kingdom,6,0.0,143.1,143.1,202,0,2011-05,True,1.0,1.0,1.0,Hibernating
15706,2011-08-15 14:32:00,2011-10-07 10:09:00,4,321,1060.56,United Kingdom,50,58.75,1001.81,265.14,64,53,2011-08,True,3.0,4.0,4.0,Loyal Customers
15707,2011-09-14 14:19:00,2011-11-04 14:35:00,4,594,916.98,United Kingdom,126,0.0,916.98,229.24,36,51,2011-09,True,3.0,4.0,4.0,Loyal Customers
15708,2010-12-05 11:12:00,2011-10-30 10:54:00,7,1217,3235.25,United Kingdom,124,34.52,3200.73,462.18,41,329,2010-12,True,3.0,5.0,5.0,Loyal Customers
15709,2011-03-01 10:38:00,2011-03-01 10:38:00,1,121,133.25,United Kingdom,6,0.0,133.25,133.25,284,0,2011-03,True,1.0,1.0,1.0,Hibernating
15712,2011-02-25 11:32:00,2011-11-30 14:09:00,5,486,1072.36,United Kingdom,41,0.0,1072.36,214.47,10,278,2011-02,True,5.0,4.0,4.0,Champions
15713,2010-12-08 15:16:00,2011-07-19 13:34:00,2,150,356.7,United Kingdom,18,9.95,346.75,178.35,144,223,2010-12,True,2.0,2.0,2.0,Hibernating
15714,2011-09-23 11:25:00,2011-11-28 11:26:00,2,186,330.03,United Kingdom,34,0.0,330.03,165.02,12,66,2011-09,True,5.0,2.0,2.0,Potential Loyalists
15716,2010-12-05 12:26:00,2011-07-17 11:59:00,4,738,1101.11,United Kingdom,101,0.0,1101.11,275.28,146,224,2010-12,True,2.0,4.0,4.0,At Risk
15717,2011-04-19 13:21:00,2011-04-19 13:21:00,1,70,150.3,United Kingdom,7,0.0,150.3,150.3,235,0,2011-04,True,1.0,1.0,1.0,Hibernating
15719,2011-01-06 12:31:00,2011-11-07 12:29:00,13,2717,5028.42,United Kingdom,298,1.65,5026.77,386.8,33,305,2011-01,True,4.0,5.0,5.0,Loyal Customers
15720,2011-11-15 14:48:00,2011-11-15 14:48:00,1,281,598.73,United Kingdom,128,0.0,598.73,598.73,25,0,2011-11,True,4.0,1.0,3.0,Promising
15721,2011-11-28 12:14:00,2011-11-28 12:14:00,1,388,471.4,United Kingdom,80,0.0,471.4,471.4,12,0,2011-11,True,5.0,1.0,2.0,New Customers
15722,2011-02-22 12:24:00,2011-11-04 11:43:00,5,1023,2211.21,United Kingdom,45,41.35,2169.86,442.24,36,255,2011-02,True,3.0,4.0,5.0,Loyal Customers
15723,2010-12-10 11:12:00,2010-12-10 11:12:00,1,73,190.7,United Kingdom,37,0.0,190.7,190.7,365,0,2010-12,True,1.0,1.0,1.0,Hibernating
15724,2011-02-28 10:40:00,2011-05-22 14:40:00,2,73,218.25,United Kingdom,11,5.95,212.3,109.12,202,83,2011-02,True,1.0,2.0,1.0,Hibernating
15725,2011-11-24 14:51:00,2011-11-24 14:51:00,1,221,415.25,United Kingdom,32,0.0,415.25,415.25,16,0,2011-11,True,4.0,1.0,2.0,Promising
15727,2010-12-15 15:47:00,2011-11-23 12:36:00,7,3063,5159.06,United Kingdom,213,0.0,5159.06,737.01,17,343,2010-12,True,4.0,5.0,5.0,Loyal Customers
15729,2011-05-11 12:36:00,2011-05-11 12:36:00,1,28,85.0,United Kingdom,5,23.0,62.0,85.0,213,0,2011-05,True,1.0,1.0,1.0,Hibernating
15730,2011-05-17 12:43:00,2011-10-05 12:31:00,3,689,1120.88,United Kingdom,68,12.5,1108.38,373.63,66,141,2011-05,True,3.0,3.0,4.0,Need Attention
15732,2010-12-02 15:00:00,2011-05-11 14:24:00,2,215,294.12,United Kingdom,13,0.0,294.12,147.06,213,160,2010-12,True,1.0,2.0,2.0,Hibernating
15733,2011-03-02 09:05:00,2011-03-02 09:05:00,1,62,162.3,United Kingdom,10,0.0,162.3,162.3,283,0,2011-03,True,1.0,1.0,1.0,Hibernating
15734,2011-05-23 14:59:00,2011-08-17 10:50:00,2,346,1339.45,United Kingdom,25,0.0,1339.45,669.72,115,86,2011-05,True,2.0,2.0,4.0,Hibernating
15737,2011-04-11 10:01:00,2011-11-25 11:21:00,8,597,1188.12,United Kingdom,60,66.91,1121.21,148.51,15,228,2011-04,True,4.0,5.0,4.0,Loyal Customers
15738,2010-12-02 12:50:00,2011-11-21 08:26:00,16,2982,4812.42,United Kingdom,46,23.65,4788.77,300.78,19,354,2010-12,True,4.0,5.0,5.0,Loyal Customers
15739,2011-10-04 13:42:00,2011-10-04 13:42:00,1,472,449.12,United Kingdom,8,0.0,449.12,449.12,67,0,2011-10,True,3.0,1.0,2.0,About to Sleep
15740,2011-10-21 14:29:00,2011-10-21 14:29:00,1,152,154.88,United Kingdom,9,0.0,154.88,154.88,50,0,2011-10,True,3.0,1.0,1.0,About to Sleep
15743,2011-06-08 10:14:00,2011-11-23 17:19:00,4,214,775.96,United Kingdom,59,0.0,775.96,193.99,17,168,2011-06,True,4.0,4.0,3.0,Loyal Customers
15744,2011-09-23 09:52:00,2011-09-23 09:52:00,1,120,34.8,United Kingdom,3,0.0,34.8,34.8,78,0,2011-09,True,2.0,1.0,1.0,Hibernating
15745,2011-04-17 13:04:00,2011-11-20 13:45:00,4,421,1094.59,United Kingdom,57,23.35,1071.24,273.65,20,217,2011-04,True,4.0,4.0,4.0,Loyal Customers
15746,2011-07-28 15:21:00,2011-07-28 15:21:00,1,178,196.88,United Kingdom,28,13.92,182.96,196.88,135,0,2011-07,True,2.0,1.0,1.0,Hibernating
15747,2011-06-20 11:30:00,2011-11-27 12:26:00,3,466,946.64,United Kingdom,52,0.0,946.64,315.55,13,160,2011-06,True,5.0,3.0,4.0,Potential Loyalists
15748,2011-10-30 12:51:00,2011-10-30 12:51:00,1,50,144.36,United Kingdom,19,0.0,144.36,144.36,41,0,2011-10,True,3.0,1.0,1.0,About to Sleep
15749,2011-01-11 12:55:00,2011-04-18 13:20:00,3,18028,44534.3,United Kingdom,5,22998.4,21535.9,14844.77,236,97,2011-01,True,1.0,3.0,5.0,At Risk
15750,2010-12-08 10:36:00,2011-12-07 12:34:00,8,1783,2463.05,United Kingdom,214,14.25,2448.8,307.88,3,364,2010-12,True,5.0,5.0,5.0,Champions
15752,2010-12-02 09:43:00,2011-10-31 11:37:00,7,1960,2626.6,United Kingdom,236,8.45,2618.15,375.23,40,333,2010-12,True,3.0,5.0,5.0,Loyal Customers
15753,2011-02-08 12:41:00,2011-02-08 12:41:00,1,144,79.2,United Kingdom,1,0.0,79.2,79.2,305,0,2011-02,True,1.0,1.0,1.0,Hibernating
15754,2011-04-07 12:24:00,2011-10-19 14:40:00,3,199,458.57,United Kingdom,24,2.9,455.67,152.86,52,195,2011-04,True,3.0,3.0,2.0,Need Attention
15755,2011-02-18 11:53:00,2011-11-29 14:57:00,6,1427,2364.25,United Kingdom,127,45.37,2318.88,394.04,11,284,2011-02,True,5.0,5.0,5.0,Champions
15756,2011-04-04 14:00:00,2011-10-09 13:30:00,4,241,528.01,United Kingdom,160,0.0,528.01,132.0,62,188,2011-04,True,3.0,4.0,3.0,Loyal Customers
15757,2011-05-06 11:40:00,2011-10-05 12:14:00,2,491,714.42,United Kingdom,43,0.0,714.42,357.21,66,152,2011-05,True,3.0,2.0,3.0,About to Sleep
15758,2011-11-15 10:48:00,2011-11-15 10:48:00,1,47,205.25,United Kingdom,9,0.0,205.25,205.25,25,0,2011-11,True,4.0,1.0,1.0,Promising
15759,2010-12-16 15:29:00,2011-05-05 15:13:00,3,60,253.04,United Kingdom,5,0.0,253.04,84.35,219,140,2010-12,True,1.0,3.0,2.0,At Risk
15762,2011-09-23 15:17:00,2011-10-05 16:15:00,2,251,583.75,United Kingdom,37,0.0,583.75,291.88,66,12,2011-09,True,3.0,2.0,3.0,About to Sleep
15763,2011-09-23 12:10:00,2011-11-08 09:44:00,2,271,1086.92,United Kingdom,58,38.25,1048.67,543.46,32,46,2011-09,True,4.0,2.0,4.0,Potential Loyalists
15764,2011-03-08 09:23:00,2011-09-12 17:58:00,6,2050,3279.97,United Kingdom,150,34.5,3245.47,546.66,89,188,2011-03,True,2.0,5.0,5.0,Can't Lose Them
15766,2011-10-06 17:03:00,2011-10-06 17:03:00,1,170,315.06,United Kingdom,11,0.0,315.06,315.06,65,0,2011-10,True,3.0,1.0,2.0,About to Sleep
15768,2011-04-28 09:20:00,2011-08-16 10:48:00,3,244,621.83,United Kingdom,23,0.0,621.83,207.28,116,110,2011-04,True,2.0,3.0,3.0,At Risk
15769,2010-12-03 15:16:00,2011-12-02 13:52:00,26,29672,56252.72,United Kingdom,26,4429.0,51823.72,2163.57,8,364,2010-12,True,5.0,5.0,5.0,Champions
15773,2011-12-04 12:48:00,2011-12-04 12:48:00,1,311,635.68,United Kingdom,10,0.0,635.68,635.68,6,0,2011-12,True,5.0,1.0,3.0,New Customers
15774,2011-10-02 12:04:00,2011-10-02 12:04:00,1,87,270.8,United Kingdom,25,0.0,270.8,270.8,69,0,2011-10,True,3.0,1.0,2.0,About to Sleep
15775,2011-04-08 12:56:00,2011-04-08 12:56:00,1,68,104.9,United Kingdom,7,0.0,104.9,104.9,246,0,2011-04,True,1.0,1.0,1.0,Hibernating
15776,2011-07-29 13:46:00,2011-07-29 13:46:00,1,138,241.62,United Kingdom,18,0.0,241.62,241.62,134,0,2011-07,True,2.0,1.0,1.0,Hibernating
15777,2010-12-13 16:38:00,2011-04-12 16:43:00,4,378,1047.11,United Kingdom,18,25.5,1021.61,261.78,242,120,2010-12,True,1.0,4.0,4.0,At Risk
15780,2010-12-17 11:43:00,2011-06-09 12:01:00,3,220,475.28,United Kingdom,26,0.0,475.28,158.43,184,174,2010-12,True,1.0,3.0,3.0,At Risk
15781,2011-02-07 09:15:00,2011-11-14 14:57:00,3,180,345.46,United Kingdom,20,11.9,333.56,115.15,26,280,2011-02,True,4.0,3.0,2.0,Potential Loyalists
15782,2011-09-11 14:29:00,2011-11-30 10:49:00,3,864,2614.74,United Kingdom,34,20.8,2593.94,871.58,10,80,2011-09,True,5.0,3.0,5.0,Potential Loyalists
15783,2011-11-29 09:50:00,2011-11-29 09:50:00,1,212,246.3,United Kingdom,14,0.0,246.3,246.3,11,0,2011-11,True,5.0,1.0,2.0,New Customers
15785,2011-02-17 14:17:00,2011-11-07 11:33:00,5,1612,2328.97,United Kingdom,58,25.22,2303.75,465.79,33,263,2011-02,True,4.0,4.0,5.0,Loyal Customers
15786,2011-08-17 13:33:00,2011-10-24 14:13:00,3,3340,4919.0,United Kingdom,257,98.0,4821.0,1639.67,47,68,2011-08,True,3.0,3.0,5.0,Need Attention
15787,2011-10-09 13:11:00,2011-11-13 14:55:00,3,534,933.26,United Kingdom,156,0.0,933.26,311.09,27,35,2011-10,True,4.0,3.0,4.0,Potential Loyalists
15789,2010-12-16 14:35:00,2010-12-16 14:35:00,1,438,351.3,United Kingdom,25,0.0,351.3,351.3,359,0,2010-12,True,1.0,1.0,2.0,Hibernating
15790,2011-11-29 14:53:00,2011-11-29 14:53:00,1,113,218.75,United Kingdom,34,0.0,218.75,218.75,11,0,2011-11,True,5.0,1.0,1.0,New Customers
15791,2011-05-19 15:15:00,2011-10-27 10:14:00,2,731,1612.69,United Kingdom,66,8.25,1604.44,806.34,44,161,2011-05,True,3.0,2.0,4.0,About to Sleep
15793,2011-03-16 10:45:00,2011-11-25 09:31:00,3,553,965.61,United Kingdom,6,16.65,948.96,321.87,15,254,2011-03,True,4.0,3.0,4.0,Potential Loyalists
15795,2011-07-13 10:43:00,2011-07-13 10:43:00,1,581,610.01,United Kingdom,42,0.0,610.01,610.01,150,0,2011-07,True,2.0,1.0,3.0,Hibernating
15796,2011-02-10 15:40:00,2011-12-08 19:55:00,8,859,2707.61,United Kingdom,69,2.95,2704.66,338.45,2,301,2011-02,True,5.0,5.0,5.0,Champions
15797,2011-02-08 10:17:00,2011-08-18 17:04:00,3,872,2192.4,United Kingdom,7,0.0,2192.4,730.8,114,191,2011-02,True,2.0,3.0,5.0,At Risk
15799,2011-01-09 15:13:00,2011-09-25 12:46:00,3,955,884.14,United Kingdom,94,0.0,884.14,294.71,76,259,2011-01,True,2.0,3.0,3.0,At Risk
15800,2011-04-07 12:39:00,2011-08-24 14:23:00,2,332,696.89,United Kingdom,116,0.0,696.89,348.44,108,139,2011-04,True,2.0,2.0,3.0,Hibernating
15801,2011-08-22 09:53:00,2011-10-24 13:52:00,3,570,1063.95,United Kingdom,61,21.76,1042.19,354.65,47,63,2011-08,True,3.0,3.0,4.0,Need Attention
15803,2011-10-19 14:56:00,2011-10-19 14:56:00,1,290,415.82,United Kingdom,8,0.0,415.82,415.82,52,0,2011-10,True,3.0,1.0,2.0,About to Sleep
15804,2011-05-25 10:12:00,2011-12-09 12:31:00,13,2565,4206.39,United Kingdom,170,357.84,3848.55,323.57,1,198,2011-05,True,5.0,5.0,5.0,Champions
15805,2010-12-10 09:33:00,2011-11-16 16:32:00,17,3367,5488.18,United Kingdom,220,76.31,5411.87,322.83,24,341,2010-12,True,4.0,5.0,5.0,Loyal Customers
15806,2011-03-08 09:24:00,2011-10-24 14:35:00,3,602,784.58,United Kingdom,24,0.0,784.58,261.53,47,230,2011-03,True,3.0,3.0,3.0,Need Attention
15807,2011-09-23 14:43:00,2011-10-20 14:10:00,3,430,903.9,United Kingdom,48,0.0,903.9,301.3,51,27,2011-09,True,3.0,3.0,3.0,Need Attention
15808,2010-12-05 13:05:00,2011-02-06 14:33:00,4,1305,3651.27,United Kingdom,142,10.2,3641.07,912.82,307,63,2010-12,True,1.0,4.0,5.0,At Risk
15809,2011-02-10 11:16:00,2011-11-03 16:40:00,5,301,515.77,United Kingdom,31,116.56,399.21,103.15,37,266,2011-02,True,3.0,4.0,2.0,Loyal Customers
15810,2011-02-16 09:11:00,2011-09-22 09:38:00,4,861,1391.98,United Kingdom,66,246.55,1145.43,348.0,79,218,2011-02,True,2.0,4.0,4.0,At Risk
15811,2010-12-09 15:29:00,2011-11-17 15:31:00,6,1071,2218.62,United Kingdom,117,47.3,2171.32,369.77,23,343,2010-12,True,4.0,5.0,5.0,Loyal Customers
15812,2011-01-26 12:12:00,2011-08-24 14:19:00,5,922,1801.14,United Kingdom,36,0.0,1801.14,360.23,108,210,2011-01,True,2.0,4.0,4.0,At Risk
15813,2011-04-14 09:09:00,2011-05-16 08:13:00,2,603,1303.91,United Kingdom,40,0.0,1303.91,651.95,208,32,2011-04,True,1.0,2.0,4.0,Hibernating
15814,2011-10-20 09:04:00,2011-11-23 08:17:00,4,1271,1945.33,United Kingdom,63,102.6,1842.73,486.33,17,34,2011-10,True,4.0,4.0,4.0,Loyal Customers
15815,2011-03-25 08:43:00,2011-10-07 12:42:00,5,1856,2100.6,United Kingdom,33,0.0,2100.6,420.12,64,196,2011-03,True,3.0,4.0,5.0,Loyal Customers
15819,2011-03-08 09:45:00,2011-10-21 14:50:00,4,1357,1905.45,United Kingdom,96,0.0,1905.45,476.36,50,227,2011-03,True,3.0,4.0,4.0,Loyal Customers
15820,2011-01-24 12:00:00,2011-01-24 12:00:00,1,128,206.98,United Kingdom,17,0.0,206.98,206.98,320,0,2011-01,True,1.0,1.0,1.0,Hibernating
15821,2011-10-09 13:28:00,2011-10-26 15:48:00,2,202,570.96,United Kingdom,57,0.0,570.96,285.48,45,17,2011-10,True,3.0,2.0,3.0,About to Sleep
15822,2010-12-15 13:38:00,2011-12-06 14:50:00,2,375,885.47,United Kingdom,28,0.0,885.47,442.74,4,356,2010-12,True,5.0,2.0,3.0,Potential Loyalists
15825,2011-06-20 13:27:00,2011-06-20 13:27:00,1,220,532.94,United Kingdom,20,0.0,532.94,532.94,173,0,2011-06,True,2.0,1.0,3.0,Hibernating
15826,2011-05-13 10:44:00,2011-10-14 16:05:00,3,963,1654.31,United Kingdom,64,4.95,1649.36,551.44,57,154,2011-05,True,3.0,3.0,4.0,Need Attention
15827,2010-12-02 13:06:00,2011-09-27 15:35:00,14,882,1836.09,United Kingdom,72,187.55,1648.54,131.15,74,299,2010-12,True,2.0,5.0,4.0,Can't Lose Them
15829,2011-07-22 10:23:00,2011-09-01 16:45:00,2,996,636.14,United Kingdom,44,0.0,636.14,318.07,100,41,2011-07,True,2.0,2.0,3.0,Hibernating
15830,2011-11-02 10:40:00,2011-11-02 10:40:00,1,415,576.0,United Kingdom,39,28.3,547.7,576.0,38,0,2011-11,True,3.0,1.0,3.0,About to Sleep
15831,2011-01-19 14:52:00,2011-10-12 13:14:00,3,1092,794.64,United Kingdom,63,54.0,740.64,264.88,59,266,2011-01,True,3.0,3.0,3.0,Need Attention
15832,2011-03-30 15:29:00,2011-03-30 15:29:00,1,465,836.79,United Kingdom,54,0.0,836.79,836.79,255,0,2011-03,True,1.0,1.0,3.0,Hibernating
15834,2011-03-07 17:52:00,2011-09-30 14:41:00,4,959,2222.65,United Kingdom,241,148.85,2073.8,555.66,71,207,2011-03,True,3.0,4.0,5.0,Loyal Customers
15835,2011-01-13 10:35:00,2011-10-26 15:47:00,4,439,954.09,United Kingdom,47,0.0,954.09,238.52,45,286,2011-01,True,3.0,4.0,4.0,Loyal Customers
15836,2011-10-20 17:13:00,2011-10-20 17:13:00,1,26,137.37,United Kingdom,10,19.9,117.47,137.37,51,0,2011-10,True,3.0,1.0,1.0,About to Sleep
15837,2011-10-06 09:01:00,2011-10-06 09:01:00,1,189,391.98,United Kingdom,24,0.0,391.98,391.98,65,0,2011-10,True,3.0,1.0,2.0,About to Sleep
15838,2010-12-07 11:26:00,2011-11-28 14:00:00,19,18368,33643.08,United Kingdom,54,280.8,33362.28,1770.69,12,356,2010-12,True,5.0,5.0,5.0,Champions
15839,2011-07-14 16:35:00,2011-11-06 13:54:00,3,675,1048.49,United Kingdom,56,27.75,1020.74,349.5,34,115,2011-07,True,3.0,3.0,4.0,Need Attention
15840,2011-06-20 11:42:00,2011-10-12 09:08:00,2,396,355.56,United Kingdom,26,9.9,345.66,177.78,59,114,2011-06,True,3.0,2.0,2.0,About to Sleep
15841,2011-01-05 11:25:00,2011-09-28 12:15:00,4,942,1224.06,United Kingdom,36,14.96,1209.1,306.02,73,266,2011-01,True,2.0,4.0,4.0,At Risk
15843,2011-02-09 10:19:00,2011-02-09 10:19:00,1,27,118.95,United Kingdom,8,0.0,118.95,118.95,304,0,2011-02,True,1.0,1.0,1.0,Hibernating
15844,2011-10-24 15:19:00,2011-10-24 15:19:00,1,134,130.74,United Kingdom,11,0.0,130.74,130.74,47,0,2011-10,True,3.0,1.0,1.0,About to Sleep
15845,2011-01-06 17:19:00,2011-11-22 09:42:00,8,1926,3711.77,United Kingdom,97,60.9,3650.87,463.97,18,320,2011-01,True,4.0,5.0,5.0,Loyal Customers
15847,2011-02-24 16:46:00,2011-11-01 14:41:00,2,449,389.27,United Kingdom,22,0.0,389.27,194.64,39,250,2011-02,True,3.0,2.0,2.0,About to Sleep
15850,2011-06-24 14:16:00,2011-11-20 14:14:00,2,298,234.88,United Kingdom,87,0.0,234.88,117.44,20,149,2011-06,True,4.0,2.0,1.0,Potential Loyalists
15852,2011-05-26 13:26:00,2011-06-06 11:22:00,2,48,160.71,United Kingdom,22,0.0,160.71,80.36,187,11,2011-05,True,1.0,2.0,1.0,Hibernating
15853,2011-10-19 10:38:00,2011-10-19 10:38:00,1,135,110.8,United Kingdom,29,0.0,110.8,110.8,52,0,2011-10,True,3.0,1.0,1.0,About to Sleep
15854,2010-12-13 11:47:00,2011-12-05 13:39:00,12,926,2969.12,United Kingdom,105,0.0,2969.12,247.43,5,357,2010-12,True,5.0,5.0,5.0,Champions
15855,2011-03-21 12:32:00,2011-07-26 10:20:00,5,470,712.24,United Kingdom,59,0.0,712.24,142.45,137,127,2011-03,True,2.0,4.0,3.0,At Risk
15856,2010-12-09 13:34:00,2011-12-05 17:09:00,27,10863,16142.38,United Kingdom,294,213.9,15928.48,597.87,5,361,2010-12,True,5.0,5.0,5.0,Champions
15857,2011-11-21 12:18:00,2011-11-21 12:18:00,1,308,297.0,United Kingdom,14,0.0,297.0,297.0,19,0,2011-11,True,4.0,1.0,2.0,Promising
15858,2010-12-07 14:31:00,2011-11-24 12:48:00,5,1163,1427.57,United Kingdom,145,0.0,1427.57,285.51,16,352,2010-12,True,4.0,4.0,4.0,Loyal Customers
15860,2010-12-06 11:38:00,2011-10-30 11:25:00,8,437,965.16,United Kingdom,105,0.0,965.16,120.64,41,328,2010-12,True,3.0,5.0,4.0,Loyal Customers
15861,2011-03-17 20:12:00,2011-11-27 15:59:00,8,2528,3146.92,United Kingdom,339,165.0,2981.92,393.36,13,255,2011-03,True,5.0,5.0,5.0,Champions
15862,2010-12-01 11:21:00,2011-12-01 13:28:00,4,585,832.88,United Kingdom,142,0.0,832.88,208.22,9,365,2010-12,True,5.0,4.0,3.0,Champions
15863,2011-05-31 11:36:00,2011-11-14 12:49:00,2,19,68.84,United Kingdom,18,0.0,68.84,34.42,26,167,2011-05,True,4.0,2.0,1.0,Potential Loyalists
15864,2011-01-27 16:43:00,2011-11-17 13:32:00,6,1192,1936.32,United Kingdom,16,166.54,1769.78,322.72,23,294,2011-01,True,4.0,5.0,4.0,Loyal Customers
15865,2011-05-10 11:44:00,2011-10-30 12:43:00,3,368,895.13,United Kingdom,37,0.0,895.13,298.38,41,173,2011-05,True,3.0,3.0,3.0,Need Attention
15866,2011-08-30 14:09:00,2011-08-30 14:09:00,1,124,211.89,United Kingdom,43,0.0,211.89,211.89,102,0,2011-08,True,2.0,1.0,1.0,Hibernating
15867,2010-12-05 14:17:00,2011-12-04 13:32:00,15,2039,3803.6,United Kingdom,301,14.85,3788.75,253.57,6,364,2010-12,True,5.0,5.0,5.0,Champions
15869,2011-03-07 17:19:00,2011-03-07 17:23:00,2,175,149.64,United Kingdom,13,0.0,149.64,74.82,278,0,2011-03,True,1.0,2.0,1.0,Hibernating
15870,2011-11-07 10:58:00,2011-11-07 10:58:00,1,333,351.44,United Kingdom,68,0.0,351.44,351.44,33,0,2011-11,True,3.0,1.0,2.0,About to Sleep
15872,2011-11-25 11:54:00,2011-11-25 11:55:00,2,187,316.25,United Kingdom,101,0.0,316.25,158.12,15,0,2011-11,True,4.0,2.0,2.0,Potential Loyalists
15874,2011-02-28 13:28:00,2011-10-07 12:31:00,7,2534,4405.88,United Kingdom,110,75.21,4330.67,629.41,64,221,2011-02,True,3.0,5.0,5.0,Loyal Customers
15877,2011-11-22 11:18:00,2011-12-08 11:53:00,2,368,490.33,United Kingdom,122,52.5,437.83,245.16,2,16,2011-11,True,5.0,2.0,2.0,Potential Loyalists
15880,2010-12-05 13:00:00,2010-12-05 13:00:00,1,202,329.03,United Kingdom,95,30.0,299.03,329.03,370,0,2010-12,True,1.0,1.0,2.0,Hibernating
15881,2010-12-10 13:32:00,2011-01-31 16:59:00,5,260,501.39,United Kingdom,26,63.15,438.24,100.28,313,52,2010-12,True,1.0,4.0,2.0,At Risk
15882,2010-12-06 13:01:00,2011-05-25 11:35:00,4,264,514.08,United Kingdom,22,21.0,493.08,128.52,199,170,2010-12,True,1.0,4.0,3.0,At Risk
15883,2011-11-06 14:50:00,2011-12-07 17:05:00,2,223,396.48,United Kingdom,42,0.0,396.48,198.24,3,31,2011-11,True,5.0,2.0,2.0,Potential Loyalists
15885,2011-09-07 14:56:00,2011-09-07 14:56:00,1,109,349.35,United Kingdom,16,0.0,349.35,349.35,94,0,2011-09,True,2.0,1.0,2.0,Hibernating
15886,2011-10-10 14:25:00,2011-10-10 14:25:00,1,147,181.09,United Kingdom,12,0.0,181.09,181.09,61,0,2011-10,True,3.0,1.0,1.0,About to Sleep
15888,2011-09-20 12:30:00,2011-09-20 12:30:00,1,67,162.64,United Kingdom,10,27.04,135.6,162.64,81,0,2011-09,True,2.0,1.0,1.0,Hibernating
15889,2010-12-05 15:12:00,2011-07-06 11:10:00,2,200,400.77,United Kingdom,78,0.0,400.77,200.38,157,213,2010-12,True,2.0,2.0,2.0,Hibernating
15891,2011-04-27 12:35:00,2011-04-27 12:35:00,1,417,509.13,United Kingdom,59,0.0,509.13,509.13,227,0,2011-04,True,1.0,1.0,3.0,Hibernating
15894,2010-12-05 14:06:00,2011-03-31 13:50:00,2,163,257.6,United Kingdom,34,0.0,257.6,128.8,254,116,2010-12,True,1.0,2.0,2.0,Hibernating
15895,2011-07-13 10:27:00,2011-07-13 10:27:00,1,94,179.17,United Kingdom,11,0.0,179.17,179.17,150,0,2011-07,True,2.0,1.0,1.0,Hibernating
15897,2011-05-29 13:32:00,2011-05-29 13:50:00,2,223,208.59,United Kingdom,17,0.0,208.59,104.3,195,0,2011-05,True,1.0,2.0,1.0,Hibernating
15898,2010-12-06 11:01:00,2011-12-08 15:23:00,5,567,1383.83,United Kingdom,70,4.2,1379.63,276.77,2,367,2010-12,True,5.0,4.0,4.0,Champions
15899,2010-12-06 10:36:00,2010-12-06 10:36:00,1,39,56.25,United Kingdom,4,0.0,56.25,56.25,369,0,2010-12,True,1.0,1.0,1.0,Hibernating
15900,2011-11-16 12:19:00,2011-11-16 12:19:00,1,216,337.28,United Kingdom,44,0.0,337.28,337.28,24,0,2011-11,True,4.0,1.0,2.0,Promising
15901,2011-07-08 12:18:00,2011-11-23 12:43:00,3,372,349.75,United Kingdom,101,0.0,349.75,116.58,17,138,2011-07,True,4.0,3.0,2.0,Potential Loyalists
15903,2011-02-17 14:04:00,2011-11-30 08:08:00,7,2410,5126.76,United Kingdom,46,0.42,5126.34,732.39,10,286,2011-02,True,5.0,5.0,5.0,Champions
15904,2011-12-01 14:50:00,2011-12-01 14:50:00,1,84,164.68,United Kingdom,30,0.0,164.68,164.68,9,0,2011-12,True,5.0,1.0,1.0,New Customers
15906,2011-03-29 13:28:00,2011-11-20 12:24:00,7,544,1567.69,United Kingdom,113,45.9,1521.79,223.96,20,236,2011-03,True,4.0,5.0,4.0,Loyal Customers
15907,2011-05-13 13:01:00,2011-12-06 12:21:00,3,477,881.87,United Kingdom,174,0.0,881.87,293.96,4,207,2011-05,True,5.0,3.0,3.0,Potential Loyalists
15909,2011-06-19 10:38:00,2011-06-19 10:38:00,1,98,191.94,United Kingdom,7,0.0,191.94,191.94,174,0,2011-06,True,2.0,1.0,1.0,Hibernating
15910,2011-01-27 11:55:00,2011-12-09 10:51:00,8,1013,1228.88,United Kingdom,215,0.0,1228.88,153.61,1,316,2011-01,True,5.0,5.0,4.0,Champions
15912,2011-04-20 17:10:00,2011-06-14 14:29:00,2,185,264.62,United Kingdom,19,0.0,264.62,132.31,179,55,2011-04,True,2.0,2.0,2.0,Hibernating
15916,2010-12-08 13:07:00,2011-11-23 13:46:00,8,752,1502.86,United Kingdom,124,36.85,1466.01,187.86,17,350,2010-12,True,4.0,5.0,4.0,Loyal Customers
15917,2011-04-06 10:40:00,2011-04-06 10:40:00,1,42,123.1,United Kingdom,12,0.0,123.1,123.1,248,0,2011-04,True,1.0,1.0,1.0,Hibernating
15918,2011-03-13 15:55:00,2011-06-02 11:42:00,2,153,334.23,United Kingdom,33,0.0,334.23,167.12,191,81,2011-03,True,1.0,2.0,2.0,Hibernating
15919,2010-12-06 11:26:00,2011-11-20 11:28:00,2,385,525.69,United Kingdom,103,0.0,525.69,262.85,20,349,2010-12,True,4.0,2.0,3.0,Potential Loyalists
15920,2011-07-08 15:16:00,2011-07-08 15:25:00,3,94,163.55,United Kingdom,52,0.0,163.55,54.52,155,0,2011-07,True,2.0,3.0,1.0,At Risk
15921,2011-06-20 11:03:00,2011-06-20 11:03:00,1,162,323.03,United Kingdom,24,0.0,323.03,323.03,173,0,2011-06,True,2.0,1.0,2.0,Hibernating
15922,2010-12-01 13:51:00,2010-12-01 13:51:00,1,138,369.5,United Kingdom,11,5.9,363.6,369.5,374,0,2010-12,True,1.0,1.0,2.0,Hibernating
15923,2010-12-02 12:16:00,2010-12-02 12:16:00,1,122,127.08,United Kingdom,21,0.0,127.08,127.08,373,0,2010-12,True,1.0,1.0,1.0,Hibernating
15925,2011-05-29 15:35:00,2011-05-29 15:35:00,1,93,207.15,United Kingdom,12,0.0,207.15,207.15,195,0,2011-05,True,1.0,1.0,1.0,Hibernating
15930,2011-10-03 14:52:00,2011-10-03 14:52:00,1,139,426.63,United Kingdom,21,0.0,426.63,426.63,68,0,2011-10,True,3.0,1.0,2.0,About to Sleep
15932,2011-02-23 14:50:00,2011-12-05 17:13:00,8,2325,2495.87,United Kingdom,93,34.02,2461.85,311.98,5,285,2011-02,True,5.0,5.0,5.0,Champions
15933,2011-09-14 12:05:00,2011-11-18 13:14:00,3,885,1107.46,United Kingdom,63,0.0,1107.46,369.15,22,65,2011-09,True,4.0,3.0,4.0,Potential Loyalists
15935,2011-04-14 13:27:00,2011-04-14 13:27:00,1,114,108.04,United Kingdom,11,0.0,108.04,108.04,240,0,2011-04,True,1.0,1.0,1.0,Hibernating
15937,2011-10-06 15:48:00,2011-10-06 15:48:00,1,73,145.35,United Kingdom,7,0.0,145.35,145.35,65,0,2011-10,True,3.0,1.0,1.0,About to Sleep
15938,2011-01-20 10:11:00,2011-08-19 12:56:00,5,240,404.58,United Kingdom,13,0.0,404.58,80.92,113,211,2011-01,True,2.0,4.0,2.0,At Risk
15939,2011-01-12 12:43:00,2011-09-11 11:30:00,14,4727,6100.01,United Kingdom,27,12.75,6087.26,435.72,90,242,2011-01,True,2.0,5.0,5.0,Can't Lose Them
15940,2011-02-01 16:18:00,2011-02-01 16:18:00,1,4,35.8,United Kingdom,1,0.0,35.8,35.8,312,0,2011-02,True,1.0,1.0,1.0,Hibernating
15942,2011-07-29 09:01:00,2011-07-29 09:01:00,1,232,337.44,United Kingdom,14,0.0,337.44,337.44,134,0,2011-07,True,2.0,1.0,2.0,Hibernating
15944,2011-03-08 10:33:00,2011-03-08 10:33:00,1,50,325.1,United Kingdom,6,0.0,325.1,325.1,277,0,2011-03,True,1.0,1.0,2.0,Hibernating
15945,2010-12-09 13:14:00,2010-12-09 13:14:00,1,52,181.0,United Kingdom,2,0.0,181.0,181.0,366,0,2010-12,True,1.0,1.0,1.0,Hibernating
15947,2011-09-18 10:46:00,2011-09-18 10:46:00,1,898,1708.24,United Kingdom,29,0.0,1708.24,1708.24,83,0,2011-09,True,2.0,1.0,4.0,Hibernating
15948,2011-10-27 08:35:00,2011-12-01 15:32:00,2,567,955.24,United Kingdom,51,0.0,955.24,477.62,9,35,2011-10,True,5.0,2.0,4.0,Potential Loyalists
15949,2011-09-29 17:34:00,2011-11-23 09:09:00,2,284,364.72,United Kingdom,12,0.0,364.72,182.36,17,55,2011-09,True,4.0,2.0,2.0,Potential Loyalists
15950,2010-12-15 11:56:00,2011-11-08 11:09:00,4,719,1744.71,United Kingdom,86,60.25,1684.46,436.18,32,328,2010-12,True,4.0,4.0,4.0,Loyal Customers
15951,2011-02-27 11:57:00,2011-12-01 08:34:00,2,313,708.22,United Kingdom,36,38.65,669.57,354.11,9,277,2011-02,True,5.0,2.0,3.0,Potential Loyalists
15952,2011-04-28 12:55:00,2011-11-06 11:18:00,4,391,781.91,United Kingdom,65,0.0,781.91,195.48,34,192,2011-04,True,3.0,4.0,3.0,Loyal Customers
15953,2010-12-05 15:15:00,2011-11-24 15:32:00,8,891,1657.28,United Kingdom,63,24.85,1632.43,207.16,16,354,2010-12,True,4.0,5.0,4.0,Loyal Customers
15955,2010-12-02 11:22:00,2011-11-15 14:15:00,14,2135,4416.26,United Kingdom,137,26.45,4389.81,315.45,25,348,2010-12,True,4.0,5.0,5.0,Loyal Customers
15957,2011-11-08 12:14:00,2011-11-08 12:14:00,1,211,428.89,United Kingdom,40,0.0,428.89,428.89,32,0,2011-11,True,4.0,1.0,2.0,Promising
15958,2011-09-26 13:41:00,2011-09-26 13:41:00,1,33,104.35,United Kingdom,7,0.0,104.35,104.35,75,0,2011-09,True,2.0,1.0,1.0,Hibernating
15963,2011-10-25 13:05:00,2011-11-20 11:33:00,2,298,470.76,United Kingdom,26,0.0,470.76,235.38,20,26,2011-10,True,4.0,2.0,2.0,Potential Loyalists
15965,2010-12-07 13:18:00,2011-11-22 16:44:00,4,434,808.87,United Kingdom,88,0.0,808.87,202.22,18,350,2010-12,True,4.0,4.0,3.0,Loyal Customers
15967,2011-01-25 11:57:00,2011-11-16 15:41:00,2,205,397.68,United Kingdom,73,0.0,397.68,198.84,24,295,2011-01,True,4.0,2.0,2.0,Potential Loyalists
15969,2011-06-07 12:19:00,2011-12-07 11:06:00,3,124,666.1,United Kingdom,20,83.2,582.9,222.03,3,183,2011-06,True,5.0,3.0,3.0,Potential Loyalists
15970,2011-02-09 12:08:00,2011-02-09 12:08:00,1,116,314.1,United Kingdom,11,0.0,314.1,314.1,304,0,2011-02,True,1.0,1.0,2.0,Hibernating
15971,2011-02-01 16:47:00,2011-11-22 12:50:00,12,1716,4194.9,United Kingdom,9,0.0,4194.9,349.58,18,294,2011-02,True,4.0,5.0,5.0,Loyal Customers
15973,2010-12-08 11:42:00,2010-12-08 11:42:00,1,106,307.82,United Kingdom,4,208.05,99.77,307.82,367,0,2010-12,True,1.0,1.0,1.0,Hibernating
15974,2011-02-24 10:10:00,2011-10-31 13:13:00,7,2262,3442.15,United Kingdom,141,12.6,3429.55,491.74,40,249,2011-02,True,3.0,5.0,5.0,Loyal Customers
15975,2011-09-16 13:33:00,2011-09-16 13:33:00,1,243,371.01,United Kingdom,24,0.0,371.01,371.01,85,0,2011-09,True,2.0,1.0,2.0,Hibernating
15976,2011-05-03 17:12:00,2011-06-27 13:00:00,2,275,427.64,United Kingdom,83,0.0,427.64,213.82,166,55,2011-05,True,2.0,2.0,2.0,Hibernating
15977,2011-10-31 16:24:00,2011-11-22 13:29:00,2,1016,1054.73,United Kingdom,48,0.0,1054.73,527.36,18,22,2011-10,True,4.0,2.0,4.0,Potential Loyalists
15978,2011-09-23 15:21:00,2011-09-23 15:21:00,1,888,1098.78,United Kingdom,49,0.0,1098.78,1098.78,78,0,2011-09,True,2.0,1.0,4.0,Hibernating
15980,2011-03-30 15:05:00,2011-09-12 09:41:00,3,1560,2398.86,United Kingdom,40,0.0,2398.86,799.62,89,166,2011-03,True,2.0,3.0,5.0,At Risk
15981,2011-02-01 13:50:00,2011-11-15 08:00:00,8,1866,3408.48,United Kingdom,53,0.0,3408.48,426.06,25,287,2011-02,True,4.0,5.0,5.0,Loyal Customers
15983,2010-12-01 12:15:00,2011-11-17 17:34:00,4,886,1465.12,United Kingdom,82,0.0,1465.12,366.28,23,351,2010-12,True,4.0,4.0,4.0,Loyal Customers
15984,2010-12-06 13:21:00,2011-12-07 12:16:00,10,1815,2780.63,United Kingdom,217,20.7,2759.93,278.06,3,366,2010-12,True,5.0,5.0,5.0,Champions
15985,2011-04-17 11:04:00,2011-08-08 16:31:00,2,1086,1142.42,United Kingdom,29,105.0,1037.42,571.21,124,113,2011-04,True,2.0,2.0,4.0,Hibernating
15986,2011-11-09 15:17:00,2011-11-09 15:17:00,1,268,168.12,United Kingdom,14,0.0,168.12,168.12,31,0,2011-11,True,4.0,1.0,1.0,Promising
15987,2010-12-06 08:34:00,2011-11-27 15:38:00,7,1533,1432.77,United Kingdom,110,0.0,1432.77,204.68,13,356,2010-12,True,5.0,5.0,4.0,Champions
15988,2011-11-20 13:23:00,2011-11-20 13:23:00,1,180,156.78,United Kingdom,26,0.0,156.78,156.78,20,0,2011-11,True,4.0,1.0,1.0,Promising
15990,2011-02-25 15:35:00,2011-10-26 15:58:00,2,443,792.11,United Kingdom,52,0.0,792.11,396.06,45,243,2011-02,True,3.0,2.0,3.0,About to Sleep
15992,2011-12-06 11:00:00,2011-12-06 11:00:00,1,17,41.99,United Kingdom,3,0.0,41.99,41.99,4,0,2011-12,True,5.0,1.0,1.0,New Customers
15993,2011-10-26 16:21:00,2011-12-01 10:45:00,7,2031,2768.97,United Kingdom,334,40.75,2728.22,395.57,9,36,2011-10,True,5.0,5.0,5.0,Champions
15994,2011-10-16 12:28:00,2011-10-16 12:28:00,1,173,414.27,United Kingdom,31,0.0,414.27,414.27,55,0,2011-10,True,3.0,1.0,2.0,About to Sleep
15996,2010-12-08 15:59:00,2011-09-12 15:14:00,6,380,1032.58,United Kingdom,103,15.9,1016.68,172.1,89,278,2010-12,True,2.0,5.0,4.0,Can't Lose Them
15998,2010-12-12 13:32:00,2011-11-03 12:45:00,5,2032,3080.22,United Kingdom,370,5.8,3074.42,616.04,37,326,2010-12,True,3.0,4.0,5.0,Loyal Customers
16000,2011-12-07 12:14:00,2011-12-07 12:17:00,3,5110,12393.7,United Kingdom,9,0.0,12393.7,4131.23,3,0,2011-12,True,5.0,3.0,5.0,Potential Loyalists
16003,2010-12-15 12:09:00,2011-11-10 09:57:00,5,1185,2735.37,United Kingdom,82,0.0,2735.37,547.07,30,330,2010-12,True,4.0,4.0,5.0,Loyal Customers
16005,2011-03-14 11:46:00,2011-11-27 13:47:00,4,280,578.71,United Kingdom,173,0.0,578.71,144.68,13,258,2011-03,True,5.0,4.0,3.0,Champions
16006,2011-05-12 13:12:00,2011-05-12 13:12:00,1,84,101.4,United Kingdom,8,0.0,101.4,101.4,212,0,2011-05,True,1.0,1.0,1.0,Hibernating
16007,2011-05-08 13:32:00,2011-10-23 11:05:00,4,1388,1693.81,United Kingdom,221,0.0,1693.81,423.45,48,168,2011-05,True,3.0,4.0,4.0,Loyal Customers
16008,2011-05-19 10:54:00,2011-11-16 10:32:00,3,323,478.78,United Kingdom,29,0.0,478.78,159.59,24,181,2011-05,True,4.0,3.0,3.0,Potential Loyalists
16009,2011-07-03 11:26:00,2011-11-17 16:51:00,4,366,972.11,United Kingdom,68,0.0,972.11,243.03,23,137,2011-07,True,4.0,4.0,4.0,Loyal Customers
16010,2010-12-12 12:18:00,2011-04-08 10:14:00,3,202,392.4,United Kingdom,62,0.0,392.4,130.8,246,117,2010-12,True,1.0,3.0,2.0,At Risk
16011,2010-12-08 16:34:00,2011-12-01 16:31:00,16,2035,3352.96,United Kingdom,99,0.0,3352.96,209.56,9,358,2010-12,True,5.0,5.0,5.0,Champions
16012,2011-07-07 18:02:00,2011-11-04 13:25:00,3,799,1415.29,United Kingdom,87,0.0,1415.29,471.76,36,120,2011-07,True,3.0,3.0,4.0,Need Attention
16013,2010-12-03 13:09:00,2011-12-06 10:36:00,47,15536,37130.6,United Kingdom,30,3677.15,33453.45,790.01,4,368,2010-12,True,5.0,5.0,5.0,Champions
16014,2011-02-21 17:42:00,2011-11-02 12:04:00,3,258,646.83,United Kingdom,123,9.25,637.58,215.61,38,254,2011-02,True,3.0,3.0,3.0,Need Attention
16015,2011-10-21 12:56:00,2011-12-06 10:58:00,3,906,704.26,United Kingdom,145,14.85,689.41,234.75,4,46,2011-10,True,5.0,3.0,3.0,Potential Loyalists
16016,2010-12-08 12:36:00,2011-12-06 14:35:00,8,602,1465.51,United Kingdom,156,25.45,1440.06,183.19,4,363,2010-12,True,5.0,5.0,4.0,Champions
16017,2011-10-23 12:56:00,2011-10-23 12:56:00,1,102,211.88,United Kingdom,26,0.0,211.88,211.88,48,0,2011-10,True,3.0,1.0,1.0,About to Sleep
16018,2011-06-12 13:52:00,2011-10-31 14:13:00,2,190,408.9,United Kingdom,26,0.0,408.9,204.45,40,141,2011-06,True,3.0,2.0,2.0,About to Sleep
16019,2010-12-10 12:29:00,2011-10-24 11:51:00,9,1733,3786.24,United Kingdom,133,336.0,3450.24,420.69,47,318,2010-12,True,3.0,5.0,5.0,Loyal Customers
16020,2011-10-05 13:54:00,2011-11-23 11:18:00,3,487,851.01,United Kingdom,42,0.0,851.01,283.67,17,49,2011-10,True,4.0,3.0,3.0,Potential Loyalists
16022,2011-03-24 13:16:00,2011-03-24 13:16:00,1,255,602.63,United Kingdom,68,0.0,602.63,602.63,261,0,2011-03,True,1.0,1.0,3.0,Hibernating
16023,2011-03-18 13:32:00,2011-10-24 16:34:00,3,358,719.81,United Kingdom,90,0.0,719.81,239.94,47,220,2011-03,True,3.0,3.0,3.0,Need Attention
16024,2011-11-27 13:26:00,2011-11-27 13:26:00,1,377,245.75,United Kingdom,60,0.0,245.75,245.75,13,0,2011-11,True,5.0,1.0,2.0,New Customers
16025,2011-11-10 11:45:00,2011-11-10 11:45:00,1,338,439.66,United Kingdom,28,0.0,439.66,439.66,30,0,2011-11,True,4.0,1.0,2.0,Promising
16026,2011-10-27 13:53:00,2011-10-27 13:53:00,1,243,236.09,United Kingdom,30,0.0,236.09,236.09,44,0,2011-10,True,3.0,1.0,1.0,About to Sleep
16027,2011-02-10 12:19:00,2011-09-09 10:47:00,6,1147,934.62,United Kingdom,11,0.0,934.62,155.77,92,211,2011-02,True,2.0,5.0,4.0,Can't Lose Them
16029,2010-12-01 09:57:00,2011-11-01 10:27:00,62,40107,72708.09,United Kingdom,43,12338.16,60369.93,1172.71,39,335,2010-12,True,3.0,5.0,5.0,Loyal Customers
16030,2011-02-03 11:28:00,2011-02-03 11:28:00,1,283,331.24,United Kingdom,28,0.0,331.24,331.24,310,0,2011-02,True,1.0,1.0,2.0,Hibernating
16031,2011-04-06 14:23:00,2011-09-08 13:07:00,2,421,547.9,United Kingdom,91,0.0,547.9,273.95,93,155,2011-04,True,2.0,2.0,3.0,Hibernating
16033,2010-12-05 10:36:00,2011-12-04 12:44:00,20,3529,8778.82,United Kingdom,538,88.79,8690.03,438.94,6,364,2010-12,True,5.0,5.0,5.0,Champions
16034,2011-01-11 11:54:00,2011-05-27 16:17:00,3,242,437.7,United Kingdom,18,0.0,437.7,145.9,197,136,2011-01,True,1.0,3.0,2.0,At Risk
16036,2011-03-21 13:01:00,2011-09-13 14:53:00,2,716,758.92,United Kingdom,55,0.0,758.92,379.46,88,176,2011-03,True,2.0,2.0,3.0,Hibernating
16037,2010-12-16 10:18:00,2011-03-15 09:13:00,3,428,855.02,United Kingdom,37,0.0,855.02,285.01,270,89,2010-12,True,1.0,3.0,3.0,At Risk
16038,2011-05-22 11:29:00,2011-12-02 12:40:00,3,244,471.78,United Kingdom,24,17.45,454.33,157.26,8,194,2011-05,True,5.0,3.0,2.0,Potential Loyalists
16040,2011-03-16 09:58:00,2011-10-05 13:47:00,3,684,1313.55,United Kingdom,57,0.0,1313.55,437.85,66,203,2011-03,True,3.0,3.0,4.0,Need Attention
16041,2011-07-21 16:27:00,2011-11-09 12:25:00,3,1584,3166.4,United Kingdom,6,0.0,3166.4,1055.47,31,111,2011-07,True,4.0,3.0,5.0,Potential Loyalists
16042,2011-01-11 13:25:00,2011-11-17 17:50:00,5,743,1177.47,United Kingdom,68,49.9,1127.57,235.49,23,310,2011-01,True,4.0,4.0,4.0,Loyal Customers
16043,2011-01-26 11:14:00,2011-11-02 12:50:00,4,503,773.99,United Kingdom,30,0.0,773.99,193.5,38,280,2011-01,True,3.0,4.0,3.0,Loyal Customers
16045,2011-02-22 14:55:00,2011-08-12 12:41:00,4,897,1340.7,United Kingdom,71,0.0,1340.7,335.18,120,171,2011-02,True,2.0,4.0,4.0,At Risk
16048,2010-12-01 15:27:00,2010-12-01 15:28:00,2,144,256.44,United Kingdom,8,12.75,243.69,128.22,374,0,2010-12,True,1.0,2.0,2.0,Hibernating
16049,2011-09-25 14:33:00,2011-10-30 13:19:00,3,763,1074.81,United Kingdom,248,0.0,1074.81,358.27,41,35,2011-09,True,3.0,3.0,4.0,Need Attention
16050,2011-06-19 11:44:00,2011-06-19 11:44:00,1,278,137.9,United Kingdom,10,0.0,137.9,137.9,174,0,2011-06,True,2.0,1.0,1.0,Hibernating
16052,2011-10-16 15:13:00,2011-10-16 15:13:00,1,282,362.06,United Kingdom,34,0.0,362.06,362.06,55,0,2011-10,True,3.0,1.0,2.0,About to Sleep
16053,2011-08-09 14:57:00,2011-11-07 11:21:00,2,1793,1511.95,United Kingdom,81,0.0,1511.95,755.98,33,90,2011-08,True,3.0,2.0,4.0,About to Sleep
16054,2011-07-17 13:08:00,2011-07-17 13:08:00,1,380,783.9,United Kingdom,70,0.0,783.9,783.9,146,0,2011-07,True,2.0,1.0,3.0,Hibernating
16055,2011-05-03 09:26:00,2011-05-03 09:26:00,1,22,134.8,United Kingdom,8,0.0,134.8,134.8,221,0,2011-05,True,1.0,1.0,1.0,Hibernating
16056,2011-10-25 15:19:00,2011-10-25 15:19:00,1,345,650.75,United Kingdom,66,0.0,650.75,650.75,46,0,2011-10,True,3.0,1.0,3.0,About to Sleep
16057,2011-02-28 10:35:00,2011-11-23 15:23:00,7,863,2263.12,United Kingdom,109,122.9,2140.22,323.3,17,268,2011-02,True,4.0,5.0,5.0,Loyal Customers
16059,2010-12-07 10:36:00,2011-10-05 09:56:00,6,641,1453.16,United Kingdom,126,0.0,1453.16,242.19,66,302,2010-12,True,3.0,5.0,4.0,Loyal Customers
16062,2010-12-10 12:00:00,2011-11-30 12:15:00,4,800,1153.62,United Kingdom,50,0.0,1153.62,288.4,10,355,2010-12,True,5.0,4.0,4.0,Champions
16063,2011-03-24 14:55:00,2011-03-24 14:56:00,1,262,335.32,United Kingdom,23,0.0,335.32,335.32,261,0,2011-03,True,1.0,1.0,2.0,Hibernating
16065,2010-12-09 13:03:00,2010-12-09 13:03:00,1,228,367.14,United Kingdom,71,0.0,367.14,367.14,366,0,2010-12,True,1.0,1.0,2.0,Hibernating
16066,2011-08-07 14:33:00,2011-11-23 11:54:00,5,935,1521.04,United Kingdom,77,0.0,1521.04,304.21,17,108,2011-08,True,4.0,4.0,4.0,Loyal Customers
16070,2011-11-07 16:36:00,2011-11-17 15:50:00,2,457,852.15,United Kingdom,32,0.0,852.15,426.08,23,10,2011-11,True,4.0,2.0,3.0,Potential Loyalists
16071,2011-10-26 11:14:00,2011-10-26 11:14:00,1,180,326.24,United Kingdom,21,0.0,326.24,326.24,45,0,2011-10,True,3.0,1.0,2.0,About to Sleep
16072,2011-02-24 14:32:00,2011-02-24 14:32:00,1,140,584.32,United Kingdom,23,0.0,584.32,584.32,289,0,2011-02,True,1.0,1.0,3.0,Hibernating
16073,2011-02-15 15:41:00,2011-02-15 15:41:00,1,48,122.4,United Kingdom,1,28.05,94.35,122.4,298,0,2011-02,True,1.0,1.0,1.0,Hibernating
16076,2011-05-15 12:31:00,2011-12-06 14:59:00,10,1435,2234.73,United Kingdom,71,61.2,2173.53,223.47,4,205,2011-05,True,5.0,5.0,5.0,Champions
16078,2011-03-01 09:47:00,2011-03-01 09:47:00,1,16,79.2,United Kingdom,1,0.0,79.2,79.2,284,0,2011-03,True,1.0,1.0,1.0,Hibernating
16079,2011-10-30 13:06:00,2011-11-23 12:48:00,3,864,1352.0,United Kingdom,18,0.0,1352.0,450.67,17,24,2011-10,True,4.0,3.0,4.0,Potential Loyalists
16080,2011-03-10 14:44:00,2011-09-19 10:42:00,2,128,217.16,United Kingdom,10,40.56,176.6,108.58,82,193,2011-03,True,2.0,2.0,1.0,Hibernating
16081,2010-12-08 11:16:00,2011-10-14 13:06:00,5,1473,2799.42,United Kingdom,175,0.0,2799.42,559.88,57,310,2010-12,True,3.0,4.0,5.0,Loyal Customers
16083,2010-12-14 11:51:00,2011-08-31 10:47:00,2,908,1317.62,United Kingdom,31,0.0,1317.62,658.81,101,260,2010-12,True,2.0,2.0,4.0,Hibernating
16084,2011-02-13 16:05:00,2011-02-13 16:05:00,1,216,436.18,United Kingdom,38,0.0,436.18,436.18,300,0,2011-02,True,1.0,1.0,2.0,Hibernating
16085,2011-01-23 12:07:00,2011-11-16 13:24:00,5,636,981.51,United Kingdom,123,0.0,981.51,196.3,24,297,2011-01,True,4.0,4.0,4.0,Loyal Customers
16086,2010-12-07 13:45:00,2011-10-11 13:09:00,5,511,1121.39,United Kingdom,24,2.08,1119.31,224.28,60,308,2010-12,True,3.0,4.0,4.0,Loyal Customers
16091,2011-05-25 09:18:00,2011-07-08 08:45:00,2,154,315.06,United Kingdom,16,0.0,315.06,157.53,155,44,2011-05,True,2.0,2.0,2.0,Hibernating
16092,2011-03-30 15:38:00,2011-08-17 10:46:00,3,628,817.86,United Kingdom,37,38.5,779.36,272.62,115,140,2011-03,True,2.0,3.0,3.0,At Risk
16093,2011-08-25 11:09:00,2011-08-25 11:09:00,1,20,17.0,United Kingdom,1,0.0,17.0,17.0,107,0,2011-08,True,2.0,1.0,1.0,Hibernating
16094,2011-05-04 13:57:00,2011-11-28 12:45:00,4,647,1078.23,United Kingdom,48,36.4,1041.83,269.56,12,208,2011-05,True,5.0,4.0,4.0,Champions
16096,2011-03-20 13:38:00,2011-03-20 13:38:00,1,155,320.62,United Kingdom,12,0.0,320.62,320.62,265,0,2011-03,True,1.0,1.0,2.0,Hibernating
16097,2011-04-13 13:47:00,2011-04-13 13:47:00,1,87,185.05,United Kingdom,10,0.0,185.05,185.05,241,0,2011-04,True,1.0,1.0,1.0,Hibernating
16098,2010-12-01 09:45:00,2011-09-13 09:59:00,7,613,2005.63,United Kingdom,34,0.0,2005.63,286.52,88,286,2010-12,True,2.0,5.0,5.0,Can't Lose Them
16099,2011-04-28 08:34:00,2011-10-20 13:13:00,3,434,731.9,United Kingdom,29,0.0,731.9,243.97,51,175,2011-04,True,3.0,3.0,3.0,Need Attention
16101,2011-09-30 10:18:00,2011-09-30 10:18:00,1,757,1290.7,United Kingdom,76,44.74,1245.96,1290.7,71,0,2011-09,True,3.0,1.0,4.0,About to Sleep
16102,2011-08-03 12:50:00,2011-10-28 13:19:00,3,942,1842.14,United Kingdom,41,0.0,1842.14,614.05,43,86,2011-08,True,3.0,3.0,4.0,Need Attention
16103,2011-04-20 12:28:00,2011-12-02 14:16:00,6,558,1429.64,United Kingdom,30,0.0,1429.64,238.27,8,226,2011-04,True,5.0,5.0,4.0,Champions
16104,2011-10-09 10:23:00,2011-10-09 10:23:00,1,122,298.21,United Kingdom,28,0.0,298.21,298.21,62,0,2011-10,True,3.0,1.0,2.0,About to Sleep
16105,2011-04-05 10:13:00,2011-04-05 10:13:00,1,330,336.96,United Kingdom,13,0.0,336.96,336.96,249,0,2011-04,True,1.0,1.0,2.0,Hibernating
16106,2011-10-05 10:37:00,2011-10-05 10:37:00,1,74,108.38,United Kingdom,6,0.0,108.38,108.38,66,0,2011-10,True,3.0,1.0,1.0,About to Sleep
16107,2011-06-09 18:42:00,2011-11-22 09:40:00,7,1176,3204.16,United Kingdom,16,0.0,3204.16,457.74,18,166,2011-06,True,4.0,5.0,5.0,Loyal Customers
16108,2011-09-16 11:48:00,2011-09-16 11:48:00,1,615,842.5,United Kingdom,48,26.4,816.1,842.5,85,0,2011-09,True,2.0,1.0,3.0,Hibernating
16109,2011-02-04 12:37:00,2011-05-05 09:17:00,2,612,611.88,United Kingdom,18,0.0,611.88,305.94,219,90,2011-02,True,1.0,2.0,3.0,Hibernating
16110,2011-02-01 14:01:00,2011-10-25 14:35:00,3,720,1320.95,United Kingdom,283,0.0,1320.95,440.32,46,266,2011-02,True,3.0,3.0,4.0,Need Attention
16112,2011-01-05 11:47:00,2011-07-19 14:28:00,4,574,195.74,United Kingdom,15,0.0,195.74,48.94,144,195,2011-01,True,2.0,4.0,1.0,At Risk
16113,2011-06-09 16:16:00,2011-06-09 16:16:00,1,176,161.38,United Kingdom,30,0.0,161.38,161.38,184,0,2011-06,True,1.0,1.0,1.0,Hibernating
16114,2011-06-22 10:13:00,2011-06-22 10:13:00,1,43,135.75,United Kingdom,8,0.0,135.75,135.75,171,0,2011-06,True,2.0,1.0,1.0,Hibernating
16115,2011-02-20 12:14:00,2011-11-30 11:32:00,8,994,1660.88,United Kingdom,169,0.0,1660.88,207.61,10,283,2011-02,True,5.0,5.0,4.0,Champions
16116,2011-05-12 12:01:00,2011-05-12 12:01:00,1,248,612.78,United Kingdom,34,19.9,592.88,612.78,212,0,2011-05,True,1.0,1.0,3.0,Hibernating
16117,2011-06-03 11:42:00,2011-06-03 11:42:00,1,130,232.21,United Kingdom,30,0.0,232.21,232.21,190,0,2011-06,True,1.0,1.0,1.0,Hibernating
16119,2011-09-28 10:15:00,2011-12-01 15:11:00,2,240,423.36,United Kingdom,14,0.0,423.36,211.68,9,64,2011-09,True,5.0,2.0,2.0,Potential Loyalists
16120,2011-10-11 14:10:00,2011-10-11 14:22:00,4,878,1309.14,United Kingdom,26,15.0,1294.14,327.29,60,0,2011-10,True,3.0,4.0,4.0,Loyal Customers
16121,2011-05-08 11:52:00,2011-10-13 12:59:00,2,576,854.66,United Kingdom,170,0.0,854.66,427.33,58,158,2011-05,True,3.0,2.0,3.0,About to Sleep
16122,2010-12-08 11:41:00,2011-09-27 15:34:00,4,1128,684.42,United Kingdom,26,0.0,684.42,171.1,74,293,2010-12,True,2.0,4.0,3.0,At Risk
16123,2011-10-19 09:18:00,2011-10-19 09:18:00,1,170,307.78,United Kingdom,16,0.0,307.78,307.78,52,0,2011-10,True,3.0,1.0,2.0,About to Sleep
16124,2011-01-26 14:45:00,2011-01-26 14:45:00,1,48,249.0,United Kingdom,11,61.85,187.15,249.0,318,0,2011-01,True,1.0,1.0,1.0,Hibernating
16125,2010-12-07 15:48:00,2010-12-07 15:48:00,1,124,289.35,United Kingdom,13,0.0,289.35,289.35,368,0,2010-12,True,1.0,1.0,2.0,Hibernating
16126,2011-02-16 11:18:00,2011-11-10 16:03:00,4,2125,6287.77,United Kingdom,57,0.0,6287.77,1571.94,30,267,2011-02,True,4.0,4.0,5.0,Loyal Customers
16127,2011-10-31 13:58:00,2011-10-31 13:58:00,1,323,656.25,United Kingdom,40,0.0,656.25,656.25,40,0,2011-10,True,3.0,1.0,3.0,About to Sleep
16128,2011-03-02 12:21:00,2011-11-22 11:14:00,5,988,1880.22,United Kingdom,76,0.0,1880.22,376.04,18,265,2011-03,True,4.0,4.0,4.0,Loyal Customers
16131,2011-04-14 08:32:00,2011-10-19 11:53:00,6,1802,3506.54,United Kingdom,55,0.0,3506.54,584.42,52,188,2011-04,True,3.0,5.0,5.0,Loyal Customers
16133,2011-01-25 15:55:00,2011-12-06 11:24:00,33,8887,14589.04,United Kingdom,219,283.38,14305.66,442.09,4,315,2011-01,True,5.0,5.0,5.0,Champions
16134,2010-12-15 14:00:00,2011-11-18 10:05:00,2,371,618.09,United Kingdom,34,14.4,603.69,309.04,22,338,2010-12,True,4.0,2.0,3.0,Potential Loyalists
16135,2011-03-22 12:30:00,2011-03-22 12:30:00,1,209,517.55,United Kingdom,21,0.0,517.55,517.55,263,0,2011-03,True,1.0,1.0,3.0,Hibernating
16136,2011-03-07 09:52:00,2011-10-11 09:10:00,3,440,709.38,United Kingdom,35,0.0,709.38,236.46,60,218,2011-03,True,3.0,3.0,3.0,Need Attention
16139,2011-05-17 10:23:00,2011-11-21 08:37:00,3,330,635.41,United Kingdom,25,0.0,635.41,211.8,19,188,2011-05,True,4.0,3.0,3.0,Potential Loyalists
16140,2010-12-03 14:40:00,2011-10-05 12:15:00,2,730,725.18,United Kingdom,32,17.0,708.18,362.59,66,306,2010-12,True,3.0,2.0,3.0,About to Sleep
16141,2011-09-12 13:11:00,2011-09-12 13:11:00,1,238,620.4,United Kingdom,30,0.0,620.4,620.4,89,0,2011-09,True,2.0,1.0,3.0,Hibernating
16142,2011-04-04 10:16:00,2011-04-04 10:16:00,1,422,535.34,United Kingdom,37,0.0,535.34,535.34,250,0,2011-04,True,1.0,1.0,3.0,Hibernating
16143,2010-12-05 15:18:00,2011-12-06 14:13:00,6,919,2424.94,United Kingdom,75,5.1,2419.84,404.16,4,366,2010-12,True,5.0,5.0,5.0,Champions
16144,2011-04-07 10:09:00,2011-04-07 10:09:00,1,16,175.2,United Kingdom,1,0.0,175.2,175.2,247,0,2011-04,True,1.0,1.0,1.0,Hibernating
16145,2010-12-15 09:09:00,2011-12-01 10:33:00,11,3123,3799.49,United Kingdom,134,57.51,3741.98,345.41,9,351,2010-12,True,5.0,5.0,5.0,Champions
16146,2011-04-21 15:25:00,2011-07-05 14:20:00,3,427,734.13,United Kingdom,26,0.0,734.13,244.71,158,75,2011-04,True,2.0,3.0,3.0,At Risk
16147,2011-07-29 09:57:00,2011-07-29 09:57:00,1,246,375.0,United Kingdom,22,0.0,375.0,375.0,134,0,2011-07,True,2.0,1.0,2.0,Hibernating
16148,2011-02-16 14:01:00,2011-02-16 14:01:00,1,72,76.32,United Kingdom,1,0.0,76.32,76.32,297,0,2011-02,True,1.0,1.0,1.0,Hibernating
16149,2011-07-20 14:54:00,2011-12-05 11:29:00,2,308,280.52,United Kingdom,18,0.0,280.52,140.26,5,138,2011-07,True,5.0,2.0,2.0,Potential Loyalists
16150,2010-12-02 18:27:00,2011-10-28 12:39:00,5,1047,2053.02,United Kingdom,91,146.95,1906.07,410.6,43,330,2010-12,True,3.0,4.0,4.0,Loyal Customers
16152,2011-03-16 09:47:00,2011-03-16 09:47:00,1,642,1829.04,United Kingdom,29,0.0,1829.04,1829.04,269,0,2011-03,True,1.0,1.0,4.0,Hibernating
16153,2010-12-20 09:22:00,2011-10-21 10:50:00,5,1073,1824.23,United Kingdom,78,0.0,1824.23,364.85,50,305,2010-12,True,3.0,4.0,4.0,Loyal Customers
16156,2011-02-02 12:02:00,2011-12-01 12:42:00,9,1273,3092.04,United Kingdom,108,89.8,3002.24,343.56,9,302,2011-02,True,5.0,5.0,5.0,Champions
16157,2011-09-28 11:48:00,2011-11-24 11:41:00,3,347,656.69,United Kingdom,12,12.45,644.24,218.9,16,57,2011-09,True,4.0,3.0,3.0,Potential Loyalists
16159,2011-03-03 12:27:00,2011-03-03 12:27:00,1,236,348.2,United Kingdom,14,0.0,348.2,348.2,282,0,2011-03,True,1.0,1.0,2.0,Hibernating
16160,2011-09-15 10:53:00,2011-10-05 14:19:00,2,1162,1025.44,United Kingdom,20,15.99,1009.45,512.72,66,20,2011-09,True,3.0,2.0,4.0,About to Sleep
16161,2010-12-06 10:03:00,2011-12-08 12:10:00,19,2583,5533.67,United Kingdom,286,178.84,5354.83,291.25,2,367,2010-12,True,5.0,5.0,5.0,Champions
16162,2011-04-01 15:03:00,2011-04-01 15:03:00,1,4,37.4,United Kingdom,2,0.0,37.4,37.4,253,0,2011-04,True,1.0,1.0,1.0,Hibernating
16163,2010-12-09 16:28:00,2011-04-21 15:15:00,2,192,856.6,United Kingdom,5,415.0,441.6,428.3,233,133,2010-12,True,1.0,2.0,2.0,Hibernating
16164,2011-10-28 09:12:00,2011-11-22 15:04:00,3,433,822.48,United Kingdom,27,19.95,802.53,274.16,18,25,2011-10,True,4.0,3.0,3.0,Potential Loyalists
16168,2010-12-05 11:38:00,2011-11-29 12:45:00,27,1892,3787.6,United Kingdom,57,17.0,3770.6,140.28,11,359,2010-12,True,5.0,5.0,5.0,Champions
16169,2011-09-25 11:33:00,2011-12-01 15:28:00,4,1325,1822.97,United Kingdom,71,0.0,1822.97,455.74,9,67,2011-09,True,5.0,4.0,4.0,Champions
16170,2011-04-05 13:42:00,2011-10-20 08:21:00,6,1770,1885.05,United Kingdom,106,4.63,1880.42,314.18,51,198,2011-04,True,3.0,5.0,4.0,Loyal Customers
16171,2011-10-11 14:51:00,2011-10-11 14:51:00,1,24,73.2,United Kingdom,3,0.0,73.2,73.2,60,0,2011-10,True,3.0,1.0,1.0,About to Sleep
16172,2011-04-12 12:02:00,2011-09-05 13:22:00,5,787,1140.21,United Kingdom,52,0.0,1140.21,228.04,96,146,2011-04,True,2.0,4.0,4.0,At Risk
16173,2011-09-02 15:23:00,2011-11-24 10:53:00,6,575,1418.32,United Kingdom,70,11.75,1406.57,236.39,16,83,2011-09,True,4.0,5.0,4.0,Loyal Customers
16174,2011-07-11 09:23:00,2011-08-05 13:26:00,3,651,1009.55,United Kingdom,19,0.0,1009.55,336.52,127,25,2011-07,True,2.0,3.0,4.0,At Risk
16175,2011-04-13 14:38:00,2011-09-06 14:32:00,4,533,1037.59,United Kingdom,45,0.0,1037.59,259.4,95,146,2011-04,True,2.0,4.0,4.0,At Risk
16177,2011-10-20 12:57:00,2011-10-20 12:57:00,1,95,331.95,United Kingdom,15,0.0,331.95,331.95,51,0,2011-10,True,3.0,1.0,2.0,About to Sleep
16178,2011-07-24 16:05:00,2011-07-24 16:05:00,1,94,197.9,United Kingdom,8,0.0,197.9,197.9,139,0,2011-07,True,2.0,1.0,1.0,Hibernating
16179,2011-10-10 09:41:00,2011-10-10 09:41:00,1,99,215.83,United Kingdom,11,0.0,215.83,215.83,61,0,2011-10,True,3.0,1.0,1.0,About to Sleep
16180,2011-04-01 10:23:00,2011-08-31 16:28:00,8,5867,10254.18,United Kingdom,90,36.7,10217.48,1281.77,101,152,2011-04,True,2.0,5.0,5.0,Can't Lose Them
16181,2011-09-27 13:38:00,2011-09-27 13:38:00,1,152,305.54,United Kingdom,11,0.0,305.54,305.54,74,0,2011-09,True,2.0,1.0,2.0,Hibernating
16182,2011-02-18 10:11:00,2011-09-28 13:23:00,4,3791,6617.65,United Kingdom,17,0.0,6617.65,1654.41,73,222,2011-02,True,2.0,4.0,5.0,At Risk
16183,2011-10-03 14:59:00,2011-10-03 14:59:00,1,113,338.71,United Kingdom,15,0.0,338.71,338.71,68,0,2011-10,True,3.0,1.0,2.0,About to Sleep
16184,2011-05-12 13:33:00,2011-10-06 17:43:00,6,561,1158.79,United Kingdom,26,3.25,1155.54,193.13,65,147,2011-05,True,3.0,5.0,4.0,Loyal Customers
16185,2011-04-21 11:59:00,2011-11-23 09:41:00,2,260,529.41,United Kingdom,31,0.0,529.41,264.7,17,216,2011-04,True,4.0,2.0,3.0,Potential Loyalists
16186,2010-12-02 14:40:00,2011-11-17 12:43:00,12,3020,4006.94,United Kingdom,87,15.0,3991.94,333.91,23,350,2010-12,True,4.0,5.0,5.0,Loyal Customers
16187,2011-02-28 13:34:00,2011-11-08 09:50:00,15,5048,6911.44,United Kingdom,160,70.2,6841.24,460.76,32,253,2011-02,True,4.0,5.0,5.0,Loyal Customers
16188,2011-04-11 09:44:00,2011-10-26 12:19:00,4,782,981.86,United Kingdom,65,0.0,981.86,245.46,45,198,2011-04,True,3.0,4.0,4.0,Loyal Customers
16189,2011-09-15 15:21:00,2011-11-24 11:47:00,2,134,215.48,United Kingdom,9,0.0,215.48,107.74,16,70,2011-09,True,4.0,2.0,1.0,Potential Loyalists
16190,2011-10-30 15:59:00,2011-10-30 15:59:00,1,88,215.08,United Kingdom,6,0.0,215.08,215.08,41,0,2011-10,True,3.0,1.0,1.0,About to Sleep
16191,2010-12-14 12:38:00,2011-12-07 11:26:00,13,3351,5180.52,United Kingdom,65,263.95,4916.57,398.5,3,358,2010-12,True,5.0,5.0,5.0,Champions
16193,2011-04-17 11:45:00,2011-04-17 11:45:00,1,219,314.45,United Kingdom,19,0.0,314.45,314.45,237,0,2011-04,True,1.0,1.0,2.0,Hibernating
16198,2011-09-25 14:58:00,2011-09-25 14:58:00,1,128,400.68,United Kingdom,14,0.0,400.68,400.68,76,0,2011-09,True,2.0,1.0,2.0,Hibernating
16200,2011-06-28 15:47:00,2011-12-05 14:40:00,2,516,1068.87,United Kingdom,149,0.0,1068.87,534.43,5,160,2011-06,True,5.0,2.0,4.0,Potential Loyalists
16201,2011-08-22 10:47:00,2011-12-06 16:02:00,4,1286,1863.47,United Kingdom,74,41.95,1821.52,465.87,4,106,2011-08,True,5.0,4.0,4.0,Champions
16202,2010-12-14 10:43:00,2010-12-14 10:43:00,1,191,365.27,United Kingdom,18,0.0,365.27,365.27,361,0,2010-12,True,1.0,1.0,2.0,Hibernating
16203,2010-12-02 15:39:00,2011-10-12 12:31:00,4,262,592.9,United Kingdom,27,3.75,589.15,148.22,59,314,2010-12,True,3.0,4.0,3.0,Loyal Customers
16204,2011-11-16 13:40:00,2011-11-16 13:40:00,1,218,384.18,United Kingdom,45,0.0,384.18,384.18,24,0,2011-11,True,4.0,1.0,2.0,Promising
16205,2011-06-13 11:33:00,2011-11-09 09:32:00,4,512,751.03,United Kingdom,72,0.0,751.03,187.76,31,149,2011-06,True,4.0,4.0,3.0,Loyal Customers
16206,2011-01-16 11:07:00,2011-10-16 10:41:00,4,272,537.06,United Kingdom,52,0.0,537.06,134.26,55,273,2011-01,True,3.0,4.0,3.0,Loyal Customers
16207,2011-11-14 13:51:00,2011-11-14 13:51:00,1,140,394.38,United Kingdom,19,0.0,394.38,394.38,26,0,2011-11,True,4.0,1.0,2.0,Promising
16208,2011-02-23 13:37:00,2011-10-26 11:36:00,2,333,664.26,United Kingdom,61,0.0,664.26,332.13,45,245,2011-02,True,3.0,2.0,3.0,About to Sleep
16209,2011-04-07 12:23:00,2011-09-12 11:58:00,5,1179,2262.62,United Kingdom,37,0.0,2262.62,452.52,89,158,2011-04,True,2.0,4.0,5.0,At Risk
16210,2010-12-01 12:27:00,2011-12-08 12:36:00,17,7558,21076.3,United Kingdom,73,0.0,21076.3,1239.78,2,372,2010-12,True,5.0,5.0,5.0,Champions
16211,2011-09-12 12:11:00,2011-09-12 12:11:00,1,154,547.02,United Kingdom,23,4.25,542.77,547.02,89,0,2011-09,True,2.0,1.0,3.0,Hibernating
16212,2011-03-01 12:51:00,2011-11-20 13:00:00,2,244,690.34,United Kingdom,40,9.15,681.19,345.17,20,264,2011-03,True,4.0,2.0,3.0,Potential Loyalists
16213,2011-09-22 10:03:00,2011-09-22 10:03:00,1,48,159.0,United Kingdom,6,0.0,159.0,159.0,79,0,2011-09,True,2.0,1.0,1.0,Hibernating
16214,2011-03-15 13:23:00,2011-06-22 11:30:00,3,420,1062.75,United Kingdom,36,0.0,1062.75,354.25,171,99,2011-03,True,2.0,3.0,4.0,At Risk
16215,2011-09-20 10:18:00,2011-09-20 10:18:00,1,104,242.35,United Kingdom,14,0.0,242.35,242.35,81,0,2011-09,True,2.0,1.0,1.0,Hibernating
16216,2011-03-17 15:34:00,2011-03-17 15:34:00,1,254,914.93,United Kingdom,37,0.0,914.93,914.93,268,0,2011-03,True,1.0,1.0,4.0,Hibernating
16217,2011-03-02 15:28:00,2011-04-18 13:31:00,2,91,304.25,United Kingdom,13,37.8,266.45,152.12,236,47,2011-03,True,1.0,2.0,2.0,Hibernating
16218,2010-12-01 11:29:00,2011-11-10 09:59:00,7,2088,3084.68,United Kingdom,56,29.81,3054.87,440.67,30,344,2010-12,True,4.0,5.0,5.0,Loyal Customers
16221,2010-12-07 13:13:00,2011-11-03 11:43:00,3,714,860.86,United Kingdom,90,0.0,860.86,286.95,37,331,2010-12,True,3.0,3.0,3.0,Need Attention
16222,2011-01-25 13:38:00,2011-01-25 13:38:00,1,325,773.55,United Kingdom,120,0.0,773.55,773.55,319,0,2011-01,True,1.0,1.0,3.0,Hibernating
16224,2011-04-04 12:00:00,2011-10-13 17:51:00,4,1116,1295.3,United Kingdom,90,0.0,1295.3,323.82,58,192,2011-04,True,3.0,4.0,4.0,Loyal Customers
16225,2011-03-07 12:17:00,2011-10-26 08:30:00,5,493,1096.32,United Kingdom,109,0.0,1096.32,219.26,45,233,2011-03,True,3.0,4.0,4.0,Loyal Customers
16226,2011-04-18 12:58:00,2011-05-20 14:41:00,3,192,255.12,United Kingdom,6,0.0,255.12,85.04,204,32,2011-04,True,1.0,3.0,2.0,At Risk
16227,2011-04-28 13:33:00,2011-04-28 13:33:00,1,90,314.22,United Kingdom,6,5.9,308.32,314.22,226,0,2011-04,True,1.0,1.0,2.0,Hibernating
16229,2011-05-11 10:18:00,2011-09-13 17:16:00,2,318,1010.6,United Kingdom,46,0.0,1010.6,505.3,88,125,2011-05,True,2.0,2.0,4.0,Hibernating
16230,2011-05-03 15:12:00,2011-06-03 10:06:00,2,365,542.03,United Kingdom,32,0.0,542.03,271.02,190,31,2011-05,True,1.0,2.0,3.0,Hibernating
16232,2011-05-08 14:05:00,2011-10-27 12:16:00,4,550,990.88,United Kingdom,24,7.65,983.23,247.72,44,172,2011-05,True,3.0,4.0,4.0,Loyal Customers
16233,2010-12-08 12:51:00,2011-09-29 17:27:00,3,174,536.68,United Kingdom,22,114.55,422.13,178.89,72,295,2010-12,True,3.0,3.0,2.0,Need Attention
16235,2011-01-11 15:42:00,2011-10-30 10:56:00,4,329,857.31,United Kingdom,41,8.9,848.41,214.33,41,292,2011-01,True,3.0,4.0,3.0,Loyal Customers
16236,2011-09-22 14:10:00,2011-09-22 14:10:00,1,184,432.2,United Kingdom,20,0.0,432.2,432.2,79,0,2011-09,True,2.0,1.0,2.0,Hibernating
16239,2011-06-03 09:30:00,2011-10-14 08:29:00,2,228,414.2,United Kingdom,18,41.3,372.9,207.1,57,133,2011-06,True,3.0,2.0,2.0,About to Sleep
16240,2011-09-23 13:44:00,2011-11-15 14:30:00,2,1641,3718.8,United Kingdom,126,24.99,3693.81,1859.4,25,53,2011-09,True,4.0,2.0,5.0,Potential Loyalists
16241,2010-12-05 11:04:00,2011-11-30 11:08:00,13,1443,2590.31,United Kingdom,347,0.0,2590.31,199.25,10,360,2010-12,True,5.0,5.0,5.0,Champions
16242,2011-03-07 17:04:00,2011-12-01 15:12:00,7,1969,3579.86,United Kingdom,184,4.95,3574.91,511.41,9,269,2011-03,True,5.0,5.0,5.0,Champions
16243,2011-10-16 12:09:00,2011-11-06 12:32:00,2,110,409.1,United Kingdom,49,0.0,409.1,204.55,34,21,2011-10,True,3.0,2.0,2.0,About to Sleep
16244,2010-12-02 11:41:00,2011-05-12 10:18:00,2,855,1522.75,United Kingdom,88,0.0,1522.75,761.38,212,161,2010-12,True,1.0,2.0,4.0,Hibernating
16245,2011-03-28 09:30:00,2011-11-16 10:14:00,3,1014,1413.66,United Kingdom,80,61.3,1352.36,471.22,24,233,2011-03,True,4.0,3.0,4.0,Potential Loyalists
16247,2011-06-22 14:23:00,2011-06-22 14:23:00,1,182,114.56,United Kingdom,16,0.0,114.56,114.56,171,0,2011-06,True,2.0,1.0,1.0,Hibernating
16248,2011-10-09 11:32:00,2011-10-09 11:32:00,1,78,152.94,United Kingdom,7,0.0,152.94,152.94,62,0,2011-10,True,3.0,1.0,1.0,About to Sleep
16249,2011-04-14 13:50:00,2011-10-18 10:07:00,5,950,1800.07,United Kingdom,67,0.0,1800.07,360.01,53,187,2011-04,True,3.0,4.0,4.0,Loyal Customers
16250,2010-12-01 09:59:00,2011-03-23 15:07:00,2,208,389.44,United Kingdom,22,0.0,389.44,194.72,262,112,2010-12,True,1.0,2.0,2.0,Hibernating
16253,2011-03-29 13:33:00,2011-10-04 09:09:00,2,3233,3683.86,United Kingdom,114,0.0,3683.86,1841.93,67,189,2011-03,True,3.0,2.0,5.0,About to Sleep
16255,2010-12-09 14:25:00,2011-11-23 12:40:00,8,1767,2619.91,United Kingdom,146,10.61,2609.3,327.49,17,349,2010-12,True,4.0,5.0,5.0,Loyal Customers
16256,2011-03-18 12:18:00,2011-03-18 12:18:00,1,581,752.43,United Kingdom,13,19.8,732.63,752.43,267,0,2011-03,True,1.0,1.0,3.0,Hibernating
16257,2011-06-16 10:11:00,2011-06-16 10:11:00,1,1,21.95,United Kingdom,1,0.0,21.95,21.95,177,0,2011-06,True,2.0,1.0,1.0,Hibernating
16258,2011-05-04 14:33:00,2011-10-25 13:30:00,5,2994,5203.51,United Kingdom,111,0.0,5203.51,1040.7,46,174,2011-05,True,3.0,4.0,5.0,Loyal Customers
16260,2011-10-20 09:40:00,2011-10-20 09:40:00,1,311,1035.45,United Kingdom,18,0.0,1035.45,1035.45,51,0,2011-10,True,3.0,1.0,4.0,About to Sleep
16261,2011-04-07 19:05:00,2011-11-22 17:23:00,4,301,728.54,United Kingdom,98,0.0,728.54,182.14,18,229,2011-04,True,4.0,4.0,3.0,Loyal Customers
16265,2010-12-10 10:21:00,2011-11-30 16:41:00,9,2644,5347.0,United Kingdom,163,23.85,5323.15,594.11,10,355,2010-12,True,5.0,5.0,5.0,Champions
16266,2011-05-17 14:50:00,2011-09-27 12:08:00,7,398,861.89,United Kingdom,44,0.0,861.89,123.13,74,133,2011-05,True,2.0,5.0,3.0,Can't Lose Them
16268,2011-09-29 18:30:00,2011-09-29 18:30:00,2,532,617.65,United Kingdom,44,0.0,617.65,308.82,72,0,2011-09,True,3.0,2.0,3.0,About to Sleep
16270,2010-12-21 14:26:00,2010-12-21 14:26:00,1,688,1141.24,United Kingdom,54,0.0,1141.24,1141.24,354,0,2010-12,True,1.0,1.0,4.0,Hibernating
16271,2010-12-16 16:36:00,2011-11-24 12:12:00,4,1023,1389.64,United Kingdom,88,5.95,1383.69,347.41,16,343,2010-12,True,4.0,4.0,4.0,Loyal Customers
16272,2011-08-15 10:53:00,2011-08-15 10:54:00,1,224,411.7,United Kingdom,25,0.0,411.7,411.7,117,0,2011-08,True,2.0,1.0,2.0,Hibernating
16274,2010-12-01 15:35:00,2010-12-01 15:35:00,1,151,331.55,United Kingdom,63,0.0,331.55,331.55,374,0,2010-12,True,1.0,1.0,2.0,Hibernating
16275,2011-05-27 12:41:00,2011-05-27 12:41:00,1,336,559.87,United Kingdom,33,0.0,559.87,559.87,197,0,2011-05,True,1.0,1.0,3.0,Hibernating
16276,2011-06-16 09:34:00,2011-06-16 09:34:00,1,420,810.6,United Kingdom,6,0.0,810.6,810.6,177,0,2011-06,True,2.0,1.0,3.0,Hibernating
16278,2011-08-31 17:12:00,2011-08-31 17:12:00,1,114,566.38,United Kingdom,23,28.55,537.83,566.38,101,0,2011-08,True,2.0,1.0,3.0,Hibernating
16279,2011-06-16 11:50:00,2011-11-18 15:00:00,3,1046,1502.78,United Kingdom,102,12.9,1489.88,500.93,22,155,2011-06,True,4.0,3.0,4.0,Potential Loyalists
16281,2011-09-28 14:57:00,2011-09-28 14:57:00,1,934,2062.06,United Kingdom,17,0.0,2062.06,2062.06,73,0,2011-09,True,2.0,1.0,5.0,Hibernating
16282,2011-01-04 11:42:00,2011-01-04 11:42:00,1,114,168.3,United Kingdom,11,0.0,168.3,168.3,340,0,2011-01,True,1.0,1.0,1.0,Hibernating
16283,2011-05-15 13:37:00,2011-12-04 12:08:00,5,1234,1569.11,United Kingdom,116,39.3,1529.81,313.82,6,203,2011-05,True,5.0,4.0,4.0,Champions
16284,2011-10-20 13:54:00,2011-11-08 16:12:00,2,535,812.68,United Kingdom,87,0.0,812.68,406.34,32,19,2011-10,True,4.0,2.0,3.0,Potential Loyalists
16287,2011-06-23 09:08:00,2011-06-23 09:08:00,1,298,142.5,United Kingdom,8,0.0,142.5,142.5,170,0,2011-06,True,2.0,1.0,1.0,Hibernating
16292,2011-08-10 12:24:00,2011-08-10 12:24:00,1,191,302.25,United Kingdom,17,21.35,280.9,302.25,122,0,2011-08,True,2.0,1.0,2.0,Hibernating
16293,2010-12-07 15:02:00,2011-11-18 09:58:00,10,982,2248.99,United Kingdom,102,12.25,2236.74,224.9,22,346,2010-12,True,4.0,5.0,5.0,Loyal Customers
16295,2011-10-06 10:45:00,2011-11-30 08:17:00,4,841,1328.55,United Kingdom,70,0.0,1328.55,332.14,10,55,2011-10,True,5.0,4.0,4.0,Champions
16297,2011-03-16 08:29:00,2011-03-16 08:29:00,1,206,301.9,United Kingdom,20,23.35,278.55,301.9,269,0,2011-03,True,1.0,1.0,2.0,Hibernating
16298,2011-06-06 10:06:00,2011-11-17 11:59:00,3,198,598.2,United Kingdom,22,0.0,598.2,199.4,23,164,2011-06,True,4.0,3.0,3.0,Potential Loyalists
16302,2011-08-05 09:44:00,2011-08-05 09:44:00,1,158,233.22,United Kingdom,11,20.4,212.82,233.22,127,0,2011-08,True,2.0,1.0,1.0,Hibernating
16303,2011-01-10 14:16:00,2011-11-14 10:49:00,3,2659,5360.63,United Kingdom,119,54.8,5305.83,1786.88,26,308,2011-01,True,4.0,3.0,5.0,Potential Loyalists
16305,2011-07-24 12:18:00,2011-07-24 12:18:00,1,256,361.22,United Kingdom,22,0.0,361.22,361.22,139,0,2011-07,True,2.0,1.0,2.0,Hibernating
16306,2010-12-07 15:18:00,2011-05-10 12:12:00,6,487,632.27,United Kingdom,36,30.0,602.27,105.38,214,154,2010-12,True,1.0,5.0,3.0,Can't Lose Them
16308,2011-03-23 14:46:00,2011-11-02 11:24:00,4,8000,2560.0,United Kingdom,1,0.0,2560.0,640.0,38,224,2011-03,True,3.0,4.0,5.0,Loyal Customers
16309,2011-04-13 11:46:00,2011-08-25 15:35:00,2,467,706.57,United Kingdom,39,19.9,686.67,353.28,107,134,2011-04,True,2.0,2.0,3.0,Hibernating
16311,2011-10-21 13:13:00,2011-11-22 08:54:00,2,394,616.26,United Kingdom,35,0.0,616.26,308.13,18,32,2011-10,True,4.0,2.0,3.0,Potential Loyalists
16313,2011-10-21 09:04:00,2011-12-06 13:02:00,2,165,274.15,United Kingdom,16,0.0,274.15,137.07,4,46,2011-10,True,5.0,2.0,2.0,Potential Loyalists
16315,2011-01-13 11:57:00,2011-01-13 11:57:00,1,75,226.37,United Kingdom,14,0.0,226.37,226.37,331,0,2011-01,True,1.0,1.0,1.0,Hibernating
16316,2010-12-16 14:26:00,2011-10-06 13:48:00,8,1484,2938.91,United Kingdom,120,183.35,2755.56,367.36,65,294,2010-12,True,3.0,5.0,5.0,Loyal Customers
16317,2011-02-15 14:30:00,2011-08-12 12:46:00,3,890,1341.65,United Kingdom,64,0.0,1341.65,447.22,120,178,2011-02,True,2.0,3.0,4.0,At Risk
16318,2011-11-04 13:05:00,2011-11-04 13:05:00,1,199,328.15,United Kingdom,19,0.0,328.15,328.15,36,0,2011-11,True,3.0,1.0,2.0,About to Sleep
16319,2011-05-06 11:27:00,2011-05-06 11:27:00,1,72,404.4,United Kingdom,3,0.0,404.4,404.4,218,0,2011-05,True,1.0,1.0,2.0,Hibernating
16320,2011-05-10 15:31:00,2011-06-20 15:25:00,2,732,1038.46,Unspecified,56,0.0,1038.46,519.23,173,41,2011-05,True,2.0,2.0,4.0,Hibernating
16321,2011-01-20 12:11:00,2011-09-28 14:55:00,5,135,373.65,Australia,7,142.95,230.7,74.73,73,251,2011-01,True,2.0,4.0,1.0,At Risk
16322,2011-11-03 14:33:00,2011-12-08 15:41:00,2,231,326.75,United Kingdom,28,0.0,326.75,163.38,2,35,2011-11,True,5.0,2.0,2.0,Potential Loyalists
16323,2011-05-27 14:48:00,2011-05-27 14:48:00,1,50,207.5,United Kingdom,1,0.0,207.5,207.5,197,0,2011-05,True,1.0,1.0,1.0,Hibernating
16324,2011-06-15 14:26:00,2011-08-03 12:58:00,3,270,408.59,United Kingdom,100,0.0,408.59,136.2,129,49,2011-06,True,2.0,3.0,2.0,At Risk
16325,2011-04-08 09:20:00,2011-10-24 08:48:00,3,194,594.24,United Kingdom,14,83.7,510.54,198.08,47,199,2011-04,True,3.0,3.0,3.0,Need Attention
16326,2011-01-09 12:01:00,2011-12-04 10:11:00,14,682,3039.22,United Kingdom,158,25.0,3014.22,217.09,6,329,2011-01,True,5.0,5.0,5.0,Champions
16327,2010-12-05 12:43:00,2011-11-25 13:23:00,6,2524,3789.67,United Kingdom,141,0.0,3789.67,631.61,15,355,2010-12,True,4.0,5.0,5.0,Loyal Customers
16330,2011-08-19 17:08:00,2011-11-22 12:24:00,3,147,251.91,United Kingdom,39,9.7,242.21,83.97,18,95,2011-08,True,4.0,3.0,1.0,Potential Loyalists
16332,2011-02-07 14:16:00,2011-11-11 14:22:00,7,797,1582.8,United Kingdom,125,10.0,1572.8,226.11,29,277,2011-02,True,4.0,5.0,4.0,Loyal Customers
16333,2011-02-03 10:50:00,2011-12-02 12:19:00,22,32184,26626.8,United Kingdom,9,0.0,26626.8,1210.31,8,302,2011-02,True,5.0,5.0,5.0,Champions
16337,2011-11-03 10:03:00,2011-11-03 10:03:00,1,87,151.05,United Kingdom,10,0.0,151.05,151.05,37,0,2011-11,True,3.0,1.0,1.0,About to Sleep
16338,2011-07-05 13:56:00,2011-07-05 13:56:00,1,94,214.8,United Kingdom,11,0.0,214.8,214.8,158,0,2011-07,True,2.0,1.0,1.0,Hibernating
16339,2011-02-28 13:41:00,2011-02-28 13:41:00,1,21,94.05,United Kingdom,17,0.0,94.05,94.05,285,0,2011-02,True,1.0,1.0,1.0,Hibernating
16340,2011-08-24 14:53:00,2011-08-24 14:53:00,1,486,534.31,United Kingdom,124,0.0,534.31,534.31,108,0,2011-08,True,2.0,1.0,3.0,Hibernating
16341,2011-05-22 13:20:00,2011-11-15 09:12:00,4,1398,1971.87,United Kingdom,60,12.49,1959.38,492.97,25,177,2011-05,True,4.0,4.0,4.0,Loyal Customers
16342,2011-06-13 10:10:00,2011-09-25 14:36:00,4,157,322.41,United Kingdom,10,0.0,322.41,80.6,76,104,2011-06,True,2.0,4.0,2.0,At Risk
16343,2011-11-23 17:43:00,2011-11-23 17:45:00,2,175,328.58,United Kingdom,29,0.0,328.58,164.29,17,0,2011-11,True,4.0,2.0,2.0,Potential Loyalists
16344,2011-07-04 15:50:00,2011-07-04 15:50:00,1,18,101.1,United Kingdom,1,0.0,101.1,101.1,159,0,2011-07,True,2.0,1.0,1.0,Hibernating
16345,2011-10-26 16:03:00,2011-10-26 16:03:00,1,288,565.46,United Kingdom,35,0.0,565.46,565.46,45,0,2011-10,True,3.0,1.0,3.0,About to Sleep
16347,2011-11-03 13:01:00,2011-11-28 13:14:00,2,341,847.45,United Kingdom,61,0.0,847.45,423.72,12,25,2011-11,True,5.0,2.0,3.0,Potential Loyalists
16348,2011-04-13 15:49:00,2011-11-07 15:44:00,7,799,1413.31,United Kingdom,156,0.0,1413.31,201.9,33,208,2011-04,True,3.0,5.0,4.0,Loyal Customers
16349,2011-02-22 12:40:00,2011-02-22 12:40:00,1,9,53.5,United Kingdom,9,0.0,53.5,53.5,291,0,2011-02,True,1.0,1.0,1.0,Hibernating
16350,2011-01-10 09:44:00,2011-11-18 15:53:00,4,545,1116.47,United Kingdom,40,16.0,1100.47,279.12,22,312,2011-01,True,4.0,4.0,4.0,Loyal Customers
16351,2011-01-11 10:26:00,2011-01-11 10:26:00,1,90,153.9,United Kingdom,8,0.0,153.9,153.9,333,0,2011-01,True,1.0,1.0,1.0,Hibernating
16352,2011-11-02 08:44:00,2011-11-22 10:32:00,2,300,494.44,United Kingdom,28,0.0,494.44,247.22,18,20,2011-11,True,4.0,2.0,3.0,Potential Loyalists
16353,2010-12-05 12:09:00,2011-12-06 12:23:00,23,2006,6675.71,United Kingdom,51,0.0,6675.71,290.25,4,366,2010-12,True,5.0,5.0,5.0,Champions
16354,2011-09-27 16:28:00,2011-10-07 14:28:00,2,150,395.8,United Kingdom,38,0.0,395.8,197.9,64,10,2011-09,True,3.0,2.0,2.0,About to Sleep
16356,2011-03-07 12:31:00,2011-05-26 11:51:00,3,93,211.77,United Kingdom,20,1.45,210.32,70.59,198,80,2011-03,True,1.0,3.0,1.0,At Risk
16357,2011-05-10 10:35:00,2011-11-06 16:04:00,3,246,658.88,United Kingdom,31,0.0,658.88,219.63,34,180,2011-05,True,3.0,3.0,3.0,Need Attention
16358,2011-06-08 15:05:00,2011-12-08 15:09:00,4,1302,2027.5,United Kingdom,82,2.55,2024.95,506.88,2,183,2011-06,True,5.0,4.0,5.0,Champions
16359,2011-01-12 10:49:00,2011-12-02 17:04:00,9,1183,1750.92,United Kingdom,39,290.55,1460.37,194.55,8,324,2011-01,True,5.0,5.0,4.0,Champions
16360,2011-09-12 13:50:00,2011-12-05 12:16:00,6,2110,3450.41,United Kingdom,365,100.84,3349.57,575.07,5,84,2011-09,True,5.0,5.0,5.0,Champions
16361,2011-09-29 13:13:00,2011-11-30 12:32:00,4,418,891.21,United Kingdom,87,0.0,891.21,222.8,10,62,2011-09,True,5.0,4.0,3.0,Champions
16362,2011-09-09 14:47:00,2011-11-07 13:01:00,5,340,709.99,United Kingdom,58,82.7,627.29,142.0,33,59,2011-09,True,3.0,4.0,3.0,Loyal Customers
16363,2011-10-17 14:14:00,2011-10-17 14:14:00,1,52,109.36,United Kingdom,5,0.0,109.36,109.36,54,0,2011-10,True,3.0,1.0,1.0,About to Sleep
16364,2011-07-25 14:35:00,2011-11-28 11:27:00,2,279,705.79,United Kingdom,48,0.0,705.79,352.9,12,126,2011-07,True,5.0,2.0,3.0,Potential Loyalists
16365,2010-12-07 17:19:00,2011-11-22 11:24:00,9,504,1540.42,United Kingdom,45,0.0,1540.42,171.16,18,350,2010-12,True,4.0,5.0,4.0,Loyal Customers
16366,2011-11-21 08:19:00,2011-11-21 08:19:00,1,256,327.3,United Kingdom,18,0.0,327.3,327.3,19,0,2011-11,True,4.0,1.0,2.0,Promising
16367,2010-12-12 12:01:00,2011-11-02 13:13:00,2,643,800.67,United Kingdom,123,0.0,800.67,400.34,38,325,2010-12,True,3.0,2.0,3.0,About to Sleep
16368,2011-11-11 15:08:00,2011-12-07 13:12:00,2,251,479.91,United Kingdom,58,0.0,479.91,239.96,3,26,2011-11,True,5.0,2.0,3.0,Potential Loyalists
16369,2011-05-27 09:39:00,2011-11-21 16:25:00,3,1026,1543.33,United Kingdom,90,0.0,1543.33,514.44,19,178,2011-05,True,4.0,3.0,4.0,Potential Loyalists
16370,2011-04-28 16:40:00,2011-09-18 15:55:00,4,640,1301.91,United Kingdom,143,0.0,1301.91,325.48,83,143,2011-04,True,2.0,4.0,4.0,At Risk
16372,2011-11-06 12:50:00,2011-11-06 13:08:00,2,158,355.73,United Kingdom,86,0.0,355.73,177.86,34,0,2011-11,True,3.0,2.0,2.0,About to Sleep
16374,2011-03-22 13:46:00,2011-10-04 15:21:00,2,236,458.78,United Kingdom,100,0.0,458.78,229.39,67,196,2011-03,True,3.0,2.0,2.0,About to Sleep
16376,2011-11-22 16:47:00,2011-12-01 11:38:00,2,691,974.96,United Kingdom,104,9.49,965.47,487.48,9,9,2011-11,True,5.0,2.0,4.0,Potential Loyalists
16377,2011-03-17 15:41:00,2011-03-17 15:41:00,1,1500,676.2,United Kingdom,5,0.0,676.2,676.2,268,0,2011-03,True,1.0,1.0,3.0,Hibernating
16378,2011-02-02 12:42:00,2011-04-06 15:07:00,3,267,362.95,United Kingdom,22,0.0,362.95,120.98,248,63,2011-02,True,1.0,3.0,2.0,At Risk
16379,2011-09-22 09:33:00,2011-12-05 15:38:00,4,1410,2157.4,United Kingdom,87,25.5,2131.9,539.35,5,74,2011-09,True,5.0,4.0,5.0,Champions
16380,2011-10-09 15:40:00,2011-10-09 15:40:00,1,1428,1743.15,United Kingdom,28,0.0,1743.15,1743.15,62,0,2011-10,True,3.0,1.0,4.0,About to Sleep
16383,2011-03-16 13:00:00,2011-09-26 12:45:00,2,467,643.76,United Kingdom,80,0.0,643.76,321.88,75,194,2011-03,True,2.0,2.0,3.0,Hibernating
16384,2011-03-21 10:13:00,2011-09-11 11:19:00,2,260,584.5,United Kingdom,33,0.0,584.5,292.25,90,174,2011-03,True,2.0,2.0,3.0,Hibernating
16385,2010-12-08 12:56:00,2011-10-10 13:12:00,3,258,554.86,United Kingdom,52,0.0,554.86,184.95,61,306,2010-12,True,3.0,3.0,3.0,Need Attention
16386,2011-03-31 12:19:00,2011-11-11 12:28:00,2,205,302.57,United Kingdom,76,0.0,302.57,151.28,29,225,2011-03,True,4.0,2.0,2.0,Potential Loyalists
16387,2011-01-21 11:34:00,2011-01-21 11:34:00,1,44,94.36,United Kingdom,4,0.0,94.36,94.36,323,0,2011-01,True,1.0,1.0,1.0,Hibernating
16389,2011-03-01 15:47:00,2011-10-17 14:41:00,4,1242,1382.07,United Kingdom,33,19.8,1362.27,345.52,54,230,2011-03,True,3.0,4.0,4.0,Loyal Customers
16392,2011-03-15 12:11:00,2011-03-15 12:11:00,1,201,217.89,United Kingdom,41,0.0,217.89,217.89,270,0,2011-03,True,1.0,1.0,1.0,Hibernating
16393,2010-12-05 13:10:00,2011-12-07 12:51:00,13,1573,3040.96,United Kingdom,120,105.16,2935.8,233.92,3,367,2010-12,True,5.0,5.0,5.0,Champions
16394,2011-02-23 10:58:00,2011-10-14 09:48:00,5,2604,1555.34,United Kingdom,61,143.28,1412.06,311.07,57,233,2011-02,True,3.0,4.0,4.0,Loyal Customers
16395,2011-01-13 12:10:00,2011-10-10 12:50:00,5,1472,1482.06,United Kingdom,150,0.0,1482.06,296.41,61,270,2011-01,True,3.0,4.0,4.0,Loyal Customers
16398,2011-03-31 09:38:00,2011-07-08 15:16:00,2,758,1705.8,United Kingdom,75,74.65,1631.15,852.9,155,99,2011-03,True,2.0,2.0,4.0,Hibernating
16399,2011-04-18 13:46:00,2011-11-20 16:12:00,2,245,406.22,United Kingdom,67,0.0,406.22,203.11,20,216,2011-04,True,4.0,2.0,2.0,Potential Loyalists
16400,2011-09-06 12:27:00,2011-09-06 12:27:00,1,172,303.93,United Kingdom,28,0.0,303.93,303.93,95,0,2011-09,True,2.0,1.0,2.0,Hibernating
16401,2011-01-16 10:56:00,2011-12-08 18:15:00,12,3882,4098.32,United Kingdom,66,35.13,4063.19,341.53,2,326,2011-01,True,5.0,5.0,5.0,Champions
16402,2010-12-05 13:42:00,2011-03-20 12:25:00,2,146,293.45,United Kingdom,55,0.0,293.45,146.72,265,105,2010-12,True,1.0,2.0,2.0,Hibernating
16403,2011-01-31 13:39:00,2011-01-31 13:39:00,1,114,177.5,United Kingdom,10,16.45,161.05,177.5,313,0,2011-01,True,1.0,1.0,1.0,Hibernating
16404,2011-09-30 14:55:00,2011-09-30 14:55:00,1,157,443.05,United Kingdom,23,0.0,443.05,443.05,71,0,2011-09,True,3.0,1.0,2.0,About to Sleep
16405,2011-02-02 17:08:00,2011-02-10 15:24:00,2,187,167.25,United Kingdom,3,0.0,167.25,83.62,303,8,2011-02,True,1.0,2.0,1.0,Hibernating
16406,2011-11-21 11:57:00,2011-11-21 11:57:00,1,116,154.35,United Kingdom,54,0.0,154.35,154.35,19,0,2011-11,True,4.0,1.0,1.0,Promising
16407,2011-01-31 14:02:00,2011-11-27 11:05:00,10,1093,2079.68,United Kingdom,99,0.0,2079.68,207.97,13,300,2011-01,True,5.0,5.0,5.0,Champions
16409,2011-01-26 14:51:00,2011-11-03 16:45:00,5,1304,2022.98,United Kingdom,145,0.0,2022.98,404.6,37,281,2011-01,True,3.0,4.0,5.0,Loyal Customers
16411,2010-12-05 13:26:00,2011-11-20 13:23:00,2,131,211.7,United Kingdom,41,0.0,211.7,105.85,20,350,2010-12,True,4.0,2.0,1.0,Potential Loyalists
16412,2011-10-17 12:35:00,2011-10-17 12:35:00,1,63,135.99,United Kingdom,25,0.0,135.99,135.99,54,0,2011-10,True,3.0,1.0,1.0,About to Sleep
16413,2011-10-14 12:08:00,2011-10-14 12:08:00,1,148,262.2,United Kingdom,30,0.0,262.2,262.2,57,0,2011-10,True,3.0,1.0,2.0,About to Sleep
16414,2011-03-04 13:27:00,2011-11-18 09:42:00,2,27,126.25,United Kingdom,5,0.0,126.25,63.12,22,259,2011-03,True,4.0,2.0,1.0,Potential Loyalists
16415,2011-10-26 13:35:00,2011-10-26 13:35:00,1,178,200.27,United Kingdom,45,0.0,200.27,200.27,45,0,2011-10,True,3.0,1.0,1.0,About to Sleep
16416,2011-10-14 13:35:00,2011-11-13 12:50:00,3,672,1051.4,United Kingdom,59,20.0,1031.4,350.47,27,30,2011-10,True,4.0,3.0,4.0,Potential Loyalists
16418,2011-04-27 16:54:00,2011-10-26 12:39:00,3,280,631.12,United Kingdom,76,0.0,631.12,210.37,45,182,2011-04,True,3.0,3.0,3.0,Need Attention
16419,2011-02-01 12:25:00,2011-08-19 12:33:00,6,428,958.71,United Kingdom,36,12.75,945.96,159.78,113,199,2011-02,True,2.0,5.0,4.0,Can't Lose Them
16422,2010-12-05 15:35:00,2011-11-22 14:00:00,51,33704,34684.4,United Kingdom,68,373.4,34311.0,680.09,18,352,2010-12,True,4.0,5.0,5.0,Loyal Customers
16423,2011-11-15 09:21:00,2011-11-15 09:21:00,1,230,346.12,United Kingdom,18,0.0,346.12,346.12,25,0,2011-11,True,4.0,1.0,2.0,Promising
16424,2011-06-01 13:40:00,2011-06-01 13:40:00,1,88,133.56,United Kingdom,5,51.0,82.56,133.56,192,0,2011-06,True,1.0,1.0,1.0,Hibernating
16425,2011-02-10 14:30:00,2011-02-10 14:30:00,1,199,302.7,United Kingdom,21,0.0,302.7,302.7,303,0,2011-02,True,1.0,1.0,2.0,Hibernating
16426,2011-03-08 15:45:00,2011-12-07 14:01:00,10,1215,1863.76,United Kingdom,211,0.0,1863.76,186.38,3,274,2011-03,True,5.0,5.0,4.0,Champions
16427,2011-02-28 15:18:00,2011-03-21 17:10:00,2,156,241.06,United Kingdom,8,0.0,241.06,120.53,264,21,2011-02,True,1.0,2.0,1.0,Hibernating
16429,2011-08-25 13:54:00,2011-08-25 13:54:00,1,9,284.55,United Kingdom,2,0.0,284.55,284.55,107,0,2011-08,True,2.0,1.0,2.0,Hibernating
16430,2011-10-13 14:47:00,2011-10-13 14:47:00,1,103,300.85,United Kingdom,6,0.0,300.85,300.85,58,0,2011-10,True,3.0,1.0,2.0,About to Sleep
16431,2011-02-15 14:02:00,2011-05-10 14:09:00,3,442,623.28,United Kingdom,51,0.0,623.28,207.76,214,84,2011-02,True,1.0,3.0,3.0,At Risk
16432,2011-10-06 13:59:00,2011-10-06 13:59:00,1,276,287.4,United Kingdom,8,0.0,287.4,287.4,65,0,2011-10,True,3.0,1.0,2.0,About to Sleep
16433,2011-11-11 14:09:00,2011-11-11 14:09:00,1,106,184.26,United Kingdom,17,0.0,184.26,184.26,29,0,2011-11,True,4.0,1.0,1.0,Promising
16434,2011-02-13 12:17:00,2011-11-10 14:28:00,7,760,1511.8,United Kingdom,88,0.0,1511.8,215.97,30,270,2011-02,True,4.0,5.0,4.0,Loyal Customers
16438,2011-09-18 13:31:00,2011-12-04 10:51:00,5,463,798.35,United Kingdom,74,0.0,798.35,159.67,6,77,2011-09,True,5.0,4.0,3.0,Champions
16440,2011-05-09 12:25:00,2011-12-02 12:02:00,5,2018,3640.67,United Kingdom,186,0.0,3640.67,728.13,8,207,2011-05,True,5.0,4.0,5.0,Champions
16441,2011-02-21 17:35:00,2011-10-03 17:48:00,2,173,381.2,United Kingdom,22,0.0,381.2,190.6,68,224,2011-02,True,3.0,2.0,2.0,About to Sleep
16442,2010-12-14 10:46:00,2011-12-08 11:43:00,3,443,609.3,United Kingdom,161,0.0,609.3,203.1,2,359,2010-12,True,5.0,3.0,3.0,Potential Loyalists
16444,2011-03-20 12:14:00,2011-10-24 13:50:00,4,407,654.67,United Kingdom,68,8.95,645.72,163.67,47,218,2011-03,True,3.0,4.0,3.0,Loyal Customers
16445,2011-11-06 12:32:00,2011-11-06 12:32:00,1,111,230.51,United Kingdom,62,0.0,230.51,230.51,34,0,2011-11,True,3.0,1.0,1.0,About to Sleep
16446,2011-05-18 09:52:00,2011-12-09 09:15:00,2,80997,168472.5,United Kingdom,3,168469.6,2.9,84236.25,1,205,2011-05,True,5.0,2.0,1.0,Potential Loyalists
16447,2011-07-27 12:45:00,2011-07-27 12:45:00,1,221,255.91,United Kingdom,34,0.0,255.91,255.91,136,0,2011-07,True,2.0,1.0,2.0,Hibernating
16448,2011-05-25 16:28:00,2011-05-25 16:28:00,1,76,182.99,United Kingdom,19,0.0,182.99,182.99,199,0,2011-05,True,1.0,1.0,1.0,Hibernating
16449,2011-03-04 12:15:00,2011-05-26 10:25:00,2,367,707.69,United Kingdom,40,33.0,674.69,353.84,198,83,2011-03,True,1.0,2.0,3.0,Hibernating
16450,2011-07-13 11:47:00,2011-07-13 11:47:00,1,200,311.92,United Kingdom,11,0.0,311.92,311.92,150,0,2011-07,True,2.0,1.0,2.0,Hibernating
16451,2011-09-13 09:17:00,2011-09-13 09:17:00,1,120,266.97,United Kingdom,14,0.0,266.97,266.97,88,0,2011-09,True,2.0,1.0,2.0,Hibernating
16454,2011-10-06 16:57:00,2011-10-06 16:57:00,1,2,5.9,United Kingdom,1,0.0,5.9,5.9,65,0,2011-10,True,3.0,1.0,1.0,About to Sleep
16455,2010-12-03 16:44:00,2011-10-07 12:17:00,7,988,1841.18,United Kingdom,69,0.0,1841.18,263.03,64,308,2010-12,True,3.0,5.0,4.0,Loyal Customers
16456,2010-12-01 14:11:00,2011-09-01 13:50:00,5,1147,2158.18,United Kingdom,80,0.0,2158.18,431.64,100,274,2010-12,True,2.0,4.0,5.0,At Risk
16457,2011-05-05 13:19:00,2011-05-05 13:19:00,1,140,208.36,United Kingdom,9,0.0,208.36,208.36,219,0,2011-05,True,1.0,1.0,1.0,Hibernating
16458,2010-12-14 11:51:00,2011-12-07 09:34:00,18,2154,3482.74,United Kingdom,52,0.0,3482.74,193.49,3,358,2010-12,True,5.0,5.0,5.0,Champions
16460,2011-09-19 10:15:00,2011-11-11 13:46:00,3,876,811.23,United Kingdom,128,0.0,811.23,270.41,29,53,2011-09,True,4.0,3.0,3.0,Potential Loyalists
16461,2011-06-15 12:07:00,2011-06-15 12:07:00,1,48,142.92,United Kingdom,31,0.0,142.92,142.92,178,0,2011-06,True,2.0,1.0,1.0,Hibernating
16462,2011-03-01 08:58:00,2011-09-27 10:24:00,3,16,136.0,United Kingdom,1,34.0,102.0,45.33,74,210,2011-03,True,2.0,3.0,1.0,At Risk
16463,2011-05-19 14:45:00,2011-11-18 14:01:00,4,1163,1422.4,United Kingdom,74,38.7,1383.7,355.6,22,183,2011-05,True,4.0,4.0,4.0,Loyal Customers
16464,2011-07-20 13:53:00,2011-11-20 12:11:00,3,952,1298.66,United Kingdom,152,0.0,1298.66,432.89,20,123,2011-07,True,4.0,3.0,4.0,Potential Loyalists
16466,2011-02-20 11:39:00,2011-11-06 11:35:00,7,785,1595.96,United Kingdom,103,0.0,1595.96,227.99,34,259,2011-02,True,3.0,5.0,4.0,Loyal Customers
16468,2011-09-26 14:13:00,2011-09-26 14:13:00,1,31,74.9,United Kingdom,2,0.0,74.9,74.9,75,0,2011-09,True,2.0,1.0,1.0,Hibernating
16469,2011-04-07 13:11:00,2011-11-16 12:25:00,4,260,625.42,United Kingdom,148,0.0,625.42,156.35,24,223,2011-04,True,4.0,4.0,3.0,Loyal Customers
16470,2010-12-16 11:53:00,2011-10-19 12:11:00,4,522,752.77,United Kingdom,120,4.95,747.82,188.19,52,307,2010-12,True,3.0,4.0,3.0,Loyal Customers
16471,2011-03-10 09:41:00,2011-03-10 09:41:00,1,141,223.95,United Kingdom,13,0.0,223.95,223.95,275,0,2011-03,True,1.0,1.0,1.0,Hibernating
16473,2011-01-07 10:55:00,2011-06-28 09:10:00,3,196,316.11,United Kingdom,18,1.25,314.86,105.37,165,172,2011-01,True,2.0,3.0,2.0,At Risk
16474,2011-07-17 14:51:00,2011-12-02 13:02:00,7,907,1810.49,United Kingdom,236,60.03,1750.46,258.64,8,138,2011-07,True,5.0,5.0,4.0,Champions
16475,2011-03-11 09:39:00,2011-09-12 14:37:00,4,319,544.3,United Kingdom,23,0.0,544.3,136.07,89,185,2011-03,True,2.0,4.0,3.0,At Risk
16477,2010-12-03 12:48:00,2011-10-07 09:44:00,7,1415,2494.46,United Kingdom,111,0.0,2494.46,356.35,64,308,2010-12,True,3.0,5.0,5.0,Loyal Customers
16478,2011-10-05 12:02:00,2011-11-14 15:51:00,3,224,331.0,United Kingdom,15,0.0,331.0,110.33,26,40,2011-10,True,4.0,3.0,2.0,Potential Loyalists
16479,2011-11-29 13:04:00,2011-11-29 13:40:00,2,102,300.83,United Kingdom,35,0.0,300.83,150.42,11,0,2011-11,True,5.0,2.0,2.0,Potential Loyalists
16480,2011-09-25 11:40:00,2011-09-25 11:40:00,1,455,769.29,United Kingdom,51,0.0,769.29,769.29,76,0,2011-09,True,2.0,1.0,3.0,Hibernating
16482,2011-11-24 12:33:00,2011-11-24 12:33:00,1,346,220.62,United Kingdom,18,0.0,220.62,220.62,16,0,2011-11,True,4.0,1.0,1.0,Promising
16483,2011-05-31 13:08:00,2011-05-31 13:08:00,1,44,139.35,United Kingdom,19,0.0,139.35,139.35,193,0,2011-05,True,1.0,1.0,1.0,Hibernating
16484,2011-06-02 10:39:00,2011-06-19 12:06:00,2,200,404.3,United Kingdom,25,24.9,379.4,202.15,174,17,2011-06,True,2.0,2.0,2.0,Hibernating
16485,2011-09-23 15:50:00,2011-09-23 15:50:00,1,235,363.65,United Kingdom,41,0.0,363.65,363.65,78,0,2011-09,True,2.0,1.0,2.0,Hibernating
16488,2011-07-14 11:46:00,2011-11-06 13:42:00,3,728,498.8,United Kingdom,28,6.6,492.2,166.27,34,115,2011-07,True,3.0,3.0,3.0,Need Attention
16491,2011-10-24 10:18:00,2011-10-24 10:18:00,1,478,731.5,United Kingdom,39,0.0,731.5,731.5,47,0,2011-10,True,3.0,1.0,3.0,About to Sleep
16493,2011-01-14 08:16:00,2011-09-21 11:10:00,4,1164,1351.63,United Kingdom,40,21.97,1329.66,337.91,80,250,2011-01,True,2.0,4.0,4.0,At Risk
16494,2011-02-16 12:49:00,2011-02-16 12:49:00,1,675,826.53,United Kingdom,47,0.0,826.53,826.53,297,0,2011-02,True,1.0,1.0,3.0,Hibernating
16495,2011-03-08 16:38:00,2011-12-06 13:20:00,3,328,648.26,United Kingdom,78,0.0,648.26,216.09,4,273,2011-03,True,5.0,3.0,3.0,Potential Loyalists
16496,2011-01-27 09:42:00,2011-12-01 10:31:00,3,1111,1599.52,United Kingdom,92,37.3,1562.22,533.17,9,308,2011-01,True,5.0,3.0,4.0,Potential Loyalists
16497,2011-01-10 13:20:00,2011-10-21 10:55:00,6,1396,2965.69,United Kingdom,128,0.0,2965.69,494.28,50,284,2011-01,True,3.0,5.0,5.0,Loyal Customers
16498,2011-06-30 19:52:00,2011-07-01 15:07:00,2,45,100.97,United Kingdom,15,14.85,86.12,50.48,162,1,2011-06,True,2.0,2.0,1.0,Hibernating
16499,2010-12-10 10:27:00,2010-12-14 13:31:00,2,127,365.45,United Kingdom,18,46.35,319.1,182.72,361,4,2010-12,True,1.0,2.0,2.0,Hibernating
16500,2011-01-13 10:28:00,2011-12-05 12:04:00,6,123,400.86,United Kingdom,8,0.0,400.86,66.81,5,326,2011-01,True,5.0,5.0,2.0,Champions
16503,2010-12-14 13:50:00,2011-08-25 11:46:00,4,569,1431.93,United Kingdom,71,10.5,1421.43,357.98,107,254,2010-12,True,2.0,4.0,4.0,At Risk
16504,2011-11-14 15:18:00,2011-11-14 15:18:00,1,510,465.88,United Kingdom,76,0.0,465.88,465.88,26,0,2011-11,True,4.0,1.0,2.0,Promising
16505,2011-11-08 12:14:00,2011-11-08 12:14:00,1,576,777.6,United Kingdom,4,0.0,777.6,777.6,32,0,2011-11,True,4.0,1.0,3.0,Promising
16506,2011-10-30 15:50:00,2011-11-20 12:17:00,2,42,90.3,United Kingdom,3,0.0,90.3,45.15,20,21,2011-10,True,4.0,2.0,1.0,Potential Loyalists
16509,2011-02-16 09:25:00,2011-02-16 09:25:00,1,64,363.7,United Kingdom,13,0.0,363.7,363.7,297,0,2011-02,True,1.0,1.0,2.0,Hibernating
16510,2010-12-02 13:39:00,2010-12-02 13:39:00,1,92,248.1,United Kingdom,13,0.0,248.1,248.1,373,0,2010-12,True,1.0,1.0,2.0,Hibernating
16511,2011-03-18 11:24:00,2011-11-18 10:41:00,3,401,916.33,United Kingdom,134,0.0,916.33,305.44,22,245,2011-03,True,4.0,3.0,4.0,Potential Loyalists
16513,2011-10-27 14:56:00,2011-12-05 10:18:00,4,407,874.59,United Kingdom,33,0.0,874.59,218.65,5,39,2011-10,True,5.0,4.0,3.0,Champions
16515,2011-02-01 13:09:00,2011-10-18 13:10:00,5,826,1624.14,United Kingdom,89,0.0,1624.14,324.83,53,259,2011-02,True,3.0,4.0,4.0,Loyal Customers
16516,2011-11-09 14:59:00,2011-11-09 14:59:00,1,58,101.7,United Kingdom,6,0.0,101.7,101.7,31,0,2011-11,True,4.0,1.0,1.0,Promising
16517,2011-03-07 13:50:00,2011-03-07 13:50:00,1,96,162.7,United Kingdom,17,0.0,162.7,162.7,278,0,2011-03,True,1.0,1.0,1.0,Hibernating
16518,2011-02-28 16:36:00,2011-10-09 15:04:00,2,327,484.32,United Kingdom,36,3.4,480.92,242.16,62,223,2011-02,True,3.0,2.0,3.0,About to Sleep
16519,2010-12-09 14:08:00,2011-11-14 15:41:00,2,53,212.98,United Kingdom,12,0.0,212.98,106.49,26,340,2010-12,True,4.0,2.0,1.0,Potential Loyalists
16520,2010-12-09 13:08:00,2011-06-06 13:24:00,3,558,1046.57,United Kingdom,129,9.95,1036.62,348.86,187,179,2010-12,True,1.0,3.0,4.0,At Risk
16523,2011-01-28 12:06:00,2011-12-08 09:06:00,21,4265,9418.47,United Kingdom,151,122.8,9295.67,448.5,2,314,2011-01,True,5.0,5.0,5.0,Champions
16525,2010-12-08 11:31:00,2011-12-07 15:07:00,26,7397,13027.45,United Kingdom,75,1131.88,11895.57,501.06,3,364,2010-12,True,5.0,5.0,5.0,Champions
16526,2011-06-21 12:02:00,2011-06-21 12:02:00,1,106,290.36,United Kingdom,15,0.0,290.36,290.36,172,0,2011-06,True,2.0,1.0,2.0,Hibernating
16527,2011-09-19 16:21:00,2011-09-19 16:21:00,1,106,228.06,United Kingdom,14,0.0,228.06,228.06,82,0,2011-09,True,2.0,1.0,1.0,Hibernating
16528,2011-12-06 12:45:00,2011-12-06 12:45:00,1,171,244.41,United Kingdom,17,0.0,244.41,244.41,4,0,2011-12,True,5.0,1.0,2.0,New Customers
16529,2011-06-02 17:23:00,2011-06-02 17:23:00,1,198,455.25,United Kingdom,30,0.0,455.25,455.25,191,0,2011-06,True,1.0,1.0,2.0,Hibernating
16531,2010-12-14 13:19:00,2011-11-17 16:29:00,7,915,1244.59,United Kingdom,68,0.0,1244.59,177.8,23,338,2010-12,True,4.0,5.0,4.0,Loyal Customers
16532,2011-01-05 12:37:00,2011-11-22 11:08:00,3,2016,6748.8,United Kingdom,2,0.0,6748.8,2249.6,18,321,2011-01,True,4.0,3.0,5.0,Potential Loyalists
16533,2011-10-02 15:07:00,2011-11-20 13:08:00,3,611,1082.81,United Kingdom,112,68.62,1014.19,360.94,20,49,2011-10,True,4.0,3.0,4.0,Potential Loyalists
16535,2011-12-04 15:18:00,2011-12-04 15:18:00,1,356,593.75,United Kingdom,31,0.0,593.75,593.75,6,0,2011-12,True,5.0,1.0,3.0,New Customers
16536,2011-08-21 15:54:00,2011-08-21 15:54:00,1,250,548.12,United Kingdom,49,9.95,538.17,548.12,111,0,2011-08,True,2.0,1.0,3.0,Hibernating
16539,2010-12-01 15:40:00,2011-12-07 08:41:00,4,477,1388.81,United Kingdom,36,0.0,1388.81,347.2,3,371,2010-12,True,5.0,4.0,4.0,Champions
16542,2011-10-17 10:47:00,2011-10-17 10:47:00,1,46,119.62,United Kingdom,5,0.0,119.62,119.62,54,0,2011-10,True,3.0,1.0,1.0,About to Sleep
16545,2011-06-28 10:37:00,2011-06-28 10:37:00,1,78,339.3,United Kingdom,3,0.0,339.3,339.3,165,0,2011-06,True,2.0,1.0,2.0,Hibernating
16546,2010-12-02 12:07:00,2011-02-22 11:20:00,2,549,787.15,United Kingdom,25,883.08,-95.93,393.58,291,82,2010-12,False,,,,
16549,2011-01-09 14:03:00,2011-11-29 15:06:00,10,2294,4034.9,United Kingdom,445,0.0,4034.9,403.49,11,324,2011-01,True,5.0,5.0,5.0,Champions
16550,2010-12-06 13:53:00,2011-08-23 11:12:00,5,1540,2298.97,United Kingdom,162,32.72,2266.25,459.79,109,260,2010-12,True,2.0,4.0,5.0,At Risk
16551,2011-01-07 10:24:00,2011-09-05 09:38:00,3,970,922.12,United Kingdom,26,0.0,922.12,307.37,96,241,2011-01,True,2.0,3.0,4.0,At Risk
16552,2010-12-01 12:36:00,2011-04-11 10:04:00,2,219,379.73,United Kingdom,17,0.0,379.73,189.86,243,131,2010-12,True,1.0,2.0,2.0,Hibernating
16553,2010-12-14 13:58:00,2011-06-29 15:42:00,12,4600,5719.82,United Kingdom,62,55.25,5664.57,476.65,164,197,2010-12,True,2.0,5.0,5.0,Can't Lose Them
16554,2011-01-12 12:41:00,2011-10-28 14:51:00,3,402,837.1,United Kingdom,51,195.55,641.55,279.03,43,289,2011-01,True,3.0,3.0,3.0,Need Attention
16555,2011-08-22 12:32:00,2011-11-04 14:31:00,2,175,285.89,United Kingdom,15,0.0,285.89,142.94,36,74,2011-08,True,3.0,2.0,2.0,About to Sleep
16556,2010-12-14 13:32:00,2011-10-04 11:36:00,7,1890,3313.79,United Kingdom,144,0.0,3313.79,473.4,67,294,2010-12,True,3.0,5.0,5.0,Loyal Customers
16557,2011-07-25 13:28:00,2011-11-15 14:04:00,2,111,281.85,United Kingdom,11,0.0,281.85,140.93,25,113,2011-07,True,4.0,2.0,2.0,Potential Loyalists
16558,2010-12-08 12:01:00,2011-12-09 10:20:00,20,5377,8338.49,United Kingdom,264,81.45,8257.04,416.92,1,366,2010-12,True,5.0,5.0,5.0,Champions
16560,2010-12-16 14:36:00,2011-11-13 10:35:00,2,500,841.41,United Kingdom,52,24.9,816.51,420.7,27,332,2010-12,True,4.0,2.0,3.0,Potential Loyalists
16561,2011-10-11 09:53:00,2011-12-04 11:50:00,2,244,511.12,United Kingdom,29,0.0,511.12,255.56,6,54,2011-10,True,5.0,2.0,3.0,Potential Loyalists
16563,2011-10-17 11:51:00,2011-10-17 11:51:00,1,486,1077.74,United Kingdom,19,0.0,1077.74,1077.74,54,0,2011-10,True,3.0,1.0,4.0,About to Sleep
16565,2010-12-10 15:21:00,2010-12-10 15:21:00,1,46,173.7,United Kingdom,3,0.0,173.7,173.7,365,0,2010-12,True,1.0,1.0,1.0,Hibernating
16566,2011-02-20 10:29:00,2011-11-24 16:34:00,5,362,614.66,United Kingdom,14,0.65,614.01,122.93,16,277,2011-02,True,4.0,4.0,3.0,Loyal Customers
16567,2011-01-07 09:31:00,2011-05-29 13:57:00,2,996,865.6,United Kingdom,34,0.0,865.6,432.8,195,142,2011-01,True,1.0,2.0,3.0,Hibernating
16569,2011-12-06 15:32:00,2011-12-06 15:32:00,1,93,124.2,United Kingdom,5,0.0,124.2,124.2,4,0,2011-12,True,5.0,1.0,1.0,New Customers
16570,2011-02-01 10:37:00,2011-11-24 17:02:00,10,2112,3738.4,United Kingdom,68,115.45,3622.95,373.84,16,296,2011-02,True,4.0,5.0,5.0,Loyal Customers
16571,2011-03-03 09:41:00,2011-11-13 11:46:00,3,1239,1421.69,United Kingdom,73,136.47,1285.22,473.9,27,255,2011-03,True,4.0,3.0,4.0,Potential Loyalists
16572,2011-03-09 12:04:00,2011-08-04 16:34:00,3,532,1009.6,United Kingdom,40,9.9,999.7,336.53,128,148,2011-03,True,2.0,3.0,4.0,At Risk
16573,2011-02-22 15:14:00,2011-09-16 09:13:00,2,360,663.61,United Kingdom,40,15.2,648.41,331.8,85,206,2011-02,True,2.0,2.0,3.0,Hibernating
16574,2011-09-29 13:39:00,2011-09-29 13:39:00,1,416,451.44,United Kingdom,28,0.0,451.44,451.44,72,0,2011-09,True,2.0,1.0,2.0,Hibernating
16581,2011-06-10 10:05:00,2011-06-10 10:05:00,1,134,105.84,United Kingdom,9,35.4,70.44,105.84,183,0,2011-06,True,1.0,1.0,1.0,Hibernating
16582,2011-08-18 17:02:00,2011-08-18 17:02:00,1,164,313.62,United Kingdom,6,0.0,313.62,313.62,114,0,2011-08,True,2.0,1.0,2.0,Hibernating
16583,2010-12-01 12:03:00,2010-12-01 12:03:00,1,111,233.45,United Kingdom,14,0.0,233.45,233.45,374,0,2010-12,True,1.0,1.0,1.0,Hibernating
16584,2011-03-30 13:14:00,2011-09-20 13:45:00,2,646,936.08,United Kingdom,25,28.05,908.03,468.04,81,174,2011-03,True,2.0,2.0,3.0,Hibernating
16586,2011-04-05 09:32:00,2011-04-05 09:32:00,1,95,463.95,United Kingdom,8,0.0,463.95,463.95,249,0,2011-04,True,1.0,1.0,2.0,Hibernating
16587,2011-04-21 15:51:00,2011-04-21 15:51:00,1,71,225.15,United Kingdom,13,0.0,225.15,225.15,233,0,2011-04,True,1.0,1.0,1.0,Hibernating
16589,2011-07-01 13:31:00,2011-09-29 14:50:00,3,368,459.24,United Kingdom,31,0.0,459.24,153.08,72,90,2011-07,True,2.0,3.0,2.0,At Risk
16591,2011-10-02 10:43:00,2011-10-02 10:43:00,1,41,213.5,United Kingdom,10,0.0,213.5,213.5,69,0,2011-10,True,3.0,1.0,1.0,About to Sleep
16592,2011-02-25 10:19:00,2011-12-05 13:49:00,16,2927,4113.68,United Kingdom,142,40.4,4073.28,257.1,5,283,2011-02,True,5.0,5.0,5.0,Champions
16593,2011-01-16 12:11:00,2011-10-20 12:41:00,3,116,330.03,United Kingdom,24,0.0,330.03,110.01,51,277,2011-01,True,3.0,3.0,2.0,Need Attention
16594,2011-09-25 14:08:00,2011-09-25 14:08:00,1,64,181.09,United Kingdom,53,0.0,181.09,181.09,76,0,2011-09,True,2.0,1.0,1.0,Hibernating
16595,2011-10-09 13:15:00,2011-10-09 13:15:00,1,335,360.16,United Kingdom,83,0.0,360.16,360.16,62,0,2011-10,True,3.0,1.0,2.0,About to Sleep
16596,2010-12-08 16:18:00,2011-11-24 10:02:00,2,97,250.15,United Kingdom,12,0.0,250.15,125.08,16,351,2010-12,True,4.0,2.0,2.0,Potential Loyalists
16597,2011-12-05 15:44:00,2011-12-05 15:44:00,1,184,90.04,United Kingdom,7,0.0,90.04,90.04,5,0,2011-12,True,5.0,1.0,1.0,New Customers
16598,2011-02-27 11:42:00,2011-02-27 11:42:00,1,73,145.05,United Kingdom,10,4.35,140.7,145.05,286,0,2011-02,True,1.0,1.0,1.0,Hibernating
16600,2011-01-05 12:13:00,2011-12-05 16:00:00,6,1145,813.52,United Kingdom,50,0.0,813.52,135.59,5,334,2011-01,True,5.0,5.0,3.0,Champions
16601,2011-10-30 11:09:00,2011-10-30 11:09:00,1,130,241.53,United Kingdom,28,0.0,241.53,241.53,41,0,2011-10,True,3.0,1.0,1.0,About to Sleep
16602,2011-11-03 15:54:00,2011-11-03 15:54:00,1,336,528.08,United Kingdom,29,33.35,494.73,528.08,37,0,2011-11,True,3.0,1.0,3.0,About to Sleep
16603,2011-09-09 13:02:00,2011-09-26 10:06:00,2,480,482.47,United Kingdom,34,0.0,482.47,241.24,75,17,2011-09,True,2.0,2.0,3.0,Hibernating
16607,2010-12-16 08:41:00,2011-11-22 10:24:00,14,2859,3347.71,United Kingdom,140,309.04,3038.67,239.12,18,341,2010-12,True,4.0,5.0,5.0,Loyal Customers
16609,2011-04-01 10:11:00,2011-11-24 13:32:00,7,2420,5493.46,United Kingdom,155,42.5,5450.96,784.78,16,237,2011-04,True,4.0,5.0,5.0,Loyal Customers
16610,2011-05-04 13:13:00,2011-05-04 13:13:00,1,66,75.66,United Kingdom,6,0.0,75.66,75.66,220,0,2011-05,True,1.0,1.0,1.0,Hibernating
16611,2011-06-06 15:46:00,2011-06-06 15:46:00,1,47,129.49,United Kingdom,9,8.5,120.99,129.49,187,0,2011-06,True,1.0,1.0,1.0,Hibernating
16612,2011-02-01 10:38:00,2011-11-07 07:38:00,4,506,1187.66,United Kingdom,48,0.0,1187.66,296.92,33,279,2011-02,True,3.0,4.0,4.0,Loyal Customers
16613,2011-09-30 15:52:00,2011-09-30 15:52:00,1,293,618.59,United Kingdom,30,0.0,618.59,618.59,71,0,2011-09,True,3.0,1.0,3.0,About to Sleep
16614,2011-06-10 11:36:00,2011-06-10 11:36:00,1,223,506.19,United Kingdom,26,0.0,506.19,506.19,183,0,2011-06,True,1.0,1.0,3.0,Hibernating
16616,2011-07-05 13:38:00,2011-11-24 16:31:00,2,370,500.42,United Kingdom,31,0.0,500.42,250.21,16,142,2011-07,True,4.0,2.0,3.0,Potential Loyalists
16617,2011-04-18 10:35:00,2011-04-18 10:35:00,1,91,151.85,United Kingdom,5,0.0,151.85,151.85,236,0,2011-04,True,1.0,1.0,1.0,Hibernating
16618,2011-01-21 11:55:00,2011-11-08 13:52:00,5,1363,2647.59,United Kingdom,79,16.95,2630.64,529.52,32,291,2011-01,True,4.0,4.0,5.0,Loyal Customers
16619,2011-03-21 08:18:00,2011-03-21 08:18:00,1,133,226.21,United Kingdom,14,21.8,204.41,226.21,264,0,2011-03,True,1.0,1.0,1.0,Hibernating
16620,2011-03-24 10:37:00,2011-12-06 12:19:00,2,88,178.96,United Kingdom,9,0.0,178.96,89.48,4,257,2011-03,True,5.0,2.0,1.0,Potential Loyalists
16621,2011-03-07 11:32:00,2011-10-19 11:38:00,4,302,813.48,United Kingdom,22,0.0,813.48,203.37,52,226,2011-03,True,3.0,4.0,3.0,Loyal Customers
16623,2011-04-08 10:09:00,2011-04-08 10:09:00,1,39,129.45,United Kingdom,5,0.0,129.45,129.45,246,0,2011-04,True,1.0,1.0,1.0,Hibernating
16624,2011-05-26 14:20:00,2011-09-20 12:39:00,2,488,810.57,United Kingdom,44,0.0,810.57,405.28,81,117,2011-05,True,2.0,2.0,3.0,Hibernating
16625,2011-03-10 12:50:00,2011-03-10 12:50:00,1,164,333.08,United Kingdom,23,0.0,333.08,333.08,275,0,2011-03,True,1.0,1.0,2.0,Hibernating
16626,2011-03-18 12:27:00,2011-12-09 11:56:00,17,2690,4413.1,United Kingdom,86,33.45,4379.65,259.59,1,266,2011-03,True,5.0,5.0,5.0,Champions
16627,2011-09-21 14:38:00,2011-09-21 14:38:00,1,162,322.8,United Kingdom,20,0.0,322.8,322.8,80,0,2011-09,True,2.0,1.0,2.0,Hibernating
16628,2011-04-19 08:55:00,2011-11-10 12:45:00,5,1205,2188.05,United Kingdom,79,5.01,2183.04,437.61,30,205,2011-04,True,4.0,4.0,5.0,Loyal Customers
16629,2011-09-04 16:12:00,2011-09-27 10:34:00,2,489,408.63,United Kingdom,58,0.0,408.63,204.32,74,23,2011-09,True,2.0,2.0,2.0,Hibernating
16633,2011-04-19 14:36:00,2011-11-22 13:41:00,6,1138,2883.1,United Kingdom,115,4.95,2878.15,480.52,18,217,2011-04,True,4.0,5.0,5.0,Loyal Customers
16634,2010-12-02 17:41:00,2011-05-01 12:09:00,2,82,217.9,United Kingdom,9,0.0,217.9,108.95,223,150,2010-12,True,1.0,2.0,1.0,Hibernating
16637,2011-04-28 10:20:00,2011-11-07 13:17:00,4,927,1154.47,United Kingdom,66,29.88,1124.59,288.62,33,193,2011-04,True,3.0,4.0,4.0,Loyal Customers
16638,2010-12-06 10:19:00,2011-11-17 11:09:00,10,1255,1680.72,United Kingdom,92,4.25,1676.47,168.07,23,346,2010-12,True,4.0,5.0,4.0,Loyal Customers
16639,2011-04-18 09:31:00,2011-11-08 13:20:00,3,510,1257.51,United Kingdom,48,88.13,1169.38,419.17,32,204,2011-04,True,4.0,3.0,4.0,Potential Loyalists
16641,2011-08-26 12:49:00,2011-08-26 12:49:00,1,256,231.1,United Kingdom,12,0.0,231.1,231.1,106,0,2011-08,True,2.0,1.0,1.0,Hibernating
16642,2011-05-16 12:35:00,2011-12-05 11:31:00,2,479,688.33,United Kingdom,32,8.5,679.83,344.16,5,203,2011-05,True,5.0,2.0,3.0,Potential Loyalists
16643,2011-04-08 08:24:00,2011-04-08 08:24:00,1,269,487.51,United Kingdom,27,0.0,487.51,487.51,246,0,2011-04,True,1.0,1.0,3.0,Hibernating
16644,2011-05-11 12:53:00,2011-06-15 12:39:00,2,826,833.78,United Kingdom,62,0.0,833.78,416.89,178,35,2011-05,True,2.0,2.0,3.0,Hibernating
16647,2011-05-19 09:31:00,2011-06-23 11:47:00,2,146,214.06,United Kingdom,12,0.0,214.06,107.03,170,35,2011-05,True,2.0,2.0,1.0,Hibernating
16648,2011-10-28 08:58:00,2011-10-28 08:58:00,1,281,290.66,United Kingdom,19,19.8,270.86,290.66,43,0,2011-10,True,3.0,1.0,2.0,About to Sleep
16650,2011-09-29 09:51:00,2011-09-29 09:51:00,1,372,518.42,United Kingdom,24,0.0,518.42,518.42,72,0,2011-09,True,2.0,1.0,3.0,Hibernating
16652,2011-03-11 13:13:00,2011-10-12 09:38:00,7,3283,6773.97,United Kingdom,74,119.71,6654.26,967.71,59,215,2011-03,True,3.0,5.0,5.0,Loyal Customers
16653,2011-09-29 13:38:00,2011-11-23 14:51:00,2,733,1212.66,United Kingdom,67,45.74,1166.92,606.33,17,55,2011-09,True,4.0,2.0,4.0,Potential Loyalists
16654,2010-12-06 15:09:00,2011-07-21 15:23:00,4,282,601.27,United Kingdom,29,6.3,594.97,150.32,142,227,2010-12,True,2.0,4.0,3.0,At Risk
16655,2011-01-12 10:16:00,2011-11-22 11:25:00,6,2363,3789.52,United Kingdom,208,0.0,3789.52,631.59,18,314,2011-01,True,4.0,5.0,5.0,Loyal Customers
16656,2010-12-10 11:23:00,2011-11-17 14:43:00,15,8894,8625.8,United Kingdom,14,57.56,8568.24,575.05,23,342,2010-12,True,4.0,5.0,5.0,Loyal Customers
16657,2011-03-30 12:02:00,2011-11-30 11:48:00,4,1130,874.43,United Kingdom,158,0.0,874.43,218.61,10,245,2011-03,True,5.0,4.0,3.0,Champions
16658,2010-12-06 13:47:00,2010-12-06 13:47:00,1,40,123.24,United Kingdom,8,0.0,123.24,123.24,369,0,2010-12,True,1.0,1.0,1.0,Hibernating
16659,2011-06-03 15:03:00,2011-06-03 15:03:00,1,72,39.12,United Kingdom,2,0.0,39.12,39.12,190,0,2011-06,True,1.0,1.0,1.0,Hibernating
16660,2011-01-24 12:44:00,2011-11-23 14:53:00,4,571,1267.65,United Kingdom,16,457.2,810.45,316.91,17,303,2011-01,True,4.0,4.0,3.0,Loyal Customers
16665,2010-12-12 14:03:00,2010-12-12 14:03:00,1,59,135.4,United Kingdom,9,0.0,135.4,135.4,363,0,2010-12,True,1.0,1.0,1.0,Hibernating
16666,2011-11-20 14:01:00,2011-11-20 14:01:00,1,233,118.98,United Kingdom,32,0.0,118.98,118.98,20,0,2011-11,True,4.0,1.0,1.0,Promising
16667,2011-02-28 12:57:00,2011-10-02 15:26:00,2,236,567.18,United Kingdom,52,0.0,567.18,283.59,69,216,2011-02,True,3.0,2.0,3.0,About to Sleep
16668,2011-02-28 12:46:00,2011-11-24 17:43:00,6,318,306.72,United Kingdom,9,0.0,306.72,51.12,16,269,2011-02,True,4.0,5.0,2.0,Loyal Customers
16669,2011-09-22 14:13:00,2011-11-16 12:26:00,2,871,1344.48,United Kingdom,140,0.0,1344.48,672.24,24,55,2011-09,True,4.0,2.0,4.0,Potential Loyalists
16670,2010-12-16 10:30:00,2011-11-23 09:34:00,11,2556,4095.9,United Kingdom,179,73.44,4022.46,372.35,17,342,2010-12,True,4.0,5.0,5.0,Loyal Customers
16671,2011-06-28 11:20:00,2011-11-11 13:40:00,3,875,1692.27,United Kingdom,3,0.0,1692.27,564.09,29,136,2011-06,True,4.0,3.0,4.0,Potential Loyalists
16672,2011-03-18 10:15:00,2011-12-07 16:29:00,20,2832,8134.94,United Kingdom,22,15.25,8119.69,406.75,3,264,2011-03,True,5.0,5.0,5.0,Champions
16674,2011-09-02 13:59:00,2011-10-16 11:31:00,2,181,304.24,United Kingdom,89,0.0,304.24,152.12,55,44,2011-09,True,3.0,2.0,2.0,About to Sleep
16676,2011-01-06 13:00:00,2011-11-06 12:01:00,4,636,1592.12,United Kingdom,75,33.4,1558.72,398.03,34,304,2011-01,True,3.0,4.0,4.0,Loyal Customers
16678,2011-03-02 09:24:00,2011-12-07 12:17:00,12,2397,3109.99,United Kingdom,92,84.75,3025.24,259.17,3,280,2011-03,True,5.0,5.0,5.0,Champions
16679,2010-12-08 13:51:00,2010-12-08 13:51:00,1,29,129.75,United Kingdom,3,0.0,129.75,129.75,367,0,2010-12,True,1.0,1.0,1.0,Hibernating
16680,2011-10-27 17:35:00,2011-10-27 17:35:00,1,94,183.7,United Kingdom,10,0.0,183.7,183.7,44,0,2011-10,True,3.0,1.0,1.0,About to Sleep
16681,2011-03-31 13:46:00,2011-09-28 11:11:00,6,1407,1770.34,United Kingdom,18,0.0,1770.34,295.06,73,181,2011-03,True,2.0,5.0,4.0,Can't Lose Them
16682,2011-06-05 11:02:00,2011-12-05 12:13:00,5,1040,1028.0,United Kingdom,15,0.0,1028.0,205.6,5,183,2011-06,True,5.0,4.0,4.0,Champions
16684,2010-12-16 17:34:00,2011-12-05 14:06:00,28,50255,66653.56,United Kingdom,119,733.44,65920.12,2380.48,5,354,2010-12,True,5.0,5.0,5.0,Champions
16685,2011-10-09 13:44:00,2011-10-09 13:58:00,2,396,324.24,United Kingdom,60,0.0,324.24,162.12,62,0,2011-10,True,3.0,2.0,2.0,About to Sleep
16686,2010-12-19 14:41:00,2011-10-23 13:49:00,7,1977,2959.88,United Kingdom,406,19.35,2940.53,422.84,48,308,2010-12,True,3.0,5.0,5.0,Loyal Customers
16688,2011-10-10 12:23:00,2011-12-08 15:24:00,4,804,1260.86,United Kingdom,52,0.0,1260.86,315.22,2,59,2011-10,True,5.0,4.0,4.0,Champions
16689,2011-09-18 13:29:00,2011-09-25 11:39:00,2,330,422.6,United Kingdom,12,67.5,355.1,211.3,76,7,2011-09,True,2.0,2.0,2.0,Hibernating
16690,2011-05-22 10:53:00,2011-09-28 15:02:00,2,138,225.58,United Kingdom,10,16.95,208.63,112.79,73,129,2011-05,True,2.0,2.0,1.0,Hibernating
16692,2011-02-23 15:41:00,2011-03-28 14:46:00,2,151,1126.0,United Kingdom,1,0.0,1126.0,563.0,257,33,2011-02,True,1.0,2.0,4.0,Hibernating
16693,2011-03-13 11:06:00,2011-10-02 11:10:00,2,203,477.86,United Kingdom,58,0.0,477.86,238.93,69,203,2011-03,True,3.0,2.0,3.0,About to Sleep
16696,2011-04-05 15:20:00,2011-07-27 14:23:00,4,146,657.9,United Kingdom,7,0.0,657.9,164.48,136,113,2011-04,True,2.0,4.0,3.0,At Risk
16697,2011-04-12 17:12:00,2011-04-12 17:12:00,1,27,112.75,United Kingdom,20,0.0,112.75,112.75,242,0,2011-04,True,1.0,1.0,1.0,Hibernating
16698,2011-03-31 13:33:00,2011-04-27 10:52:00,2,840,1998.0,United Kingdom,4,0.0,1998.0,999.0,227,27,2011-03,True,1.0,2.0,4.0,Hibernating
16700,2010-12-08 16:34:00,2011-12-01 11:00:00,13,4024,5076.55,United Kingdom,159,36.55,5040.0,390.5,9,358,2010-12,True,5.0,5.0,5.0,Champions
16701,2010-12-13 11:51:00,2011-12-01 11:10:00,13,6393,5398.3,United Kingdom,99,248.03,5150.27,415.25,9,353,2010-12,True,5.0,5.0,5.0,Champions
16705,2010-12-16 10:51:00,2011-12-09 12:08:00,20,5476,14034.99,United Kingdom,133,88.86,13946.13,701.75,1,358,2010-12,True,5.0,5.0,5.0,Champions
16706,2011-08-17 15:53:00,2011-11-02 13:50:00,3,249,531.35,United Kingdom,108,0.0,531.35,177.12,38,77,2011-08,True,3.0,3.0,3.0,Need Attention
16708,2011-10-25 12:20:00,2011-10-25 12:20:00,1,285,656.63,United Kingdom,27,0.0,656.63,656.63,46,0,2011-10,True,3.0,1.0,3.0,About to Sleep
16709,2011-03-03 10:55:00,2011-09-16 10:56:00,5,851,3029.87,United Kingdom,64,0.0,3029.87,605.97,85,197,2011-03,True,2.0,4.0,5.0,At Risk
16710,2010-12-06 13:13:00,2011-11-20 14:50:00,10,1823,2467.99,United Kingdom,268,0.0,2467.99,246.8,20,349,2010-12,True,4.0,5.0,5.0,Loyal Customers
16711,2010-12-17 12:43:00,2011-12-06 16:32:00,5,833,1651.03,United Kingdom,18,0.0,1651.03,330.21,4,354,2010-12,True,5.0,4.0,4.0,Champions
16712,2011-03-08 15:07:00,2011-11-30 13:48:00,11,1727,3603.66,United Kingdom,258,0.0,3603.66,327.61,10,267,2011-03,True,5.0,5.0,5.0,Champions
16713,2010-12-08 13:01:00,2011-11-21 12:36:00,15,4271,6910.78,United Kingdom,338,82.9,6827.88,460.72,19,348,2010-12,True,4.0,5.0,5.0,Loyal Customers
16714,2011-01-26 13:40:00,2011-01-26 13:46:00,2,588,1114.06,United Kingdom,76,250.0,864.06,557.03,318,0,2011-01,True,1.0,2.0,3.0,Hibernating
16715,2011-09-22 18:15:00,2011-09-22 18:15:00,1,642,301.72,United Kingdom,19,0.0,301.72,301.72,79,0,2011-09,True,2.0,1.0,2.0,Hibernating
16716,2011-02-01 15:35:00,2011-03-18 10:03:00,2,120,901.2,United Kingdom,1,581.4,319.8,450.6,267,45,2011-02,True,1.0,2.0,2.0,Hibernating
16717,2010-12-08 16:48:00,2011-11-16 12:16:00,6,1860,3843.08,United Kingdom,176,580.02,3263.06,640.51,24,343,2010-12,True,4.0,5.0,5.0,Loyal Customers
16718,2010-12-05 13:03:00,2010-12-05 13:03:00,1,407,606.05,United Kingdom,41,0.0,606.05,606.05,370,0,2010-12,True,1.0,1.0,3.0,Hibernating
16719,2010-12-06 12:06:00,2011-11-25 09:27:00,7,1175,1770.22,United Kingdom,107,16.5,1753.72,252.89,15,354,2010-12,True,4.0,5.0,4.0,Loyal Customers
16720,2011-11-13 16:22:00,2011-11-13 16:22:00,1,180,152.95,United Kingdom,25,0.0,152.95,152.95,27,0,2011-11,True,4.0,1.0,1.0,Promising
16721,2011-03-22 16:08:00,2011-03-22 16:08:00,1,172,292.47,United Kingdom,37,0.0,292.47,292.47,263,0,2011-03,True,1.0,1.0,2.0,Hibernating
16722,2010-12-06 12:59:00,2011-11-22 13:28:00,13,5001,4730.81,United Kingdom,96,19.6,4711.21,363.91,18,351,2010-12,True,4.0,5.0,5.0,Loyal Customers
16723,2011-08-24 11:31:00,2011-09-09 13:01:00,2,398,576.4,United Kingdom,37,0.0,576.4,288.2,92,16,2011-08,True,2.0,2.0,3.0,Hibernating
16725,2010-12-03 16:02:00,2011-02-10 16:52:00,6,287,756.82,United Kingdom,109,5.95,750.87,126.14,303,69,2010-12,True,1.0,5.0,3.0,Can't Lose Them
16726,2010-12-13 13:28:00,2011-11-13 14:53:00,5,945,1358.74,United Kingdom,121,0.0,1358.74,271.75,27,335,2010-12,True,4.0,4.0,4.0,Loyal Customers
16727,2010-12-10 13:48:00,2010-12-10 13:48:00,1,167,256.32,United Kingdom,41,0.0,256.32,256.32,365,0,2010-12,True,1.0,1.0,2.0,Hibernating
16728,2011-03-20 13:28:00,2011-10-24 14:36:00,4,671,1048.28,United Kingdom,218,0.0,1048.28,262.07,47,218,2011-03,True,3.0,4.0,4.0,Loyal Customers
16729,2011-04-12 14:22:00,2011-11-01 14:29:00,21,5718,7202.01,United Kingdom,233,156.6,7045.41,342.95,39,203,2011-04,True,3.0,5.0,5.0,Loyal Customers
16730,2011-01-24 14:01:00,2011-10-18 14:11:00,3,994,743.11,United Kingdom,75,40.32,702.79,247.7,53,267,2011-01,True,3.0,3.0,3.0,Need Attention
16732,2011-11-08 09:54:00,2011-11-08 09:54:00,1,317,603.75,United Kingdom,28,0.0,603.75,603.75,32,0,2011-11,True,4.0,1.0,3.0,Promising
16734,2011-08-17 15:00:00,2011-10-18 13:44:00,3,345,646.76,United Kingdom,44,0.0,646.76,215.59,53,62,2011-08,True,3.0,3.0,3.0,Need Attention
16735,2011-01-09 12:53:00,2011-09-22 11:49:00,5,1532,2247.41,United Kingdom,88,31.35,2216.06,449.48,79,256,2011-01,True,2.0,4.0,5.0,At Risk
16737,2011-10-17 13:03:00,2011-10-17 13:03:00,1,288,417.6,United Kingdom,1,0.0,417.6,417.6,54,0,2011-10,True,3.0,1.0,2.0,About to Sleep
16738,2011-02-15 09:46:00,2011-02-15 09:46:00,1,3,3.75,United Kingdom,1,0.0,3.75,3.75,298,0,2011-02,True,1.0,1.0,1.0,Hibernating
16739,2011-06-16 09:17:00,2011-06-16 09:17:00,1,172,323.0,United Kingdom,13,10.45,312.55,323.0,177,0,2011-06,True,2.0,1.0,2.0,Hibernating
16743,2010-12-16 12:15:00,2011-11-10 13:13:00,7,2035,2213.13,United Kingdom,89,46.25,2166.88,316.16,30,329,2010-12,True,4.0,5.0,5.0,Loyal Customers
16744,2011-06-19 15:13:00,2011-11-28 13:06:00,7,798,1291.91,United Kingdom,198,0.0,1291.91,184.56,12,162,2011-06,True,5.0,5.0,4.0,Champions
16745,2011-02-01 11:31:00,2011-09-14 11:58:00,17,6719,7180.7,United Kingdom,148,23.6,7157.1,422.39,87,225,2011-02,True,2.0,5.0,5.0,Can't Lose Them
16746,2010-12-16 11:43:00,2011-12-05 12:33:00,18,4660,6680.11,United Kingdom,234,3.35,6676.76,371.12,5,354,2010-12,True,5.0,5.0,5.0,Champions
16747,2011-10-03 10:18:00,2011-11-02 11:37:00,2,583,836.06,United Kingdom,34,9.1,826.96,418.03,38,30,2011-10,True,3.0,2.0,3.0,About to Sleep
16748,2011-01-09 13:50:00,2011-11-22 10:17:00,5,880,1515.9,United Kingdom,42,0.0,1515.9,303.18,18,317,2011-01,True,4.0,4.0,4.0,Loyal Customers
16750,2011-04-21 16:53:00,2011-10-26 12:48:00,5,214,623.93,United Kingdom,74,0.0,623.93,124.79,45,188,2011-04,True,3.0,4.0,3.0,Loyal Customers
16751,2011-11-09 10:48:00,2011-11-09 10:48:00,1,1031,1764.72,United Kingdom,24,0.0,1764.72,1764.72,31,0,2011-11,True,4.0,1.0,4.0,Promising
16752,2010-12-02 12:18:00,2010-12-02 12:18:00,1,54,207.5,United Kingdom,9,0.0,207.5,207.5,373,0,2010-12,True,1.0,1.0,1.0,Hibernating
16753,2011-10-12 13:14:00,2011-10-12 13:14:00,1,189,223.92,United Kingdom,34,0.0,223.92,223.92,59,0,2011-10,True,3.0,1.0,1.0,About to Sleep
16754,2010-12-02 17:38:00,2010-12-02 17:38:00,1,4280,2002.4,United Kingdom,2,0.0,2002.4,2002.4,373,0,2010-12,True,1.0,1.0,5.0,Hibernating
16755,2011-01-28 10:47:00,2011-08-17 13:21:00,3,1058,1475.43,United Kingdom,133,12.2,1463.23,491.81,115,201,2011-01,True,2.0,3.0,4.0,At Risk
16756,2011-05-09 09:33:00,2011-05-09 09:33:00,1,106,239.4,United Kingdom,13,0.0,239.4,239.4,215,0,2011-05,True,1.0,1.0,1.0,Hibernating
16757,2011-01-25 11:59:00,2011-01-25 11:59:00,1,81,106.83,United Kingdom,7,0.0,106.83,106.83,319,0,2011-01,True,1.0,1.0,1.0,Hibernating
16758,2011-10-05 14:47:00,2011-10-05 14:47:00,1,203,369.34,United Kingdom,22,0.0,369.34,369.34,66,0,2011-10,True,3.0,1.0,2.0,About to Sleep
16759,2011-11-09 09:06:00,2011-12-02 12:42:00,3,609,789.79,United Kingdom,40,16.95,772.84,263.26,8,23,2011-11,True,5.0,3.0,3.0,Potential Loyalists
16761,2011-09-04 11:15:00,2011-09-04 11:15:00,1,341,316.62,United Kingdom,13,0.0,316.62,316.62,97,0,2011-09,True,2.0,1.0,2.0,Hibernating
16762,2011-07-18 12:52:00,2011-11-20 11:43:00,3,480,1207.24,United Kingdom,51,0.0,1207.24,402.41,20,125,2011-07,True,4.0,3.0,4.0,Potential Loyalists
16763,2011-05-25 11:52:00,2011-05-25 11:52:00,1,319,611.85,United Kingdom,23,16.95,594.9,611.85,199,0,2011-05,True,1.0,1.0,3.0,Hibernating
16764,2011-07-19 17:17:00,2011-12-06 11:41:00,13,1253,2790.95,United Kingdom,209,41.0,2749.95,214.69,4,140,2011-07,True,5.0,5.0,5.0,Champions
16765,2011-02-18 15:41:00,2011-02-18 15:41:00,1,4,34.0,United Kingdom,1,0.0,34.0,34.0,295,0,2011-02,True,1.0,1.0,1.0,Hibernating
16766,2011-03-11 13:34:00,2011-03-11 15:22:00,2,536,1145.6,United Kingdom,17,0.0,1145.6,572.8,274,0,2011-03,True,1.0,2.0,4.0,Hibernating
16767,2011-01-27 13:38:00,2011-11-09 09:42:00,11,4423,5575.56,United Kingdom,148,0.0,5575.56,506.87,31,286,2011-01,True,4.0,5.0,5.0,Loyal Customers
16768,2011-03-13 10:25:00,2011-10-23 10:38:00,3,196,478.09,United Kingdom,47,20.05,458.04,159.36,48,224,2011-03,True,3.0,3.0,2.0,Need Attention
16769,2011-03-24 13:41:00,2011-03-24 13:41:00,1,80,361.54,United Kingdom,33,0.0,361.54,361.54,261,0,2011-03,True,1.0,1.0,2.0,Hibernating
16770,2010-12-02 15:49:00,2011-10-13 12:21:00,5,456,757.1,United Kingdom,116,25.2,731.9,151.42,58,315,2010-12,True,3.0,4.0,3.0,Loyal Customers
16771,2011-01-05 13:57:00,2011-11-06 13:28:00,5,1475,2230.61,United Kingdom,199,0.0,2230.61,446.12,34,305,2011-01,True,3.0,4.0,5.0,Loyal Customers
16773,2011-10-13 14:37:00,2011-10-13 14:37:00,1,171,171.59,United Kingdom,23,0.0,171.59,171.59,58,0,2011-10,True,3.0,1.0,1.0,About to Sleep
16774,2011-06-14 12:45:00,2011-10-03 12:41:00,4,322,661.52,United Kingdom,36,6.6,654.92,165.38,68,111,2011-06,True,3.0,4.0,3.0,Loyal Customers
16775,2010-12-07 15:15:00,2011-11-29 15:22:00,11,439,1691.51,United Kingdom,84,0.0,1691.51,153.77,11,357,2010-12,True,5.0,5.0,4.0,Champions
16776,2011-10-10 13:04:00,2011-10-10 13:04:00,1,254,371.54,United Kingdom,61,0.0,371.54,371.54,61,0,2011-10,True,3.0,1.0,2.0,About to Sleep
16777,2011-03-27 14:34:00,2011-09-20 13:41:00,2,62,222.62,United Kingdom,45,0.0,222.62,111.31,81,177,2011-03,True,2.0,2.0,1.0,Hibernating
16778,2011-03-10 15:21:00,2011-09-26 13:48:00,2,194,245.94,United Kingdom,16,0.0,245.94,122.97,75,200,2011-03,True,2.0,2.0,2.0,Hibernating
16779,2010-12-08 09:56:00,2011-12-07 14:54:00,22,5301,10611.72,United Kingdom,161,175.67,10436.05,482.35,3,364,2010-12,True,5.0,5.0,5.0,Champions
16780,2011-03-25 17:34:00,2011-08-31 16:09:00,2,270,422.24,United Kingdom,51,0.0,422.24,211.12,101,159,2011-03,True,2.0,2.0,2.0,Hibernating
16781,2010-12-02 14:26:00,2010-12-02 14:26:00,1,113,311.25,United Kingdom,17,16.6,294.65,311.25,373,0,2010-12,True,1.0,1.0,2.0,Hibernating
16782,2010-12-09 11:28:00,2011-11-29 13:20:00,13,705,2267.95,United Kingdom,103,37.65,2230.3,174.46,11,355,2010-12,True,5.0,5.0,5.0,Champions
16784,2011-11-20 12:20:00,2011-11-20 12:20:00,1,24,107.6,United Kingdom,3,0.0,107.6,107.6,20,0,2011-11,True,4.0,1.0,1.0,Promising
16788,2011-03-30 13:05:00,2011-08-08 14:53:00,2,303,592.74,United Kingdom,137,0.0,592.74,296.37,124,131,2011-03,True,2.0,2.0,3.0,Hibernating
16789,2011-12-01 15:12:00,2011-12-01 15:12:00,1,32,80.8,United Kingdom,5,0.0,80.8,80.8,9,0,2011-12,True,5.0,1.0,1.0,New Customers
16790,2011-11-02 11:23:00,2011-12-06 11:53:00,6,898,1545.62,United Kingdom,88,25.5,1520.12,257.6,4,34,2011-11,True,5.0,5.0,4.0,Champions
16791,2011-01-11 15:42:00,2011-11-10 19:12:00,7,756,1693.03,United Kingdom,217,15.5,1677.53,241.86,30,303,2011-01,True,4.0,5.0,4.0,Loyal Customers
16792,2011-03-02 14:39:00,2011-03-02 14:41:00,2,44,110.38,United Kingdom,11,0.0,110.38,55.19,283,0,2011-03,True,1.0,2.0,1.0,Hibernating
16793,2011-10-13 15:08:00,2011-10-13 15:08:00,1,146,243.84,United Kingdom,16,0.0,243.84,243.84,58,0,2011-10,True,3.0,1.0,2.0,About to Sleep
16794,2011-06-12 14:15:00,2011-12-08 17:54:00,10,922,1194.48,United Kingdom,141,21.2,1173.28,119.45,2,179,2011-06,True,5.0,5.0,4.0,Champions
16795,2010-12-09 14:08:00,2010-12-09 14:08:00,1,239,414.88,United Kingdom,64,0.0,414.88,414.88,366,0,2010-12,True,1.0,1.0,2.0,Hibernating
16796,2011-09-11 14:01:00,2011-09-11 14:01:00,1,186,305.62,United Kingdom,18,0.0,305.62,305.62,90,0,2011-09,True,2.0,1.0,2.0,Hibernating
16800,2011-11-28 14:06:00,2011-11-28 14:06:00,1,524,1162.65,United Kingdom,148,0.0,1162.65,1162.65,12,0,2011-11,True,5.0,1.0,4.0,New Customers
16801,2011-03-11 13:56:00,2011-06-29 15:33:00,4,493,1594.23,United Kingdom,72,751.9,842.33,398.56,164,110,2011-03,True,2.0,4.0,3.0,At Risk
16803,2011-10-05 14:28:00,2011-10-05 14:28:00,1,245,332.3,United Kingdom,24,0.0,332.3,332.3,66,0,2011-10,True,3.0,1.0,2.0,About to Sleep
16804,2011-03-14 15:48:00,2011-11-16 16:43:00,3,246,536.99,United Kingdom,59,0.0,536.99,179.0,24,247,2011-03,True,4.0,3.0,3.0,Potential Loyalists
16805,2010-12-14 13:35:00,2011-06-19 11:23:00,2,539,460.59,United Kingdom,94,0.0,460.59,230.3,174,187,2010-12,True,2.0,2.0,2.0,Hibernating
16806,2011-04-14 19:59:00,2011-08-28 15:27:00,4,355,736.21,United Kingdom,67,0.0,736.21,184.05,104,136,2011-04,True,2.0,4.0,3.0,At Risk
16807,2011-03-14 09:46:00,2011-07-20 12:00:00,3,778,1121.59,United Kingdom,57,0.0,1121.59,373.86,143,128,2011-03,True,2.0,3.0,4.0,At Risk
16808,2011-03-10 19:05:00,2011-09-01 19:34:00,2,196,288.42,United Kingdom,21,0.0,288.42,144.21,100,175,2011-03,True,2.0,2.0,2.0,Hibernating
16809,2011-03-22 15:20:00,2011-11-16 15:45:00,5,652,914.69,United Kingdom,79,1.95,912.74,182.94,24,239,2011-03,True,4.0,4.0,4.0,Loyal Customers
16810,2011-05-31 15:32:00,2011-05-31 15:32:00,1,114,309.54,United Kingdom,15,33.9,275.64,309.54,193,0,2011-05,True,1.0,1.0,2.0,Hibernating
16811,2011-11-22 17:19:00,2011-12-05 11:39:00,2,477,547.07,United Kingdom,26,0.0,547.07,273.53,5,13,2011-11,True,5.0,2.0,3.0,Potential Loyalists
16812,2010-12-14 12:35:00,2010-12-14 12:35:00,1,81,479.35,United Kingdom,15,0.0,479.35,479.35,361,0,2010-12,True,1.0,1.0,3.0,Hibernating
16813,2011-05-19 13:28:00,2011-12-01 14:03:00,10,1501,1652.18,United Kingdom,248,0.0,1652.18,165.22,9,196,2011-05,True,5.0,5.0,4.0,Champions
16814,2010-12-05 11:45:00,2011-11-25 13:27:00,21,2691,6406.8,United Kingdom,121,8.5,6398.3,305.09,15,355,2010-12,True,4.0,5.0,5.0,Loyal Customers
16816,2010-12-16 17:01:00,2011-08-28 14:16:00,4,274,417.06,United Kingdom,28,0.0,417.06,104.26,104,255,2010-12,True,2.0,4.0,2.0,At Risk
16817,2010-12-06 14:19:00,2011-12-07 11:03:00,9,822,1604.75,United Kingdom,73,157.8,1446.95,178.31,3,366,2010-12,True,5.0,5.0,4.0,Champions
16818,2011-05-18 11:42:00,2011-11-29 10:41:00,11,2164,3349.57,United Kingdom,172,31.6,3317.97,304.51,11,195,2011-05,True,5.0,5.0,5.0,Champions
16820,2011-09-05 12:06:00,2011-09-05 12:06:00,1,307,497.61,United Kingdom,26,0.0,497.61,497.61,96,0,2011-09,True,2.0,1.0,3.0,Hibernating
16823,2011-04-26 15:00:00,2011-04-26 15:00:00,1,136,358.38,United Kingdom,34,0.0,358.38,358.38,228,0,2011-04,True,1.0,1.0,2.0,Hibernating
16824,2011-06-28 13:36:00,2011-11-24 12:38:00,2,236,460.64,United Kingdom,23,0.0,460.64,230.32,16,149,2011-06,True,4.0,2.0,2.0,Potential Loyalists
16825,2011-06-07 09:44:00,2011-11-01 11:51:00,2,566,775.18,United Kingdom,27,0.0,775.18,387.59,39,147,2011-06,True,3.0,2.0,3.0,About to Sleep
16826,2011-10-19 14:05:00,2011-10-19 14:05:00,1,158,341.7,United Kingdom,22,0.0,341.7,341.7,52,0,2011-10,True,3.0,1.0,2.0,About to Sleep
16828,2011-08-19 13:24:00,2011-08-19 13:24:00,1,58,113.5,United Kingdom,7,0.0,113.5,113.5,113,0,2011-08,True,2.0,1.0,1.0,Hibernating
16829,2011-07-06 10:48:00,2011-07-06 10:48:00,1,99,197.22,United Kingdom,11,0.0,197.22,197.22,157,0,2011-07,True,2.0,1.0,1.0,Hibernating
16830,2011-11-01 11:35:00,2011-11-01 11:35:00,1,264,325.91,United Kingdom,23,0.0,325.91,325.91,39,0,2011-11,True,3.0,1.0,2.0,About to Sleep
16832,2011-05-06 14:12:00,2011-06-08 15:36:00,3,33,199.15,United Kingdom,11,0.0,199.15,66.38,185,33,2011-05,True,1.0,3.0,1.0,At Risk
16833,2011-01-09 13:02:00,2011-12-08 14:39:00,4,440,1106.53,United Kingdom,46,0.0,1106.53,276.63,2,333,2011-01,True,5.0,4.0,4.0,Champions
16834,2011-04-26 09:37:00,2011-04-26 09:37:00,1,358,413.46,United Kingdom,24,0.0,413.46,413.46,228,0,2011-04,True,1.0,1.0,2.0,Hibernating
16835,2010-12-01 17:15:00,2011-08-03 13:50:00,2,61,180.85,United Kingdom,10,0.0,180.85,90.42,129,245,2010-12,True,2.0,2.0,1.0,Hibernating
16836,2011-08-15 12:38:00,2011-10-31 10:05:00,2,165,251.87,United Kingdom,11,0.0,251.87,125.94,40,77,2011-08,True,3.0,2.0,2.0,About to Sleep
16837,2011-04-08 08:48:00,2011-11-08 14:27:00,11,1563,3170.98,United Kingdom,123,3.25,3167.73,288.27,32,214,2011-04,True,4.0,5.0,5.0,Loyal Customers
16838,2011-02-24 15:01:00,2011-05-26 13:13:00,2,185,588.85,United Kingdom,24,5.95,582.9,294.42,198,91,2011-02,True,1.0,2.0,3.0,Hibernating
16839,2010-12-05 11:15:00,2011-12-01 09:03:00,34,8975,16594.35,United Kingdom,114,1232.07,15362.28,488.07,9,361,2010-12,True,5.0,5.0,5.0,Champions
16841,2011-02-25 12:40:00,2011-11-03 11:51:00,6,2250,1869.82,United Kingdom,101,95.2,1774.62,311.64,37,251,2011-02,True,3.0,5.0,4.0,Loyal Customers
16842,2011-02-10 14:51:00,2011-08-31 10:42:00,3,693,1264.19,United Kingdom,45,3.75,1260.44,421.4,101,202,2011-02,True,2.0,3.0,4.0,At Risk
16843,2011-01-16 16:10:00,2011-10-28 09:06:00,16,10159,10196.57,United Kingdom,226,12.75,10183.82,637.29,43,285,2011-01,True,3.0,5.0,5.0,Loyal Customers
16846,2011-10-20 13:55:00,2011-10-20 13:55:00,1,135,214.32,United Kingdom,11,0.0,214.32,214.32,51,0,2011-10,True,3.0,1.0,1.0,About to Sleep
16847,2011-10-27 13:29:00,2011-10-27 13:29:00,1,78,193.44,United Kingdom,12,0.0,193.44,193.44,44,0,2011-10,True,3.0,1.0,1.0,About to Sleep
16848,2011-10-18 08:42:00,2011-10-18 08:42:00,1,182,281.42,United Kingdom,14,0.0,281.42,281.42,53,0,2011-10,True,3.0,1.0,2.0,About to Sleep
16849,2011-06-06 09:16:00,2011-06-06 09:16:00,1,33,124.57,United Kingdom,8,0.0,124.57,124.57,187,0,2011-06,True,1.0,1.0,1.0,Hibernating
16850,2011-01-10 11:09:00,2011-01-10 11:09:00,1,249,332.41,United Kingdom,19,0.0,332.41,332.41,334,0,2011-01,True,1.0,1.0,2.0,Hibernating
16851,2011-10-19 09:48:00,2011-12-05 13:32:00,3,271,342.45,United Kingdom,17,0.0,342.45,114.15,5,47,2011-10,True,5.0,3.0,2.0,Potential Loyalists
16852,2011-06-16 15:49:00,2011-11-29 13:22:00,2,56,144.91,United Kingdom,9,0.0,144.91,72.46,11,166,2011-06,True,5.0,2.0,1.0,Potential Loyalists
16855,2011-10-27 16:31:00,2011-11-16 12:03:00,2,164,328.4,United Kingdom,19,0.0,328.4,164.2,24,20,2011-10,True,4.0,2.0,2.0,Potential Loyalists
16856,2011-11-25 08:59:00,2011-11-25 08:59:00,1,12,35.4,United Kingdom,2,0.0,35.4,35.4,15,0,2011-11,True,4.0,1.0,1.0,Promising
16858,2010-12-06 09:52:00,2010-12-06 09:52:00,1,91,375.69,United Kingdom,9,29.8,345.89,375.69,369,0,2010-12,True,1.0,1.0,2.0,Hibernating
16859,2011-03-23 13:39:00,2011-07-18 12:19:00,2,827,747.81,United Kingdom,50,274.67,473.14,373.9,145,117,2011-03,True,2.0,2.0,3.0,Hibernating
16861,2011-07-04 15:38:00,2011-10-11 09:05:00,2,140,173.76,United Kingdom,6,17.7,156.06,86.88,60,99,2011-07,True,3.0,2.0,1.0,About to Sleep
16863,2010-12-08 08:58:00,2011-11-08 15:26:00,2,409,502.8,United Kingdom,25,21.45,481.35,251.4,32,335,2010-12,True,4.0,2.0,3.0,Potential Loyalists
16866,2011-07-01 12:34:00,2011-07-22 10:06:00,3,60,207.74,United Kingdom,10,0.0,207.74,69.25,141,21,2011-07,True,2.0,3.0,1.0,At Risk
16869,2011-06-17 13:01:00,2011-11-17 12:02:00,4,583,817.12,United Kingdom,113,19.8,797.32,204.28,23,153,2011-06,True,4.0,4.0,3.0,Loyal Customers
16871,2011-03-14 10:31:00,2011-11-17 19:27:00,6,1253,2812.34,United Kingdom,131,50.85,2761.49,468.72,23,248,2011-03,True,4.0,5.0,5.0,Loyal Customers
16872,2011-06-08 14:32:00,2011-09-23 16:05:00,3,600,680.02,United Kingdom,5,0.0,680.02,226.67,78,107,2011-06,True,2.0,3.0,3.0,At Risk
16873,2010-12-10 15:45:00,2011-12-05 12:05:00,6,3840,7123.62,United Kingdom,179,57.31,7066.31,1187.27,5,360,2010-12,True,5.0,5.0,5.0,Champions
16875,2011-01-04 10:37:00,2011-10-03 13:39:00,5,1069,2095.53,United Kingdom,93,72.06,2023.47,419.11,68,272,2011-01,True,3.0,4.0,5.0,Loyal Customers
16877,2011-05-15 16:13:00,2011-11-27 13:47:00,6,458,846.62,United Kingdom,111,0.0,846.62,141.1,13,196,2011-05,True,5.0,5.0,3.0,Champions
16878,2011-09-16 17:39:00,2011-09-16 17:39:00,1,12,13.3,United Kingdom,3,13.3,0.0,13.3,85,0,2011-09,False,,,,
16880,2011-06-03 16:45:00,2011-11-09 11:33:00,7,746,1491.43,United Kingdom,121,0.0,1491.43,213.06,31,159,2011-06,True,4.0,5.0,4.0,Loyal Customers
16881,2011-10-04 10:33:00,2011-10-04 10:33:00,1,600,432.0,United Kingdom,1,0.0,432.0,432.0,67,0,2011-10,True,3.0,1.0,2.0,About to Sleep
16882,2011-01-26 17:43:00,2011-10-04 10:42:00,3,424,705.12,United Kingdom,39,0.0,705.12,235.04,67,251,2011-01,True,3.0,3.0,3.0,Need Attention
16883,2010-12-03 10:33:00,2011-06-05 12:51:00,2,103,272.48,United Kingdom,33,0.0,272.48,136.24,188,184,2010-12,True,1.0,2.0,2.0,Hibernating
16884,2011-11-02 10:16:00,2011-11-02 11:52:00,2,320,429.84,United Kingdom,26,0.0,429.84,214.92,38,0,2011-11,True,3.0,2.0,2.0,About to Sleep
16885,2010-12-17 17:23:00,2011-11-24 13:40:00,3,178,450.41,United Kingdom,82,0.0,450.41,150.14,16,342,2010-12,True,4.0,3.0,2.0,Potential Loyalists
16887,2011-11-04 14:07:00,2011-11-04 14:07:00,1,156,192.33,United Kingdom,35,0.0,192.33,192.33,36,0,2011-11,True,3.0,1.0,1.0,About to Sleep
16889,2011-01-07 10:47:00,2011-05-29 11:05:00,3,925,1578.67,United Kingdom,112,0.0,1578.67,526.22,195,142,2011-01,True,1.0,3.0,4.0,At Risk
16891,2010-12-03 11:35:00,2011-12-08 11:15:00,5,265,742.43,United Kingdom,166,0.0,742.43,148.49,2,370,2010-12,True,5.0,4.0,3.0,Champions
16892,2011-06-09 11:35:00,2011-12-08 13:18:00,5,236,518.19,United Kingdom,87,28.7,489.49,103.64,2,182,2011-06,True,5.0,4.0,3.0,Champions
16893,2010-12-08 12:06:00,2010-12-08 12:06:00,1,62,145.93,United Kingdom,44,0.0,145.93,145.93,367,0,2010-12,True,1.0,1.0,1.0,Hibernating
16895,2011-10-06 12:15:00,2011-10-06 12:15:00,1,91,202.27,United Kingdom,57,0.0,202.27,202.27,65,0,2011-10,True,3.0,1.0,1.0,About to Sleep
16897,2011-01-30 11:52:00,2011-02-13 15:02:00,2,73,289.78,United Kingdom,37,76.75,213.03,144.89,300,14,2011-01,True,1.0,2.0,1.0,Hibernating
16898,2010-12-06 12:23:00,2011-11-13 15:44:00,3,412,501.03,United Kingdom,150,64.35,436.68,167.01,27,342,2010-12,True,4.0,3.0,2.0,Potential Loyalists
16899,2010-12-14 13:11:00,2011-12-02 12:03:00,6,520,1271.06,United Kingdom,80,0.0,1271.06,211.84,8,353,2010-12,True,5.0,5.0,4.0,Champions
16900,2011-10-07 13:17:00,2011-11-23 10:32:00,3,832,882.16,United Kingdom,77,12.96,869.2,294.05,17,47,2011-10,True,4.0,3.0,3.0,Potential Loyalists
16902,2011-08-15 14:17:00,2011-08-15 14:17:00,1,629,1706.88,United Kingdom,43,0.0,1706.88,1706.88,117,0,2011-08,True,2.0,1.0,4.0,Hibernating
16903,2011-11-10 15:32:00,2011-11-10 15:32:00,1,247,363.2,United Kingdom,50,0.0,363.2,363.2,30,0,2011-11,True,4.0,1.0,2.0,Promising
16904,2010-12-07 13:29:00,2011-12-05 13:10:00,15,1973,3634.95,United Kingdom,385,0.0,3634.95,242.33,5,363,2010-12,True,5.0,5.0,5.0,Champions
16905,2010-12-03 10:43:00,2011-12-04 14:01:00,7,1381,3037.6,United Kingdom,117,16.95,3020.65,433.94,6,366,2010-12,True,5.0,5.0,5.0,Champions
16906,2011-04-05 12:30:00,2011-09-19 11:49:00,4,263,559.59,United Kingdom,74,0.0,559.59,139.9,82,167,2011-04,True,2.0,4.0,3.0,At Risk
16907,2010-12-09 16:52:00,2011-11-10 18:04:00,5,286,928.76,United Kingdom,89,0.0,928.76,185.75,30,336,2010-12,True,4.0,4.0,4.0,Loyal Customers
16909,2011-09-28 16:45:00,2011-09-28 16:45:00,1,436,379.14,United Kingdom,18,15.0,364.14,379.14,73,0,2011-09,True,2.0,1.0,2.0,Hibernating
16910,2011-09-09 14:14:00,2011-12-05 12:51:00,8,884,1508.96,United Kingdom,318,0.0,1508.96,188.62,5,87,2011-09,True,5.0,5.0,4.0,Champions
16912,2011-01-20 15:42:00,2011-11-11 12:18:00,11,1025,2555.58,United Kingdom,88,39.65,2515.93,232.33,29,295,2011-01,True,4.0,5.0,5.0,Loyal Customers
16913,2011-02-22 12:56:00,2011-02-22 12:56:00,1,82,113.44,United Kingdom,8,0.0,113.44,113.44,291,0,2011-02,True,1.0,1.0,1.0,Hibernating
16914,2011-11-03 15:27:00,2011-11-03 15:27:00,1,112,183.76,United Kingdom,25,0.0,183.76,183.76,37,0,2011-11,True,3.0,1.0,1.0,About to Sleep
16915,2011-03-01 09:52:00,2011-11-30 16:39:00,6,132,621.68,United Kingdom,46,0.0,621.68,103.61,10,274,2011-03,True,5.0,5.0,3.0,Champions
16916,2010-12-02 13:14:00,2011-11-16 12:08:00,2,431,562.41,United Kingdom,129,0.0,562.41,281.2,24,349,2010-12,True,4.0,2.0,3.0,Potential Loyalists
16917,2011-03-08 11:55:00,2011-03-08 11:55:00,1,232,391.52,United Kingdom,9,0.0,391.52,391.52,277,0,2011-03,True,1.0,1.0,2.0,Hibernating
16918,2011-01-26 17:37:00,2011-10-21 12:50:00,6,721,1068.82,United Kingdom,97,25.48,1043.34,178.14,50,268,2011-01,True,3.0,5.0,4.0,Loyal Customers
16919,2010-12-06 12:52:00,2011-07-06 13:35:00,11,1403,2592.25,United Kingdom,141,0.0,2592.25,235.66,157,212,2010-12,True,2.0,5.0,5.0,Can't Lose Them
16921,2011-10-09 16:22:00,2011-10-09 16:22:00,1,154,154.18,United Kingdom,50,0.0,154.18,154.18,62,0,2011-10,True,3.0,1.0,1.0,About to Sleep
16923,2010-12-12 11:06:00,2011-11-27 13:00:00,19,3344,7069.08,United Kingdom,313,580.78,6488.3,372.06,13,350,2010-12,True,5.0,5.0,5.0,Champions
16924,2011-09-16 12:54:00,2011-11-18 12:53:00,3,467,829.89,United Kingdom,69,107.25,722.64,276.63,22,63,2011-09,True,4.0,3.0,3.0,Potential Loyalists
16926,2010-12-03 13:42:00,2010-12-03 13:42:00,1,35,230.25,United Kingdom,14,0.0,230.25,230.25,372,0,2010-12,True,1.0,1.0,1.0,Hibernating
16927,2010-12-13 11:57:00,2011-08-16 11:10:00,3,993,543.05,United Kingdom,5,0.0,543.05,181.02,116,246,2010-12,True,2.0,3.0,3.0,At Risk
16928,2010-12-01 15:21:00,2011-09-20 15:10:00,17,2091,2806.75,United Kingdom,68,66.1,2740.65,165.1,81,293,2010-12,True,2.0,5.0,5.0,Can't Lose Them
16929,2011-07-07 12:39:00,2011-12-06 08:37:00,7,929,1295.39,United Kingdom,51,0.0,1295.39,185.06,4,152,2011-07,True,5.0,5.0,4.0,Champions
16930,2011-10-02 14:25:00,2011-11-13 16:13:00,3,339,378.89,United Kingdom,47,0.0,378.89,126.3,27,42,2011-10,True,4.0,3.0,2.0,Potential Loyalists
16931,2010-12-05 11:40:00,2011-12-04 13:15:00,21,3134,4554.87,United Kingdom,448,0.0,4554.87,216.9,6,364,2010-12,True,5.0,5.0,5.0,Champions
16932,2011-10-17 14:12:00,2011-10-17 14:12:00,1,82,150.23,United Kingdom,44,0.0,150.23,150.23,54,0,2011-10,True,3.0,1.0,1.0,About to Sleep
16933,2011-04-14 13:33:00,2011-12-08 12:54:00,2,288,563.23,United Kingdom,42,33.15,530.08,281.62,2,238,2011-04,True,5.0,2.0,3.0,Potential Loyalists
16934,2011-10-16 12:25:00,2011-10-16 12:40:00,2,397,931.03,United Kingdom,59,0.0,931.03,465.52,55,0,2011-10,True,3.0,2.0,4.0,About to Sleep
16936,2011-11-14 11:04:00,2011-11-14 11:04:00,1,171,261.9,United Kingdom,56,0.0,261.9,261.9,26,0,2011-11,True,4.0,1.0,2.0,Promising
16938,2011-02-04 09:34:00,2011-12-01 10:20:00,4,2533,2711.68,United Kingdom,212,833.25,1878.43,677.92,9,300,2011-02,True,5.0,4.0,4.0,Champions
16940,2011-02-23 12:27:00,2011-10-18 13:15:00,3,2169,3049.88,United Kingdom,226,0.0,3049.88,1016.63,53,237,2011-02,True,3.0,3.0,5.0,Need Attention
16942,2011-04-26 11:59:00,2011-11-27 12:40:00,9,805,1904.99,United Kingdom,159,26.48,1878.51,211.67,13,215,2011-04,True,5.0,5.0,4.0,Champions
16943,2011-01-25 14:00:00,2011-05-12 11:57:00,3,145,816.73,United Kingdom,23,0.0,816.73,272.24,212,107,2011-01,True,1.0,3.0,3.0,At Risk
16945,2010-12-16 17:49:00,2011-11-18 11:39:00,19,2725,4345.5,United Kingdom,137,0.0,4345.5,228.71,22,337,2010-12,True,4.0,5.0,5.0,Loyal Customers
16947,2011-04-18 09:38:00,2011-04-18 09:38:00,1,312,406.48,United Kingdom,21,0.0,406.48,406.48,236,0,2011-04,True,1.0,1.0,2.0,Hibernating
16948,2011-01-18 10:58:00,2011-07-24 12:46:00,3,1614,435.02,United Kingdom,15,0.0,435.02,145.01,139,187,2011-01,True,2.0,3.0,2.0,At Risk
16949,2011-01-27 12:11:00,2011-12-06 11:07:00,6,791,1286.27,United Kingdom,57,125.0,1161.27,214.38,4,313,2011-01,True,5.0,5.0,4.0,Champions
16950,2010-12-07 15:20:00,2011-10-14 09:06:00,3,644,1178.56,United Kingdom,39,0.0,1178.56,392.85,57,311,2010-12,True,3.0,3.0,4.0,Need Attention
16951,2011-02-08 14:58:00,2011-07-28 12:05:00,3,1318,1277.75,United Kingdom,73,15.0,1262.75,425.92,135,170,2011-02,True,2.0,3.0,4.0,At Risk
16952,2011-08-22 12:58:00,2011-08-22 13:03:00,2,92,167.61,United Kingdom,16,0.0,167.61,83.8,110,0,2011-08,True,2.0,2.0,1.0,Hibernating
16953,2011-11-09 15:54:00,2011-11-09 15:54:00,1,10,20.8,United Kingdom,1,0.0,20.8,20.8,31,0,2011-11,True,4.0,1.0,1.0,Promising
16954,2010-12-15 10:41:00,2011-12-09 09:46:00,9,1054,2085.08,United Kingdom,40,0.0,2085.08,231.68,1,359,2010-12,True,5.0,5.0,5.0,Champions
16955,2010-12-01 13:31:00,2011-06-08 10:36:00,4,266,518.67,United Kingdom,18,25.0,493.67,129.67,185,189,2010-12,True,1.0,4.0,3.0,At Risk
16956,2011-11-22 08:56:00,2011-11-22 08:56:00,1,114,308.74,United Kingdom,16,16.4,292.34,308.74,18,0,2011-11,True,4.0,1.0,2.0,Promising
16957,2011-03-03 09:25:00,2011-04-14 13:56:00,2,172,416.64,United Kingdom,15,0.0,416.64,208.32,240,42,2011-03,True,1.0,2.0,2.0,Hibernating
16959,2011-09-13 15:03:00,2011-09-13 15:03:00,1,49,117.35,United Kingdom,7,0.0,117.35,117.35,88,0,2011-09,True,2.0,1.0,1.0,Hibernating
16960,2011-04-01 11:54:00,2011-11-01 11:35:00,3,301,505.1,United Kingdom,91,0.0,505.1,168.37,39,214,2011-04,True,3.0,3.0,3.0,Need Attention
16961,2011-08-15 13:46:00,2011-08-15 13:46:00,1,125,234.17,United Kingdom,14,0.0,234.17,234.17,117,0,2011-08,True,2.0,1.0,1.0,Hibernating
16963,2011-06-05 13:48:00,2011-06-05 13:48:00,1,35,110.55,United Kingdom,7,0.0,110.55,110.55,188,0,2011-06,True,1.0,1.0,1.0,Hibernating
16965,2011-04-27 12:08:00,2011-04-27 12:08:00,1,243,192.07,United Kingdom,25,0.0,192.07,192.07,227,0,2011-04,True,1.0,1.0,1.0,Hibernating
16966,2011-04-13 14:17:00,2011-12-01 13:40:00,7,1981,2154.97,United Kingdom,8,6.0,2148.97,307.85,9,232,2011-04,True,5.0,5.0,5.0,Champions
16967,2011-06-03 14:24:00,2011-06-03 14:24:00,1,333,319.02,United Kingdom,21,0.0,319.02,319.02,190,0,2011-06,True,1.0,1.0,2.0,Hibernating
16968,2011-08-24 10:51:00,2011-12-05 15:02:00,2,326,439.43,United Kingdom,31,0.0,439.43,219.72,5,103,2011-08,True,5.0,2.0,2.0,Potential Loyalists
16969,2011-06-01 12:10:00,2011-10-31 13:12:00,3,816,650.41,United Kingdom,42,0.0,650.41,216.8,40,152,2011-06,True,3.0,3.0,3.0,Need Attention
16971,2011-11-01 15:06:00,2011-11-01 15:06:00,1,72,357.21,United Kingdom,40,0.0,357.21,357.21,39,0,2011-11,True,3.0,1.0,2.0,About to Sleep
16976,2011-03-17 16:33:00,2011-03-17 16:33:00,1,88,251.52,United Kingdom,2,0.0,251.52,251.52,268,0,2011-03,True,1.0,1.0,2.0,Hibernating
16978,2011-09-23 12:50:00,2011-09-23 12:50:00,1,166,344.33,United Kingdom,39,0.0,344.33,344.33,78,0,2011-09,True,2.0,1.0,2.0,Hibernating
16979,2011-02-15 09:20:00,2011-12-06 12:21:00,6,865,1852.0,United Kingdom,64,42.95,1809.05,308.67,4,294,2011-02,True,5.0,5.0,4.0,Champions
16980,2011-02-21 12:58:00,2011-03-29 16:36:00,2,739,1028.46,United Kingdom,71,0.0,1028.46,514.23,256,36,2011-02,True,1.0,2.0,4.0,Hibernating
16982,2011-10-10 12:28:00,2011-10-10 12:28:00,1,182,384.06,United Kingdom,22,0.0,384.06,384.06,61,0,2011-10,True,3.0,1.0,2.0,About to Sleep
16983,2010-12-05 12:34:00,2011-11-27 12:10:00,7,1335,1905.87,United Kingdom,112,11.05,1894.82,272.27,13,357,2010-12,True,5.0,5.0,4.0,Champions
16984,2011-08-01 17:37:00,2011-09-12 13:43:00,2,2380,4459.52,United Kingdom,354,88.93,4370.59,2229.76,89,42,2011-08,True,2.0,2.0,5.0,Hibernating
16985,2010-12-16 10:38:00,2011-11-22 13:33:00,10,1832,5464.12,United Kingdom,62,2.5,5461.62,546.41,18,341,2010-12,True,4.0,5.0,5.0,Loyal Customers
16986,2011-11-09 15:52:00,2011-11-10 11:55:00,2,1040,1873.2,United Kingdom,3,0.0,1873.2,936.6,30,1,2011-11,True,4.0,2.0,4.0,Potential Loyalists
16987,2011-05-18 15:55:00,2011-12-06 17:26:00,7,401,1616.8,United Kingdom,74,0.0,1616.8,230.97,4,202,2011-05,True,5.0,5.0,4.0,Champions
16988,2011-12-04 16:02:00,2011-12-04 16:02:00,1,43,126.12,United Kingdom,7,0.0,126.12,126.12,6,0,2011-12,True,5.0,1.0,1.0,New Customers
16989,2011-07-12 09:11:00,2011-12-02 16:39:00,6,1233,1133.25,United Kingdom,7,0.0,1133.25,188.88,8,143,2011-07,True,5.0,5.0,4.0,Champions
16990,2011-05-05 08:30:00,2011-05-05 08:30:00,1,100,179.0,United Kingdom,1,0.0,179.0,179.0,219,0,2011-05,True,1.0,1.0,1.0,Hibernating
16992,2011-02-28 10:37:00,2011-11-29 11:50:00,5,860,1614.31,United Kingdom,84,12.45,1601.86,322.86,11,274,2011-02,True,5.0,4.0,4.0,Champions
16996,2010-12-21 13:22:00,2011-11-09 16:43:00,6,544,1456.96,United Kingdom,13,29.5,1427.46,242.83,31,323,2010-12,True,4.0,5.0,4.0,Loyal Customers
16997,2011-01-18 11:51:00,2011-02-24 17:28:00,3,360,702.0,United Kingdom,7,0.0,702.0,234.0,289,37,2011-01,True,1.0,3.0,3.0,At Risk
16998,2011-02-08 15:42:00,2011-07-13 09:44:00,4,76,295.0,United Kingdom,1,7.5,287.5,73.75,150,155,2011-02,True,2.0,4.0,2.0,At Risk
16999,2011-09-26 15:43:00,2011-11-16 13:53:00,2,294,484.82,United Kingdom,21,0.0,484.82,242.41,24,51,2011-09,True,4.0,2.0,3.0,Potential Loyalists
17001,2010-12-16 09:35:00,2011-12-09 09:38:00,11,2164,3989.57,United Kingdom,75,0.0,3989.57,362.69,1,358,2010-12,True,5.0,5.0,5.0,Champions
17002,2011-02-22 11:46:00,2011-09-15 12:40:00,3,679,1493.73,United Kingdom,41,5.95,1487.78,497.91,86,205,2011-02,True,2.0,3.0,4.0,At Risk
17004,2011-09-08 12:16:00,2011-10-24 14:25:00,2,771,1312.14,United Kingdom,38,0.0,1312.14,656.07,47,46,2011-09,True,3.0,2.0,4.0,About to Sleep
17006,2011-09-25 12:15:00,2011-12-05 12:09:00,4,272,781.78,United Kingdom,37,0.0,781.78,195.44,5,71,2011-09,True,5.0,4.0,3.0,Champions
17007,2010-12-17 13:57:00,2011-10-20 10:47:00,6,597,889.93,United Kingdom,50,12.5,877.43,148.32,51,307,2010-12,True,3.0,5.0,3.0,Loyal Customers
17010,2011-11-21 14:49:00,2011-11-21 14:49:00,1,118,195.36,United Kingdom,11,9.9,185.46,195.36,19,0,2011-11,True,4.0,1.0,1.0,Promising
17011,2011-11-09 13:30:00,2011-11-09 13:30:00,1,186,270.9,United Kingdom,15,0.0,270.9,270.9,31,0,2011-11,True,4.0,1.0,2.0,Promising
17014,2011-10-04 11:36:00,2011-12-01 14:09:00,3,243,583.43,United Kingdom,63,20.75,562.68,194.48,9,58,2011-10,True,5.0,3.0,3.0,Potential Loyalists
17015,2011-06-07 13:19:00,2011-11-11 10:45:00,3,1978,1838.61,United Kingdom,182,0.0,1838.61,612.87,29,157,2011-06,True,4.0,3.0,4.0,Potential Loyalists
17017,2010-12-02 10:17:00,2011-12-07 09:32:00,20,6673,8694.26,United Kingdom,88,120.15,8574.11,434.71,3,370,2010-12,True,5.0,5.0,5.0,Champions
17018,2011-01-18 08:46:00,2011-10-30 11:42:00,2,176,920.1,United Kingdom,15,0.0,920.1,460.05,41,285,2011-01,True,3.0,2.0,4.0,About to Sleep
17019,2010-12-06 12:55:00,2011-11-28 13:06:00,4,820,1258.08,United Kingdom,166,0.0,1258.08,314.52,12,357,2010-12,True,5.0,4.0,4.0,Champions
17022,2011-11-08 17:09:00,2011-11-08 17:09:00,1,108,71.0,United Kingdom,7,0.0,71.0,71.0,32,0,2011-11,True,4.0,1.0,1.0,Promising
17024,2011-07-05 09:31:00,2011-10-25 13:47:00,3,69,95.85,United Kingdom,2,0.0,95.85,31.95,46,112,2011-07,True,3.0,3.0,1.0,Need Attention
17025,2010-12-01 15:45:00,2011-10-10 09:06:00,3,235,357.77,United Kingdom,8,0.0,357.77,119.26,61,313,2010-12,True,3.0,3.0,2.0,Need Attention
17026,2010-12-05 12:47:00,2011-06-07 14:28:00,2,97,154.83,United Kingdom,4,0.0,154.83,77.42,186,184,2010-12,True,1.0,2.0,1.0,Hibernating
17027,2011-01-26 14:19:00,2011-09-22 12:24:00,6,416,877.56,United Kingdom,110,41.7,835.86,146.26,79,239,2011-01,True,2.0,5.0,3.0,Can't Lose Them
17029,2011-04-17 10:57:00,2011-08-21 11:06:00,2,400,716.0,United Kingdom,1,0.0,716.0,358.0,111,126,2011-04,True,2.0,2.0,3.0,Hibernating
17030,2011-10-07 08:49:00,2011-10-07 08:49:00,1,146,146.87,United Kingdom,11,0.0,146.87,146.87,64,0,2011-10,True,3.0,1.0,1.0,About to Sleep
17031,2011-07-08 09:38:00,2011-11-28 10:23:00,2,235,380.35,United Kingdom,19,0.0,380.35,190.18,12,143,2011-07,True,5.0,2.0,2.0,Potential Loyalists
17033,2010-12-15 13:21:00,2011-09-14 14:34:00,3,750,1030.14,United Kingdom,24,0.0,1030.14,343.38,87,273,2010-12,True,2.0,3.0,4.0,At Risk
17034,2011-02-25 10:10:00,2011-11-23 15:14:00,3,410,745.52,United Kingdom,28,10.95,734.57,248.51,17,271,2011-02,True,4.0,3.0,3.0,Potential Loyalists
17035,2011-02-01 12:27:00,2011-04-08 11:23:00,2,229,433.53,United Kingdom,27,45.2,388.33,216.76,246,66,2011-02,True,1.0,2.0,2.0,Hibernating
17037,2011-09-13 12:49:00,2011-09-13 12:49:00,1,656,1267.32,United Kingdom,75,14.1,1253.22,1267.32,88,0,2011-09,True,2.0,1.0,4.0,Hibernating
17038,2011-11-09 13:50:00,2011-11-09 13:50:00,1,28,112.4,United Kingdom,22,0.0,112.4,112.4,31,0,2011-11,True,4.0,1.0,1.0,Promising
17040,2011-07-25 10:19:00,2011-07-25 10:19:00,1,181,449.73,United Kingdom,15,0.0,449.73,449.73,138,0,2011-07,True,2.0,1.0,2.0,Hibernating
17041,2010-12-14 11:43:00,2011-11-13 11:21:00,3,927,1071.49,United Kingdom,59,15.8,1055.69,357.16,27,334,2010-12,True,4.0,3.0,4.0,Potential Loyalists
17042,2011-04-06 14:53:00,2011-12-07 12:26:00,5,990,1036.58,United Kingdom,74,0.0,1036.58,207.32,3,245,2011-04,True,5.0,4.0,4.0,Champions
17043,2011-03-18 14:53:00,2011-11-07 15:33:00,4,998,1735.18,United Kingdom,100,0.0,1735.18,433.8,33,234,2011-03,True,3.0,4.0,4.0,Loyal Customers
17044,2011-11-14 14:28:00,2011-11-14 14:28:00,1,504,948.48,United Kingdom,6,51.05,897.43,948.48,26,0,2011-11,True,4.0,1.0,3.0,Promising
17045,2011-04-06 12:08:00,2011-08-18 17:09:00,3,106,339.44,United Kingdom,20,0.0,339.44,113.15,114,134,2011-04,True,2.0,3.0,2.0,At Risk
17046,2011-07-05 14:24:00,2011-07-05 14:24:00,1,510,642.02,United Kingdom,22,0.0,642.02,642.02,158,0,2011-07,True,2.0,1.0,3.0,Hibernating
17047,2011-05-18 16:50:00,2011-09-15 13:27:00,3,533,1100.9,United Kingdom,59,0.0,1100.9,366.97,86,120,2011-05,True,2.0,3.0,4.0,At Risk
17048,2011-01-12 16:51:00,2011-08-14 11:49:00,3,485,925.35,United Kingdom,41,61.03,864.32,308.45,118,214,2011-01,True,2.0,3.0,3.0,At Risk
17049,2011-03-09 08:33:00,2011-12-07 10:48:00,9,2673,5655.03,United Kingdom,201,65.2,5589.83,628.34,3,273,2011-03,True,5.0,5.0,5.0,Champions
17050,2011-02-13 12:41:00,2011-09-04 13:48:00,6,1595,3185.64,United Kingdom,169,0.0,3185.64,530.94,97,203,2011-02,True,2.0,5.0,5.0,Can't Lose Them
17051,2011-05-29 14:13:00,2011-05-29 14:13:00,1,179,240.89,United Kingdom,40,0.0,240.89,240.89,195,0,2011-05,True,1.0,1.0,1.0,Hibernating
17052,2011-11-11 14:50:00,2011-11-11 14:50:00,1,251,399.09,United Kingdom,72,0.0,399.09,399.09,29,0,2011-11,True,4.0,1.0,2.0,Promising
17053,2011-08-01 10:23:00,2011-08-01 10:23:00,1,122,498.48,United Kingdom,13,2.1,496.38,498.48,131,0,2011-08,True,2.0,1.0,3.0,Hibernating
17054,2011-04-08 13:14:00,2011-11-11 12:56:00,5,804,1356.33,United Kingdom,64,2.5,1353.83,271.27,29,217,2011-04,True,4.0,4.0,4.0,Loyal Customers
17058,2011-04-14 09:18:00,2011-09-19 10:13:00,3,592,1179.89,United Kingdom,51,0.0,1179.89,393.3,82,158,2011-04,True,2.0,3.0,4.0,At Risk
17059,2010-12-05 12:35:00,2011-11-10 12:27:00,5,1850,3080.39,United Kingdom,292,0.0,3080.39,616.08,30,340,2010-12,True,4.0,4.0,5.0,Loyal Customers
17060,2011-03-18 13:27:00,2011-03-18 13:27:00,1,216,234.24,United Kingdom,5,0.0,234.24,234.24,267,0,2011-03,True,1.0,1.0,1.0,Hibernating
17061,2011-04-21 13:29:00,2011-09-27 11:24:00,11,1526,5232.23,United Kingdom,57,116.1,5116.13,475.66,74,159,2011-04,True,2.0,5.0,5.0,Can't Lose Them
17062,2010-12-05 11:59:00,2011-01-30 11:01:00,4,406,528.29,United Kingdom,51,3.9,524.39,132.07,314,56,2010-12,True,1.0,4.0,3.0,At Risk
17063,2011-02-23 13:44:00,2011-11-18 16:19:00,7,770,1461.14,United Kingdom,66,39.55,1421.59,208.73,22,268,2011-02,True,4.0,5.0,4.0,Loyal Customers
17064,2011-01-16 16:10:00,2011-10-12 10:18:00,3,316,855.45,United Kingdom,53,0.0,855.45,285.15,59,269,2011-01,True,3.0,3.0,3.0,Need Attention
17068,2010-12-06 13:58:00,2011-11-27 13:14:00,21,2159,4545.89,United Kingdom,115,20.8,4525.09,216.47,13,356,2010-12,True,5.0,5.0,5.0,Champions
17069,2010-12-01 16:49:00,2011-11-11 17:13:00,9,1506,2709.7,United Kingdom,111,54.48,2655.22,301.08,29,345,2010-12,True,4.0,5.0,5.0,Loyal Customers
17070,2011-08-17 17:01:00,2011-08-17 17:01:00,1,131,304.24,United Kingdom,62,0.0,304.24,304.24,115,0,2011-08,True,2.0,1.0,2.0,Hibernating
17071,2011-02-03 08:18:00,2011-11-11 16:31:00,9,1197,2429.03,United Kingdom,102,43.55,2385.48,269.89,29,281,2011-02,True,4.0,5.0,5.0,Loyal Customers
17073,2011-08-22 14:37:00,2011-11-22 11:47:00,4,758,1444.84,United Kingdom,141,0.0,1444.84,361.21,18,92,2011-08,True,4.0,4.0,4.0,Loyal Customers
17075,2011-01-26 13:20:00,2011-11-22 11:58:00,4,292,834.12,United Kingdom,62,20.35,813.77,208.53,18,300,2011-01,True,4.0,4.0,3.0,Loyal Customers
17076,2010-12-10 10:08:00,2011-11-03 17:53:00,3,295,841.08,United Kingdom,17,0.0,841.08,280.36,37,328,2010-12,True,3.0,3.0,3.0,Need Attention
17078,2011-11-03 18:49:00,2011-11-03 19:17:00,2,782,375.86,United Kingdom,27,0.0,375.86,187.93,37,0,2011-11,True,3.0,2.0,2.0,About to Sleep
17079,2011-09-22 15:34:00,2011-09-22 15:34:00,1,24,118.8,United Kingdom,2,0.0,118.8,118.8,79,0,2011-09,True,2.0,1.0,1.0,Hibernating
17080,2011-03-15 12:05:00,2011-11-17 12:59:00,2,166,287.62,United Kingdom,8,2.12,285.5,143.81,23,247,2011-03,True,4.0,2.0,2.0,Potential Loyalists
17081,2011-10-24 13:08:00,2011-11-14 12:56:00,2,77,288.91,United Kingdom,55,0.0,288.91,144.46,26,21,2011-10,True,4.0,2.0,2.0,Potential Loyalists
17082,2011-01-25 14:36:00,2011-11-06 15:17:00,2,1049,2003.85,United Kingdom,75,0.0,2003.85,1001.92,34,285,2011-01,True,3.0,2.0,5.0,About to Sleep
17083,2011-02-09 11:38:00,2011-08-22 15:43:00,3,772,1405.78,United Kingdom,24,0.0,1405.78,468.59,110,194,2011-02,True,2.0,3.0,4.0,At Risk
17084,2011-11-04 14:49:00,2011-11-04 14:54:00,2,1702,2747.99,United Kingdom,146,0.0,2747.99,1374.0,36,0,2011-11,True,3.0,2.0,5.0,About to Sleep
17085,2010-12-12 12:24:00,2011-08-08 14:15:00,5,785,1562.4,United Kingdom,115,11.6,1550.8,312.48,124,239,2010-12,True,2.0,4.0,4.0,At Risk
17086,2011-10-07 11:22:00,2011-12-02 13:54:00,6,1859,2050.08,United Kingdom,76,0.0,2050.08,341.68,8,56,2011-10,True,5.0,5.0,5.0,Champions
17088,2011-03-31 09:48:00,2011-11-11 14:23:00,4,868,1991.01,United Kingdom,96,0.0,1991.01,497.75,29,225,2011-03,True,4.0,4.0,4.0,Loyal Customers
17090,2010-12-20 13:52:00,2011-12-05 13:44:00,7,903,1974.65,United Kingdom,45,2.1,1972.55,282.09,5,350,2010-12,True,5.0,5.0,4.0,Champions
17091,2010-12-07 09:55:00,2011-12-07 10:43:00,9,1746,3827.76,United Kingdom,119,24.95,3802.81,425.31,3,365,2010-12,True,5.0,5.0,5.0,Champions
17092,2011-03-07 14:51:00,2011-10-20 19:51:00,4,1130,1774.03,United Kingdom,99,0.0,1774.03,443.51,51,227,2011-03,True,3.0,4.0,4.0,Loyal Customers
17094,2011-01-21 13:09:00,2011-01-21 13:09:00,1,152,302.0,United Kingdom,14,31.8,270.2,302.0,323,0,2011-01,True,1.0,1.0,2.0,Hibernating
17095,2011-01-09 11:05:00,2011-11-17 12:21:00,3,618,1324.16,United Kingdom,69,27.8,1296.36,441.39,23,312,2011-01,True,4.0,3.0,4.0,Potential Loyalists
17096,2011-03-23 12:05:00,2011-11-24 15:01:00,4,339,1022.13,United Kingdom,46,29.45,992.68,255.53,16,246,2011-03,True,4.0,4.0,4.0,Loyal Customers
17097,2010-12-09 14:55:00,2011-12-07 17:05:00,8,459,954.42,Spain,153,16.5,937.92,119.3,3,363,2010-12,True,5.0,5.0,4.0,Champions
17100,2011-11-21 16:36:00,2011-11-21 16:36:00,2,800,971.74,United Kingdom,65,0.0,971.74,485.87,19,0,2011-11,True,4.0,2.0,4.0,Potential Loyalists
17101,2011-06-14 14:49:00,2011-11-29 13:57:00,4,815,1621.73,United Kingdom,28,0.0,1621.73,405.43,11,168,2011-06,True,5.0,4.0,4.0,Champions
17102,2011-03-23 10:08:00,2011-03-23 10:08:00,1,2,25.5,United Kingdom,1,0.0,25.5,25.5,262,0,2011-03,True,1.0,1.0,1.0,Hibernating
17105,2011-02-06 14:46:00,2011-07-03 15:53:00,2,693,665.78,United Kingdom,80,0.0,665.78,332.89,160,147,2011-02,True,2.0,2.0,3.0,Hibernating
17107,2011-03-06 15:17:00,2011-11-06 14:14:00,6,4826,10797.48,United Kingdom,269,435.0,10362.48,1799.58,34,245,2011-03,True,3.0,5.0,5.0,Loyal Customers
17109,2011-04-21 15:46:00,2011-11-10 16:59:00,6,588,881.29,United Kingdom,107,15.36,865.93,146.88,30,203,2011-04,True,4.0,5.0,3.0,Loyal Customers
17110,2011-06-27 12:58:00,2011-06-27 12:58:00,1,50,163.3,United Kingdom,12,0.0,163.3,163.3,166,0,2011-06,True,2.0,1.0,1.0,Hibernating
17111,2011-10-23 15:59:00,2011-10-23 15:59:00,1,282,231.61,United Kingdom,29,0.0,231.61,231.61,48,0,2011-10,True,3.0,1.0,1.0,About to Sleep
17114,2011-01-09 11:39:00,2011-12-04 12:17:00,8,215,801.12,United Kingdom,85,61.4,739.72,100.14,6,329,2011-01,True,5.0,5.0,3.0,Champions
17115,2011-04-20 14:46:00,2011-12-01 14:30:00,3,372,837.5,United Kingdom,33,30.6,806.9,279.17,9,225,2011-04,True,5.0,3.0,3.0,Potential Loyalists
17117,2011-02-24 13:54:00,2011-02-24 13:54:00,1,68,116.2,United Kingdom,9,0.0,116.2,116.2,289,0,2011-02,True,1.0,1.0,1.0,Hibernating
17118,2011-01-26 12:19:00,2011-01-26 12:19:00,1,154,157.02,United Kingdom,10,0.0,157.02,157.02,318,0,2011-01,True,1.0,1.0,1.0,Hibernating
17119,2011-10-11 11:03:00,2011-12-06 14:40:00,2,334,606.91,United Kingdom,35,13.3,593.61,303.46,4,56,2011-10,True,5.0,2.0,3.0,Potential Loyalists
17120,2011-04-20 15:21:00,2011-04-20 15:21:00,1,120,307.46,United Kingdom,18,0.0,307.46,307.46,234,0,2011-04,True,1.0,1.0,2.0,Hibernating
17122,2011-08-12 14:33:00,2011-08-12 14:33:00,1,80,138.32,United Kingdom,7,0.0,138.32,138.32,120,0,2011-08,True,2.0,1.0,1.0,Hibernating
17123,2011-07-01 10:47:00,2011-07-01 10:47:00,1,246,345.3,United Kingdom,9,0.0,345.3,345.3,162,0,2011-07,True,2.0,1.0,2.0,Hibernating
17124,2011-06-07 14:02:00,2011-06-07 14:02:00,1,129,294.24,United Kingdom,31,0.0,294.24,294.24,186,0,2011-06,True,1.0,1.0,2.0,Hibernating
17125,2011-10-20 14:41:00,2011-10-20 14:41:00,1,281,230.5,United Kingdom,34,0.0,230.5,230.5,51,0,2011-10,True,3.0,1.0,1.0,About to Sleep
17126,2010-12-12 11:26:00,2011-07-10 13:52:00,5,780,989.45,United Kingdom,187,12.9,976.55,197.89,153,210,2010-12,True,2.0,4.0,4.0,At Risk
17128,2011-01-09 12:02:00,2011-01-09 12:02:00,1,76,157.09,United Kingdom,14,0.0,157.09,157.09,335,0,2011-01,True,1.0,1.0,1.0,Hibernating
17131,2011-09-25 12:42:00,2011-12-04 12:52:00,5,983,2463.17,United Kingdom,78,0.0,2463.17,492.63,6,70,2011-09,True,5.0,4.0,5.0,Champions
17133,2011-03-18 13:47:00,2011-11-24 12:27:00,7,2730,4892.24,United Kingdom,13,0.0,4892.24,698.89,16,251,2011-03,True,4.0,5.0,5.0,Loyal Customers
17134,2011-03-20 11:56:00,2011-08-25 09:53:00,2,98,413.2,United Kingdom,21,0.0,413.2,206.6,107,158,2011-03,True,2.0,2.0,2.0,Hibernating
17135,2010-12-03 09:31:00,2011-11-23 16:48:00,7,1224,1139.73,United Kingdom,34,0.0,1139.73,162.82,17,355,2010-12,True,4.0,5.0,4.0,Loyal Customers
17138,2011-03-09 11:54:00,2011-03-09 11:54:00,1,126,380.5,United Kingdom,24,0.0,380.5,380.5,276,0,2011-03,True,1.0,1.0,2.0,Hibernating
17139,2011-02-24 09:32:00,2011-11-24 10:12:00,12,5176,10650.77,United Kingdom,309,82.9,10567.87,887.56,16,273,2011-02,True,4.0,5.0,5.0,Loyal Customers
17140,2011-04-06 13:33:00,2011-04-06 13:33:00,1,296,454.12,United Kingdom,16,0.0,454.12,454.12,248,0,2011-04,True,1.0,1.0,2.0,Hibernating
17142,2011-04-14 18:22:00,2011-04-14 18:22:00,1,81,579.0,United Kingdom,15,0.0,579.0,579.0,240,0,2011-04,True,1.0,1.0,3.0,Hibernating
17144,2011-09-16 12:50:00,2011-12-08 17:57:00,2,483,984.57,United Kingdom,42,0.0,984.57,492.28,2,83,2011-09,True,5.0,2.0,4.0,Potential Loyalists
17146,2010-12-16 12:20:00,2011-08-26 12:44:00,3,212,749.78,United Kingdom,33,0.0,749.78,249.93,106,253,2010-12,True,2.0,3.0,3.0,At Risk
17147,2011-02-01 09:36:00,2011-11-17 12:32:00,4,882,1714.59,United Kingdom,68,34.95,1679.64,428.65,23,289,2011-02,True,4.0,4.0,4.0,Loyal Customers
17148,2011-10-19 09:59:00,2011-10-19 09:59:00,1,82,124.88,United Kingdom,9,0.0,124.88,124.88,52,0,2011-10,True,3.0,1.0,1.0,About to Sleep
17152,2011-03-21 16:20:00,2011-05-29 12:19:00,3,517,1689.5,United Kingdom,9,186.0,1503.5,563.17,195,69,2011-03,True,1.0,3.0,4.0,At Risk
17153,2011-11-15 13:42:00,2011-11-15 13:42:00,1,104,213.78,United Kingdom,14,0.0,213.78,213.78,25,0,2011-11,True,4.0,1.0,1.0,Promising
17154,2011-09-25 13:42:00,2011-09-25 13:42:00,1,490,329.34,United Kingdom,23,0.0,329.34,329.34,76,0,2011-09,True,2.0,1.0,2.0,Hibernating
17155,2011-06-15 10:22:00,2011-11-22 12:38:00,2,242,251.7,United Kingdom,19,0.0,251.7,125.85,18,160,2011-06,True,4.0,2.0,2.0,Potential Loyalists
17157,2011-06-16 15:08:00,2011-12-02 09:10:00,2,172,319.0,United Kingdom,11,12.45,306.55,159.5,8,169,2011-06,True,5.0,2.0,2.0,Potential Loyalists
17158,2010-12-14 13:03:00,2011-11-07 15:15:00,3,778,1266.97,United Kingdom,53,0.0,1266.97,422.32,33,328,2010-12,True,3.0,3.0,4.0,Need Attention
17159,2011-06-21 09:49:00,2011-11-18 10:52:00,3,1111,1538.88,United Kingdom,96,4.15,1534.73,512.96,22,150,2011-06,True,4.0,3.0,4.0,Potential Loyalists
17160,2011-04-12 12:00:00,2011-11-08 14:05:00,6,2856,3518.03,United Kingdom,111,0.0,3518.03,586.34,32,210,2011-04,True,4.0,5.0,5.0,Loyal Customers
17162,2011-02-07 12:27:00,2011-11-11 11:34:00,10,1001,1715.46,United Kingdom,81,8.25,1707.21,171.55,29,277,2011-02,True,4.0,5.0,4.0,Loyal Customers
17163,2011-09-22 15:54:00,2011-11-18 08:57:00,2,66,293.1,United Kingdom,3,0.0,293.1,146.55,22,57,2011-09,True,4.0,2.0,2.0,Potential Loyalists
17164,2011-03-11 14:26:00,2011-11-07 09:14:00,7,1501,2467.35,United Kingdom,92,0.95,2466.4,352.48,33,241,2011-03,True,3.0,5.0,5.0,Loyal Customers
17165,2011-02-28 16:39:00,2011-02-28 16:39:00,1,100,158.68,United Kingdom,10,0.0,158.68,158.68,285,0,2011-02,True,1.0,1.0,1.0,Hibernating
17166,2011-05-20 08:18:00,2011-11-01 09:46:00,2,78,206.34,United Kingdom,11,16.85,189.49,103.17,39,165,2011-05,True,3.0,2.0,1.0,About to Sleep
17169,2011-06-09 13:16:00,2011-10-13 10:25:00,2,526,835.78,United Kingdom,51,18.9,816.88,417.89,58,126,2011-06,True,3.0,2.0,3.0,About to Sleep
17171,2011-02-23 16:37:00,2011-02-23 16:37:00,1,185,224.91,United Kingdom,16,0.0,224.91,224.91,290,0,2011-02,True,1.0,1.0,1.0,Hibernating
17172,2011-09-22 09:36:00,2011-09-22 09:36:00,1,480,317.76,United Kingdom,15,0.0,317.76,317.76,79,0,2011-09,True,2.0,1.0,2.0,Hibernating
17173,2011-07-31 15:26:00,2011-12-04 14:40:00,8,1122,3766.6,United Kingdom,36,10.95,3755.65,470.82,6,126,2011-07,True,5.0,5.0,5.0,Champions
17174,2011-05-06 11:47:00,2011-05-06 11:47:00,1,41,59.9,United Kingdom,4,0.0,59.9,59.9,218,0,2011-05,True,1.0,1.0,1.0,Hibernating
17175,2011-02-16 14:56:00,2011-10-26 15:31:00,4,866,1443.69,United Kingdom,42,12.75,1430.94,360.92,45,252,2011-02,True,3.0,4.0,4.0,Loyal Customers
17176,2011-05-22 12:41:00,2011-05-22 12:41:00,1,170,306.13,United Kingdom,15,0.0,306.13,306.13,202,0,2011-05,True,1.0,1.0,2.0,Hibernating
17179,2010-12-13 14:24:00,2011-06-14 16:48:00,3,290,711.79,United Kingdom,56,0.0,711.79,237.26,179,183,2010-12,True,2.0,3.0,3.0,At Risk
17180,2011-01-27 18:05:00,2011-10-14 15:46:00,4,670,783.97,United Kingdom,91,15.65,768.32,195.99,57,260,2011-01,True,3.0,4.0,3.0,Loyal Customers
17181,2010-12-01 12:38:00,2011-10-13 14:48:00,2,241,239.92,United Kingdom,23,0.0,239.92,119.96,58,316,2010-12,True,3.0,2.0,1.0,About to Sleep
17183,2011-08-26 15:25:00,2011-12-02 10:07:00,6,1296,3347.31,United Kingdom,42,60.4,3286.91,557.88,8,98,2011-08,True,5.0,5.0,5.0,Champions
17186,2011-10-10 12:52:00,2011-10-24 10:20:00,2,200,144.0,United Kingdom,1,0.0,144.0,72.0,47,14,2011-10,True,3.0,2.0,1.0,About to Sleep
17187,2011-04-27 12:39:00,2011-04-27 12:39:00,1,144,203.95,United Kingdom,10,0.0,203.95,203.95,227,0,2011-04,True,1.0,1.0,1.0,Hibernating
17188,2010-12-12 12:56:00,2011-11-28 13:53:00,7,1328,2474.23,United Kingdom,71,198.65,2275.58,353.46,12,351,2010-12,True,5.0,5.0,5.0,Champions
17189,2010-12-15 17:28:00,2011-08-25 19:39:00,2,226,383.75,United Kingdom,52,0.0,383.75,191.88,107,253,2010-12,True,2.0,2.0,2.0,Hibernating
17190,2011-05-16 15:29:00,2011-10-12 11:33:00,2,161,444.74,United Kingdom,19,195.0,249.74,222.37,59,149,2011-05,True,3.0,2.0,2.0,About to Sleep
17191,2010-12-06 14:36:00,2011-11-11 16:58:00,7,1166,2093.68,United Kingdom,163,0.0,2093.68,299.1,29,340,2010-12,True,4.0,5.0,5.0,Loyal Customers
17193,2011-06-16 10:04:00,2011-11-04 12:47:00,7,1254,1699.3,United Kingdom,17,24.84,1674.46,242.76,36,141,2011-06,True,3.0,5.0,4.0,Loyal Customers
17194,2010-12-14 12:06:00,2010-12-14 12:06:00,1,112,226.78,United Kingdom,25,0.0,226.78,226.78,361,0,2010-12,True,1.0,1.0,1.0,Hibernating
17197,2011-11-10 10:32:00,2011-11-10 10:32:00,1,191,1013.01,United Kingdom,29,0.0,1013.01,1013.01,30,0,2011-11,True,4.0,1.0,4.0,Promising
17198,2010-12-03 14:54:00,2011-11-16 10:39:00,3,357,692.22,United Kingdom,89,0.0,692.22,230.74,24,348,2010-12,True,4.0,3.0,3.0,Potential Loyalists
17201,2011-10-17 11:55:00,2011-10-17 11:55:00,1,231,289.78,United Kingdom,38,0.0,289.78,289.78,54,0,2011-10,True,3.0,1.0,2.0,About to Sleep
17203,2011-10-10 14:37:00,2011-11-04 12:27:00,6,2846,3560.08,United Kingdom,116,0.0,3560.08,593.35,36,25,2011-10,True,3.0,5.0,5.0,Loyal Customers
17204,2011-03-21 12:42:00,2011-06-17 14:46:00,4,646,1564.56,United Kingdom,44,211.65,1352.91,391.14,176,88,2011-03,True,2.0,4.0,4.0,At Risk
17205,2011-10-17 12:46:00,2011-10-17 12:46:00,1,884,384.08,United Kingdom,13,0.0,384.08,384.08,54,0,2011-10,True,3.0,1.0,2.0,About to Sleep
17206,2011-10-17 13:25:00,2011-10-17 13:25:00,1,76,204.24,United Kingdom,7,0.0,204.24,204.24,54,0,2011-10,True,3.0,1.0,1.0,About to Sleep
17211,2010-12-05 12:44:00,2011-11-13 12:03:00,8,1323,2317.22,United Kingdom,150,17.55,2299.67,289.65,27,343,2010-12,True,4.0,5.0,5.0,Loyal Customers
17212,2011-03-31 19:42:00,2011-03-31 19:42:00,1,147,226.85,United Kingdom,4,0.0,226.85,226.85,254,0,2011-03,True,1.0,1.0,1.0,Hibernating
17213,2010-12-08 13:03:00,2011-10-30 14:53:00,7,1176,2781.23,United Kingdom,85,40.15,2741.08,397.32,41,326,2010-12,True,3.0,5.0,5.0,Loyal Customers
17214,2010-12-15 15:14:00,2011-10-10 13:17:00,6,272,1059.12,United Kingdom,79,85.0,974.12,176.52,61,299,2010-12,True,3.0,5.0,4.0,Loyal Customers
17217,2011-04-19 17:19:00,2011-04-19 17:19:00,1,24,113.5,United Kingdom,9,0.0,113.5,113.5,235,0,2011-04,True,1.0,1.0,1.0,Hibernating
17218,2010-12-06 15:25:00,2011-12-05 13:52:00,10,955,1951.97,United Kingdom,146,0.0,1951.97,195.2,5,364,2010-12,True,5.0,5.0,4.0,Champions
17219,2011-11-08 11:25:00,2011-11-08 11:25:00,1,89,114.23,United Kingdom,24,0.0,114.23,114.23,32,0,2011-11,True,4.0,1.0,1.0,Promising
17220,2010-12-10 14:54:00,2011-11-15 13:47:00,14,1897,3187.55,United Kingdom,303,0.0,3187.55,227.68,25,340,2010-12,True,4.0,5.0,5.0,Loyal Customers
17221,2011-11-03 17:39:00,2011-12-02 13:35:00,2,287,334.48,United Kingdom,59,0.0,334.48,167.24,8,29,2011-11,True,5.0,2.0,2.0,Potential Loyalists
17222,2011-10-05 13:58:00,2011-10-05 13:58:00,1,122,328.65,United Kingdom,27,0.0,328.65,328.65,66,0,2011-10,True,3.0,1.0,2.0,About to Sleep
17223,2010-12-06 14:08:00,2011-02-02 15:57:00,2,109,381.89,United Kingdom,42,0.0,381.89,190.94,311,58,2010-12,True,1.0,2.0,2.0,Hibernating
17226,2011-02-04 11:52:00,2011-02-04 11:52:00,1,406,393.49,United Kingdom,21,0.0,393.49,393.49,309,0,2011-02,True,1.0,1.0,2.0,Hibernating
17227,2010-12-06 11:16:00,2011-11-21 10:51:00,6,741,939.32,United Kingdom,28,0.0,939.32,156.55,19,350,2010-12,True,4.0,5.0,4.0,Loyal Customers
17228,2010-12-02 16:00:00,2011-11-24 10:24:00,8,1532,1906.09,United Kingdom,140,0.0,1906.09,238.26,16,357,2010-12,True,4.0,5.0,4.0,Loyal Customers
17229,2011-07-20 12:38:00,2011-09-04 13:56:00,2,185,318.76,United Kingdom,39,0.0,318.76,159.38,97,46,2011-07,True,2.0,2.0,2.0,Hibernating
17230,2010-12-15 11:22:00,2011-03-20 16:12:00,8,1651,3638.41,United Kingdom,51,171.74,3466.67,454.8,265,95,2010-12,True,1.0,5.0,5.0,Can't Lose Them
17231,2010-12-13 14:16:00,2011-11-27 15:18:00,10,1724,3124.72,United Kingdom,292,46.5,3078.22,312.47,13,349,2010-12,True,5.0,5.0,5.0,Champions
17232,2011-11-25 12:24:00,2011-12-07 12:21:00,2,202,417.77,United Kingdom,30,0.0,417.77,208.88,3,12,2011-11,True,5.0,2.0,2.0,Potential Loyalists
17233,2011-11-04 14:06:00,2011-11-04 14:06:00,1,131,190.88,United Kingdom,25,0.0,190.88,190.88,36,0,2011-11,True,3.0,1.0,1.0,About to Sleep
17234,2011-06-10 11:20:00,2011-06-10 11:20:00,1,55,149.89,United Kingdom,14,0.0,149.89,149.89,183,0,2011-06,True,1.0,1.0,1.0,Hibernating
17235,2010-12-02 13:38:00,2011-11-14 15:51:00,2,224,550.06,United Kingdom,24,0.0,550.06,275.03,26,347,2010-12,True,4.0,2.0,3.0,Potential Loyalists
17236,2010-12-12 11:49:00,2011-11-27 12:00:00,6,474,916.13,United Kingdom,88,0.0,916.13,152.69,13,350,2010-12,True,5.0,5.0,4.0,Champions
17237,2011-11-17 12:55:00,2011-11-28 15:02:00,2,105,314.69,United Kingdom,18,0.0,314.69,157.34,12,11,2011-11,True,5.0,2.0,2.0,Potential Loyalists
17238,2010-12-03 15:05:00,2011-12-07 11:35:00,17,1807,3719.1,United Kingdom,297,0.0,3719.1,218.77,3,369,2010-12,True,5.0,5.0,5.0,Champions
17239,2011-01-31 09:41:00,2011-01-31 09:41:00,1,150,382.5,United Kingdom,15,2.55,379.95,382.5,313,0,2011-01,True,1.0,1.0,2.0,Hibernating
17242,2011-06-12 13:04:00,2011-08-23 14:55:00,2,611,1135.04,United Kingdom,30,0.0,1135.04,567.52,109,72,2011-06,True,2.0,2.0,4.0,Hibernating
17243,2010-12-05 10:03:00,2011-12-08 13:26:00,26,3316,8531.65,United Kingdom,179,48.3,8483.35,328.14,2,368,2010-12,True,5.0,5.0,5.0,Champions
17244,2011-10-17 15:19:00,2011-10-17 15:19:00,1,616,954.9,United Kingdom,31,0.0,954.9,954.9,54,0,2011-10,True,3.0,1.0,4.0,About to Sleep
17245,2011-05-19 10:43:00,2011-05-19 10:43:00,1,75,171.45,United Kingdom,9,0.0,171.45,171.45,205,0,2011-05,True,1.0,1.0,1.0,Hibernating
17247,2011-11-24 15:21:00,2011-11-24 15:21:00,1,105,280.09,United Kingdom,53,0.0,280.09,280.09,16,0,2011-11,True,4.0,1.0,2.0,Promising
17248,2011-08-11 13:34:00,2011-08-11 13:34:00,1,213,318.65,United Kingdom,68,0.0,318.65,318.65,121,0,2011-08,True,2.0,1.0,2.0,Hibernating
17250,2011-03-23 16:45:00,2011-12-06 12:15:00,2,167,381.97,United Kingdom,55,0.0,381.97,190.98,4,258,2011-03,True,5.0,2.0,2.0,Potential Loyalists
17251,2010-12-12 11:06:00,2010-12-12 11:06:00,1,108,269.83,United Kingdom,37,0.0,269.83,269.83,363,0,2010-12,True,1.0,1.0,2.0,Hibernating
17252,2011-06-06 16:41:00,2011-08-15 09:45:00,2,192,348.91,United Kingdom,86,0.0,348.91,174.46,117,70,2011-06,True,2.0,2.0,2.0,Hibernating
17253,2011-11-21 12:59:00,2011-11-21 12:59:00,1,43,178.26,United Kingdom,18,0.0,178.26,178.26,19,0,2011-11,True,4.0,1.0,1.0,Promising
17254,2011-11-24 14:09:00,2011-12-05 12:46:00,2,251,271.19,United Kingdom,100,0.0,271.19,135.6,5,11,2011-11,True,5.0,2.0,2.0,Potential Loyalists
17255,2011-02-13 15:18:00,2011-10-30 12:18:00,2,227,291.48,United Kingdom,69,0.0,291.48,145.74,41,259,2011-02,True,3.0,2.0,2.0,About to Sleep
17256,2011-01-31 14:53:00,2011-08-24 13:30:00,2,141,240.0,United Kingdom,12,0.0,240.0,120.0,108,205,2011-01,True,2.0,2.0,1.0,Hibernating
17259,2010-12-06 12:55:00,2011-07-14 15:01:00,2,388,581.23,United Kingdom,104,0.0,581.23,290.62,149,220,2010-12,True,2.0,2.0,3.0,Hibernating
17262,2010-12-08 13:30:00,2011-10-18 12:56:00,5,367,1253.36,United Kingdom,9,0.0,1253.36,250.67,53,314,2010-12,True,3.0,4.0,4.0,Loyal Customers
17263,2011-05-15 14:32:00,2011-05-15 14:32:00,1,36,63.44,United Kingdom,23,0.0,63.44,63.44,209,0,2011-05,True,1.0,1.0,1.0,Hibernating
17265,2011-06-12 12:00:00,2011-07-24 10:49:00,2,389,550.01,United Kingdom,106,0.0,550.01,275.0,139,42,2011-06,True,2.0,2.0,3.0,Hibernating
17266,2011-07-15 11:57:00,2011-12-07 14:12:00,3,153,296.58,United Kingdom,60,0.0,296.58,98.86,3,145,2011-07,True,5.0,3.0,2.0,Potential Loyalists
17267,2011-08-04 17:19:00,2011-08-04 17:22:00,2,158,317.2,United Kingdom,37,0.0,317.2,158.6,128,0,2011-08,True,2.0,2.0,2.0,Hibernating
17268,2011-04-08 13:20:00,2011-08-24 10:06:00,4,844,763.64,United Kingdom,3,0.0,763.64,190.91,108,138,2011-04,True,2.0,4.0,3.0,At Risk
17272,2011-03-22 12:05:00,2011-10-28 16:37:00,4,1778,2148.63,United Kingdom,70,4.1,2144.53,537.16,43,220,2011-03,True,3.0,4.0,5.0,Loyal Customers
17274,2011-11-04 13:16:00,2011-11-04 13:16:00,1,77,107.82,United Kingdom,24,0.0,107.82,107.82,36,0,2011-11,True,3.0,1.0,1.0,About to Sleep
17277,2011-01-21 12:37:00,2011-04-26 12:47:00,2,430,1065.35,United Kingdom,67,0.0,1065.35,532.67,228,95,2011-01,True,1.0,2.0,4.0,Hibernating
17278,2011-04-12 13:10:00,2011-04-12 13:10:00,1,179,246.04,United Kingdom,15,0.0,246.04,246.04,242,0,2011-04,True,1.0,1.0,2.0,Hibernating
17279,2011-10-13 11:58:00,2011-10-13 11:58:00,1,48,187.83,United Kingdom,8,0.0,187.83,187.83,58,0,2011-10,True,3.0,1.0,1.0,About to Sleep
17282,2011-02-13 11:36:00,2011-08-01 14:29:00,3,1866,1685.46,United Kingdom,79,0.0,1685.46,561.82,131,169,2011-02,True,2.0,3.0,4.0,At Risk
17284,2011-01-07 14:31:00,2011-10-10 14:38:00,6,1362,1647.48,United Kingdom,229,10.9,1636.58,274.58,61,276,2011-01,True,3.0,5.0,4.0,Loyal Customers
17286,2011-11-18 12:47:00,2011-11-18 12:47:00,1,117,151.37,United Kingdom,44,0.0,151.37,151.37,22,0,2011-11,True,4.0,1.0,1.0,Promising
17287,2010-12-02 12:22:00,2011-11-13 13:27:00,7,556,1049.06,United Kingdom,88,0.0,1049.06,149.87,27,346,2010-12,True,4.0,5.0,4.0,Loyal Customers
17288,2010-12-16 13:33:00,2011-11-30 16:09:00,7,1201,1417.63,United Kingdom,118,0.0,1417.63,202.52,10,349,2010-12,True,5.0,5.0,4.0,Champions
17289,2011-06-12 13:51:00,2011-11-08 12:01:00,3,513,931.02,United Kingdom,86,8.25,922.77,310.34,32,149,2011-06,True,4.0,3.0,4.0,Potential Loyalists
17290,2011-11-23 15:53:00,2011-12-06 12:38:00,2,397,513.01,United Kingdom,92,0.0,513.01,256.5,4,13,2011-11,True,5.0,2.0,3.0,Potential Loyalists
17291,2011-02-04 13:04:00,2011-02-04 13:04:00,1,72,550.8,United Kingdom,1,0.0,550.8,550.8,309,0,2011-02,True,1.0,1.0,3.0,Hibernating
17293,2010-12-13 14:55:00,2011-12-01 14:37:00,9,1135,1854.06,United Kingdom,93,0.0,1854.06,206.01,9,353,2010-12,True,5.0,5.0,4.0,Champions
17295,2011-10-06 12:22:00,2011-11-11 10:49:00,3,293,547.0,United Kingdom,53,0.0,547.0,182.33,29,36,2011-10,True,4.0,3.0,3.0,Potential Loyalists
17297,2011-11-22 14:43:00,2011-11-22 14:43:00,1,65,128.18,United Kingdom,49,0.0,128.18,128.18,18,0,2011-11,True,4.0,1.0,1.0,Promising
17298,2011-08-07 12:21:00,2011-08-30 16:43:00,2,387,498.42,United Kingdom,30,0.0,498.42,249.21,102,23,2011-08,True,2.0,2.0,3.0,Hibernating
17299,2011-06-19 16:04:00,2011-11-28 12:01:00,4,668,656.61,United Kingdom,50,0.0,656.61,164.15,12,162,2011-06,True,5.0,4.0,3.0,Champions
17301,2011-11-18 13:43:00,2011-11-18 13:43:00,1,137,163.24,United Kingdom,59,0.0,163.24,163.24,22,0,2011-11,True,4.0,1.0,1.0,Promising
17302,2011-02-07 10:14:00,2011-11-25 09:36:00,5,575,1135.63,United Kingdom,68,15.7,1119.93,227.13,15,291,2011-02,True,4.0,4.0,4.0,Loyal Customers
17303,2010-12-13 13:32:00,2010-12-13 13:32:00,1,144,250.04,United Kingdom,53,0.0,250.04,250.04,362,0,2010-12,True,1.0,1.0,2.0,Hibernating
17306,2010-12-21 13:34:00,2011-11-29 12:14:00,19,11491,8631.31,United Kingdom,13,30.58,8600.73,454.28,11,343,2010-12,True,5.0,5.0,5.0,Champions
17309,2011-09-05 15:20:00,2011-09-05 15:20:00,1,41,82.75,United Kingdom,11,0.0,82.75,82.75,96,0,2011-09,True,2.0,1.0,1.0,Hibernating
17311,2011-01-27 10:56:00,2011-09-22 14:11:00,2,1005,1384.85,United Kingdom,55,0.0,1384.85,692.42,79,238,2011-01,True,2.0,2.0,4.0,Hibernating
17312,2011-07-03 13:12:00,2011-07-24 11:52:00,3,372,644.3,United Kingdom,11,0.0,644.3,214.77,139,21,2011-07,True,2.0,3.0,3.0,At Risk
17313,2011-11-08 15:45:00,2011-11-08 15:45:00,1,1402,2328.84,United Kingdom,24,40.71,2288.13,2328.84,32,0,2011-11,True,4.0,1.0,5.0,Promising
17314,2011-01-31 11:25:00,2011-11-15 09:41:00,8,1896,2527.92,United Kingdom,120,13.16,2514.76,315.99,25,288,2011-01,True,4.0,5.0,5.0,Loyal Customers
17315,2010-12-17 12:24:00,2011-12-08 12:15:00,36,3837,6241.15,United Kingdom,254,87.8,6153.35,173.37,2,356,2010-12,True,5.0,5.0,5.0,Champions
17317,2011-09-11 12:45:00,2011-10-24 17:19:00,3,1146,2600.34,United Kingdom,8,76.32,2524.02,866.78,47,43,2011-09,True,3.0,3.0,5.0,Need Attention
17320,2010-12-06 15:38:00,2011-08-31 13:31:00,3,634,1200.62,United Kingdom,57,0.0,1200.62,400.21,101,268,2010-12,True,2.0,3.0,4.0,At Risk
17321,2011-10-03 11:34:00,2011-12-01 13:41:00,2,364,657.16,United Kingdom,94,0.0,657.16,328.58,9,59,2011-10,True,5.0,2.0,3.0,Potential Loyalists
17323,2011-02-20 14:38:00,2011-11-24 17:29:00,7,756,903.12,United Kingdom,124,12.08,891.04,129.02,16,277,2011-02,True,4.0,5.0,3.0,Loyal Customers
17324,2010-12-08 12:45:00,2011-11-22 10:34:00,4,843,986.48,United Kingdom,43,0.0,986.48,246.62,18,349,2010-12,True,4.0,4.0,4.0,Loyal Customers
17325,2011-03-04 13:09:00,2011-03-04 13:09:00,1,60,96.8,United Kingdom,6,0.0,96.8,96.8,281,0,2011-03,True,1.0,1.0,1.0,Hibernating
17329,2011-01-28 15:29:00,2011-11-25 14:24:00,2,142,523.11,United Kingdom,29,0.0,523.11,261.56,15,301,2011-01,True,4.0,2.0,3.0,Potential Loyalists
17330,2011-10-03 11:26:00,2011-11-17 08:56:00,2,120,363.9,United Kingdom,5,0.0,363.9,181.95,23,45,2011-10,True,4.0,2.0,2.0,Potential Loyalists
17331,2011-08-08 11:55:00,2011-08-08 11:55:00,1,16,175.2,United Kingdom,1,0.0,175.2,175.2,124,0,2011-08,True,2.0,1.0,1.0,Hibernating
17333,2011-09-15 10:11:00,2011-09-15 10:11:00,1,375,494.25,United Kingdom,28,0.0,494.25,494.25,86,0,2011-09,True,2.0,1.0,3.0,Hibernating
17334,2011-02-04 09:03:00,2011-02-10 14:59:00,2,315,307.02,United Kingdom,11,0.42,306.6,153.51,303,6,2011-02,True,1.0,2.0,2.0,Hibernating
17337,2011-02-02 17:06:00,2011-07-11 14:55:00,4,1246,1979.61,United Kingdom,420,83.55,1896.06,494.9,152,159,2011-02,True,2.0,4.0,4.0,At Risk
17338,2010-12-13 12:57:00,2011-11-22 14:23:00,8,3044,6484.75,United Kingdom,388,28.8,6455.95,810.59,18,344,2010-12,True,4.0,5.0,5.0,Loyal Customers
17339,2010-12-09 14:44:00,2011-09-06 13:29:00,2,152,243.36,United Kingdom,9,0.0,243.36,121.68,95,271,2010-12,True,2.0,2.0,2.0,Hibernating
17340,2010-12-08 15:56:00,2011-11-10 10:45:00,11,5967,12353.29,United Kingdom,229,194.99,12158.3,1123.03,30,337,2010-12,True,4.0,5.0,5.0,Loyal Customers
17341,2010-12-08 12:46:00,2011-07-06 12:33:00,3,443,682.29,United Kingdom,147,0.0,682.29,227.43,157,210,2010-12,True,2.0,3.0,3.0,At Risk
17343,2010-12-19 15:07:00,2010-12-19 15:07:00,1,56,193.64,United Kingdom,17,0.0,193.64,193.64,356,0,2010-12,True,1.0,1.0,1.0,Hibernating
17344,2011-10-24 12:56:00,2011-10-24 12:56:00,1,65,157.62,United Kingdom,31,0.0,157.62,157.62,47,0,2011-10,True,3.0,1.0,1.0,About to Sleep
17345,2011-05-27 12:26:00,2011-11-24 15:03:00,4,341,519.69,United Kingdom,70,0.0,519.69,129.92,16,181,2011-05,True,4.0,4.0,3.0,Loyal Customers
17346,2010-12-01 14:34:00,2011-12-06 12:18:00,15,1617,2622.88,United Kingdom,299,64.98,2557.9,174.86,4,370,2010-12,True,5.0,5.0,5.0,Champions
17347,2011-09-14 13:12:00,2011-09-14 13:12:00,1,216,228.96,United Kingdom,1,0.0,228.96,228.96,87,0,2011-09,True,2.0,1.0,1.0,Hibernating
17348,2011-02-15 10:49:00,2011-11-25 11:25:00,5,1398,1156.6,United Kingdom,180,0.0,1156.6,231.32,15,283,2011-02,True,4.0,4.0,4.0,Loyal Customers
17349,2011-06-13 14:29:00,2011-06-13 14:29:00,1,102,98.25,United Kingdom,8,0.0,98.25,98.25,180,0,2011-06,True,1.0,1.0,1.0,Hibernating
17350,2011-10-19 16:05:00,2011-12-01 15:47:00,4,770,1281.32,United Kingdom,66,29.88,1251.44,320.33,9,43,2011-10,True,5.0,4.0,4.0,Champions
17351,2011-03-11 16:05:00,2011-11-03 18:45:00,3,113,587.15,United Kingdom,22,0.0,587.15,195.72,37,237,2011-03,True,3.0,3.0,3.0,Need Attention
17353,2011-07-08 16:17:00,2011-08-02 17:19:00,2,1200,1740.0,United Kingdom,5,0.0,1740.0,870.0,130,25,2011-07,True,2.0,2.0,4.0,Hibernating
17354,2011-10-20 10:34:00,2011-10-20 10:34:00,1,1006,1393.06,United Kingdom,15,0.0,1393.06,1393.06,51,0,2011-10,True,3.0,1.0,4.0,About to Sleep
17356,2011-02-01 11:07:00,2011-02-01 11:07:00,1,166,178.22,United Kingdom,19,0.0,178.22,178.22,312,0,2011-02,True,1.0,1.0,1.0,Hibernating
17357,2011-11-15 16:29:00,2011-11-15 16:30:00,2,152,384.39,United Kingdom,41,0.0,384.39,192.2,25,0,2011-11,True,4.0,2.0,2.0,Potential Loyalists
17358,2010-12-19 14:16:00,2011-02-09 16:57:00,2,190,360.81,United Kingdom,55,0.0,360.81,180.4,304,52,2010-12,True,1.0,2.0,2.0,Hibernating
17359,2011-11-28 14:37:00,2011-11-28 14:37:00,1,161,127.86,United Kingdom,13,0.0,127.86,127.86,12,0,2011-11,True,5.0,1.0,1.0,New Customers
17360,2011-06-08 17:09:00,2011-11-22 13:11:00,3,328,568.24,United Kingdom,113,0.0,568.24,189.41,18,167,2011-06,True,4.0,3.0,3.0,Potential Loyalists
17361,2011-02-21 09:55:00,2011-10-21 15:43:00,3,157,488.2,United Kingdom,26,0.0,488.2,162.73,50,242,2011-02,True,3.0,3.0,3.0,Need Attention
17362,2011-02-03 10:26:00,2011-04-14 14:43:00,2,191,312.23,United Kingdom,30,0.0,312.23,156.12,240,70,2011-02,True,1.0,2.0,2.0,Hibernating
17364,2011-01-12 16:57:00,2011-12-09 09:00:00,11,2692,4462.68,United Kingdom,288,25.45,4437.23,405.7,1,331,2011-01,True,5.0,5.0,5.0,Champions
17365,2011-01-11 12:11:00,2011-11-27 12:13:00,8,4737,4762.32,United Kingdom,277,0.0,4762.32,595.29,13,320,2011-01,True,5.0,5.0,5.0,Champions
17367,2011-04-15 14:21:00,2011-04-15 14:21:00,1,149,167.55,United Kingdom,33,0.0,167.55,167.55,239,0,2011-04,True,1.0,1.0,1.0,Hibernating
17368,2011-01-06 11:57:00,2011-11-16 15:26:00,8,1377,1878.87,United Kingdom,93,563.15,1315.72,234.86,24,314,2011-01,True,4.0,5.0,4.0,Loyal Customers
17370,2011-06-23 11:50:00,2011-09-28 10:14:00,4,540,446.18,United Kingdom,31,0.0,446.18,111.54,73,97,2011-06,True,2.0,4.0,2.0,At Risk
17371,2010-12-13 15:20:00,2011-11-22 13:30:00,3,151,418.4,United Kingdom,83,0.0,418.4,139.47,18,344,2010-12,True,4.0,3.0,2.0,Potential Loyalists
17372,2010-12-12 12:00:00,2011-10-30 11:37:00,8,747,1337.18,United Kingdom,215,0.0,1337.18,167.15,41,322,2010-12,True,3.0,5.0,4.0,Loyal Customers
17373,2011-01-31 11:46:00,2011-10-30 15:28:00,4,408,646.92,United Kingdom,47,0.0,646.92,161.73,41,272,2011-01,True,3.0,4.0,3.0,Loyal Customers
17374,2011-03-03 12:53:00,2011-05-05 09:05:00,2,85,495.77,United Kingdom,24,0.0,495.77,247.88,219,63,2011-03,True,1.0,2.0,3.0,Hibernating
17375,2010-12-13 15:16:00,2011-05-24 15:45:00,3,367,400.1,United Kingdom,63,27.6,372.5,133.37,200,162,2010-12,True,1.0,3.0,2.0,At Risk
17376,2011-02-01 14:12:00,2011-09-30 12:36:00,2,86,203.2,United Kingdom,23,0.0,203.2,101.6,71,241,2011-02,True,3.0,2.0,1.0,About to Sleep
17377,2010-12-01 12:35:00,2011-11-16 11:17:00,20,2038,4058.32,United Kingdom,190,175.0,3883.32,202.92,24,350,2010-12,True,4.0,5.0,5.0,Loyal Customers
17379,2011-11-28 13:56:00,2011-11-28 13:56:00,1,623,389.72,United Kingdom,71,0.0,389.72,389.72,12,0,2011-11,True,5.0,1.0,2.0,New Customers
17381,2010-12-02 12:58:00,2011-12-01 11:59:00,29,25649,20275.61,United Kingdom,40,3.18,20272.43,699.16,9,364,2010-12,True,5.0,5.0,5.0,Champions
17382,2011-10-05 13:05:00,2011-10-05 13:05:00,1,25,65.4,United Kingdom,2,0.0,65.4,65.4,66,0,2011-10,True,3.0,1.0,1.0,About to Sleep
17383,2011-12-05 17:36:00,2011-12-05 17:36:00,1,148,193.39,United Kingdom,49,0.0,193.39,193.39,5,0,2011-12,True,5.0,1.0,1.0,New Customers
17384,2011-05-04 16:07:00,2011-11-20 15:48:00,2,88,336.4,United Kingdom,12,0.0,336.4,168.2,20,200,2011-05,True,4.0,2.0,2.0,Potential Loyalists
17385,2011-11-25 11:02:00,2011-11-25 11:02:00,1,197,256.11,United Kingdom,42,0.0,256.11,256.11,15,0,2011-11,True,4.0,1.0,2.0,Promising
17386,2011-06-27 12:11:00,2011-12-02 11:28:00,6,1902,2686.42,United Kingdom,23,0.0,2686.42,447.74,8,158,2011-06,True,5.0,5.0,5.0,Champions
17387,2011-11-06 11:25:00,2011-11-20 11:00:00,2,522,746.81,United Kingdom,71,0.0,746.81,373.4,20,14,2011-11,True,4.0,2.0,3.0,Potential Loyalists
17388,2011-02-25 12:28:00,2011-09-23 10:31:00,4,1068,1259.56,United Kingdom,13,0.0,1259.56,314.89,78,210,2011-02,True,2.0,4.0,4.0,At Risk
17389,2011-01-12 15:48:00,2011-12-09 09:38:00,34,7612,31833.68,United Kingdom,45,516.2,31317.48,936.28,1,331,2011-01,True,5.0,5.0,5.0,Champions
17391,2011-06-28 12:21:00,2011-06-29 09:58:00,2,480,508.8,United Kingdom,2,0.0,508.8,254.4,164,1,2011-06,True,2.0,2.0,3.0,Hibernating
17392,2010-12-16 19:04:00,2011-02-06 12:48:00,2,275,411.27,United Kingdom,52,0.0,411.27,205.64,307,52,2010-12,True,1.0,2.0,2.0,Hibernating
17394,2011-05-04 13:22:00,2011-05-04 13:22:00,1,241,203.87,United Kingdom,4,0.0,203.87,203.87,220,0,2011-05,True,1.0,1.0,1.0,Hibernating
17396,2010-12-03 09:45:00,2011-10-31 14:12:00,7,2004,7312.8,United Kingdom,23,0.0,7312.8,1044.69,40,332,2010-12,True,3.0,5.0,5.0,Loyal Customers
17397,2011-11-17 13:58:00,2011-11-17 14:08:00,2,250,681.41,United Kingdom,88,0.0,681.41,340.7,23,0,2011-11,True,4.0,2.0,3.0,Potential Loyalists
17398,2011-03-29 13:04:00,2011-08-17 09:48:00,3,310,653.38,United Kingdom,30,0.0,653.38,217.79,115,141,2011-03,True,2.0,3.0,3.0,At Risk
17400,2010-12-21 17:16:00,2011-08-05 15:38:00,5,1088,2097.84,United Kingdom,175,0.0,2097.84,419.57,127,227,2010-12,True,2.0,4.0,5.0,At Risk
17402,2010-12-05 13:53:00,2011-12-05 10:15:00,12,700,2598.85,United Kingdom,32,0.0,2598.85,216.57,5,365,2010-12,True,5.0,5.0,5.0,Champions
17403,2011-11-03 15:18:00,2011-11-03 15:18:00,1,111,263.92,United Kingdom,32,0.0,263.92,263.92,37,0,2011-11,True,3.0,1.0,2.0,About to Sleep
17404,2010-12-14 13:28:00,2011-12-05 16:26:00,13,32744,31781.82,Sweden,109,1606.0,30175.82,2444.76,5,356,2010-12,True,5.0,5.0,5.0,Champions
17405,2011-07-12 14:17:00,2011-12-08 17:12:00,3,726,1031.41,United Kingdom,77,64.19,967.22,343.8,2,149,2011-07,True,5.0,3.0,4.0,Potential Loyalists
17406,2010-12-08 10:35:00,2011-01-10 15:07:00,3,780,2184.42,United Kingdom,99,271.7,1912.72,728.14,334,33,2010-12,True,1.0,3.0,4.0,At Risk
17408,2011-06-29 12:53:00,2011-06-29 12:53:00,1,3,32.65,United Kingdom,2,0.0,32.65,32.65,164,0,2011-06,True,2.0,1.0,1.0,Hibernating
17409,2011-04-05 16:42:00,2011-06-08 10:36:00,2,105,771.85,United Kingdom,13,0.0,771.85,385.92,185,64,2011-04,True,1.0,2.0,3.0,Hibernating
17410,2011-05-08 15:21:00,2011-11-23 15:46:00,5,616,1214.72,United Kingdom,57,0.0,1214.72,242.94,17,199,2011-05,True,4.0,4.0,4.0,Loyal Customers
17411,2011-03-23 13:44:00,2011-11-27 14:25:00,3,306,778.94,United Kingdom,39,30.0,748.94,259.65,13,249,2011-03,True,5.0,3.0,3.0,Potential Loyalists
17412,2010-12-02 16:29:00,2011-12-07 11:36:00,7,738,1258.06,United Kingdom,48,0.0,1258.06,179.72,3,370,2010-12,True,5.0,5.0,4.0,Champions
17414,2011-06-08 11:43:00,2011-10-27 12:13:00,2,2100,778.0,United Kingdom,5,0.0,778.0,389.0,44,141,2011-06,True,3.0,2.0,3.0,About to Sleep
17415,2011-09-21 12:50:00,2011-09-21 12:50:00,1,114,507.84,United Kingdom,14,0.0,507.84,507.84,80,0,2011-09,True,2.0,1.0,3.0,Hibernating
17416,2011-03-03 13:45:00,2011-11-10 12:47:00,7,4302,6893.42,United Kingdom,186,55.08,6838.34,984.77,30,252,2011-03,True,4.0,5.0,5.0,Loyal Customers
17418,2011-01-20 11:39:00,2011-10-28 13:00:00,2,289,463.46,United Kingdom,29,0.0,463.46,231.73,43,281,2011-01,True,3.0,2.0,2.0,About to Sleep
17419,2010-12-07 15:03:00,2011-11-28 13:47:00,12,1876,4226.57,United Kingdom,155,25.6,4200.97,352.21,12,356,2010-12,True,5.0,5.0,5.0,Champions
17420,2010-12-01 09:56:00,2011-10-20 14:52:00,3,265,598.83,United Kingdom,28,0.0,598.83,199.61,51,323,2010-12,True,3.0,3.0,3.0,Need Attention
17422,2011-02-16 14:44:00,2011-11-23 13:27:00,6,2253,1979.37,United Kingdom,93,126.24,1853.13,329.9,17,280,2011-02,True,4.0,5.0,4.0,Loyal Customers
17423,2011-05-06 09:14:00,2011-10-24 13:36:00,2,459,698.41,United Kingdom,26,34.78,663.63,349.2,47,171,2011-05,True,3.0,2.0,3.0,About to Sleep
17425,2011-10-10 11:37:00,2011-11-20 15:30:00,2,407,759.17,United Kingdom,42,0.0,759.17,379.58,20,41,2011-10,True,4.0,2.0,3.0,Potential Loyalists
17426,2011-03-02 16:34:00,2011-12-01 18:07:00,6,3094,5037.26,United Kingdom,179,15.0,5022.26,839.54,9,274,2011-03,True,5.0,5.0,5.0,Champions
17427,2011-09-29 11:29:00,2011-09-29 11:29:00,1,34,100.8,United Kingdom,2,0.0,100.8,100.8,72,0,2011-09,True,2.0,1.0,1.0,Hibernating
17428,2010-12-06 09:37:00,2011-12-09 09:45:00,28,9474,17256.85,United Kingdom,252,178.4,17078.45,616.32,1,368,2010-12,True,5.0,5.0,5.0,Champions
17429,2011-05-05 09:53:00,2011-08-03 13:22:00,3,624,524.92,United Kingdom,36,12.8,512.12,174.97,129,90,2011-05,True,2.0,3.0,3.0,At Risk
17430,2010-12-09 13:05:00,2011-11-07 09:24:00,2,190,265.76,United Kingdom,14,0.0,265.76,132.88,33,333,2010-12,True,3.0,2.0,2.0,About to Sleep
17431,2011-01-30 14:36:00,2011-01-30 14:36:00,1,292,403.3,United Kingdom,41,0.0,403.3,403.3,314,0,2011-01,True,1.0,1.0,2.0,Hibernating
17432,2011-11-02 17:30:00,2011-11-21 17:33:00,2,207,365.76,United Kingdom,44,0.0,365.76,182.88,19,19,2011-11,True,4.0,2.0,2.0,Potential Loyalists
17433,2011-09-12 14:24:00,2011-09-12 14:24:00,1,185,303.16,United Kingdom,53,0.0,303.16,303.16,89,0,2011-09,True,2.0,1.0,2.0,Hibernating
17434,2011-09-15 13:54:00,2011-12-07 13:16:00,7,1693,2373.82,United Kingdom,100,40.4,2333.42,339.12,3,83,2011-09,True,5.0,5.0,5.0,Champions
17436,2011-04-27 11:33:00,2011-12-08 12:30:00,2,90,216.3,United Kingdom,7,0.0,216.3,108.15,2,225,2011-04,True,5.0,2.0,1.0,Potential Loyalists
17438,2011-03-31 10:26:00,2011-03-31 10:26:00,1,103,388.45,United Kingdom,17,10.15,378.3,388.45,254,0,2011-03,True,1.0,1.0,2.0,Hibernating
17440,2011-04-06 12:05:00,2011-07-06 11:54:00,3,246,186.42,United Kingdom,3,9.32,177.1,62.14,157,91,2011-04,True,2.0,3.0,1.0,At Risk
17442,2011-02-22 13:02:00,2011-11-03 09:17:00,6,1496,2248.56,United Kingdom,96,38.3,2210.26,374.76,37,254,2011-02,True,3.0,5.0,5.0,Loyal Customers
17443,2011-05-04 10:47:00,2011-05-04 10:47:00,1,504,534.24,Canada,1,0.0,534.24,534.24,220,0,2011-05,True,1.0,1.0,3.0,Hibernating
17444,2011-06-20 09:04:00,2011-07-11 10:33:00,2,2118,2389.1,Canada,131,0.0,2389.1,1194.55,152,21,2011-06,True,2.0,2.0,5.0,Hibernating
17446,2011-02-02 14:40:00,2011-06-16 10:42:00,2,198,120.9,United Kingdom,6,0.0,120.9,60.45,177,134,2011-02,True,2.0,2.0,1.0,Hibernating
17447,2011-09-29 10:10:00,2011-10-30 14:18:00,2,443,541.53,United Kingdom,33,0.0,541.53,270.76,41,31,2011-09,True,3.0,2.0,3.0,About to Sleep
17449,2010-12-15 10:57:00,2011-12-07 16:56:00,7,1120,2516.21,United Kingdom,177,16.0,2500.21,359.46,3,357,2010-12,True,5.0,5.0,5.0,Champions
17450,2010-12-07 09:23:00,2011-12-01 13:29:00,46,69973,194390.79,United Kingdom,124,4815.26,189575.53,4225.89,9,359,2010-12,True,5.0,5.0,5.0,Champions
17451,2011-08-26 11:54:00,2011-12-08 15:02:00,7,1203,1721.4,United Kingdom,83,72.45,1648.95,245.91,2,104,2011-08,True,5.0,5.0,4.0,Champions
17453,2011-10-06 17:02:00,2011-11-22 09:42:00,2,219,486.72,United Kingdom,19,0.0,486.72,243.36,18,47,2011-10,True,4.0,2.0,3.0,Potential Loyalists
17454,2010-12-15 10:54:00,2011-05-31 13:58:00,4,243,517.53,United Kingdom,57,0.0,517.53,129.38,193,167,2010-12,True,1.0,4.0,3.0,At Risk
17455,2011-05-20 12:31:00,2011-05-20 12:31:00,1,66,131.7,United Kingdom,8,0.0,131.7,131.7,204,0,2011-05,True,1.0,1.0,1.0,Hibernating
17456,2010-12-09 15:23:00,2010-12-09 15:23:00,1,222,249.86,United Kingdom,17,0.0,249.86,249.86,366,0,2010-12,True,1.0,1.0,2.0,Hibernating
17457,2011-01-04 14:33:00,2011-08-05 12:48:00,5,826,1737.7,United Kingdom,14,0.0,1737.7,347.54,127,213,2011-01,True,2.0,4.0,4.0,At Risk
17458,2011-11-24 13:01:00,2011-11-24 13:01:00,1,170,316.5,United Kingdom,52,0.0,316.5,316.5,16,0,2011-11,True,4.0,1.0,2.0,Promising
17459,2011-10-10 17:00:00,2011-10-27 13:25:00,2,537,657.3,United Kingdom,88,0.0,657.3,328.65,44,17,2011-10,True,3.0,2.0,3.0,About to Sleep
17460,2010-12-01 16:24:00,2011-09-06 15:04:00,6,236,622.43,United Kingdom,18,169.8,452.63,103.74,95,279,2010-12,True,2.0,5.0,2.0,Can't Lose Them
17461,2011-11-10 12:01:00,2011-11-17 10:21:00,3,770,735.82,United Kingdom,104,0.0,735.82,245.27,23,7,2011-11,True,4.0,3.0,3.0,Potential Loyalists
17462,2011-02-28 17:01:00,2011-10-10 13:56:00,2,227,675.69,United Kingdom,25,12.75,662.94,337.84,61,224,2011-02,True,3.0,2.0,3.0,About to Sleep
17463,2011-01-30 15:48:00,2011-11-23 13:40:00,5,1086,1875.86,United Kingdom,162,15.05,1860.81,375.17,17,297,2011-01,True,4.0,4.0,4.0,Loyal Customers
17464,2011-07-04 13:19:00,2011-07-04 13:19:00,1,220,289.96,United Kingdom,9,0.0,289.96,289.96,159,0,2011-07,True,2.0,1.0,2.0,Hibernating
17466,2011-09-22 09:16:00,2011-11-29 13:15:00,2,306,763.28,United Kingdom,41,0.0,763.28,381.64,11,68,2011-09,True,5.0,2.0,3.0,Potential Loyalists
17468,2011-11-25 12:52:00,2011-11-29 15:33:00,2,116,137.0,United Kingdom,5,0.0,137.0,68.5,11,4,2011-11,True,5.0,2.0,1.0,Potential Loyalists
17469,2011-05-19 08:55:00,2011-11-23 13:15:00,5,787,1870.97,United Kingdom,61,27.91,1843.06,374.19,17,188,2011-05,True,4.0,4.0,4.0,Loyal Customers
17470,2010-12-07 09:57:00,2011-10-26 12:42:00,5,1675,1125.07,United Kingdom,67,0.0,1125.07,225.01,45,323,2010-12,True,3.0,4.0,4.0,Loyal Customers
17472,2011-02-13 14:40:00,2011-06-01 14:57:00,3,455,697.54,United Kingdom,142,0.0,697.54,232.51,192,108,2011-02,True,1.0,3.0,3.0,At Risk
17475,2011-09-21 14:55:00,2011-09-21 14:55:00,1,178,194.37,United Kingdom,14,0.0,194.37,194.37,80,0,2011-09,True,2.0,1.0,1.0,Hibernating
17480,2011-09-23 11:39:00,2011-09-23 11:39:00,1,338,511.82,United Kingdom,29,5.31,506.51,511.82,78,0,2011-09,True,2.0,1.0,3.0,Hibernating
17481,2011-09-07 09:57:00,2011-12-06 12:28:00,4,1061,1255.59,United Kingdom,69,6.25,1249.34,313.9,4,90,2011-09,True,5.0,4.0,4.0,Champions
17483,2011-06-09 19:40:00,2011-10-05 13:10:00,3,191,414.04,United Kingdom,18,0.0,414.04,138.01,66,118,2011-06,True,3.0,3.0,2.0,Need Attention
17486,2011-03-23 14:00:00,2011-03-23 14:00:00,1,191,396.87,United Kingdom,24,0.0,396.87,396.87,262,0,2011-03,True,1.0,1.0,2.0,Hibernating
17489,2011-05-11 11:34:00,2011-10-12 08:56:00,2,428,376.64,United Kingdom,28,0.0,376.64,188.32,59,154,2011-05,True,3.0,2.0,2.0,About to Sleep
17490,2011-06-16 09:15:00,2011-12-09 09:08:00,7,1134,2092.32,United Kingdom,63,155.49,1936.83,298.9,1,176,2011-06,True,5.0,5.0,4.0,Champions
17491,2010-12-07 12:18:00,2011-12-08 16:18:00,10,2013,3558.87,United Kingdom,72,16.95,3541.92,355.89,2,366,2010-12,True,5.0,5.0,5.0,Champions
17492,2011-04-05 15:21:00,2011-04-05 15:21:00,1,155,374.57,United Kingdom,12,0.0,374.57,374.57,249,0,2011-04,True,1.0,1.0,2.0,Hibernating
17495,2011-11-01 12:06:00,2011-12-02 12:08:00,2,229,497.56,United Kingdom,21,0.0,497.56,248.78,8,31,2011-11,True,5.0,2.0,3.0,Potential Loyalists
17496,2010-12-16 08:39:00,2010-12-16 08:39:00,1,79,271.05,United Kingdom,10,0.0,271.05,271.05,359,0,2010-12,True,1.0,1.0,2.0,Hibernating
17498,2011-09-25 12:25:00,2011-09-25 12:25:00,1,394,272.22,United Kingdom,17,0.0,272.22,272.22,76,0,2011-09,True,2.0,1.0,2.0,Hibernating
17499,2011-02-23 09:14:00,2011-02-23 09:14:00,1,711,622.88,United Kingdom,40,0.0,622.88,622.88,290,0,2011-02,True,1.0,1.0,3.0,Hibernating
17500,2011-11-10 09:08:00,2011-11-22 14:25:00,3,17,1138.0,United Kingdom,3,0.0,1138.0,379.33,18,12,2011-11,True,4.0,3.0,4.0,Potential Loyalists
17501,2011-05-03 09:46:00,2011-05-03 09:47:00,2,160,288.6,United Kingdom,18,0.0,288.6,144.3,221,0,2011-05,True,1.0,2.0,2.0,Hibernating
17502,2011-11-10 16:39:00,2011-11-30 13:13:00,4,376,689.1,United Kingdom,25,0.0,689.1,172.28,10,20,2011-11,True,5.0,4.0,3.0,Champions
17503,2011-11-01 11:12:00,2011-12-07 09:18:00,2,486,558.96,United Kingdom,36,0.0,558.96,279.48,3,36,2011-11,True,5.0,2.0,3.0,Potential Loyalists
17504,2011-01-21 11:09:00,2011-05-17 12:59:00,9,1664,2997.03,United Kingdom,112,251.75,2745.28,333.0,207,116,2011-01,True,1.0,5.0,5.0,Can't Lose Them
17505,2011-05-18 09:01:00,2011-07-01 12:50:00,2,556,1145.84,United Kingdom,48,0.0,1145.84,572.92,162,44,2011-05,True,2.0,2.0,4.0,Hibernating
17506,2011-09-25 11:39:00,2011-09-25 11:39:00,1,139,302.2,United Kingdom,14,7.91,294.29,302.2,76,0,2011-09,True,2.0,1.0,2.0,Hibernating
17507,2011-02-03 18:08:00,2011-03-23 11:48:00,2,359,605.58,United Kingdom,79,0.0,605.58,302.79,262,48,2011-02,True,1.0,2.0,3.0,Hibernating
17508,2011-03-04 08:10:00,2011-03-04 08:10:00,1,289,387.31,Greece,22,0.0,387.31,387.31,281,0,2011-03,True,1.0,1.0,2.0,Hibernating
17509,2011-10-07 13:14:00,2011-10-13 10:26:00,8,3512,6083.64,United Kingdom,75,14.4,6069.24,760.46,58,6,2011-10,True,3.0,5.0,5.0,Loyal Customers
17510,2011-11-15 10:00:00,2011-11-15 10:00:00,1,214,308.48,United Kingdom,20,0.0,308.48,308.48,25,0,2011-11,True,4.0,1.0,2.0,Promising
17511,2010-12-01 10:19:00,2011-12-07 10:12:00,31,64549,91062.38,United Kingdom,453,2924.18,88138.2,2937.5,3,371,2010-12,True,5.0,5.0,5.0,Champions
17512,2011-02-11 12:22:00,2011-11-11 12:11:00,10,2753,2924.99,United Kingdom,61,4.95,2920.04,292.5,29,273,2011-02,True,4.0,5.0,5.0,Loyal Customers
17513,2011-09-28 16:42:00,2011-09-28 16:42:00,1,254,513.2,United Kingdom,6,0.0,513.2,513.2,73,0,2011-09,True,2.0,1.0,3.0,Hibernating
17514,2011-08-03 15:45:00,2011-08-03 15:45:00,1,135,208.65,United Kingdom,40,0.0,208.65,208.65,129,0,2011-08,True,2.0,1.0,1.0,Hibernating
17515,2011-01-25 14:33:00,2011-11-08 14:04:00,4,243,639.02,United Kingdom,49,0.0,639.02,159.76,32,287,2011-01,True,4.0,4.0,3.0,Loyal Customers
17516,2011-02-27 12:41:00,2011-11-24 16:51:00,5,414,764.88,United Kingdom,113,0.0,764.88,152.98,16,270,2011-02,True,4.0,4.0,3.0,Loyal Customers
17517,2011-02-04 11:48:00,2011-02-04 11:48:00,1,102,153.94,United Kingdom,11,0.0,153.94,153.94,309,0,2011-02,True,1.0,1.0,1.0,Hibernating
17519,2010-12-06 15:18:00,2011-11-22 16:43:00,6,1236,1844.02,United Kingdom,60,4.95,1839.07,307.34,18,351,2010-12,True,4.0,5.0,4.0,Loyal Customers
17520,2011-10-17 12:04:00,2011-10-17 12:04:00,1,365,546.81,United Kingdom,30,0.0,546.81,546.81,54,0,2011-10,True,3.0,1.0,3.0,About to Sleep
17521,2011-05-24 15:14:00,2011-11-10 11:22:00,3,519,723.21,United Kingdom,38,1.25,721.96,241.07,30,170,2011-05,True,4.0,3.0,3.0,Potential Loyalists
17522,2011-05-05 16:31:00,2011-12-08 12:31:00,5,1022,1066.15,United Kingdom,58,0.0,1066.15,213.23,2,217,2011-05,True,5.0,4.0,4.0,Champions
17523,2011-11-20 13:40:00,2011-11-28 13:20:00,4,872,652.74,United Kingdom,25,0.0,652.74,163.18,12,8,2011-11,True,5.0,4.0,3.0,Champions
17524,2010-12-13 14:32:00,2010-12-13 14:32:00,1,90,145.0,United Kingdom,6,0.0,145.0,145.0,362,0,2010-12,True,1.0,1.0,1.0,Hibernating
17525,2010-12-15 12:05:00,2010-12-15 12:05:00,1,82,422.7,United Kingdom,9,0.0,422.7,422.7,360,0,2010-12,True,1.0,1.0,2.0,Hibernating
17526,2010-12-09 12:20:00,2011-12-05 11:05:00,4,310,1195.9,United Kingdom,17,489.2,706.7,298.98,5,361,2010-12,True,5.0,4.0,3.0,Champions
17527,2011-05-05 13:43:00,2011-10-17 12:32:00,4,488,939.37,United Kingdom,45,50.51,888.86,234.84,54,165,2011-05,True,3.0,4.0,3.0,Loyal Customers
17528,2011-09-29 13:04:00,2011-12-08 13:27:00,8,2138,3628.5,United Kingdom,183,88.4,3540.1,453.56,2,70,2011-09,True,5.0,5.0,5.0,Champions
17530,2010-12-09 20:01:00,2011-12-08 18:42:00,10,1511,2362.53,United Kingdom,305,0.0,2362.53,236.25,2,364,2010-12,True,5.0,5.0,5.0,Champions
17531,2011-06-02 19:17:00,2011-06-02 19:17:00,1,136,296.7,United Kingdom,14,0.0,296.7,296.7,191,0,2011-06,True,1.0,1.0,2.0,Hibernating
17534,2011-10-17 12:47:00,2011-10-17 12:47:00,1,103,223.36,United Kingdom,9,0.0,223.36,223.36,54,0,2011-10,True,3.0,1.0,1.0,About to Sleep
17535,2011-03-04 15:20:00,2011-03-04 15:20:00,1,136,164.4,United Kingdom,13,0.0,164.4,164.4,281,0,2011-03,True,1.0,1.0,1.0,Hibernating
17536,2011-06-15 13:23:00,2011-06-15 13:23:00,1,6,76.5,United Kingdom,3,0.0,76.5,76.5,178,0,2011-06,True,2.0,1.0,1.0,Hibernating
17537,2011-02-09 13:37:00,2011-11-10 10:56:00,2,699,887.67,United Kingdom,74,0.0,887.67,443.84,30,274,2011-02,True,4.0,2.0,3.0,Potential Loyalists
17538,2011-11-14 12:12:00,2011-11-14 12:12:00,1,134,98.42,United Kingdom,9,0.0,98.42,98.42,26,0,2011-11,True,4.0,1.0,1.0,Promising
17540,2011-01-27 14:35:00,2011-11-15 11:56:00,2,194,578.9,United Kingdom,20,8.5,570.4,289.45,25,292,2011-01,True,4.0,2.0,3.0,Potential Loyalists
17542,2011-03-15 11:45:00,2011-03-15 11:45:00,1,134,170.75,United Kingdom,24,0.0,170.75,170.75,270,0,2011-03,True,1.0,1.0,1.0,Hibernating
17545,2011-10-27 13:48:00,2011-10-27 14:04:00,3,337,642.32,United Kingdom,122,0.0,642.32,214.11,44,0,2011-10,True,3.0,3.0,3.0,Need Attention
17548,2011-04-20 12:01:00,2011-04-20 12:01:00,1,58,103.3,United Kingdom,5,244.78,-141.48,103.3,234,0,2011-04,False,,,,
17549,2011-10-19 10:05:00,2011-11-16 09:59:00,2,210,148.86,United Kingdom,5,0.0,148.86,74.43,24,28,2011-10,True,4.0,2.0,1.0,Potential Loyalists
17550,2011-04-10 15:19:00,2011-05-26 14:09:00,3,86,267.16,United Kingdom,42,0.0,267.16,89.05,198,46,2011-04,True,1.0,3.0,2.0,At Risk
17551,2010-12-15 14:12:00,2010-12-15 14:12:00,1,142,290.34,United Kingdom,39,0.0,290.34,290.34,360,0,2010-12,True,1.0,1.0,2.0,Hibernating
17552,2010-12-02 18:45:00,2011-10-10 17:00:00,4,719,930.41,United Kingdom,43,16.5,913.91,232.6,61,312,2010-12,True,3.0,4.0,4.0,Loyal Customers
17553,2011-08-02 10:00:00,2011-08-02 10:00:00,1,1048,1487.6,United Kingdom,2,0.0,1487.6,1487.6,130,0,2011-08,True,2.0,1.0,4.0,Hibernating
17554,2011-07-14 20:01:00,2011-12-08 14:15:00,5,1763,1952.45,United Kingdom,58,0.0,1952.45,390.49,2,147,2011-07,True,5.0,4.0,4.0,Champions
17555,2011-01-09 12:31:00,2011-11-20 12:22:00,2,348,480.31,United Kingdom,101,0.0,480.31,240.16,20,315,2011-01,True,4.0,2.0,3.0,Potential Loyalists
17556,2011-05-18 10:48:00,2011-05-18 10:48:00,1,101,157.9,United Kingdom,6,0.0,157.9,157.9,206,0,2011-05,True,1.0,1.0,1.0,Hibernating
17557,2011-09-19 14:23:00,2011-11-25 12:57:00,3,306,541.46,United Kingdom,27,0.0,541.46,180.49,15,67,2011-09,True,4.0,3.0,3.0,Potential Loyalists
17560,2011-02-02 11:14:00,2011-09-06 09:18:00,4,635,854.95,United Kingdom,22,0.0,854.95,213.74,95,216,2011-02,True,2.0,4.0,3.0,At Risk
17561,2011-11-20 12:53:00,2011-11-20 12:53:00,1,144,165.12,United Kingdom,44,0.0,165.12,165.12,20,0,2011-11,True,4.0,1.0,1.0,Promising
17562,2011-06-19 13:06:00,2011-11-25 14:21:00,7,817,1122.38,United Kingdom,48,15.0,1107.38,160.34,15,159,2011-06,True,4.0,5.0,4.0,Loyal Customers
17564,2011-09-20 14:00:00,2011-11-15 13:27:00,3,146,454.01,United Kingdom,38,0.0,454.01,151.34,25,56,2011-09,True,4.0,3.0,2.0,Potential Loyalists
17566,2011-11-14 13:42:00,2011-12-01 19:54:00,2,497,869.77,United Kingdom,113,0.0,869.77,434.88,9,17,2011-11,True,5.0,2.0,3.0,Potential Loyalists
17567,2010-12-02 15:18:00,2011-12-02 15:48:00,8,2632,4331.48,United Kingdom,110,318.92,4012.56,541.43,8,365,2010-12,True,5.0,5.0,5.0,Champions
17569,2011-01-11 14:15:00,2011-01-11 14:15:00,1,159,344.14,United Kingdom,29,0.0,344.14,344.14,333,0,2011-01,True,1.0,1.0,2.0,Hibernating
17571,2011-02-14 15:15:00,2011-10-20 15:57:00,4,875,1424.42,United Kingdom,246,0.0,1424.42,356.1,51,248,2011-02,True,3.0,4.0,4.0,Loyal Customers
17572,2010-12-01 12:51:00,2011-09-29 17:53:00,4,95,226.75,United Kingdom,7,0.0,226.75,56.69,72,302,2010-12,True,2.0,4.0,1.0,At Risk
17573,2011-09-07 10:36:00,2011-11-10 13:01:00,3,308,380.6,United Kingdom,24,17.7,362.9,126.87,30,64,2011-09,True,4.0,3.0,2.0,Potential Loyalists
17574,2011-04-11 09:47:00,2011-04-11 09:47:00,1,77,185.65,United Kingdom,8,0.0,185.65,185.65,243,0,2011-04,True,1.0,1.0,1.0,Hibernating
17576,2010-12-09 16:57:00,2011-12-01 17:56:00,19,1967,3564.83,United Kingdom,245,164.9,3399.93,187.62,9,357,2010-12,True,5.0,5.0,5.0,Champions
17578,2011-05-05 18:38:00,2011-05-05 18:38:00,1,138,143.46,United Kingdom,5,18.72,124.74,143.46,219,0,2011-05,True,1.0,1.0,1.0,Hibernating
17579,2011-06-13 14:12:00,2011-12-05 12:28:00,3,258,448.9,United Kingdom,46,8.7,440.2,149.63,5,175,2011-06,True,5.0,3.0,2.0,Potential Loyalists
17580,2010-12-16 15:27:00,2011-04-01 12:41:00,3,87,212.77,United Kingdom,42,0.0,212.77,70.92,253,106,2010-12,True,1.0,3.0,1.0,At Risk
17581,2010-12-02 14:47:00,2011-12-09 12:21:00,25,5915,11025.24,United Kingdom,229,308.93,10716.31,441.01,1,372,2010-12,True,5.0,5.0,5.0,Champions
17582,2011-04-17 13:18:00,2011-04-17 13:18:00,1,123,175.27,United Kingdom,28,0.0,175.27,175.27,237,0,2011-04,True,1.0,1.0,1.0,Hibernating
17584,2011-08-04 14:12:00,2011-12-02 17:12:00,2,458,1242.3,United Kingdom,30,15.0,1227.3,621.15,8,120,2011-08,True,5.0,2.0,4.0,Potential Loyalists
17585,2011-01-05 15:09:00,2011-08-22 13:30:00,4,1650,1116.68,United Kingdom,176,0.0,1116.68,279.17,110,229,2011-01,True,2.0,4.0,4.0,At Risk
17588,2011-04-21 10:31:00,2011-08-31 13:37:00,3,676,1240.2,United Kingdom,19,0.0,1240.2,413.4,101,132,2011-04,True,2.0,3.0,4.0,At Risk
17589,2011-04-13 13:47:00,2011-10-10 16:58:00,4,1630,2402.92,United Kingdom,171,0.0,2402.92,600.73,61,180,2011-04,True,3.0,4.0,5.0,Loyal Customers
17590,2011-10-30 14:05:00,2011-12-07 12:55:00,3,821,1466.77,United Kingdom,161,0.0,1466.77,488.92,3,38,2011-10,True,5.0,3.0,4.0,Potential Loyalists
17591,2010-12-07 15:39:00,2011-09-27 13:42:00,7,1000,2203.67,United Kingdom,81,10.95,2192.72,314.81,74,294,2010-12,True,2.0,5.0,5.0,Can't Lose Them
17593,2010-12-22 10:29:00,2011-12-06 10:30:00,5,3089,3923.86,United Kingdom,190,15.78,3908.08,784.77,4,349,2010-12,True,5.0,4.0,5.0,Champions
17594,2011-03-30 10:32:00,2011-09-15 16:34:00,2,550,993.18,United Kingdom,42,0.0,993.18,496.59,86,169,2011-03,True,2.0,2.0,4.0,Hibernating
17595,2011-11-02 16:19:00,2011-11-27 16:08:00,2,228,386.69,United Kingdom,68,0.0,386.69,193.34,13,25,2011-11,True,5.0,2.0,2.0,Potential Loyalists
17596,2010-12-06 12:34:00,2011-11-16 14:11:00,7,4376,2806.69,United Kingdom,168,0.0,2806.69,400.96,24,345,2010-12,True,4.0,5.0,5.0,Loyal Customers
17597,2011-05-10 11:54:00,2011-05-10 11:54:00,1,1176,2044.37,United Kingdom,55,0.0,2044.37,2044.37,214,0,2011-05,True,1.0,1.0,5.0,Hibernating
17600,2011-11-22 09:43:00,2011-11-22 09:43:00,1,144,161.67,United Kingdom,13,0.0,161.67,161.67,18,0,2011-11,True,4.0,1.0,1.0,Promising
17601,2011-04-14 18:02:00,2011-04-14 18:02:00,1,103,116.01,United Kingdom,9,0.0,116.01,116.01,240,0,2011-04,True,1.0,1.0,1.0,Hibernating
17602,2011-01-19 16:18:00,2011-12-07 13:53:00,6,4116,5054.42,United Kingdom,335,52.2,5002.22,842.4,3,322,2011-01,True,5.0,5.0,5.0,Champions
17603,2011-09-22 14:18:00,2011-09-22 14:18:00,1,74,394.72,United Kingdom,11,3.75,390.97,394.72,79,0,2011-09,True,2.0,1.0,2.0,Hibernating
17604,2011-01-31 15:09:00,2011-05-06 13:43:00,2,169,309.36,United Kingdom,57,0.0,309.36,154.68,218,95,2011-01,True,1.0,2.0,2.0,Hibernating
17608,2011-11-06 13:00:00,2011-11-06 13:06:00,2,229,191.99,United Kingdom,54,0.0,191.99,96.0,34,0,2011-11,True,3.0,2.0,1.0,About to Sleep
17609,2011-01-16 16:23:00,2011-10-30 12:28:00,5,692,1098.28,United Kingdom,198,8.3,1089.98,219.66,41,287,2011-01,True,3.0,4.0,4.0,Loyal Customers
17611,2010-12-13 13:52:00,2011-12-02 13:29:00,15,2550,3961.12,United Kingdom,440,36.35,3924.77,264.07,8,354,2010-12,True,5.0,5.0,5.0,Champions
17612,2011-02-15 10:40:00,2011-10-17 14:59:00,6,1808,2048.45,United Kingdom,116,48.13,2000.32,341.41,54,244,2011-02,True,3.0,5.0,5.0,Loyal Customers
17613,2011-02-07 11:20:00,2011-11-17 10:51:00,14,2490,4544.55,United Kingdom,211,49.78,4494.77,324.61,23,283,2011-02,True,4.0,5.0,5.0,Loyal Customers
17614,2011-10-13 16:01:00,2011-10-13 16:01:00,1,235,386.32,United Kingdom,97,0.0,386.32,386.32,58,0,2011-10,True,3.0,1.0,2.0,About to Sleep
17615,2011-05-01 15:33:00,2011-08-01 14:06:00,3,140,329.6,United Kingdom,13,0.0,329.6,109.87,131,92,2011-05,True,2.0,3.0,2.0,At Risk
17616,2010-12-07 10:04:00,2011-06-19 10:11:00,3,224,571.2,United Kingdom,1,0.0,571.2,190.4,174,194,2010-12,True,2.0,3.0,3.0,At Risk
17618,2010-12-12 16:05:00,2011-12-04 11:50:00,3,319,930.28,United Kingdom,56,0.0,930.28,310.09,6,357,2010-12,True,5.0,3.0,4.0,Potential Loyalists
17619,2011-01-31 14:18:00,2011-01-31 14:18:00,1,124,214.37,United Kingdom,71,0.0,214.37,214.37,313,0,2011-01,True,1.0,1.0,1.0,Hibernating
17620,2011-10-11 12:08:00,2011-10-11 12:08:00,1,60,81.44,United Kingdom,4,0.0,81.44,81.44,60,0,2011-10,True,3.0,1.0,1.0,About to Sleep
17621,2010-12-20 13:31:00,2011-11-18 17:11:00,3,514,1379.9,United Kingdom,24,43.8,1336.1,459.97,22,333,2010-12,True,4.0,3.0,4.0,Potential Loyalists
17623,2011-11-07 11:32:00,2011-11-07 11:32:00,1,265,527.05,United Kingdom,33,0.0,527.05,527.05,33,0,2011-11,True,3.0,1.0,3.0,About to Sleep
17624,2011-05-05 17:59:00,2011-11-25 10:52:00,2,554,843.48,United Kingdom,49,0.0,843.48,421.74,15,204,2011-05,True,4.0,2.0,3.0,Potential Loyalists
17625,2011-03-27 12:21:00,2011-11-21 13:36:00,4,1180,2020.4,United Kingdom,223,0.0,2020.4,505.1,19,239,2011-03,True,4.0,4.0,5.0,Loyal Customers
17628,2011-09-19 15:21:00,2011-09-19 15:21:00,1,79,75.75,United Kingdom,5,0.0,75.75,75.75,82,0,2011-09,True,2.0,1.0,1.0,Hibernating
17629,2010-12-15 09:58:00,2011-12-04 10:56:00,8,1629,1814.12,United Kingdom,106,30.0,1784.12,226.76,6,354,2010-12,True,5.0,5.0,4.0,Champions
17630,2011-04-21 14:03:00,2011-06-23 11:58:00,2,158,503.6,United Kingdom,24,0.0,503.6,251.8,170,63,2011-04,True,2.0,2.0,3.0,Hibernating
17631,2011-04-21 13:22:00,2011-12-08 09:47:00,3,334,528.33,United Kingdom,39,0.0,528.33,176.11,2,231,2011-04,True,5.0,3.0,3.0,Potential Loyalists
17633,2011-08-11 15:43:00,2011-11-08 13:25:00,4,644,1324.84,United Kingdom,59,82.5,1242.34,331.21,32,89,2011-08,True,4.0,4.0,4.0,Loyal Customers
17634,2011-01-06 12:45:00,2011-11-03 13:09:00,9,838,2358.59,United Kingdom,209,0.0,2358.59,262.07,37,301,2011-01,True,3.0,5.0,5.0,Loyal Customers
17636,2011-11-20 14:40:00,2011-11-20 14:40:00,1,182,285.56,United Kingdom,20,19.63,265.93,285.56,20,0,2011-11,True,4.0,1.0,2.0,Promising
17637,2011-08-16 13:25:00,2011-11-08 12:51:00,2,280,547.06,United Kingdom,35,0.0,547.06,273.53,32,84,2011-08,True,4.0,2.0,3.0,Potential Loyalists
17639,2011-03-08 15:22:00,2011-03-08 15:22:00,1,49,108.5,United Kingdom,7,0.0,108.5,108.5,277,0,2011-03,True,1.0,1.0,1.0,Hibernating
17640,2011-09-14 09:13:00,2011-09-14 09:13:00,1,250,621.66,United Kingdom,5,0.0,621.66,621.66,87,0,2011-09,True,2.0,1.0,3.0,Hibernating
17642,2011-06-16 12:55:00,2011-08-12 09:11:00,2,474,712.29,United Kingdom,34,0.0,712.29,356.14,120,57,2011-06,True,2.0,2.0,3.0,Hibernating
17643,2010-12-01 14:38:00,2010-12-01 14:38:00,1,71,101.55,United Kingdom,8,0.0,101.55,101.55,374,0,2010-12,True,1.0,1.0,1.0,Hibernating
17644,2011-03-24 09:44:00,2011-12-08 13:43:00,11,1793,2895.64,United Kingdom,102,126.66,2768.98,263.24,2,259,2011-03,True,5.0,5.0,5.0,Champions
17646,2010-12-09 14:28:00,2011-05-04 13:17:00,3,323,1008.39,United Kingdom,46,12.73,995.66,336.13,220,146,2010-12,True,1.0,3.0,4.0,At Risk
17647,2011-10-05 15:38:00,2011-10-05 15:38:00,1,30,133.06,United Kingdom,7,0.0,133.06,133.06,66,0,2011-10,True,3.0,1.0,1.0,About to Sleep
17648,2011-04-04 10:29:00,2011-10-10 09:41:00,4,487,1797.5,United Kingdom,81,7.95,1789.55,449.38,61,189,2011-04,True,3.0,4.0,4.0,Loyal Customers
17649,2011-07-24 15:53:00,2011-07-24 15:53:00,1,399,868.49,United Kingdom,52,6.75,861.74,868.49,139,0,2011-07,True,2.0,1.0,3.0,Hibernating
17650,2011-11-18 14:52:00,2011-11-18 14:52:00,1,150,166.08,United Kingdom,8,0.0,166.08,166.08,22,0,2011-11,True,4.0,1.0,1.0,Promising
17651,2011-06-15 15:57:00,2011-11-28 10:29:00,10,3112,3945.0,United Kingdom,149,58.33,3886.67,394.5,12,166,2011-06,True,5.0,5.0,5.0,Champions
17652,2011-03-03 14:05:00,2011-11-14 12:55:00,12,2509,4867.72,United Kingdom,118,130.59,4737.13,405.64,26,256,2011-03,True,4.0,5.0,5.0,Loyal Customers
17653,2011-08-11 15:24:00,2011-11-03 12:46:00,4,1409,1207.56,United Kingdom,44,31.68,1175.88,301.89,37,84,2011-08,True,3.0,4.0,4.0,Loyal Customers
17654,2011-03-07 13:17:00,2011-03-07 13:17:00,1,41,117.55,United Kingdom,22,0.0,117.55,117.55,278,0,2011-03,True,1.0,1.0,1.0,Hibernating
17655,2010-12-08 16:45:00,2011-11-29 11:34:00,7,1116,2638.94,United Kingdom,66,67.2,2571.74,376.99,11,356,2010-12,True,5.0,5.0,5.0,Champions
17656,2011-08-03 10:45:00,2011-09-27 13:04:00,5,1399,1674.69,United Kingdom,67,0.0,1674.69,334.94,74,55,2011-08,True,2.0,4.0,4.0,At Risk
17658,2011-05-12 15:23:00,2011-11-14 12:07:00,2,616,595.42,United Kingdom,17,109.54,485.88,297.71,26,186,2011-05,True,4.0,2.0,3.0,Potential Loyalists
17659,2010-12-02 16:46:00,2011-11-22 13:29:00,12,1525,2999.46,United Kingdom,127,44.71,2954.75,249.96,18,355,2010-12,True,4.0,5.0,5.0,Loyal Customers
17660,2011-07-21 13:37:00,2011-07-21 13:37:00,1,121,178.75,United Kingdom,37,0.0,178.75,178.75,142,0,2011-07,True,2.0,1.0,1.0,Hibernating
17663,2011-02-25 14:11:00,2011-11-14 08:56:00,7,797,1802.91,United Kingdom,63,14.64,1788.27,257.56,26,262,2011-02,True,4.0,5.0,4.0,Loyal Customers
17664,2011-05-11 14:17:00,2011-11-21 11:29:00,2,604,604.64,United Kingdom,41,0.0,604.64,302.32,19,194,2011-05,True,4.0,2.0,3.0,Potential Loyalists
17666,2011-10-05 11:06:00,2011-12-06 09:06:00,2,596,728.16,United Kingdom,14,0.0,728.16,364.08,4,62,2011-10,True,5.0,2.0,3.0,Potential Loyalists
17667,2011-02-14 09:24:00,2011-10-04 14:32:00,5,1033,2055.51,United Kingdom,85,0.0,2055.51,411.1,67,232,2011-02,True,3.0,4.0,5.0,Loyal Customers
17668,2011-11-01 14:45:00,2011-12-08 13:25:00,2,93,347.75,United Kingdom,14,0.0,347.75,173.88,2,37,2011-11,True,5.0,2.0,2.0,Potential Loyalists
17669,2011-04-04 10:11:00,2011-10-28 08:53:00,7,1916,3406.72,United Kingdom,45,0.0,3406.72,486.67,43,207,2011-04,True,3.0,5.0,5.0,Loyal Customers
17670,2011-04-26 09:12:00,2011-04-26 09:12:00,1,110,205.7,United Kingdom,11,0.0,205.7,205.7,228,0,2011-04,True,1.0,1.0,1.0,Hibernating
17671,2010-12-09 14:27:00,2011-11-24 12:21:00,4,772,1572.71,United Kingdom,40,288.63,1284.08,393.18,16,350,2010-12,True,4.0,4.0,4.0,Loyal Customers
17672,2011-02-03 13:29:00,2011-10-20 14:18:00,2,1690,3178.17,United Kingdom,105,71.55,3106.62,1589.08,51,259,2011-02,True,3.0,2.0,5.0,About to Sleep
17673,2011-01-23 15:16:00,2011-12-08 12:50:00,6,1462,1594.97,United Kingdom,118,6.9,1588.07,265.83,2,319,2011-01,True,5.0,5.0,4.0,Champions
17674,2010-12-06 10:20:00,2011-09-26 13:35:00,2,672,551.04,United Kingdom,19,0.0,551.04,275.52,75,294,2010-12,True,2.0,2.0,3.0,Hibernating
17675,2010-12-07 13:22:00,2011-12-08 18:03:00,31,8360,20374.28,United Kingdom,239,276.18,20098.1,657.23,2,366,2010-12,True,5.0,5.0,5.0,Champions
17676,2010-12-08 13:49:00,2011-12-05 15:16:00,6,922,1371.18,United Kingdom,49,0.0,1371.18,228.53,5,362,2010-12,True,5.0,5.0,4.0,Champions
17677,2010-12-06 08:42:00,2011-12-08 09:56:00,30,9772,16345.38,United Kingdom,178,144.01,16201.37,544.85,2,367,2010-12,True,5.0,5.0,5.0,Champions
17678,2011-03-21 11:52:00,2011-03-21 11:52:00,1,207,298.11,United Kingdom,16,0.0,298.11,298.11,264,0,2011-03,True,1.0,1.0,2.0,Hibernating
17679,2011-09-15 10:35:00,2011-10-18 07:43:00,2,729,1992.11,United Kingdom,29,0.0,1992.11,996.06,53,33,2011-09,True,3.0,2.0,4.0,About to Sleep
17680,2011-11-16 12:42:00,2011-11-16 12:42:00,1,96,184.4,United Kingdom,11,0.0,184.4,184.4,24,0,2011-11,True,4.0,1.0,1.0,Promising
17682,2010-12-06 13:35:00,2011-11-29 15:59:00,6,1367,2474.33,United Kingdom,48,15.0,2459.33,412.39,11,358,2010-12,True,5.0,5.0,5.0,Champions
17684,2011-10-27 11:10:00,2011-10-27 11:10:00,1,145,239.41,United Kingdom,15,0.0,239.41,239.41,44,0,2011-10,True,3.0,1.0,1.0,About to Sleep
17685,2010-12-02 14:42:00,2011-11-23 11:36:00,7,1907,3155.83,United Kingdom,88,0.0,3155.83,450.83,17,356,2010-12,True,4.0,5.0,5.0,Loyal Customers
17686,2011-02-10 10:18:00,2011-12-02 15:39:00,7,2478,5739.46,United Kingdom,205,0.0,5739.46,819.92,8,295,2011-02,True,5.0,5.0,5.0,Champions
17690,2010-12-01 16:15:00,2011-11-09 15:17:00,15,1769,4726.8,United Kingdom,186,9.5,4717.3,315.12,31,343,2010-12,True,4.0,5.0,5.0,Loyal Customers
17691,2010-12-06 11:10:00,2010-12-16 17:20:00,2,134,290.4,United Kingdom,18,0.0,290.4,145.2,359,10,2010-12,True,1.0,2.0,2.0,Hibernating
17692,2010-12-15 13:37:00,2011-08-04 14:01:00,4,624,725.58,United Kingdom,33,7.5,718.08,181.4,128,232,2010-12,True,2.0,4.0,3.0,At Risk
17693,2011-07-25 15:48:00,2011-07-25 15:48:00,1,231,200.47,United Kingdom,16,13.45,187.02,200.47,138,0,2011-07,True,2.0,1.0,1.0,Hibernating
17694,2011-07-21 12:00:00,2011-07-21 12:00:00,1,184,283.12,United Kingdom,15,0.0,283.12,283.12,142,0,2011-07,True,2.0,1.0,2.0,Hibernating
17695,2011-06-21 12:35:00,2011-07-31 10:40:00,2,779,765.34,United Kingdom,30,0.0,765.34,382.67,132,40,2011-06,True,2.0,2.0,3.0,Hibernating
17696,2010-12-10 09:51:00,2011-11-01 13:43:00,8,1756,2285.71,United Kingdom,78,84.66,2201.05,285.71,39,326,2010-12,True,3.0,5.0,5.0,Loyal Customers
17697,2011-04-17 15:40:00,2011-04-17 15:40:00,1,93,338.95,United Kingdom,19,0.0,338.95,338.95,237,0,2011-04,True,1.0,1.0,2.0,Hibernating
17698,2011-03-24 11:34:00,2011-03-24 11:34:00,1,93,154.95,United Kingdom,8,0.0,154.95,154.95,261,0,2011-03,True,1.0,1.0,1.0,Hibernating
17700,2011-03-03 16:34:00,2011-11-23 11:51:00,4,1266,2534.64,United Kingdom,116,25.75,2508.89,633.66,17,265,2011-03,True,4.0,4.0,5.0,Loyal Customers
17701,2011-04-01 12:25:00,2011-04-01 12:25:00,1,109,417.95,United Kingdom,24,0.0,417.95,417.95,253,0,2011-04,True,1.0,1.0,2.0,Hibernating
17702,2011-05-17 16:23:00,2011-11-09 16:03:00,4,1353,1824.37,United Kingdom,58,104.65,1719.72,456.09,31,176,2011-05,True,4.0,4.0,4.0,Loyal Customers
17703,2011-07-24 13:30:00,2011-11-04 15:51:00,3,590,798.74,United Kingdom,47,0.0,798.74,266.25,36,103,2011-07,True,3.0,3.0,3.0,Need Attention
17704,2011-04-14 09:28:00,2011-06-24 09:40:00,2,343,885.19,United Kingdom,27,0.0,885.19,442.6,169,71,2011-04,True,2.0,2.0,3.0,Hibernating
17705,2011-02-11 10:57:00,2011-12-06 13:45:00,9,963,1823.52,United Kingdom,63,42.4,1781.12,202.61,4,298,2011-02,True,5.0,5.0,4.0,Champions
17706,2010-12-08 11:02:00,2011-12-05 13:34:00,17,3899,10504.49,United Kingdom,270,407.12,10097.37,617.91,5,362,2010-12,True,5.0,5.0,5.0,Champions
17707,2011-01-07 13:30:00,2011-06-07 15:03:00,2,144,152.4,United Kingdom,3,0.0,152.4,76.2,186,151,2011-01,True,1.0,2.0,1.0,Hibernating
17708,2011-01-19 10:09:00,2011-06-05 10:12:00,2,90,263.33,United Kingdom,28,0.0,263.33,131.66,188,137,2011-01,True,1.0,2.0,2.0,Hibernating
17709,2011-06-23 11:55:00,2011-06-23 11:55:00,1,17,137.45,United Kingdom,7,0.0,137.45,137.45,170,0,2011-06,True,2.0,1.0,1.0,Hibernating
17711,2011-02-23 11:32:00,2011-11-29 11:40:00,2,246,385.1,United Kingdom,22,0.0,385.1,192.55,11,279,2011-02,True,5.0,2.0,2.0,Potential Loyalists
17712,2011-10-26 12:28:00,2011-10-26 12:28:00,1,215,522.91,United Kingdom,29,0.0,522.91,522.91,45,0,2011-10,True,3.0,1.0,3.0,About to Sleep
17714,2011-01-23 10:32:00,2011-01-23 10:32:00,1,92,153.0,United Kingdom,10,0.0,153.0,153.0,321,0,2011-01,True,1.0,1.0,1.0,Hibernating
17715,2011-05-23 12:32:00,2011-05-23 12:32:00,1,384,326.4,United Kingdom,1,0.0,326.4,326.4,201,0,2011-05,True,1.0,1.0,2.0,Hibernating
17716,2011-03-17 10:38:00,2011-11-17 12:00:00,11,3072,5655.99,United Kingdom,171,150.2,5505.79,514.18,23,245,2011-03,True,4.0,5.0,5.0,Loyal Customers
17718,2011-04-21 13:39:00,2011-04-21 13:39:00,1,83,139.35,United Kingdom,6,0.0,139.35,139.35,233,0,2011-04,True,1.0,1.0,1.0,Hibernating
17719,2011-03-29 11:29:00,2011-11-02 10:36:00,15,2466,5396.04,United Kingdom,111,28.24,5367.8,359.74,38,218,2011-03,True,3.0,5.0,5.0,Loyal Customers
17720,2010-12-07 10:43:00,2011-11-13 15:04:00,4,576,1195.94,United Kingdom,39,0.0,1195.94,298.98,27,341,2010-12,True,4.0,4.0,4.0,Loyal Customers
17722,2010-12-08 12:41:00,2011-09-04 15:22:00,4,1595,2424.04,United Kingdom,111,43.4,2380.64,606.01,97,270,2010-12,True,2.0,4.0,5.0,At Risk
17723,2011-05-09 14:44:00,2011-08-04 18:37:00,6,792,3276.4,United Kingdom,4,0.0,3276.4,546.07,128,87,2011-05,True,2.0,5.0,5.0,Can't Lose Them
17724,2011-07-24 13:26:00,2011-09-29 15:26:00,3,300,1033.0,United Kingdom,38,37.35,995.65,344.33,72,67,2011-07,True,2.0,3.0,4.0,At Risk
17725,2011-03-17 19:47:00,2011-11-23 16:34:00,11,2162,3439.08,United Kingdom,115,67.95,3371.13,312.64,17,251,2011-03,True,4.0,5.0,5.0,Loyal Customers
17727,2011-11-24 17:06:00,2011-11-24 17:06:00,1,645,1060.25,United Kingdom,66,17.7,1042.55,1060.25,16,0,2011-11,True,4.0,1.0,4.0,Promising
17728,2011-09-14 11:39:00,2011-12-06 08:52:00,3,1469,2876.01,United Kingdom,153,15.3,2860.71,958.67,4,83,2011-09,True,5.0,3.0,5.0,Potential Loyalists
17730,2011-01-17 14:49:00,2011-12-06 15:43:00,13,3576,5298.48,United Kingdom,127,9.65,5288.83,407.58,4,323,2011-01,True,5.0,5.0,5.0,Champions
17731,2011-06-09 14:18:00,2011-09-21 15:02:00,4,493,1240.11,United Kingdom,54,361.91,878.2,310.03,80,104,2011-06,True,2.0,4.0,3.0,At Risk
17732,2010-12-02 09:29:00,2010-12-02 09:29:00,1,93,303.97,United Kingdom,18,0.0,303.97,303.97,373,0,2010-12,True,1.0,1.0,2.0,Hibernating
17733,2011-03-23 09:54:00,2011-11-01 08:16:00,2,463,692.19,United Kingdom,33,0.0,692.19,346.1,39,223,2011-03,True,3.0,2.0,3.0,About to Sleep
17734,2011-04-20 10:04:00,2011-10-17 12:33:00,3,422,700.63,United Kingdom,40,0.0,700.63,233.54,54,180,2011-04,True,3.0,3.0,3.0,Need Attention
17735,2010-12-07 10:32:00,2011-12-07 16:47:00,19,8439,13110.02,United Kingdom,319,0.0,13110.02,690.0,3,365,2010-12,True,5.0,5.0,5.0,Champions
17736,2011-08-18 14:33:00,2011-11-30 15:36:00,3,238,377.44,United Kingdom,24,39.95,337.49,125.81,10,104,2011-08,True,5.0,3.0,2.0,Potential Loyalists
17737,2011-10-12 14:42:00,2011-11-30 15:16:00,2,108,168.24,United Kingdom,8,0.0,168.24,84.12,10,49,2011-10,True,5.0,2.0,1.0,Potential Loyalists
17738,2011-03-02 16:26:00,2011-11-20 15:05:00,4,1029,1879.05,United Kingdom,89,15.7,1863.35,469.76,20,263,2011-03,True,4.0,4.0,4.0,Loyal Customers
17739,2010-12-14 14:26:00,2011-11-28 09:12:00,7,861,2791.35,United Kingdom,29,5.3,2786.05,398.76,12,349,2010-12,True,5.0,5.0,5.0,Champions
17742,2011-01-11 10:04:00,2011-08-18 15:28:00,2,89,355.11,United Kingdom,13,0.0,355.11,177.56,114,219,2011-01,True,2.0,2.0,2.0,Hibernating
17744,2010-12-16 14:17:00,2011-12-06 12:11:00,6,3412,2322.4,United Kingdom,110,0.0,2322.4,387.07,4,355,2010-12,True,5.0,5.0,5.0,Champions
17746,2011-04-13 14:31:00,2011-04-13 14:31:00,1,29,110.25,United Kingdom,6,11.45,98.8,110.25,241,0,2011-04,True,1.0,1.0,1.0,Hibernating
17747,2011-08-19 08:13:00,2011-08-19 08:13:00,1,12,71.4,United Kingdom,1,6.75,64.65,71.4,113,0,2011-08,True,2.0,1.0,1.0,Hibernating
17749,2011-03-28 13:39:00,2011-06-14 15:45:00,2,320,674.52,United Kingdom,33,0.0,674.52,337.26,179,78,2011-03,True,2.0,2.0,3.0,Hibernating
17750,2011-06-28 15:44:00,2011-12-04 14:09:00,9,3696,1694.16,United Kingdom,100,0.0,1694.16,188.24,6,159,2011-06,True,5.0,5.0,4.0,Champions
17752,2010-12-15 16:19:00,2010-12-15 16:19:00,1,192,80.64,United Kingdom,1,0.0,80.64,80.64,360,0,2010-12,True,1.0,1.0,1.0,Hibernating
17754,2011-03-24 13:54:00,2011-12-09 11:20:00,5,1816,1664.65,United Kingdom,82,32.34,1632.31,332.93,1,260,2011-03,True,5.0,4.0,4.0,Champions
17757,2010-12-02 17:17:00,2011-12-08 15:31:00,30,3317,5589.44,United Kingdom,274,19.8,5569.64,186.31,2,371,2010-12,True,5.0,5.0,5.0,Champions
17758,2011-04-03 15:22:00,2011-11-20 14:45:00,8,2054,3408.2,United Kingdom,310,0.0,3408.2,426.02,20,231,2011-04,True,4.0,5.0,5.0,Loyal Customers
17759,2011-06-23 13:35:00,2011-11-22 16:02:00,3,696,818.71,United Kingdom,81,0.0,818.71,272.9,18,152,2011-06,True,4.0,3.0,3.0,Potential Loyalists
17760,2010-12-01 15:08:00,2011-11-18 10:56:00,2,239,287.59,United Kingdom,25,0.0,287.59,143.79,22,352,2010-12,True,4.0,2.0,2.0,Potential Loyalists
17761,2011-11-07 10:23:00,2011-11-07 10:23:00,1,398,712.78,United Kingdom,19,0.0,712.78,712.78,33,0,2011-11,True,3.0,1.0,3.0,About to Sleep
17763,2011-03-21 14:25:00,2011-03-21 14:25:00,1,12,15.0,United Kingdom,1,0.0,15.0,15.0,264,0,2011-03,True,1.0,1.0,1.0,Hibernating
17764,2011-05-12 16:11:00,2011-10-20 11:03:00,2,351,772.55,United Kingdom,71,0.0,772.55,386.28,51,161,2011-05,True,3.0,2.0,3.0,About to Sleep
17765,2011-03-28 11:58:00,2011-07-04 12:41:00,3,143,367.63,United Kingdom,51,0.0,367.63,122.54,159,98,2011-03,True,2.0,3.0,2.0,At Risk
17767,2011-11-24 14:42:00,2011-11-24 14:42:00,1,128,271.2,United Kingdom,21,0.0,271.2,271.2,16,0,2011-11,True,4.0,1.0,2.0,Promising
17768,2011-06-26 13:46:00,2011-12-01 13:22:00,3,1122,2081.9,United Kingdom,77,0.0,2081.9,693.97,9,158,2011-06,True,5.0,3.0,5.0,Potential Loyalists
17769,2011-01-23 11:15:00,2011-11-27 11:18:00,10,1850,3957.43,United Kingdom,200,37.35,3920.08,395.74,13,308,2011-01,True,5.0,5.0,5.0,Champions
17770,2011-03-02 13:35:00,2011-05-25 12:34:00,5,365,1143.27,United Kingdom,33,0.0,1143.27,228.65,199,84,2011-03,True,1.0,4.0,4.0,At Risk
17771,2011-01-20 14:13:00,2011-10-14 11:43:00,2,283,245.33,United Kingdom,50,0.0,245.33,122.66,57,267,2011-01,True,3.0,2.0,2.0,About to Sleep
17772,2011-11-29 10:57:00,2011-11-29 11:05:00,2,55,173.45,United Kingdom,50,0.0,173.45,86.72,11,0,2011-11,True,5.0,2.0,1.0,Potential Loyalists
17774,2011-02-07 13:13:00,2011-09-04 12:49:00,4,508,1213.73,United Kingdom,123,9.95,1203.78,303.43,97,209,2011-02,True,2.0,4.0,4.0,At Risk
17775,2011-03-30 10:50:00,2011-03-30 10:50:00,1,72,56.4,United Kingdom,3,0.0,56.4,56.4,255,0,2011-03,True,1.0,1.0,1.0,Hibernating
17777,2011-08-31 14:35:00,2011-11-15 12:02:00,3,501,647.56,United Kingdom,141,0.0,647.56,215.85,25,76,2011-08,True,4.0,3.0,3.0,Potential Loyalists
17779,2011-07-19 12:19:00,2011-11-18 14:15:00,3,396,650.32,United Kingdom,73,16.4,633.92,216.77,22,122,2011-07,True,4.0,3.0,3.0,Potential Loyalists
17781,2011-03-31 19:54:00,2011-07-03 16:00:00,2,34,188.02,United Kingdom,12,0.0,188.02,94.01,160,94,2011-03,True,2.0,2.0,1.0,Hibernating
17783,2011-04-06 10:07:00,2011-09-28 16:07:00,2,354,283.47,United Kingdom,67,0.0,283.47,141.74,73,175,2011-04,True,2.0,2.0,2.0,Hibernating
17785,2011-10-17 13:43:00,2011-10-17 13:43:00,1,67,131.94,United Kingdom,13,0.0,131.94,131.94,54,0,2011-10,True,3.0,1.0,1.0,About to Sleep
17786,2011-01-26 14:35:00,2011-09-15 12:51:00,2,195,266.85,United Kingdom,57,0.0,266.85,133.43,86,232,2011-01,True,2.0,2.0,2.0,Hibernating
17787,2010-12-03 13:43:00,2011-07-10 11:24:00,4,896,1817.54,United Kingdom,94,0.0,1817.54,454.38,153,219,2010-12,True,2.0,4.0,4.0,At Risk
17788,2011-08-02 10:38:00,2011-09-27 10:09:00,2,210,1112.95,United Kingdom,2,0.0,1112.95,556.48,74,56,2011-08,True,2.0,2.0,4.0,Hibernating
17789,2011-03-03 13:14:00,2011-03-03 13:14:00,1,74,225.9,United Kingdom,14,0.0,225.9,225.9,282,0,2011-03,True,1.0,1.0,1.0,Hibernating
17790,2010-12-10 10:47:00,2011-11-13 11:30:00,14,835,1964.3,United Kingdom,121,0.0,1964.3,140.31,27,338,2010-12,True,4.0,5.0,4.0,Loyal Customers
17791,2011-11-10 12:09:00,2011-11-10 12:09:00,1,46,106.1,United Kingdom,10,0.0,106.1,106.1,30,0,2011-11,True,4.0,1.0,1.0,Promising
17793,2011-11-14 14:24:00,2011-11-14 14:24:00,1,226,300.34,United Kingdom,49,0.0,300.34,300.34,26,0,2011-11,True,4.0,1.0,2.0,Promising
17795,2011-03-20 12:02:00,2011-06-13 12:36:00,2,305,342.83,United Kingdom,43,0.0,342.83,171.42,180,85,2011-03,True,1.0,2.0,2.0,Hibernating
17796,2010-12-05 12:23:00,2011-10-30 15:38:00,4,176,690.0,United Kingdom,63,0.0,690.0,172.5,41,329,2010-12,True,3.0,4.0,3.0,Loyal Customers
17797,2011-06-10 11:29:00,2011-11-17 13:21:00,3,498,780.43,United Kingdom,102,0.0,780.43,260.14,23,160,2011-06,True,4.0,3.0,3.0,Potential Loyalists
17799,2010-12-13 13:10:00,2011-11-17 15:16:00,10,1753,3039.17,United Kingdom,280,29.85,3009.32,303.92,23,339,2010-12,True,4.0,5.0,5.0,Loyal Customers
17800,2011-01-09 13:50:00,2011-11-02 12:57:00,9,731,1186.21,United Kingdom,50,0.0,1186.21,131.8,38,297,2011-01,True,3.0,5.0,4.0,Loyal Customers
17802,2010-12-02 13:44:00,2011-09-18 14:56:00,3,752,1285.04,United Kingdom,102,33.2,1251.84,428.35,83,290,2010-12,True,2.0,3.0,4.0,At Risk
17805,2011-09-27 11:49:00,2011-09-27 11:49:00,1,478,512.31,United Kingdom,10,0.0,512.31,512.31,74,0,2011-09,True,2.0,1.0,3.0,Hibernating
17806,2011-11-28 14:12:00,2011-11-28 14:12:00,1,727,546.04,United Kingdom,43,0.0,546.04,546.04,12,0,2011-11,True,5.0,1.0,3.0,New Customers
17809,2010-12-01 09:41:00,2011-11-23 12:59:00,12,2057,5411.91,United Kingdom,46,67.06,5344.85,450.99,17,357,2010-12,True,4.0,5.0,5.0,Loyal Customers
17811,2011-01-10 10:58:00,2011-12-05 13:46:00,39,4145,7755.12,United Kingdom,358,160.02,7595.1,198.85,5,329,2011-01,True,5.0,5.0,5.0,Champions
17812,2010-12-06 15:27:00,2011-11-27 11:47:00,4,329,699.81,United Kingdom,113,0.0,699.81,174.95,13,356,2010-12,True,5.0,4.0,3.0,Champions
17813,2011-09-29 15:57:00,2011-11-25 16:13:00,5,752,1698.07,United Kingdom,297,56.28,1641.79,339.61,15,57,2011-09,True,4.0,4.0,4.0,Loyal Customers
17816,2010-12-09 14:10:00,2011-11-03 11:34:00,4,30,36.56,United Kingdom,16,0.0,36.56,9.14,37,329,2010-12,True,3.0,4.0,1.0,Loyal Customers
17817,2011-03-07 17:30:00,2011-12-05 14:39:00,3,67,387.68,United Kingdom,32,0.0,387.68,129.23,5,273,2011-03,True,5.0,3.0,2.0,Potential Loyalists
17819,2010-12-03 14:26:00,2011-09-29 10:52:00,7,1031,3704.87,United Kingdom,36,43.8,3661.07,529.27,72,300,2010-12,True,2.0,5.0,5.0,Can't Lose Them
17824,2011-10-19 14:14:00,2011-10-19 14:14:00,1,408,298.4,United Kingdom,13,0.0,298.4,298.4,52,0,2011-10,True,3.0,1.0,2.0,About to Sleep
17827,2010-12-10 10:18:00,2011-12-04 15:00:00,5,1240,1987.33,United Kingdom,190,0.0,1987.33,397.47,6,359,2010-12,True,5.0,4.0,4.0,Champions
17828,2011-06-08 08:31:00,2011-11-17 08:41:00,4,655,1165.09,Malta,53,90.12,1074.97,291.27,23,162,2011-06,True,4.0,4.0,4.0,Loyal Customers
17829,2011-02-14 12:46:00,2011-02-14 12:46:00,1,496,889.24,United Arab Emirates,30,0.0,889.24,889.24,299,0,2011-02,True,1.0,1.0,3.0,Hibernating
17830,2011-02-24 10:15:00,2011-12-08 12:28:00,3,92,398.7,United Kingdom,18,0.0,398.7,132.9,2,287,2011-02,True,5.0,3.0,2.0,Potential Loyalists
17831,2011-11-06 15:09:00,2011-11-06 15:09:00,1,12,35.4,United Kingdom,2,0.0,35.4,35.4,34,0,2011-11,True,3.0,1.0,1.0,About to Sleep
17832,2011-10-21 11:43:00,2011-10-21 11:43:00,1,208,155.37,United Kingdom,61,0.0,155.37,155.37,50,0,2011-10,True,3.0,1.0,1.0,About to Sleep
17835,2011-11-16 16:30:00,2011-12-07 11:48:00,3,344,342.24,United Kingdom,45,0.0,342.24,114.08,3,21,2011-11,True,5.0,3.0,2.0,Potential Loyalists
17836,2011-10-23 16:13:00,2011-10-23 16:13:00,1,87,109.83,United Kingdom,22,0.0,109.83,109.83,48,0,2011-10,True,3.0,1.0,1.0,About to Sleep
17837,2011-06-29 16:44:00,2011-10-28 16:13:00,8,508,1535.33,United Kingdom,109,32.85,1502.48,191.92,43,121,2011-06,True,3.0,5.0,4.0,Loyal Customers
17838,2010-12-02 15:55:00,2011-11-13 11:20:00,5,1831,2720.8,United Kingdom,96,453.4,2267.4,544.16,27,346,2010-12,True,4.0,4.0,5.0,Loyal Customers
17839,2011-10-28 17:27:00,2011-10-28 17:27:00,1,257,318.15,United Kingdom,50,0.0,318.15,318.15,43,0,2011-10,True,3.0,1.0,2.0,About to Sleep
17841,2010-12-01 14:41:00,2011-12-08 12:07:00,124,22816,40495.99,United Kingdom,1322,634.5,39861.49,326.58,2,372,2010-12,True,5.0,5.0,5.0,Champions
17843,2011-02-09 15:33:00,2011-02-09 15:33:00,1,88,197.73,United Kingdom,35,0.0,197.73,197.73,304,0,2011-02,True,1.0,1.0,1.0,Hibernating
17844,2011-08-25 11:27:00,2011-08-25 11:27:00,1,52,51.56,Canada,5,0.0,51.56,51.56,107,0,2011-08,True,2.0,1.0,1.0,Hibernating
17848,2010-12-16 18:38:00,2011-09-19 16:49:00,9,398,901.2,United Kingdom,41,0.0,901.2,100.13,82,277,2010-12,True,2.0,5.0,3.0,Can't Lose Them
17849,2011-01-10 11:59:00,2011-05-05 13:46:00,4,114,605.8,United Kingdom,14,0.0,605.8,151.45,219,115,2011-01,True,1.0,4.0,3.0,At Risk
17850,2010-12-01 08:26:00,2010-12-02 15:27:00,34,1733,5391.21,United Kingdom,21,87.73,5303.48,158.56,373,1,2010-12,True,1.0,5.0,5.0,Can't Lose Them
17852,2011-11-28 12:31:00,2011-11-28 12:36:00,2,53,114.34,United Kingdom,21,0.0,114.34,57.17,12,0,2011-11,True,5.0,2.0,1.0,Potential Loyalists
17854,2011-04-26 16:53:00,2011-06-07 16:21:00,2,84,311.26,United Kingdom,15,0.0,311.26,155.63,186,42,2011-04,True,1.0,2.0,2.0,Hibernating
17855,2010-12-02 09:44:00,2010-12-02 09:44:00,1,197,208.97,United Kingdom,17,0.0,208.97,208.97,373,0,2010-12,True,1.0,1.0,1.0,Hibernating
17856,2011-03-03 11:40:00,2011-12-08 09:40:00,4,842,1418.03,United Kingdom,12,24.24,1393.79,354.51,2,280,2011-03,True,5.0,4.0,4.0,Champions
17857,2010-12-09 11:35:00,2011-12-05 13:13:00,22,14822,25301.54,United Kingdom,18,115.7,25185.84,1150.07,5,361,2010-12,True,5.0,5.0,5.0,Champions
17858,2010-12-05 13:08:00,2011-12-04 11:56:00,12,2694,5140.66,United Kingdom,101,0.0,5140.66,428.39,6,364,2010-12,True,5.0,5.0,5.0,Champions
17859,2011-02-08 10:32:00,2011-02-08 10:32:00,1,102,141.92,United Kingdom,23,0.0,141.92,141.92,305,0,2011-02,True,1.0,1.0,1.0,Hibernating
17860,2010-12-06 12:41:00,2010-12-06 12:41:00,1,93,226.45,United Kingdom,49,0.0,226.45,226.45,369,0,2010-12,True,1.0,1.0,1.0,Hibernating
17861,2011-01-24 11:34:00,2011-12-06 16:21:00,8,1985,2097.88,United Kingdom,172,41.6,2056.28,262.24,4,316,2011-01,True,5.0,5.0,5.0,Champions
17862,2011-01-20 12:23:00,2011-01-20 12:23:00,1,100,330.9,United Kingdom,11,0.0,330.9,330.9,324,0,2011-01,True,1.0,1.0,2.0,Hibernating
17863,2010-12-05 13:21:00,2011-10-11 13:45:00,6,2638,3160.0,United Kingdom,110,0.0,3160.0,526.67,60,310,2010-12,True,3.0,5.0,5.0,Loyal Customers
17864,2011-03-09 11:44:00,2011-11-27 11:15:00,3,706,554.85,United Kingdom,70,0.0,554.85,184.95,13,263,2011-03,True,5.0,3.0,3.0,Potential Loyalists
17865,2010-12-10 14:53:00,2011-11-09 12:08:00,20,5756,10524.22,United Kingdom,190,367.78,10156.44,526.21,31,334,2010-12,True,4.0,5.0,5.0,Loyal Customers
17866,2011-07-20 11:07:00,2011-07-20 11:07:00,1,174,329.65,United Kingdom,9,3.95,325.7,329.65,143,0,2011-07,True,2.0,1.0,2.0,Hibernating
17867,2011-02-24 12:25:00,2011-11-09 14:15:00,6,508,1157.87,United Kingdom,62,574.35,583.52,192.98,31,258,2011-02,True,4.0,5.0,3.0,Loyal Customers
17869,2010-12-06 17:16:00,2011-08-24 16:16:00,5,111,428.18,United Kingdom,37,0.0,428.18,85.64,108,261,2010-12,True,2.0,4.0,2.0,At Risk
17870,2010-12-08 08:12:00,2011-12-07 15:07:00,12,1351,1865.89,United Kingdom,214,4.95,1860.94,155.49,3,364,2010-12,True,5.0,5.0,4.0,Champions
17871,2011-05-19 11:32:00,2011-05-19 11:32:00,1,182,155.9,United Kingdom,10,0.0,155.9,155.9,205,0,2011-05,True,1.0,1.0,1.0,Hibernating
17873,2010-12-01 14:54:00,2011-09-20 16:41:00,5,1034,1719.58,United Kingdom,23,94.8,1624.78,343.92,81,293,2010-12,True,2.0,4.0,4.0,At Risk
17874,2011-03-29 11:25:00,2011-06-07 12:54:00,6,221,683.46,United Kingdom,37,25.2,658.26,113.91,186,70,2011-03,True,1.0,5.0,3.0,Can't Lose Them
17877,2011-06-22 13:00:00,2011-06-22 13:00:00,1,98,237.61,United Kingdom,12,0.0,237.61,237.61,171,0,2011-06,True,2.0,1.0,1.0,Hibernating
17878,2011-10-27 11:24:00,2011-10-27 11:24:00,1,401,379.45,United Kingdom,26,0.0,379.45,379.45,44,0,2011-10,True,3.0,1.0,2.0,About to Sleep
17879,2011-06-19 12:36:00,2011-06-19 12:36:00,1,45,178.52,United Kingdom,6,0.0,178.52,178.52,174,0,2011-06,True,2.0,1.0,1.0,Hibernating
17880,2010-12-10 10:21:00,2010-12-10 10:21:00,1,314,458.92,United Kingdom,26,0.0,458.92,458.92,365,0,2010-12,True,1.0,1.0,2.0,Hibernating
17881,2011-02-08 17:16:00,2011-02-08 17:16:00,1,32,133.35,United Kingdom,8,0.0,133.35,133.35,305,0,2011-02,True,1.0,1.0,1.0,Hibernating
17883,2011-04-07 19:16:00,2011-12-06 17:49:00,4,374,664.34,United Kingdom,133,0.0,664.34,166.08,4,243,2011-04,True,5.0,4.0,3.0,Champions
17884,2010-12-03 12:11:00,2011-12-06 11:33:00,4,817,695.07,United Kingdom,107,0.0,695.07,173.77,4,368,2010-12,True,5.0,4.0,3.0,Champions
17885,2011-11-27 14:40:00,2011-11-27 14:40:00,1,110,156.34,United Kingdom,50,0.0,156.34,156.34,13,0,2011-11,True,5.0,1.0,1.0,New Customers
17886,2011-04-04 12:34:00,2011-11-08 10:09:00,3,469,869.28,United Kingdom,93,0.0,869.28,289.76,32,218,2011-04,True,4.0,3.0,3.0,Potential Loyalists
17887,2011-08-02 17:29:00,2011-08-02 17:29:00,1,30,111.35,United Kingdom,10,0.0,111.35,111.35,130,0,2011-08,True,2.0,1.0,1.0,Hibernating
17888,2010-12-17 13:56:00,2011-11-18 13:45:00,8,973,716.0,United Kingdom,60,200.27,515.73,89.5,22,336,2010-12,True,4.0,5.0,3.0,Loyal Customers
17889,2011-01-21 17:14:00,2011-05-11 16:26:00,2,77,201.37,United Kingdom,20,0.0,201.37,100.68,213,110,2011-01,True,1.0,2.0,1.0,Hibernating
17890,2010-12-13 15:12:00,2011-01-21 11:19:00,2,402,586.89,United Kingdom,88,0.0,586.89,293.44,323,39,2010-12,True,1.0,2.0,3.0,Hibernating
17891,2011-06-30 20:08:00,2011-06-30 20:08:00,1,393,203.86,United Kingdom,34,0.0,203.86,203.86,163,0,2011-06,True,2.0,1.0,1.0,Hibernating
17892,2011-07-07 12:56:00,2011-10-14 16:49:00,3,109,244.1,United Kingdom,27,0.0,244.1,81.37,57,99,2011-07,True,3.0,3.0,2.0,Need Attention
17893,2011-04-28 13:50:00,2011-04-28 13:50:00,1,149,107.21,United Kingdom,15,0.0,107.21,107.21,226,0,2011-04,True,1.0,1.0,1.0,Hibernating
17894,2010-12-08 14:50:00,2011-09-29 09:23:00,8,402,1118.54,United Kingdom,126,0.0,1118.54,139.82,72,295,2010-12,True,2.0,5.0,4.0,Can't Lose Them
17895,2011-10-26 17:00:00,2011-10-26 17:00:00,1,127,95.45,United Kingdom,15,0.0,95.45,95.45,45,0,2011-10,True,3.0,1.0,1.0,About to Sleep
17896,2011-11-16 13:59:00,2011-11-16 13:59:00,1,288,256.32,United Kingdom,2,0.0,256.32,256.32,24,0,2011-11,True,4.0,1.0,2.0,Promising
17897,2010-12-01 12:31:00,2011-06-20 11:23:00,3,222,541.81,United Kingdom,100,25.5,516.31,180.6,173,201,2010-12,True,2.0,3.0,3.0,At Risk
17898,2011-05-16 17:13:00,2011-09-15 14:56:00,2,190,152.06,United Kingdom,27,0.0,152.06,76.03,86,122,2011-05,True,2.0,2.0,1.0,Hibernating
17899,2011-07-03 14:58:00,2011-07-03 14:58:00,1,170,154.55,United Kingdom,29,0.0,154.55,154.55,160,0,2011-07,True,2.0,1.0,1.0,Hibernating
17900,2011-06-02 14:28:00,2011-06-02 14:38:00,2,73,112.2,United Kingdom,4,97.2,15.0,56.1,191,0,2011-06,True,1.0,2.0,1.0,Hibernating
17901,2011-11-10 17:29:00,2011-11-10 17:29:00,1,24,110.38,United Kingdom,19,0.0,110.38,110.38,30,0,2011-11,True,4.0,1.0,1.0,Promising
17904,2011-11-18 12:57:00,2011-11-18 12:57:00,1,59,181.07,United Kingdom,33,12.75,168.32,181.07,22,0,2011-11,True,4.0,1.0,1.0,Promising
17905,2010-12-01 13:21:00,2011-09-29 17:33:00,4,406,798.99,United Kingdom,33,0.0,798.99,199.75,72,302,2010-12,True,2.0,4.0,3.0,At Risk
17906,2011-04-06 17:25:00,2011-04-06 17:25:00,1,26,72.9,United Kingdom,12,0.0,72.9,72.9,248,0,2011-04,True,1.0,1.0,1.0,Hibernating
17908,2010-12-01 11:45:00,2010-12-01 11:45:00,1,169,232.03,United Kingdom,51,0.0,232.03,232.03,374,0,2010-12,True,1.0,1.0,1.0,Hibernating
17911,2011-11-30 14:52:00,2011-11-30 14:52:00,1,223,366.23,United Kingdom,39,0.0,366.23,366.23,10,0,2011-11,True,5.0,1.0,2.0,New Customers
17912,2010-12-10 11:11:00,2011-02-02 14:25:00,5,184,310.06,United Kingdom,35,15.4,294.66,62.01,311,54,2010-12,True,1.0,4.0,2.0,At Risk
17913,2010-12-19 11:35:00,2011-10-12 10:45:00,2,288,408.65,United Kingdom,55,0.0,408.65,204.32,59,297,2010-12,True,3.0,2.0,2.0,About to Sleep
17914,2011-12-06 11:58:00,2011-12-06 11:58:00,1,457,329.36,United Kingdom,72,0.0,329.36,329.36,4,0,2011-12,True,5.0,1.0,2.0,New Customers
17917,2010-12-12 12:08:00,2011-10-25 13:20:00,3,184,335.03,United Kingdom,77,0.0,335.03,111.68,46,317,2010-12,True,3.0,3.0,2.0,Need Attention
17919,2011-09-12 13:41:00,2011-09-12 13:41:00,1,756,1304.04,United Kingdom,23,0.0,1304.04,1304.04,89,0,2011-09,True,2.0,1.0,4.0,Hibernating
17920,2010-12-01 11:49:00,2011-12-05 14:29:00,17,2471,4107.6,United Kingdom,406,0.0,4107.6,241.62,5,369,2010-12,True,5.0,5.0,5.0,Champions
17921,2011-03-18 13:19:00,2011-10-06 18:56:00,4,425,820.23,United Kingdom,114,0.0,820.23,205.06,65,202,2011-03,True,3.0,4.0,3.0,Loyal Customers
17923,2011-03-02 15:15:00,2011-03-02 15:15:00,1,50,207.5,United Kingdom,1,0.0,207.5,207.5,283,0,2011-03,True,1.0,1.0,1.0,Hibernating
17924,2010-12-01 10:51:00,2011-11-28 09:11:00,7,1160,2962.5,United Kingdom,26,68.17,2894.33,423.21,12,362,2010-12,True,5.0,5.0,5.0,Champions
17925,2010-12-02 10:10:00,2010-12-02 10:10:00,1,72,244.08,United Kingdom,1,0.0,244.08,244.08,373,0,2010-12,True,1.0,1.0,2.0,Hibernating
17926,2011-05-20 09:24:00,2011-07-29 14:39:00,2,306,397.29,United Kingdom,17,0.0,397.29,198.64,134,70,2011-05,True,2.0,2.0,2.0,Hibernating
17928,2011-04-07 18:03:00,2011-10-25 13:52:00,2,68,184.46,United Kingdom,22,0.0,184.46,92.23,46,201,2011-04,True,3.0,2.0,1.0,About to Sleep
17929,2011-02-04 11:40:00,2011-11-28 16:01:00,4,108,843.0,United Kingdom,4,8.5,834.5,210.75,12,297,2011-02,True,5.0,4.0,3.0,Champions
17930,2011-04-14 15:46:00,2011-11-04 10:23:00,5,1594,1740.48,United Kingdom,26,0.0,1740.48,348.1,36,204,2011-04,True,3.0,4.0,4.0,Loyal Customers
17931,2011-03-29 12:31:00,2011-07-28 18:33:00,2,249,408.36,United Kingdom,63,0.0,408.36,204.18,135,121,2011-03,True,2.0,2.0,2.0,Hibernating
17932,2011-05-12 13:58:00,2011-11-10 19:49:00,3,789,1331.57,United Kingdom,84,0.0,1331.57,443.86,30,182,2011-05,True,4.0,3.0,4.0,Potential Loyalists
17934,2011-10-12 10:50:00,2011-10-19 11:16:00,2,478,704.25,United Kingdom,21,0.0,704.25,352.12,52,7,2011-10,True,3.0,2.0,3.0,About to Sleep
17935,2011-07-21 11:23:00,2011-07-24 13:18:00,2,81,142.89,United Kingdom,27,0.0,142.89,71.45,139,3,2011-07,True,2.0,2.0,1.0,Hibernating
17936,2011-12-04 13:32:00,2011-12-04 13:32:00,1,257,380.13,United Kingdom,68,0.0,380.13,380.13,6,0,2011-12,True,5.0,1.0,2.0,New Customers
17937,2010-12-12 14:43:00,2011-12-01 11:45:00,7,1754,4301.22,United Kingdom,19,0.0,4301.22,614.46,9,354,2010-12,True,5.0,5.0,5.0,Champions
17939,2011-07-03 12:27:00,2011-07-03 12:27:00,1,40,99.14,United Kingdom,12,0.0,99.14,99.14,160,0,2011-07,True,2.0,1.0,1.0,Hibernating
17940,2011-02-10 09:29:00,2011-10-21 13:27:00,9,9322,2152.18,United Kingdom,5,0.0,2152.18,239.13,50,253,2011-02,True,3.0,5.0,5.0,Loyal Customers
17941,2011-08-01 08:30:00,2011-08-01 08:30:00,1,252,304.56,United Kingdom,2,0.0,304.56,304.56,131,0,2011-08,True,2.0,1.0,2.0,Hibernating
17942,2011-12-02 10:45:00,2011-12-02 10:45:00,1,38,77.5,United Kingdom,2,0.0,77.5,77.5,8,0,2011-12,True,5.0,1.0,1.0,New Customers
17946,2011-03-25 14:34:00,2011-04-20 17:00:00,2,75,149.58,United Kingdom,18,0.0,149.58,74.79,234,26,2011-03,True,1.0,2.0,1.0,Hibernating
17947,2011-11-02 13:05:00,2011-11-02 13:05:00,1,168,176.68,United Kingdom,9,0.0,176.68,176.68,38,0,2011-11,True,3.0,1.0,1.0,About to Sleep
17948,2011-07-15 12:58:00,2011-07-15 12:58:00,1,144,358.56,United Kingdom,1,0.0,358.56,358.56,148,0,2011-07,True,2.0,1.0,2.0,Hibernating
17949,2010-12-03 13:12:00,2011-12-08 18:46:00,44,30450,58030.48,United Kingdom,28,4814.74,53215.74,1318.87,2,370,2010-12,True,5.0,5.0,5.0,Champions
17950,2010-12-09 15:16:00,2011-09-28 15:18:00,3,366,482.2,United Kingdom,63,10.08,472.12,160.73,73,293,2010-12,True,2.0,3.0,3.0,At Risk
17951,2010-12-01 12:40:00,2011-10-31 12:30:00,3,616,1008.54,United Kingdom,18,17.7,990.84,336.18,40,334,2010-12,True,3.0,3.0,4.0,Need Attention
17954,2010-12-03 14:18:00,2011-12-04 14:15:00,12,2221,2314.13,United Kingdom,326,37.35,2276.78,192.84,6,366,2010-12,True,5.0,5.0,5.0,Champions
17955,2011-05-04 12:29:00,2011-05-25 12:00:00,4,273,557.3,United Kingdom,14,0.0,557.3,139.32,199,21,2011-05,True,1.0,4.0,3.0,At Risk
17956,2011-04-04 13:47:00,2011-04-04 13:47:00,1,1,12.75,United Kingdom,1,0.0,12.75,12.75,250,0,2011-04,True,1.0,1.0,1.0,Hibernating
17957,2011-10-04 14:58:00,2011-10-04 14:58:00,1,275,110.72,United Kingdom,30,0.0,110.72,110.72,67,0,2011-10,True,3.0,1.0,1.0,About to Sleep
17958,2011-08-15 12:19:00,2011-08-15 12:19:00,1,84,508.46,United Kingdom,7,0.0,508.46,508.46,117,0,2011-08,True,2.0,1.0,3.0,Hibernating
17960,2011-06-21 14:15:00,2011-06-21 14:15:00,1,41,73.78,United Kingdom,26,0.0,73.78,73.78,172,0,2011-06,True,2.0,1.0,1.0,Hibernating
17961,2010-12-02 19:18:00,2011-11-18 16:55:00,39,560,1296.44,United Kingdom,211,0.0,1296.44,33.24,22,351,2010-12,True,4.0,5.0,4.0,Loyal Customers
17962,2011-07-20 14:16:00,2011-07-20 14:16:00,1,127,102.41,United Kingdom,33,0.0,102.41,102.41,143,0,2011-07,True,2.0,1.0,1.0,Hibernating
17964,2010-12-02 13:32:00,2011-11-08 10:44:00,2,294,463.21,United Kingdom,84,0.0,463.21,231.6,32,341,2010-12,True,4.0,2.0,2.0,Potential Loyalists
17965,2010-12-05 15:54:00,2011-11-02 09:31:00,14,1532,2599.19,United Kingdom,274,0.0,2599.19,185.66,38,332,2010-12,True,3.0,5.0,5.0,Loyal Customers
17966,2011-03-23 17:25:00,2011-11-02 10:26:00,5,2571,1098.43,United Kingdom,53,0.0,1098.43,219.69,38,224,2011-03,True,3.0,4.0,4.0,Loyal Customers
17967,2010-12-03 11:19:00,2010-12-03 11:19:00,1,73,112.27,United Kingdom,41,0.0,112.27,112.27,372,0,2010-12,True,1.0,1.0,1.0,Hibernating
17968,2010-12-01 12:23:00,2010-12-01 12:23:00,1,151,265.1,United Kingdom,74,0.0,265.1,265.1,374,0,2010-12,True,1.0,1.0,2.0,Hibernating
17969,2010-12-13 15:34:00,2011-06-26 13:00:00,2,152,228.2,United Kingdom,14,0.0,228.2,114.1,167,195,2010-12,True,2.0,2.0,1.0,Hibernating
17970,2011-05-12 20:03:00,2011-05-12 20:03:00,1,513,562.79,United Kingdom,27,0.0,562.79,562.79,212,0,2011-05,True,1.0,1.0,3.0,Hibernating
17972,2011-04-12 12:16:00,2011-04-12 12:16:00,1,36,135.19,United Kingdom,30,0.0,135.19,135.19,242,0,2011-04,True,1.0,1.0,1.0,Hibernating
17973,2011-10-19 10:34:00,2011-10-19 10:34:00,1,176,337.04,United Kingdom,15,0.0,337.04,337.04,52,0,2011-10,True,3.0,1.0,2.0,About to Sleep
17974,2011-05-04 11:50:00,2011-11-15 11:37:00,3,500,703.99,United Kingdom,143,0.0,703.99,234.66,25,195,2011-05,True,4.0,3.0,3.0,Potential Loyalists
17975,2010-12-08 11:38:00,2011-11-24 13:27:00,13,1563,4479.96,United Kingdom,188,95.2,4384.76,344.61,16,351,2010-12,True,4.0,5.0,5.0,Loyal Customers
17976,2010-12-02 13:49:00,2010-12-02 13:49:00,1,93,321.79,United Kingdom,56,0.0,321.79,321.79,373,0,2010-12,True,1.0,1.0,2.0,Hibernating
17977,2011-11-10 13:28:00,2011-11-10 13:28:00,1,342,288.14,United Kingdom,19,0.0,288.14,288.14,30,0,2011-11,True,4.0,1.0,2.0,Promising
17978,2010-12-09 14:05:00,2010-12-09 14:05:00,1,499,300.92,United Kingdom,12,0.0,300.92,300.92,366,0,2010-12,True,1.0,1.0,2.0,Hibernating
17979,2011-03-25 11:34:00,2011-11-04 12:05:00,4,379,729.01,United Kingdom,115,19.9,709.11,182.25,36,224,2011-03,True,3.0,4.0,3.0,Loyal Customers
17980,2010-12-15 15:50:00,2011-06-27 12:01:00,3,682,811.45,United Kingdom,23,0.0,811.45,270.48,166,194,2010-12,True,2.0,3.0,3.0,At Risk
17984,2011-07-17 15:59:00,2011-07-17 15:59:00,1,98,152.68,United Kingdom,48,0.0,152.68,152.68,146,0,2011-07,True,2.0,1.0,1.0,Hibernating
17985,2011-11-17 14:24:00,2011-11-17 14:24:00,1,171,631.35,United Kingdom,20,0.0,631.35,631.35,23,0,2011-11,True,4.0,1.0,3.0,Promising
17986,2011-10-14 14:22:00,2011-10-14 14:22:00,1,10,20.8,United Kingdom,1,0.0,20.8,20.8,57,0,2011-10,True,3.0,1.0,1.0,About to Sleep
17987,2011-06-07 14:22:00,2011-06-07 14:22:00,1,261,198.57,United Kingdom,13,0.0,198.57,198.57,186,0,2011-06,True,1.0,1.0,1.0,Hibernating
17988,2011-01-17 11:59:00,2011-11-28 11:00:00,7,43,201.12,United Kingdom,37,9.95,191.17,28.73,12,315,2011-01,True,5.0,5.0,1.0,Champions
17990,2010-12-13 12:10:00,2011-04-17 11:44:00,3,414,630.84,United Kingdom,27,0.0,630.84,210.28,237,125,2010-12,True,1.0,3.0,3.0,At Risk
17991,2011-04-27 16:39:00,2011-04-28 15:58:00,2,25,93.35,United Kingdom,4,0.0,93.35,46.68,226,1,2011-04,True,1.0,2.0,1.0,Hibernating
17994,2011-02-22 11:02:00,2011-08-10 11:41:00,4,495,674.89,United Kingdom,63,48.8,626.09,168.72,122,169,2011-02,True,2.0,4.0,3.0,At Risk
17995,2011-03-03 12:30:00,2011-03-03 12:30:00,1,133,76.1,United Kingdom,2,0.0,76.1,76.1,282,0,2011-03,True,1.0,1.0,1.0,Hibernating
17997,2011-06-28 17:28:00,2011-09-26 16:13:00,8,2273,1962.46,United Kingdom,133,441.99,1520.47,245.31,75,90,2011-06,True,2.0,5.0,4.0,Can't Lose Them
17999,2010-12-08 15:17:00,2011-11-02 15:56:00,2,219,380.39,United Kingdom,87,0.0,380.39,190.2,38,329,2010-12,True,3.0,2.0,2.0,About to Sleep
18001,2011-09-14 11:21:00,2011-11-27 16:02:00,2,362,415.13,United Kingdom,56,0.0,415.13,207.56,13,74,2011-09,True,5.0,2.0,2.0,Potential Loyalists
18004,2010-12-12 13:47:00,2010-12-12 13:47:00,1,75,157.92,United Kingdom,32,0.0,157.92,157.92,363,0,2010-12,True,1.0,1.0,1.0,Hibernating
18005,2011-10-23 14:40:00,2011-12-06 11:51:00,2,86,226.47,United Kingdom,52,0.0,226.47,113.24,4,44,2011-10,True,5.0,2.0,1.0,Potential Loyalists
18006,2011-11-16 16:52:00,2011-11-16 16:52:00,1,220,444.68,United Kingdom,21,0.0,444.68,444.68,24,0,2011-11,True,4.0,1.0,2.0,Promising
18008,2011-01-25 12:26:00,2011-09-30 15:17:00,9,1581,2116.19,United Kingdom,24,0.0,2116.19,235.13,71,248,2011-01,True,3.0,5.0,5.0,Loyal Customers
18009,2011-04-18 13:36:00,2011-04-18 13:36:00,1,125,247.39,United Kingdom,31,5.1,242.29,247.39,236,0,2011-04,True,1.0,1.0,1.0,Hibernating
18010,2011-03-28 12:27:00,2011-03-28 12:27:00,1,60,174.8,United Kingdom,14,0.0,174.8,174.8,257,0,2011-03,True,1.0,1.0,1.0,Hibernating
18011,2010-12-01 17:35:00,2010-12-01 17:35:00,1,71,102.79,United Kingdom,28,0.0,102.79,102.79,374,0,2010-12,True,1.0,1.0,1.0,Hibernating
18013,2011-07-07 14:08:00,2011-07-07 14:11:00,2,285,187.29,United Kingdom,31,0.0,187.29,93.64,156,0,2011-07,True,2.0,2.0,1.0,Hibernating
18014,2011-11-11 15:28:00,2011-11-11 15:28:00,1,65,154.27,United Kingdom,28,0.0,154.27,154.27,29,0,2011-11,True,4.0,1.0,1.0,Promising
18015,2011-12-05 14:49:00,2011-12-05 14:49:00,1,157,120.03,United Kingdom,46,0.0,120.03,120.03,5,0,2011-12,True,5.0,1.0,1.0,New Customers
18016,2010-12-10 17:14:00,2011-11-07 13:25:00,5,1027,1477.66,United Kingdom,90,0.0,1477.66,295.53,33,332,2010-12,True,3.0,4.0,4.0,Loyal Customers
18017,2011-02-02 13:57:00,2011-09-19 16:15:00,3,300,523.0,United Kingdom,1,0.0,523.0,174.33,82,229,2011-02,True,2.0,3.0,3.0,At Risk
18018,2011-05-24 13:22:00,2011-08-23 17:37:00,2,55,122.14,United Kingdom,29,0.0,122.14,61.07,109,91,2011-05,True,2.0,2.0,1.0,Hibernating
18019,2011-10-19 12:10:00,2011-10-19 12:10:00,1,7,38.45,United Kingdom,5,0.0,38.45,38.45,52,0,2011-10,True,3.0,1.0,1.0,About to Sleep
18022,2011-11-04 12:45:00,2011-11-04 12:45:00,1,703,612.72,United Kingdom,141,0.0,612.72,612.72,36,0,2011-11,True,3.0,1.0,3.0,About to Sleep
18024,2011-07-10 12:28:00,2011-07-10 12:40:00,2,184,389.78,United Kingdom,21,153.0,236.78,194.89,153,0,2011-07,True,2.0,2.0,1.0,Hibernating
18027,2011-09-02 10:38:00,2011-09-02 10:38:00,1,78,115.31,United Kingdom,21,0.0,115.31,115.31,99,0,2011-09,True,2.0,1.0,1.0,Hibernating
18030,2011-10-28 13:55:00,2011-12-05 16:37:00,2,67,230.65,United Kingdom,8,9.95,220.7,115.32,5,38,2011-10,True,5.0,2.0,1.0,Potential Loyalists
18032,2011-01-09 15:32:00,2011-01-09 15:32:00,1,42,73.5,United Kingdom,5,0.0,73.5,73.5,335,0,2011-01,True,1.0,1.0,1.0,Hibernating
18033,2011-10-05 17:28:00,2011-10-05 17:28:00,1,252,93.82,United Kingdom,32,0.0,93.82,93.82,66,0,2011-10,True,3.0,1.0,1.0,About to Sleep
18034,2011-11-18 12:08:00,2011-11-18 12:22:00,2,559,418.68,United Kingdom,99,0.0,418.68,209.34,22,0,2011-11,True,4.0,2.0,2.0,Potential Loyalists
18035,2011-10-27 17:48:00,2011-11-04 12:39:00,3,584,713.89,United Kingdom,44,0.0,713.89,237.96,36,8,2011-10,True,3.0,3.0,3.0,Need Attention
18036,2011-04-08 11:26:00,2011-11-07 14:40:00,3,232,403.12,United Kingdom,77,0.0,403.12,134.37,33,213,2011-04,True,3.0,3.0,2.0,Need Attention
18037,2010-12-12 16:20:00,2011-07-08 13:39:00,6,20,70.02,United Kingdom,19,0.0,70.02,11.67,155,208,2010-12,True,2.0,5.0,1.0,Can't Lose Them
18040,2011-04-08 08:27:00,2011-11-20 14:20:00,2,148,357.2,United Kingdom,18,0.0,357.2,178.6,20,226,2011-04,True,4.0,2.0,2.0,Potential Loyalists
18041,2010-12-02 11:21:00,2011-11-28 11:39:00,21,3758,4097.37,United Kingdom,285,22.25,4075.12,195.11,12,361,2010-12,True,5.0,5.0,5.0,Champions
18042,2011-10-17 11:49:00,2011-10-17 11:49:00,1,33,165.05,United Kingdom,7,0.0,165.05,165.05,54,0,2011-10,True,3.0,1.0,1.0,About to Sleep
18043,2010-12-08 12:35:00,2011-11-15 12:48:00,3,265,529.29,United Kingdom,106,0.0,529.29,176.43,25,342,2010-12,True,4.0,3.0,3.0,Potential Loyalists
18044,2010-12-14 12:25:00,2011-12-05 14:26:00,10,1033,2088.6,United Kingdom,88,2.95,2085.65,208.86,5,356,2010-12,True,5.0,5.0,5.0,Champions
18045,2011-10-25 13:07:00,2011-10-25 13:07:00,1,138,178.34,United Kingdom,43,0.0,178.34,178.34,46,0,2011-10,True,3.0,1.0,1.0,About to Sleep
18048,2011-05-20 14:54:00,2011-05-20 14:58:00,2,127,172.29,United Kingdom,6,0.0,172.29,86.14,204,0,2011-05,True,1.0,2.0,1.0,Hibernating
18050,2010-12-15 14:25:00,2010-12-15 14:25:00,1,40,74.4,United Kingdom,5,0.0,74.4,74.4,360,0,2010-12,True,1.0,1.0,1.0,Hibernating
18053,2011-09-30 09:05:00,2011-09-30 09:05:00,1,302,300.02,United Kingdom,20,2.95,297.07,300.02,71,0,2011-09,True,3.0,1.0,2.0,About to Sleep
18055,2010-12-05 10:52:00,2011-12-02 14:25:00,10,2452,6761.34,United Kingdom,223,32.05,6729.29,676.13,8,362,2010-12,True,5.0,5.0,5.0,Champions
18056,2011-02-24 14:27:00,2011-02-24 14:27:00,1,211,363.65,United Kingdom,19,0.0,363.65,363.65,289,0,2011-02,True,1.0,1.0,2.0,Hibernating
18058,2011-11-30 08:38:00,2011-11-30 08:38:00,1,88,170.16,United Kingdom,3,0.0,170.16,170.16,10,0,2011-11,True,5.0,1.0,1.0,New Customers
18059,2011-10-03 09:30:00,2011-11-16 16:49:00,3,258,306.46,United Kingdom,17,9.75,296.71,102.15,24,44,2011-10,True,4.0,3.0,2.0,Potential Loyalists
18061,2010-12-08 13:03:00,2011-11-18 11:20:00,10,955,2119.41,United Kingdom,18,0.0,2119.41,211.94,22,345,2010-12,True,4.0,5.0,5.0,Loyal Customers
18062,2011-01-06 10:03:00,2011-06-19 14:47:00,3,396,720.52,United Kingdom,23,0.0,720.52,240.17,174,164,2011-01,True,2.0,3.0,3.0,At Risk
18064,2011-04-18 15:08:00,2011-07-29 16:39:00,2,384,814.0,United Kingdom,7,0.0,814.0,407.0,134,102,2011-04,True,2.0,2.0,3.0,Hibernating
18065,2010-12-10 12:44:00,2011-12-04 10:30:00,14,1027,2392.83,United Kingdom,110,12.75,2380.08,170.92,6,359,2010-12,True,5.0,5.0,5.0,Champions
18066,2011-09-25 15:30:00,2011-09-25 15:30:00,1,108,318.0,United Kingdom,10,0.0,318.0,318.0,76,0,2011-09,True,2.0,1.0,2.0,Hibernating
18067,2011-10-30 15:58:00,2011-10-30 15:58:00,1,189,396.33,United Kingdom,36,0.0,396.33,396.33,41,0,2011-10,True,3.0,1.0,2.0,About to Sleep
18068,2011-02-23 14:50:00,2011-02-23 14:50:00,1,6,101.7,United Kingdom,1,0.0,101.7,101.7,290,0,2011-02,True,1.0,1.0,1.0,Hibernating
18069,2011-01-16 15:50:00,2011-11-13 16:03:00,5,1296,2009.24,United Kingdom,334,14.85,1994.39,401.85,27,301,2011-01,True,4.0,4.0,4.0,Loyal Customers
18071,2010-12-09 10:33:00,2011-03-27 11:59:00,2,260,453.0,United Kingdom,23,0.0,453.0,226.5,258,108,2010-12,True,1.0,2.0,2.0,Hibernating
18072,2011-06-07 10:44:00,2011-06-07 10:44:00,1,288,247.44,United Kingdom,18,235.2,12.24,247.44,186,0,2011-06,True,1.0,1.0,1.0,Hibernating
18073,2011-05-26 19:38:00,2011-08-17 14:02:00,12,3102,3859.82,United Kingdom,23,13.08,3846.74,321.65,115,83,2011-05,True,2.0,5.0,5.0,Can't Lose Them
18074,2010-12-01 09:53:00,2010-12-01 09:53:00,1,190,489.6,United Kingdom,13,0.0,489.6,489.6,374,0,2010-12,True,1.0,1.0,3.0,Hibernating
18075,2010-12-14 10:48:00,2011-11-16 15:21:00,10,1464,2611.75,United Kingdom,97,73.03,2538.72,261.18,24,337,2010-12,True,4.0,5.0,5.0,Loyal Customers
18077,2010-12-08 10:21:00,2011-12-01 13:32:00,11,1839,2584.41,United Kingdom,101,0.0,2584.41,234.95,9,358,2010-12,True,5.0,5.0,5.0,Champions
18078,2011-03-25 15:08:00,2011-05-06 14:32:00,2,145,336.13,United Kingdom,27,0.0,336.13,168.06,218,42,2011-03,True,1.0,2.0,2.0,Hibernating
18079,2011-04-15 12:14:00,2011-10-25 15:27:00,4,7347,3613.15,United Kingdom,99,0.0,3613.15,903.29,46,193,2011-04,True,3.0,4.0,5.0,Loyal Customers
18080,2011-04-11 10:10:00,2011-11-21 08:02:00,2,642,1231.5,United Kingdom,2,0.0,1231.5,615.75,19,224,2011-04,True,4.0,2.0,4.0,Potential Loyalists
18081,2011-07-29 11:56:00,2011-11-03 16:30:00,3,195,343.45,United Kingdom,14,0.0,343.45,114.48,37,97,2011-07,True,3.0,3.0,2.0,Need Attention
18082,2011-11-14 12:45:00,2011-11-14 12:45:00,1,608,680.84,United Kingdom,62,0.0,680.84,680.84,26,0,2011-11,True,4.0,1.0,3.0,Promising
18084,2011-11-23 13:57:00,2011-11-23 13:57:00,1,312,90.48,United Kingdom,1,2.95,87.53,90.48,17,0,2011-11,True,4.0,1.0,1.0,Promising
18085,2010-12-01 12:08:00,2011-01-13 15:17:00,2,265,689.95,United Kingdom,25,0.0,689.95,344.98,331,43,2010-12,True,1.0,2.0,3.0,Hibernating
18086,2011-03-10 13:34:00,2011-03-10 13:34:00,1,106,101.34,United Kingdom,7,0.0,101.34,101.34,275,0,2011-03,True,1.0,1.0,1.0,Hibernating
18087,2011-02-22 10:43:00,2011-02-22 10:43:00,1,3906,3202.92,United Kingdom,1,285.6,2917.32,3202.92,291,0,2011-02,True,1.0,1.0,5.0,Hibernating
18088,2011-10-09 13:41:00,2011-10-09 13:41:00,1,107,166.03,United Kingdom,35,0.0,166.03,166.03,62,0,2011-10,True,3.0,1.0,1.0,About to Sleep
18092,2010-12-09 10:00:00,2011-12-07 13:14:00,11,4252,9068.26,United Kingdom,28,2.5,9065.76,824.39,3,363,2010-12,True,5.0,5.0,5.0,Champions
18093,2011-02-10 12:15:00,2011-09-07 15:43:00,4,1392,2106.52,United Kingdom,31,23.1,2083.42,526.63,94,209,2011-02,True,2.0,4.0,5.0,At Risk
18094,2011-02-21 08:50:00,2011-09-19 09:28:00,7,2518,3017.3,United Kingdom,39,0.0,3017.3,431.04,82,210,2011-02,True,2.0,5.0,5.0,Can't Lose Them
18095,2011-01-11 12:37:00,2011-01-31 12:50:00,2,419,580.05,United Kingdom,20,0.0,580.05,290.02,313,20,2011-01,True,1.0,2.0,3.0,Hibernating
18096,2011-10-07 11:55:00,2011-11-28 12:44:00,3,788,849.06,United Kingdom,157,0.0,849.06,283.02,12,52,2011-10,True,5.0,3.0,3.0,Potential Loyalists
18097,2010-12-20 14:49:00,2011-12-02 11:16:00,6,1662,2662.4,United Kingdom,65,4.95,2657.45,443.73,8,347,2010-12,True,5.0,5.0,5.0,Champions
18099,2011-08-04 15:52:00,2011-08-04 15:52:00,1,149,168.31,United Kingdom,19,0.0,168.31,168.31,128,0,2011-08,True,2.0,1.0,1.0,Hibernating
18101,2011-07-19 13:05:00,2011-11-28 13:37:00,2,87,222.4,United Kingdom,37,0.0,222.4,111.2,12,132,2011-07,True,5.0,2.0,1.0,Potential Loyalists
18102,2010-12-07 16:42:00,2011-12-09 11:50:00,60,64124,259657.3,United Kingdom,150,0.0,259657.3,4327.62,1,367,2010-12,True,5.0,5.0,5.0,Champions
18104,2011-11-02 14:07:00,2011-11-02 14:07:00,1,362,754.64,United Kingdom,38,0.0,754.64,754.64,38,0,2011-11,True,3.0,1.0,3.0,About to Sleep
18105,2011-11-02 12:04:00,2011-11-02 12:04:00,1,46,113.48,United Kingdom,18,0.0,113.48,113.48,38,0,2011-11,True,3.0,1.0,1.0,About to Sleep
18106,2011-01-14 12:23:00,2011-01-14 12:23:00,1,126,421.9,United Kingdom,33,0.0,421.9,421.9,330,0,2011-01,True,1.0,1.0,2.0,Hibernating
18108,2011-03-30 13:56:00,2011-03-30 13:56:00,1,84,271.0,United Kingdom,17,6.35,264.65,271.0,255,0,2011-03,True,1.0,1.0,2.0,Hibernating
18109,2010-12-05 10:58:00,2011-12-08 11:36:00,26,4230,8004.92,United Kingdom,119,127.65,7877.27,307.88,2,368,2010-12,True,5.0,5.0,5.0,Champions
18110,2011-11-20 12:34:00,2011-11-20 12:34:00,1,72,198.8,United Kingdom,33,30.25,168.55,198.8,20,0,2011-11,True,4.0,1.0,1.0,Promising
18112,2011-06-26 13:56:00,2011-11-27 14:43:00,2,255,352.69,United Kingdom,26,0.0,352.69,176.34,13,154,2011-06,True,5.0,2.0,2.0,Potential Loyalists
18113,2010-12-06 12:31:00,2010-12-06 12:31:00,1,72,76.32,United Kingdom,1,0.0,76.32,76.32,369,0,2010-12,True,1.0,1.0,1.0,Hibernating
18114,2011-02-22 13:20:00,2011-02-22 13:20:00,1,55,220.1,United Kingdom,28,0.0,220.1,220.1,291,0,2011-02,True,1.0,1.0,1.0,Hibernating
18116,2010-12-10 12:14:00,2011-10-03 11:00:00,8,819,1399.51,United Kingdom,229,0.0,1399.51,174.94,68,297,2010-12,True,3.0,5.0,4.0,Loyal Customers
18117,2011-11-14 12:47:00,2011-11-14 12:47:00,1,604,314.4,United Kingdom,67,0.0,314.4,314.4,26,0,2011-11,True,4.0,1.0,2.0,Promising
18118,2010-12-05 12:13:00,2011-11-29 11:32:00,26,2853,5622.68,United Kingdom,423,58.05,5564.63,216.26,11,359,2010-12,True,5.0,5.0,5.0,Champions
18119,2010-12-07 11:59:00,2010-12-07 11:59:00,1,124,180.7,United Kingdom,29,0.0,180.7,180.7,368,0,2010-12,True,1.0,1.0,1.0,Hibernating
18120,2011-05-09 13:45:00,2011-05-09 13:45:00,1,31,111.15,United Kingdom,17,0.0,111.15,111.15,215,0,2011-05,True,1.0,1.0,1.0,Hibernating
18121,2011-07-08 12:14:00,2011-07-13 12:53:00,2,438,653.3,United Kingdom,28,0.0,653.3,326.65,150,5,2011-07,True,2.0,2.0,3.0,Hibernating
18122,2011-07-12 11:37:00,2011-12-01 13:08:00,6,1215,1791.84,United Kingdom,238,0.0,1791.84,298.64,9,142,2011-07,True,5.0,5.0,4.0,Champions
18123,2011-11-08 13:31:00,2011-11-15 14:23:00,2,582,574.44,United Kingdom,31,0.0,574.44,287.22,25,7,2011-11,True,4.0,2.0,3.0,Potential Loyalists
18125,2011-01-27 15:02:00,2011-11-10 12:29:00,4,800,1131.75,United Kingdom,164,1.65,1130.1,282.94,30,287,2011-01,True,4.0,4.0,4.0,Loyal Customers
18126,2011-10-10 12:19:00,2011-10-10 12:19:00,1,129,198.58,United Kingdom,51,0.0,198.58,198.58,61,0,2011-10,True,3.0,1.0,1.0,About to Sleep
18127,2011-07-29 10:06:00,2011-11-20 14:05:00,3,187,347.08,United Kingdom,41,0.0,347.08,115.69,20,114,2011-07,True,4.0,3.0,2.0,Potential Loyalists
18129,2011-04-10 14:16:00,2011-04-10 14:16:00,1,48,112.55,United Kingdom,13,0.0,112.55,112.55,244,0,2011-04,True,1.0,1.0,1.0,Hibernating
18130,2011-10-13 15:58:00,2011-11-24 14:40:00,3,824,1059.39,United Kingdom,58,13.65,1045.74,353.13,16,42,2011-10,True,4.0,3.0,4.0,Potential Loyalists
18133,2011-05-11 14:14:00,2011-05-11 14:14:00,1,1350,931.5,United Kingdom,1,0.0,931.5,931.5,213,0,2011-05,True,1.0,1.0,4.0,Hibernating
18135,2011-06-02 14:04:00,2011-11-10 19:32:00,5,349,681.91,United Kingdom,11,0.0,681.91,136.38,30,161,2011-06,True,4.0,4.0,3.0,Loyal Customers
18136,2011-01-24 12:08:00,2011-10-07 15:40:00,3,379,784.33,United Kingdom,34,22.5,761.83,261.44,64,256,2011-01,True,3.0,3.0,3.0,Need Attention
18138,2011-02-17 14:51:00,2011-02-17 14:51:00,1,38,152.65,United Kingdom,8,0.0,152.65,152.65,296,0,2011-02,True,1.0,1.0,1.0,Hibernating
18139,2011-11-21 14:06:00,2011-11-22 10:44:00,6,5557,8438.34,United Kingdom,35,0.0,8438.34,1406.39,18,1,2011-11,True,4.0,5.0,5.0,Loyal Customers
18142,2011-05-08 12:31:00,2011-07-05 13:19:00,2,1276,1019.52,United Kingdom,9,4.62,1014.9,509.76,158,58,2011-05,True,2.0,2.0,4.0,Hibernating
18143,2011-07-21 10:44:00,2011-08-15 12:07:00,2,570,1000.16,United Kingdom,59,0.0,1000.16,500.08,117,25,2011-07,True,2.0,2.0,4.0,Hibernating
18144,2010-12-01 13:45:00,2011-12-02 12:46:00,12,1343,2888.75,United Kingdom,27,0.0,2888.75,240.73,8,366,2010-12,True,5.0,5.0,5.0,Champions
18145,2011-01-31 12:10:00,2011-11-27 11:22:00,4,2625,2861.55,United Kingdom,174,0.0,2861.55,715.39,13,300,2011-01,True,5.0,4.0,5.0,Champions
18146,2011-05-03 16:35:00,2011-07-22 12:08:00,2,153,160.35,United Kingdom,10,0.0,160.35,80.18,141,80,2011-05,True,2.0,2.0,1.0,Hibernating
18147,2011-08-23 12:22:00,2011-10-25 11:46:00,2,203,179.34,United Kingdom,7,0.0,179.34,89.67,46,63,2011-08,True,3.0,2.0,1.0,About to Sleep
18149,2011-03-11 12:44:00,2011-10-20 12:04:00,3,310,612.08,United Kingdom,11,0.0,612.08,204.03,51,223,2011-03,True,3.0,3.0,3.0,Need Attention
18150,2011-05-22 10:47:00,2011-11-07 16:49:00,3,332,566.58,United Kingdom,29,0.0,566.58,188.86,33,169,2011-05,True,3.0,3.0,3.0,Need Attention
18151,2011-02-23 08:29:00,2011-07-28 11:35:00,2,355,653.35,United Kingdom,38,0.0,653.35,326.68,135,155,2011-02,True,2.0,2.0,3.0,Hibernating
18154,2011-10-27 10:40:00,2011-12-06 16:41:00,2,255,399.19,United Kingdom,15,0.0,399.19,199.6,4,40,2011-10,True,5.0,2.0,2.0,Potential Loyalists
18155,2011-02-21 10:36:00,2011-09-25 13:32:00,3,266,371.62,United Kingdom,19,23.8,347.82,123.87,76,216,2011-02,True,2.0,3.0,2.0,At Risk
18156,2010-12-05 12:29:00,2011-11-27 12:24:00,2,283,675.64,United Kingdom,100,0.0,675.64,337.82,13,357,2010-12,True,5.0,2.0,3.0,Potential Loyalists
18158,2011-09-12 09:03:00,2011-11-30 16:19:00,2,354,453.4,United Kingdom,24,1.65,451.75,226.7,10,79,2011-09,True,5.0,2.0,2.0,Potential Loyalists
18159,2011-02-11 14:26:00,2011-02-11 14:26:00,1,139,530.15,United Kingdom,23,0.0,530.15,530.15,302,0,2011-02,True,1.0,1.0,3.0,Hibernating
18160,2011-05-23 13:41:00,2011-10-13 15:50:00,2,294,638.06,United Kingdom,37,0.0,638.06,319.03,58,143,2011-05,True,3.0,2.0,3.0,About to Sleep
18161,2011-01-24 11:56:00,2011-11-24 16:40:00,5,812,1618.69,United Kingdom,49,5.9,1612.79,323.74,16,304,2011-01,True,4.0,4.0,4.0,Loyal Customers
18164,2011-11-02 12:56:00,2011-11-02 12:56:00,1,184,399.65,United Kingdom,24,4.95,394.7,399.65,38,0,2011-11,True,3.0,1.0,2.0,About to Sleep
18165,2011-06-15 13:23:00,2011-06-15 13:23:00,1,254,302.46,United Kingdom,10,0.0,302.46,302.46,178,0,2011-06,True,2.0,1.0,2.0,Hibernating
18167,2011-08-26 11:40:00,2011-11-16 15:56:00,3,382,1384.86,United Kingdom,24,23.35,1361.51,461.62,24,82,2011-08,True,4.0,3.0,4.0,Potential Loyalists
18168,2010-12-02 18:08:00,2011-06-16 19:21:00,6,592,1160.04,United Kingdom,97,36.3,1123.74,193.34,177,196,2010-12,True,2.0,5.0,4.0,Can't Lose Them
18169,2011-10-10 12:18:00,2011-10-10 12:18:00,1,61,202.65,United Kingdom,9,0.0,202.65,202.65,61,0,2011-10,True,3.0,1.0,1.0,About to Sleep
18170,2011-05-06 15:13:00,2011-11-06 14:35:00,3,409,980.31,United Kingdom,29,0.0,980.31,326.77,34,184,2011-05,True,3.0,3.0,4.0,Need Attention
18171,2011-01-10 09:55:00,2011-10-12 09:13:00,5,481,1231.31,United Kingdom,43,22.8,1208.51,246.26,59,275,2011-01,True,3.0,4.0,4.0,Loyal Customers
18172,2011-02-23 10:44:00,2011-11-25 11:12:00,20,3184,7561.68,United Kingdom,100,71.51,7490.17,378.08,15,275,2011-02,True,4.0,5.0,5.0,Loyal Customers
18173,2011-03-10 11:56:00,2011-09-14 11:26:00,4,1220,2106.84,United Kingdom,23,0.0,2106.84,526.71,87,188,2011-03,True,2.0,4.0,5.0,At Risk
18174,2011-12-02 16:56:00,2011-12-02 16:56:00,1,50,104.0,United Kingdom,1,0.0,104.0,104.0,8,0,2011-12,True,5.0,1.0,1.0,New Customers
18176,2010-12-16 15:45:00,2010-12-16 15:45:00,1,283,476.35,United Kingdom,30,27.7,448.65,476.35,359,0,2010-12,True,1.0,1.0,2.0,Hibernating
18177,2011-03-29 08:46:00,2011-11-08 14:44:00,6,709,1340.87,United Kingdom,53,27.25,1313.62,223.48,32,224,2011-03,True,4.0,5.0,4.0,Loyal Customers
18178,2010-12-10 12:42:00,2011-08-03 09:30:00,4,983,1590.81,United Kingdom,80,17.4,1573.41,397.7,129,236,2010-12,True,2.0,4.0,4.0,At Risk
18179,2011-01-07 14:22:00,2011-11-30 16:23:00,6,1360,1793.17,United Kingdom,86,0.0,1793.17,298.86,10,327,2011-01,True,5.0,5.0,4.0,Champions
18180,2011-07-20 08:59:00,2011-12-05 08:39:00,6,1721,1843.75,United Kingdom,108,0.0,1843.75,307.29,5,138,2011-07,True,5.0,5.0,4.0,Champions
18181,2011-11-15 15:08:00,2011-11-15 15:08:00,1,133,366.85,United Kingdom,40,0.0,366.85,366.85,25,0,2011-11,True,4.0,1.0,2.0,Promising
18183,2011-03-10 10:08:00,2011-04-26 15:26:00,2,371,632.07,United Kingdom,36,31.55,600.52,316.04,228,47,2011-03,True,1.0,2.0,3.0,Hibernating
18184,2011-11-24 15:28:00,2011-11-24 15:28:00,1,60,49.8,United Kingdom,1,0.0,49.8,49.8,16,0,2011-11,True,4.0,1.0,1.0,Promising
18185,2011-04-04 13:42:00,2011-04-04 13:42:00,1,183,304.25,United Kingdom,17,0.0,304.25,304.25,250,0,2011-04,True,1.0,1.0,2.0,Hibernating
18188,2011-02-22 14:43:00,2011-11-24 16:46:00,3,1168,2001.04,United Kingdom,63,2.55,1998.49,667.01,16,275,2011-02,True,4.0,3.0,4.0,Potential Loyalists
18189,2011-03-17 09:49:00,2011-09-23 12:40:00,2,566,1090.24,United Kingdom,65,5.9,1084.34,545.12,78,190,2011-03,True,2.0,2.0,4.0,Hibernating
18190,2011-01-13 10:35:00,2011-05-31 14:48:00,2,140,284.46,United Kingdom,14,9.95,274.51,142.23,193,138,2011-01,True,1.0,2.0,2.0,Hibernating
18191,2011-03-23 12:08:00,2011-03-23 12:08:00,1,140,207.8,United Kingdom,7,0.0,207.8,207.8,262,0,2011-03,True,1.0,1.0,1.0,Hibernating
18192,2011-09-29 09:53:00,2011-09-29 09:53:00,1,339,957.97,United Kingdom,45,0.0,957.97,957.97,72,0,2011-09,True,2.0,1.0,4.0,Hibernating
18193,2011-06-27 13:58:00,2011-06-27 13:58:00,1,124,243.76,United Kingdom,16,30.8,212.96,243.76,166,0,2011-06,True,2.0,1.0,1.0,Hibernating
18194,2011-09-18 13:29:00,2011-09-18 13:29:00,1,632,973.84,United Kingdom,7,77.84,896.0,973.84,83,0,2011-09,True,2.0,1.0,3.0,Hibernating
18196,2011-02-22 16:13:00,2011-09-05 16:22:00,2,431,686.63,United Kingdom,131,0.0,686.63,343.32,96,195,2011-02,True,2.0,2.0,3.0,Hibernating
18198,2011-01-07 13:39:00,2011-12-05 14:49:00,17,4074,5425.56,United Kingdom,81,342.5,5083.06,319.15,5,332,2011-01,True,5.0,5.0,5.0,Champions
18200,2011-08-25 18:45:00,2011-08-25 18:45:00,1,104,150.35,United Kingdom,29,0.0,150.35,150.35,107,0,2011-08,True,2.0,1.0,1.0,Hibernating
18202,2011-02-01 13:36:00,2011-05-24 12:12:00,3,581,1396.99,United Kingdom,55,0.0,1396.99,465.66,200,112,2011-02,True,1.0,3.0,4.0,At Risk
18203,2011-07-05 13:07:00,2011-07-05 13:07:00,1,43,160.42,United Kingdom,19,0.0,160.42,160.42,158,0,2011-07,True,2.0,1.0,1.0,Hibernating
18204,2011-05-31 15:26:00,2011-09-29 16:44:00,3,1190,1975.35,United Kingdom,159,14.4,1960.95,658.45,72,121,2011-05,True,2.0,3.0,4.0,At Risk
18205,2011-09-26 12:02:00,2011-11-03 13:22:00,2,192,517.36,United Kingdom,30,0.0,517.36,258.68,37,38,2011-09,True,3.0,2.0,3.0,About to Sleep
18209,2011-11-11 12:07:00,2011-11-11 12:07:00,1,58,139.1,United Kingdom,8,0.0,139.1,139.1,29,0,2011-11,True,4.0,1.0,1.0,Promising
18210,2011-03-17 16:58:00,2011-12-08 11:02:00,6,1398,2621.38,United Kingdom,109,0.0,2621.38,436.9,2,266,2011-03,True,5.0,5.0,5.0,Champions
18211,2011-03-06 12:09:00,2011-11-14 08:10:00,5,359,600.07,United Kingdom,37,0.0,600.07,120.01,26,253,2011-03,True,4.0,4.0,3.0,Loyal Customers
18212,2011-01-17 16:14:00,2011-01-17 16:14:00,1,92,216.07,United Kingdom,30,0.0,216.07,216.07,327,0,2011-01,True,1.0,1.0,1.0,Hibernating
18213,2011-04-17 10:21:00,2011-04-17 10:21:00,1,232,232.48,United Kingdom,15,0.0,232.48,232.48,237,0,2011-04,True,1.0,1.0,1.0,Hibernating
18215,2011-09-11 16:05:00,2011-09-11 16:05:00,1,118,299.34,United Kingdom,13,0.0,299.34,299.34,90,0,2011-09,True,2.0,1.0,2.0,Hibernating
18216,2011-11-08 16:55:00,2011-11-08 16:55:00,1,200,481.75,United Kingdom,26,0.0,481.75,481.75,32,0,2011-11,True,4.0,1.0,3.0,Promising
18217,2011-09-30 10:44:00,2011-11-10 13:18:00,2,491,621.75,United Kingdom,27,0.0,621.75,310.88,30,41,2011-09,True,4.0,2.0,3.0,Potential Loyalists
18218,2011-03-03 12:24:00,2011-05-12 12:53:00,2,536,641.92,United Kingdom,17,35.7,606.22,320.96,212,70,2011-03,True,1.0,2.0,3.0,Hibernating
18219,2010-12-06 10:05:00,2011-12-07 11:43:00,10,885,2069.77,United Kingdom,58,50.0,2019.77,206.98,3,366,2010-12,True,5.0,5.0,5.0,Champions
18220,2011-04-27 09:03:00,2011-04-27 09:03:00,1,288,305.28,United Kingdom,2,7.5,297.78,305.28,227,0,2011-04,True,1.0,1.0,2.0,Hibernating
18221,2011-05-12 14:13:00,2011-11-17 14:40:00,5,791,1041.61,United Kingdom,59,8.3,1033.31,208.32,23,189,2011-05,True,4.0,4.0,4.0,Loyal Customers
18222,2011-09-08 10:45:00,2011-09-08 10:45:00,1,335,443.0,United Kingdom,19,0.0,443.0,443.0,93,0,2011-09,True,2.0,1.0,2.0,Hibernating
18223,2010-12-16 16:42:00,2011-12-05 09:11:00,14,2948,6484.54,United Kingdom,116,166.47,6318.07,463.18,5,354,2010-12,True,5.0,5.0,5.0,Champions
18224,2011-03-21 10:30:00,2011-03-21 10:30:00,1,69,158.95,United Kingdom,10,0.0,158.95,158.95,264,0,2011-03,True,1.0,1.0,1.0,Hibernating
18225,2010-12-09 15:46:00,2011-12-06 13:27:00,12,3242,5504.96,United Kingdom,150,148.1,5356.86,458.75,4,362,2010-12,True,5.0,5.0,5.0,Champions
18226,2011-01-06 09:00:00,2011-10-26 13:36:00,11,3466,5228.05,United Kingdom,141,35.95,5192.1,475.28,45,293,2011-01,True,3.0,5.0,5.0,Loyal Customers
18227,2011-05-06 12:23:00,2011-05-06 12:23:00,1,21,93.75,United Kingdom,5,0.0,93.75,93.75,218,0,2011-05,True,1.0,1.0,1.0,Hibernating
18228,2011-09-21 10:48:00,2011-10-14 09:21:00,2,238,779.9,United Kingdom,23,10.7,769.2,389.95,57,23,2011-09,True,3.0,2.0,3.0,About to Sleep
18229,2010-12-01 16:25:00,2011-11-28 09:48:00,20,2488,7276.9,United Kingdom,66,0.0,7276.9,363.84,12,362,2010-12,True,5.0,5.0,5.0,Champions
18230,2011-02-10 13:06:00,2011-11-30 13:22:00,7,1316,2810.2,United Kingdom,32,93.6,2716.6,401.46,10,293,2011-02,True,5.0,5.0,5.0,Champions
18231,2011-02-24 09:08:00,2011-05-31 14:18:00,5,819,2071.77,United Kingdom,106,17.1,2054.67,414.35,193,96,2011-02,True,1.0,4.0,5.0,At Risk
18232,2011-05-26 16:30:00,2011-09-19 11:49:00,4,302,592.97,United Kingdom,31,10.5,582.47,148.24,82,116,2011-05,True,2.0,4.0,3.0,At Risk
18233,2011-01-18 08:44:00,2011-01-18 08:44:00,1,4,440.0,United Kingdom,1,0.0,440.0,440.0,326,0,2011-01,True,1.0,1.0,2.0,Hibernating
18235,2011-05-06 13:35:00,2011-09-29 08:27:00,3,1578,1796.48,United Kingdom,100,0.0,1796.48,598.83,72,146,2011-05,True,2.0,3.0,4.0,At Risk
18236,2011-04-13 09:52:00,2011-11-10 08:06:00,6,403,882.24,United Kingdom,42,0.0,882.24,147.04,30,211,2011-04,True,4.0,5.0,3.0,Loyal Customers
18237,2011-07-28 13:05:00,2011-12-07 12:49:00,5,622,987.1,United Kingdom,40,0.0,987.1,197.42,3,132,2011-07,True,5.0,4.0,4.0,Champions
18239,2010-12-02 17:48:00,2011-05-05 12:38:00,5,795,1561.61,United Kingdom,80,0.0,1561.61,312.32,219,154,2010-12,True,1.0,4.0,4.0,At Risk
18240,2011-10-24 13:06:00,2011-10-24 13:06:00,1,126,422.58,United Kingdom,6,0.0,422.58,422.58,47,0,2011-10,True,3.0,1.0,2.0,About to Sleep
18241,2011-05-06 09:22:00,2011-11-30 12:10:00,17,1051,2073.09,United Kingdom,60,15.0,2058.09,121.95,10,208,2011-05,True,5.0,5.0,5.0,Champions
18242,2011-05-10 11:20:00,2011-09-28 13:43:00,4,1017,2232.49,United Kingdom,72,0.0,2232.49,558.12,73,141,2011-05,True,2.0,4.0,5.0,At Risk
18245,2010-12-19 14:58:00,2011-12-02 14:48:00,7,1788,2567.06,United Kingdom,153,59.5,2507.56,366.72,8,348,2010-12,True,5.0,5.0,5.0,Champions
18246,2011-04-20 13:55:00,2011-11-16 11:49:00,2,166,596.1,United Kingdom,3,0.0,596.1,298.05,24,210,2011-04,True,4.0,2.0,3.0,Potential Loyalists
18248,2011-06-06 13:18:00,2011-08-09 10:19:00,2,511,804.02,United Kingdom,39,21.0,783.02,402.01,123,64,2011-06,True,2.0,2.0,3.0,Hibernating
18249,2011-11-22 15:07:00,2011-11-22 15:07:00,1,128,95.34,United Kingdom,8,0.0,95.34,95.34,18,0,2011-11,True,4.0,1.0,1.0,Promising
18250,2011-02-02 13:16:00,2011-02-02 13:16:00,1,199,349.27,United Kingdom,21,6.35,342.92,349.27,311,0,2011-02,True,1.0,1.0,2.0,Hibernating
18251,2011-09-13 15:03:00,2011-09-13 15:03:00,1,7824,4314.72,United Kingdom,16,0.0,4314.72,4314.72,88,0,2011-09,True,2.0,1.0,5.0,Hibernating
18252,2011-06-21 11:47:00,2011-10-20 12:43:00,2,234,518.27,United Kingdom,90,0.0,518.27,259.14,51,121,2011-06,True,3.0,2.0,3.0,About to Sleep
18255,2011-09-11 13:16:00,2011-09-11 13:16:00,1,74,103.3,United Kingdom,6,0.0,103.3,103.3,90,0,2011-09,True,2.0,1.0,1.0,Hibernating
18257,2011-02-16 15:13:00,2011-10-31 14:48:00,8,1041,2337.63,United Kingdom,97,63.6,2274.03,292.2,40,257,2011-02,True,3.0,5.0,5.0,Loyal Customers
18259,2010-12-08 13:38:00,2011-11-15 12:34:00,3,714,2338.6,United Kingdom,27,0.0,2338.6,779.53,25,342,2010-12,True,4.0,3.0,5.0,Potential Loyalists
18260,2010-12-16 18:23:00,2011-06-20 12:37:00,6,1475,2628.35,United Kingdom,86,48.2,2580.15,438.06,173,186,2010-12,True,2.0,5.0,5.0,Can't Lose Them
18261,2011-09-05 09:34:00,2011-10-27 15:36:00,2,146,324.24,United Kingdom,19,0.0,324.24,162.12,44,52,2011-09,True,3.0,2.0,2.0,About to Sleep
18262,2011-07-22 16:04:00,2011-07-22 16:04:00,1,182,149.48,United Kingdom,13,0.0,149.48,149.48,141,0,2011-07,True,2.0,1.0,1.0,Hibernating
18263,2011-04-01 11:48:00,2011-11-14 09:00:00,3,1468,1213.16,United Kingdom,59,2.08,1211.08,404.39,26,227,2011-04,True,4.0,3.0,4.0,Potential Loyalists
18265,2011-07-04 15:26:00,2011-09-28 14:10:00,2,311,801.51,United Kingdom,44,0.0,801.51,400.76,73,86,2011-07,True,2.0,2.0,3.0,Hibernating
18268,2011-07-28 19:13:00,2011-07-28 19:13:00,1,2,25.5,United Kingdom,1,25.5,0.0,25.5,135,0,2011-07,False,,,,
18269,2010-12-08 13:53:00,2010-12-08 13:53:00,1,76,168.6,United Kingdom,7,29.7,138.9,168.6,367,0,2010-12,True,1.0,1.0,1.0,Hibernating
18270,2011-03-18 12:41:00,2011-11-01 13:57:00,2,101,283.15,United Kingdom,11,38.25,244.9,141.58,39,228,2011-03,True,3.0,2.0,2.0,About to Sleep
18272,2011-04-07 09:35:00,2011-12-07 12:43:00,6,2050,3078.58,United Kingdom,99,13.8,3064.78,513.1,3,244,2011-04,True,5.0,5.0,5.0,Champions
18273,2011-03-27 11:22:00,2011-12-07 13:16:00,3,80,204.0,United Kingdom,1,0.0,204.0,68.0,3,255,2011-03,True,5.0,3.0,1.0,Potential Loyalists
18274,2011-11-09 17:03:00,2011-11-09 17:03:00,1,88,175.92,United Kingdom,11,175.92,0.0,175.92,31,0,2011-11,False,,,,
18276,2011-10-27 10:54:00,2011-10-27 10:54:00,1,186,335.86,United Kingdom,14,12.5,323.36,335.86,44,0,2011-10,True,3.0,1.0,2.0,About to Sleep
18277,2011-10-12 15:22:00,2011-10-12 15:22:00,1,68,110.38,United Kingdom,8,12.75,97.63,110.38,59,0,2011-10,True,3.0,1.0,1.0,About to Sleep
18278,2011-09-27 11:58:00,2011-09-27 11:58:00,1,66,173.9,United Kingdom,9,0.0,173.9,173.9,74,0,2011-09,True,2.0,1.0,1.0,Hibernating
18280,2011-03-07 09:52:00,2011-03-07 09:52:00,1,45,180.6,United Kingdom,10,0.0,180.6,180.6,278,0,2011-03,True,1.0,1.0,1.0,Hibernating
18281,2011-06-12 10:53:00,2011-06-12 10:53:00,1,54,80.82,United Kingdom,7,0.0,80.82,80.82,181,0,2011-06,True,1.0,1.0,1.0,Hibernating
18282,2011-08-05 13:35:00,2011-12-02 11:43:00,2,103,178.05,United Kingdom,12,1.45,176.6,89.02,8,119,2011-08,True,5.0,2.0,1.0,Potential Loyalists
18283,2011-01-06 14:14:00,2011-12-06 12:02:00,16,1355,2039.58,United Kingdom,262,0.0,2039.58,127.47,4,334,2011-01,True,5.0,5.0,5.0,Champions
18287,2011-05-22 10:39:00,2011-10-28 09:29:00,3,1586,1837.28,United Kingdom,59,0.0,1837.28,612.43,43,159,2011-05,True,3.0,3.0,4.0,Need Attention
