pct_customers,cum_revenue_pct
0.02314814814814815,3.371103341204328
0.0462962962962963,6.510990738345949
0.06944444444444445,8.803419325770385
0.0925925925925926,10.360540091980724
0.11574074074074073,11.855625973207736
0.1388888888888889,13.230363045715773
0.16203703703703703,14.296167948511679
0.1851851851851852,15.093302302161907
0.20833333333333334,15.854660237989737
0.23148148148148145,16.58467931456999
0.25462962962962965,17.30156915756978
0.2777777777777778,17.99473292983543
0.30092592592592593,18.650751300421
0.32407407407407407,19.2947750700148
0.3472222222222222,19.93828261382568
0.3703703703703704,20.56495725498153
0.3935185185185185,21.180007686237925
0.4166666666666667,21.789653406468858
0.4398148148148148,22.27167563377495
0.4629629629629629,22.750771614250187
0.4861111111111111,23.190366104229586
0.5092592592592593,23.605269426737085
0.5324074074074074,24.010907651268074
0.5555555555555556,24.415441111509352
0.5787037037037037,24.818872105022376
0.6018518518518519,25.197576500247294
0.625,25.56247545327659
0.6481481481481481,25.92307155738724
0.6712962962962963,26.26962702156327
0.6944444444444444,26.607877405680476
0.7175925925925926,26.94511565351212
0.7407407407407408,27.270793055770916
0.7638888888888888,27.592775737352408
0.787037037037037,27.90425372608723
0.8101851851851851,28.20881170155114
0.8333333333333334,28.469233037658775
0.8564814814814815,28.72409669351739
0.8796296296296297,28.978328036277162
0.9027777777777777,29.22347095144433
0.9259259259259258,29.466505793509207
0.9490740740740741,29.70398404364364
0.9722222222222222,29.929633721832914
0.9953703703703705,30.154234623677546
1.0185185185185186,30.36075456329686
1.0416666666666665,30.566199123228298
1.0648148148148149,30.771113913856624
1.087962962962963,30.96930567687822
1.1111111111111112,31.16669667926864
1.1342592592592593,31.363998439534956
1.1574074074074074,31.560999340174213
1.1805555555555556,31.756913252394003
1.2037037037037037,31.94952726173486
1.2268518518518519,32.14061351362868
1.25,32.32777214466765
1.2731481481481481,32.513539420855764
1.2962962962962963,32.69128494259045
1.3194444444444444,32.86686797529351
1.3425925925925926,33.03985814942608
1.3657407407407407,33.21109842819565
1.3888888888888888,33.37974101142323
1.412037037037037,33.541487766237374
1.4351851851851851,33.70174328273928
1.4583333333333333,33.86035979144972
1.4814814814814816,34.01889177408327
1.5046296296296295,34.17186196504202
1.5277777777777777,34.32219842502114
1.5509259259259258,34.47206835909945
1.574074074074074,34.62124950843673
1.597222222222222,34.77039837098926
1.6203703703703702,34.91925121088624
1.6435185185185184,35.06627458723909
1.6666666666666667,35.21127441656655
1.6898148148148149,35.35512074911648
1.712962962962963,35.49517284030056
1.7361111111111112,35.63410323779471
1.7592592592592593,35.77300412976273
1.7824074074074074,35.90864187983519
1.8055555555555554,36.043074014762226
1.8287037037037035,36.176779152873415
1.8518518518518516,36.31004086162269
1.875,36.44329724970332
1.8981481481481481,36.57551296336656
1.9212962962962963,36.705343082687925
1.9444444444444444,36.834929297721594
1.9675925925925926,36.963887069233635
1.990740740740741,37.091678284145104
2.013888888888889,37.218934771857676
2.037037037037037,37.34548022476032
2.060185185185185,37.471677415715234
2.083333333333333,37.59722318753393
2.1064814814814814,37.72253073850643
2.1296296296296298,37.8478087839528
2.1527777777777777,37.97268862572076
2.175925925925926,38.096242774525926
2.199074074074074,38.219389892179684
2.2222222222222223,38.342205919134535
2.2453703703703707,38.46430764632371
2.2685185185185186,38.582730010220075
2.2916666666666665,38.701102311461455
2.314814814814815,38.81918572458023
2.337962962962963,38.93555539869793
2.361111111111111,39.05089201662835
2.384259259259259,39.16518409056419
2.4074074074074074,39.27810778526378
2.430555555555556,39.39051501233187
2.4537037037037037,39.50129121261147
2.476851851851852,39.61174490781657
2.5,39.72203257397507
2.5231481481481484,39.83165963075148
2.5462962962962963,39.94000476915714
2.569444444444444,40.048315685989465
2.5925925925925926,40.15606660244682
2.6157407407407405,40.26361085929702
2.638888888888889,40.368694427822845
2.662037037037037,40.47358887076318
2.685185185185185,40.577592585402506
2.7083333333333335,40.681274399588766
2.7314814814814814,40.78488523121832
2.7546296296296298,40.88746953657211
2.7777777777777777,40.98998346399064
2.8009259259259256,41.09202348912683
2.824074074074074,41.192668047986395
2.8472222222222223,41.29251571579198
2.8703703703703702,41.392104726546805
2.8935185185185186,41.490291499264906
2.9166666666666665,41.58845082216977
2.939814814814815,41.68595570283121
2.9629629629629632,41.782997685320474
2.986111111111111,41.87868253453221
3.009259259259259,41.974264477175375
3.0324074074074074,42.069519803318265
3.0555555555555554,42.16420219018744
3.0787037037037037,42.25856872281792
3.1018518518518516,42.35279728083647
3.125,42.447008788530496
3.148148148148148,42.54062196285046
3.1712962962962963,42.6324651683757
3.194444444444444,42.723930848275685
3.2175925925925926,42.814880060544155
3.2407407407407405,42.90545440752168
3.2638888888888893,42.995079982540254
3.2870370370370368,43.08404506910102
3.3101851851851856,43.17247458199289
3.3333333333333335,43.26046997669298
3.356481481481482,43.34841518781379
3.3796296296296298,43.4349619095508
3.4027777777777777,43.52072213972254
3.425925925925926,43.606249469716744
3.449074074074074,43.69169831984841
3.4722222222222223,43.77689443821942
3.4953703703703702,43.861838066678324
3.5185185185185186,43.94656463604135
3.5416666666666665,44.030933995059385
3.564814814814815,44.11491615450915
3.587962962962963,44.198499021961915
3.6111111111111107,44.2813866956864
3.6342592592592595,44.364113902881506
3.657407407407407,44.44680604203326
3.680555555555556,44.529371694380394
3.7037037037037033,44.61177724297101
3.726851851851852,44.69338662605336
3.75,44.77495441118084
3.7731481481481484,44.856327870978475
3.7962962962962963,44.93738704855314
3.8194444444444446,45.01812529306905
3.8425925925925926,45.09885084053477
3.8657407407407405,45.17940951248388
3.888888888888889,45.25991316388222
3.9120370370370368,45.34037932875147
3.935185185185185,45.42054415029651
3.958333333333333,45.50056761134957
3.981481481481482,45.579531654720704
4.00462962962963,45.65799096011621
4.027777777777778,45.73607939072225
4.050925925925926,45.814147506048016
4.074074074074074,45.89195950373306
4.097222222222222,45.969455042557975
4.12037037037037,46.04682602936686
4.143518518518519,46.124094230531455
4.166666666666666,46.201074631892034
4.189814814814815,46.27790411974193
4.212962962962963,46.354525255044635
4.236111111111112,46.43104904629598
4.2592592592592595,46.50744985754704
4.282407407407407,46.58348426820726
4.305555555555555,46.658988063094355
4.328703703703703,46.734308294913184
4.351851851851852,46.80937410203131
4.375,46.88414134708384
4.398148148148148,46.958658641634315
4.421296296296296,47.033133975457055
4.444444444444445,47.10754292184601
4.467592592592593,47.1818037359829
4.490740740740741,47.2559953814274
4.513888888888888,47.3296051392009
4.537037037037037,47.403163866925134
4.560185185185185,47.476555719132755
4.583333333333333,47.54882962630332
4.606481481481482,47.620511850935635
4.62962962962963,47.691870119402
4.652777777777778,47.76255568605753
4.675925925925926,47.83321114256551
4.699074074074074,47.903591012622506
4.722222222222222,47.97363870366199
4.74537037037037,48.04365688917536
4.768518518518518,48.11346031315429
4.791666666666667,48.18319553583514
4.814814814814815,48.25281031792573
4.837962962962963,48.32221432898338
4.861111111111112,48.39153937648135
4.884259259259259,48.4607743353852
4.907407407407407,48.530009173364775
4.930555555555555,48.599206282966676
4.953703703703704,48.667901677700144
4.976851851851852,48.73646151630743
5.0,48.804959925376714
5.023148148148148,48.87336377165325
5.046296296296297,48.94142697421218
5.069444444444445,49.009306976475685
5.092592592592593,49.077182746389134
5.1157407407407405,49.14477736733438
5.138888888888888,49.212351310226474
5.162037037037037,49.27977337221358
5.185185185185185,49.34712384702256
5.208333333333334,49.41445872259846
5.231481481481481,49.481748614339445
5.25462962962963,49.548844422599146
5.277777777777778,49.61578992196961
5.300925925925926,49.68236829520351
5.324074074074074,49.74841254585996
5.347222222222222,49.81432789122604
5.37037037037037,49.87977054355266
5.393518518518518,49.944680282544695
5.416666666666667,50.009457730366314
5.439814814814815,50.07421063055758
5.462962962962963,50.13884284831003
5.486111111111111,50.20321266035882
5.5092592592592595,50.26745937148303
5.532407407407407,50.33161974266602
5.555555555555555,50.39575169664149
5.578703703703704,50.45970649653591
5.601851851851851,50.5235645570004
5.625,50.5864876308747
5.648148148148148,50.64927273013706
5.671296296296297,50.71165829555386
5.694444444444445,50.77393756852202
5.717592592592593,50.836154565482175
5.7407407407407405,50.898317630210144
5.763888888888889,50.96030753135855
5.787037037037037,51.022173968809525
5.810185185185185,51.083640509642045
5.833333333333333,51.14489204709158
5.856481481481481,51.20602882739236
5.87962962962963,51.26716343105598
5.902777777777778,51.32810927190695
5.9259259259259265,51.38891689629743
5.949074074074074,51.449702754316164
5.972222222222222,51.510434075481285
5.99537037037037,51.570989572732515
6.018518518518518,51.631478561625684
6.041666666666667,51.69192087374391
6.064814814814815,51.75196437756229
6.087962962962963,51.811479805017576
6.111111111111111,51.87093307738915
6.1342592592592595,51.93033604525715
6.157407407407407,51.98972365574065
6.180555555555555,52.04910473631262
6.203703703703703,52.10826379989294
6.226851851851852,52.167385376944154
6.25,52.22632157706278
6.273148148148149,52.28508993427049
6.296296296296296,52.34338753322735
6.319444444444445,52.40166493782821
6.342592592592593,52.45957279780675
6.365740740740741,52.51745913326216
6.388888888888888,52.57504714850053
6.412037037037037,52.63243479219468
6.435185185185185,52.68971819915309
6.458333333333334,52.74696690084101
6.481481481481481,52.804010514937495
6.50462962962963,52.860980486142964
6.527777777777779,52.91769772558774
6.550925925925926,52.97434156399008
6.5740740740740735,53.03096944038648
6.597222222222222,53.08738763406852
6.620370370370371,53.14373847292247
6.643518518518518,53.200029696102746
6.666666666666667,53.256147876627736
6.689814814814815,53.31193351536236
6.712962962962964,53.367610805935485
6.736111111111111,53.42318531086432
6.7592592592592595,53.47860055850663
6.782407407407407,53.534010727328884
6.805555555555555,53.5890901682251
6.828703703703703,53.64412897856072
6.851851851851852,53.69885919011491
6.875000000000001,53.75357851848324
6.898148148148148,53.80793120441214
6.921296296296296,53.861913015551586
6.944444444444445,53.9155699031308
6.9675925925925934,53.96889920681542
6.9907407407407405,54.02220916261407
7.013888888888889,54.07546953945488
7.037037037037037,54.128587467485126
7.060185185185184,54.18169596342095
7.083333333333333,54.23477942802928
7.106481481481482,54.28780182587247
7.12962962962963,54.34076243140482
7.152777777777778,54.39361347953277
7.175925925925926,54.446418455507214
7.199074074074074,54.49913322196327
7.222222222222221,54.55168087105412
7.24537037037037,54.60404918942675
7.268518518518519,54.65622463356098
7.291666666666667,54.70834300143156
7.314814814814814,54.76035519777779
7.337962962962963,54.812290486277234
7.361111111111112,54.86402745894535
7.3842592592592595,54.91558522181952
7.4074074074074066,54.96689593637454
7.430555555555555,55.01802744113561
7.453703703703704,55.06882737150063
7.476851851851851,55.119567323419105
7.5,55.17029385274168
7.523148148148148,55.22061951805151
7.546296296296297,55.27081833378384
7.569444444444444,55.321002759525996
7.592592592592593,55.37110193364552
7.615740740740741,55.420950310792975
7.638888888888889,55.470621171086506
7.662037037037036,55.52018658540143
7.685185185185185,55.56975103232207
7.708333333333334,55.61924860811176
7.731481481481481,55.66865174203299
7.75462962962963,55.718019445138026
7.777777777777778,55.76729754334608
7.8009259259259265,55.81655339148526
7.8240740740740735,55.865687227018455
7.847222222222222,55.914819974233055
7.87037037037037,55.96367314449518
7.893518518518519,56.012464885219316
7.916666666666666,56.06115226828341
7.939814814814815,56.10981159691283
7.962962962962964,56.15845290782343
7.986111111111111,56.20697450368949
8.00925925925926,56.25544845538633
8.032407407407408,56.303720705371774
8.055555555555555,56.351964296301105
8.078703703703702,56.4000805539558
8.101851851851851,56.448140339968276
8.125,56.4960625141417
8.148148148148149,56.54392168676138
8.171296296296296,56.59173454537898
8.194444444444445,56.639447883308044
8.217592592592593,56.68700256857204
8.24074074074074,56.73446257011899
8.26388888888889,56.78186585817516
8.287037037037038,56.829254877165425
8.310185185185185,56.8765130560767
8.333333333333332,56.92374934769197
8.356481481481481,56.97092191220777
8.37962962962963,57.01807150110897
8.402777777777779,57.06514575417911
8.425925925925926,57.11221916077924
8.449074074074074,57.15921844079121
8.472222222222223,57.206177211166874
8.49537037037037,57.25301481540658
8.518518518518519,57.29979679447407
8.541666666666666,57.3465371755867
8.564814814814815,57.39322604295288
8.587962962962962,57.43976435958126
8.61111111111111,57.486280788913625
8.63425925925926,57.532783795650076
8.657407407407407,57.578955107066186
8.680555555555555,57.62494031600398
8.703703703703704,57.67082491593466
8.726851851851853,57.716674931519144
8.75,57.762501245943284
8.773148148148149,57.80832574650312
8.796296296296296,57.85414093589283
8.819444444444445,57.899778971201485
8.842592592592592,57.945374683009554
8.86574074074074,57.99079783585951
8.88888888888889,58.03621276585791
8.912037037037036,58.08162443090056
8.935185185185185,58.12687405739809
8.958333333333334,58.17184700912603
8.981481481481483,58.21680266868088
9.00462962962963,58.26175445865853
9.027777777777777,58.30665533951118
9.050925925925926,58.35141473894758
9.074074074074074,58.39608187315268
9.097222222222221,58.440628687691834
9.12037037037037,58.484899915779984
9.143518518518519,58.52909665450709
9.166666666666666,58.5732445398221
9.189814814814815,58.617273919335446
9.212962962962964,58.6612984618773
9.23611111111111,58.705253835726744
9.25925925925926,58.74917220674425
9.282407407407407,58.793029148223766
9.305555555555555,58.836839412928335
9.328703703703704,58.880584620366285
9.351851851851851,58.9242763792692
9.375,58.9679337956745
9.398148148148149,59.01151079742867
9.421296296296296,59.0550833249842
9.444444444444445,59.09857120553856
9.467592592592593,59.14204929122564
9.49074074074074,59.18534175813155
9.51388888888889,59.22857110255945
9.537037037037036,59.27162111626912
9.560185185185185,59.314660609565784
9.583333333333334,59.35768934060087
9.606481481481481,59.40062616917753
9.62962962962963,59.44347278823579
9.652777777777779,59.48631033797248
9.675925925925926,59.529140753176236
9.699074074074074,59.57194916015966
9.722222222222223,59.614750674458726
9.74537037037037,59.65735084981926
9.768518518518517,59.6998923769004
9.791666666666666,59.742405486774
9.814814814814815,59.78486297147539
9.837962962962964,59.827265556550316
9.86111111111111,59.86961711157595
9.88425925925926,59.911906027820706
9.907407407407408,59.95412843570739
9.930555555555555,59.996243220978286
9.953703703703704,60.03831096670138
9.976851851851851,60.08023142664241
10.0,60.12208320158822
10.023148148148147,60.1638122383823
10.046296296296296,60.205534019719146
10.069444444444445,60.247221458558364
10.092592592592593,60.288872499187065
10.11574074074074,60.33052015393573
10.13888888888889,60.37199174292193
10.162037037037038,60.41344277477927
10.185185185185185,60.45486780791482
10.208333333333334,60.49624737351832
10.231481481481481,60.537478444096884
10.25462962962963,60.578695245609524
10.277777777777777,60.61990866124213
10.300925925925926,60.661120383934694
10.324074074074074,60.70231590277275
10.347222222222221,60.74342931401967
10.37037037037037,60.784403299563216
10.393518518518519,60.82534511924631
10.416666666666668,60.86628548783794
10.439814814814815,60.90720735501362
10.462962962962962,60.94804300317237
10.48611111111111,60.98880815247156
10.50925925925926,61.02950437492694
10.532407407407407,61.07004980479592
10.555555555555555,61.110554241331485
10.578703703703704,61.15093860004964
10.601851851851851,61.191316670704865
10.625,61.23151940114335
10.648148148148149,61.2717157225946
10.671296296296298,61.311838038381964
10.694444444444445,61.35193302528037
10.717592592592592,61.3920047947156
10.74074074074074,61.43205794181057
10.76388888888889,61.47191168475561
10.787037037037036,61.51165840970629
10.810185185185185,61.55133064529594
10.833333333333334,61.59095027882058
10.856481481481481,61.63040859934581
10.87962962962963,61.66966171135532
10.902777777777779,61.708907326059006
10.925925925925926,61.748065633427196
10.949074074074074,61.78705803267307
10.972222222222221,61.825992871958135
10.99537037037037,61.864813075018745
11.018518518518519,61.903608246751865
11.041666666666666,61.94235432322429
11.064814814814815,61.98105892266616
11.087962962962964,62.01966448511662
11.11111111111111,62.058245983633896
11.13425925925926,62.096818533753904
11.157407407407408,62.13537935421803
11.180555555555555,62.17392457544909
11.203703703703702,62.21244670014124
11.226851851851851,62.25080436780254
11.25,62.28910991709596
11.273148148148149,62.327399383459166
11.296296296296296,62.36561145827844
11.319444444444445,62.40377310766985
11.342592592592593,62.4419343942884
11.36574074074074,62.480003778448534
11.38888888888889,62.51806240034708
11.412037037037038,62.555984015028
11.435185185185185,62.59382110363203
11.458333333333332,62.63154270954159
11.481481481481481,62.66918861684723
11.50462962962963,62.70677261091772
11.527777777777779,62.744339191890816
11.550925925925926,62.78189416413233
11.574074074074074,62.81933232351222
11.597222222222223,62.85674533064033
11.62037037037037,62.89415761222271
11.643518518518519,62.931559131543516
11.666666666666666,62.968935014915374
11.689814814814815,63.00628973653695
11.712962962962962,63.04362232901393
11.73611111111111,63.08093339696775
11.75925925925926,63.11822221485271
11.782407407407407,63.15547161141994
11.805555555555555,63.192707464467
11.828703703703704,63.22993062046388
11.851851851851853,63.26711532253737
11.875,63.30429252730504
11.898148148148149,63.34138157826719
11.921296296296296,63.3784422120218
11.944444444444445,63.4153830098076
11.967592592592592,63.45226346637398
11.99074074074074,63.489044281327544
12.01388888888889,63.52578918176774
12.037037037037036,63.56242766883503
12.060185185185185,63.59901016795726
12.083333333333334,63.63555070635175
12.106481481481483,63.67207770122606
12.12962962962963,63.70856418646408
12.152777777777777,63.74501342702158
12.175925925925926,63.78142058592707
12.199074074074074,63.817810573583756
12.222222222222221,63.85411494684495
12.24537037037037,63.890401907008766
12.268518518518519,63.92662925149889
12.291666666666666,63.96285478212469
12.314814814814815,63.99891343723388
12.337962962962964,64.03496701352302
12.36111111111111,64.07087088554432
12.38425925925926,64.10675819093828
12.407407407407407,64.14263618516209
12.430555555555555,64.17849858015285
12.453703703703704,64.21422868397316
12.476851851851851,64.24992964504021
12.5,64.28559711007966
12.523148148148147,64.32121197305408
12.546296296296298,64.35677012253772
12.569444444444445,64.39231750975978
12.592592592592592,64.42781846205547
12.61574074074074,64.46324734347586
12.63888888888889,64.4986028238538
12.662037037037038,64.53392662206846
12.685185185185185,64.56923699768721
12.708333333333332,64.60454459204733
12.731481481481483,64.63982207625992
12.75462962962963,64.6749966539039
12.777777777777777,64.71015478584481
12.800925925925927,64.74515426512065
12.824074074074074,64.78008626864411
12.847222222222221,64.8149805437899
12.87037037037037,64.84980311083326
12.893518518518517,64.8846069346121
12.916666666666668,64.91936928136032
12.939814814814815,64.95404069304443
12.962962962962962,64.9886932405397
12.986111111111112,65.02330310176153
13.00925925925926,65.05790619122325
13.032407407407407,65.09249912304483
13.055555555555557,65.12702723944837
13.078703703703704,65.16135232397335
13.101851851851851,65.1956547956566
13.125,65.22989740981758
13.148148148148147,65.26386528399757
13.171296296296298,65.29780498281862
13.194444444444445,65.33165676968271
13.217592592592592,65.36541387282978
13.240740740740742,65.39911160215172
13.26388888888889,65.43280171324355
13.287037037037036,65.46642664614447
13.310185185185187,65.49998785194595
13.333333333333334,65.53353430498434
13.356481481481481,65.56705294543664
13.37962962962963,65.60053663876988
13.402777777777777,65.63396591617379
13.425925925925927,65.66735903721577
13.449074074074074,65.70074091229901
13.472222222222221,65.73411516915215
13.495370370370372,65.7674548416591
13.518518518518519,65.80077625459865
13.541666666666666,65.83404554917031
13.564814814814815,65.86729912358463
13.587962962962962,65.90052899683863
13.61111111111111,65.93372609961072
13.63425925925926,65.9668724141821
13.657407407407407,66.00001352900914
13.680555555555557,66.0331504114861
13.703703703703704,66.06626939716854
13.726851851851851,66.09934666397183
13.750000000000002,66.13240917801205
13.773148148148149,66.16542259679157
13.796296296296296,66.19842501146096
13.819444444444445,66.23141581739873
13.842592592592592,66.26438255940333
13.86574074074074,66.29728158380698
13.88888888888889,66.3301491678959
13.912037037037036,66.36299945981172
13.935185185185187,66.39582157636859
13.958333333333334,66.42861708958222
13.981481481481481,66.46137693013107
14.004629629629632,66.49411512523247
14.027777777777779,66.52682103354913
14.050925925925926,66.55949743633968
14.074074074074074,66.59214276158836
14.097222222222221,66.62465301440801
14.120370370370368,66.65713835682445
14.143518518518519,66.6896227318466
14.166666666666666,66.72183067394775
14.189814814814813,66.7540241051344
14.212962962962964,66.78620496019516
14.23611111111111,66.81837202988716
14.25925925925926,66.850507054643
14.282407407407408,66.88261511328274
14.305555555555555,66.91467770439043
14.328703703703704,66.94654717941113
14.351851851851851,66.97837082412691
14.374999999999998,67.01018165086822
14.398148148148149,67.04188050171939
14.421296296296296,67.07355190275733
14.444444444444443,67.10521266245799
14.467592592592593,67.13687245476433
14.49074074074074,67.1684380470508
14.51388888888889,67.19999082136279
14.537037037037038,67.23144987935203
14.560185185185185,67.26288039920946
14.583333333333334,67.2943089842783
14.606481481481481,67.32573539270996
14.629629629629628,67.35714571821138
14.652777777777779,67.38851275281793
14.675925925925926,67.41985935121991
14.699074074074073,67.45118430417443
14.722222222222223,67.48250744326465
14.74537037037037,67.51380736489168
14.768518518518519,67.54510402156295
14.791666666666666,67.57639402739842
14.814814814814813,67.60764582115907
14.837962962962964,67.63889749399544
14.86111111111111,67.6701069642555
14.884259259259258,67.70130724426971
14.907407407407408,67.73244621567022
14.930555555555555,67.76354479835874
14.953703703703702,67.79455583186316
14.976851851851853,67.82551244943826
15.0,67.856443672913
15.023148148148149,67.88736014362469
15.046296296296296,67.91824287646018
15.069444444444443,67.94902270272709
15.092592592592593,67.97980119882683
15.11574074074074,68.01055514729624
15.138888888888888,68.0412971242612
15.162037037037038,68.07200536334999
15.185185185185185,68.10270465404147
15.208333333333332,68.13339801944292
15.231481481481483,68.1640629676368
15.25462962962963,68.19469816845597
15.277777777777779,68.225219700445
15.300925925925926,68.2556434046855
15.324074074074073,68.28606602060742
15.347222222222223,68.31647557670631
15.37037037037037,68.34684800904898
15.393518518518517,68.37718658259115
15.416666666666668,68.40750907320312
15.439814814814815,68.43779008678449
15.462962962962962,68.46804340870405
15.48611111111111,68.49827701996476
15.50925925925926,68.52844109976023
15.532407407407408,68.55852016978163
15.555555555555555,68.58855328857383
15.578703703703702,68.61857709619592
15.601851851851853,68.64855616183165
15.625,68.67844973399619
15.648148148148147,68.7082937272029
15.671296296296298,68.73812393504085
15.694444444444445,68.76794870128585
15.717592592592592,68.79773440898603
15.74074074074074,68.8275173354276
15.76388888888889,68.85729844800485
15.787037037037038,68.8870681936991
15.810185185185185,68.9168074664729
15.833333333333332,68.94651832203918
15.856481481481483,68.9762270009683
15.87962962962963,69.00593241494164
15.902777777777777,69.0355531819138
15.925925925925927,69.06516512141297
15.949074074074074,69.09474211379309
15.972222222222221,69.12422575262335
15.99537037037037,69.15357794675319
16.01851851851852,69.18288467335097
16.041666666666668,69.21218547465867
16.064814814814817,69.24148107622199
16.087962962962962,69.27076252964369
16.11111111111111,69.3000363648353
16.13425925925926,69.32929810759816
16.157407407407405,69.3584611761425
16.180555555555557,69.38761723107815
16.203703703703702,69.41667436994673
16.22685185185185,69.44568241355464
16.25,69.47457243505801
16.27314814814815,69.50342255154655
16.296296296296298,69.53226879845789
16.319444444444446,69.56105651801414
16.34259259259259,69.58983746581029
16.36574074074074,69.61848636428459
16.38888888888889,69.64706028970072
16.412037037037035,69.67563276402538
16.435185185185187,69.70420148969714
16.458333333333332,69.73276767595887
16.48148148148148,69.76132225348898
16.50462962962963,69.78986703615185
16.52777777777778,69.81839283370157
16.550925925925927,69.84691693831128
16.574074074074076,69.8754380198138
16.59722222222222,69.90394809720615
16.62037037037037,69.9323653047458
16.64351851851852,69.96073801214769
16.666666666666664,69.9890326024599
16.689814814814817,70.0173119563119
16.712962962962962,70.04552867138301
16.73611111111111,70.07362542956105
16.75925925925926,70.10170888606746
16.78240740740741,70.1297594511677
16.805555555555557,70.15780034232493
16.828703703703702,70.18583421987351
16.85185185185185,70.21378030638942
16.875,70.24168298108617
16.89814814814815,70.26958190713
16.921296296296294,70.297473335868
16.944444444444446,70.32533126857842
16.96759259259259,70.35316876508423
16.99074074074074,70.38097736068538
17.01388888888889,70.40877700788926
17.037037037037038,70.43656782762014
17.060185185185187,70.464344741058
17.083333333333332,70.49210061366982
17.10648148148148,70.51984681233866
17.12962962962963,70.54758224874593
17.15277777777778,70.5752512977194
17.175925925925924,70.60281586810856
17.199074074074076,70.63036000229317
17.22222222222222,70.65789180220044
17.24537037037037,70.68540909119324
17.26851851851852,70.71290896708864
17.291666666666668,70.74040751281689
17.314814814814813,70.76788634788628
17.337962962962962,70.79530472081198
17.36111111111111,70.82270918744462
17.38425925925926,70.85008221376255
17.40740740740741,70.87744278487887
17.430555555555554,70.9046341829171
17.453703703703706,70.9318240089396
17.47685185185185,70.95900186345764
17.5,70.98608829921443
17.52314814814815,71.01313591827495
17.546296296296298,71.04013214451332
17.569444444444443,71.06710563698567
17.59259259259259,71.0940753808051
17.61574074074074,71.12094729687601
17.63888888888889,71.14780470203245
17.662037037037038,71.17465896315741
17.685185185185183,71.20148734648487
17.708333333333336,71.22828489411903
17.73148148148148,71.25506841453587
17.75462962962963,71.28183028950525
17.77777777777778,71.30855770105273
17.800925925925924,71.33528015470442
17.824074074074073,71.36198386509156
17.84722222222222,71.38865528869397
17.87037037037037,71.41527132897274
17.89351851851852,71.4418663284255
17.916666666666668,71.46845770014964
17.939814814814813,71.4950423001137
17.962962962962965,71.52159219480727
17.98611111111111,71.54813628513504
18.00925925925926,71.57465159548241
18.03240740740741,71.60116303625259
18.055555555555554,71.62766020795685
18.078703703703702,71.65411009826472
18.10185185185185,71.68054656597671
18.125,71.70695933252837
18.14814814814815,71.7333636343799
18.171296296296298,71.75976189001707
18.194444444444443,71.7860530067356
18.217592592592595,71.81233626337544
18.24074074074074,71.83859279574777
18.26388888888889,71.86483167317415
18.287037037037038,71.89103451516287
18.310185185185183,71.91713215302154
18.333333333333332,71.94320887097851
18.35648148148148,71.96925027904355
18.37962962962963,71.99527536232978
18.40277777777778,72.0212871439444
18.425925925925927,72.0472734105344
18.449074074074073,72.07324613360419
18.47222222222222,72.09917870981056
18.49537037037037,72.12505916764907
18.51851851851852,72.15093781162327
18.541666666666668,72.17681270694455
18.564814814814813,72.20259255577595
18.587962962962962,72.2283352808511
18.61111111111111,72.25396409524753
18.63425925925926,72.27957622209227
18.65740740740741,72.30516609886817
18.680555555555557,72.33073771607664
18.703703703703702,72.35630510093506
18.72685185185185,72.38180887961832
18.75,72.40728569218547
18.77314814814815,72.43271207932477
18.796296296296298,72.45813689444836
18.819444444444443,72.48354780327887
18.84259259259259,72.50894915909069
18.86574074074074,72.53431713979917
18.88888888888889,72.55966383783309
18.912037037037038,72.58498151403802
18.935185185185187,72.61029326495287
18.958333333333332,72.63559860688049
18.98148148148148,72.66086996908335
19.00462962962963,72.68613032717606
19.02777777777778,72.7113509011782
19.050925925925927,72.73656760560317
19.074074074074073,72.76178128692094
19.09722222222222,72.78697489480699
19.12037037037037,72.81216850269305
19.14351851851852,72.83734373008744
19.166666666666668,72.86249211229
19.189814814814817,72.88760675661638
19.212962962962962,72.91268403533795
19.23611111111111,72.93775925834665
19.25925925925926,72.96280231549488
19.282407407407405,72.98779893771676
19.305555555555557,73.01274199047933
19.328703703703702,73.0376773040875
19.35185185185185,73.06256461075355
19.375,73.08743015104788
19.39814814814815,73.11229557041794
19.421296296296298,73.13715167861785
19.444444444444446,73.16199762917763
19.46759259259259,73.18683185008153
19.49074074074074,73.21165784813388
19.51388888888889,73.23644829444574
19.537037037037035,73.2611696929895
19.560185185185187,73.2858857708646
19.583333333333332,73.31059930932966
19.60648148148148,73.33530510864034
19.62962962962963,73.35996858445041
19.65277777777778,73.38445514802804
19.675925925925927,73.40893566539128
19.699074074074076,73.43340433217436
19.72222222222222,73.45786707366737
19.74537037037037,73.48232775944747
19.76851851851852,73.50676075356577
19.791666666666664,73.53119229659262
19.814814814814817,73.55561622138936
19.837962962962962,73.58002974669738
19.86111111111111,73.60430408815061
19.88425925925926,73.62855702600496
19.90740740740741,73.65279388092908
19.930555555555557,73.67702529426028
19.953703703703702,73.7012391735698
19.97685185185185,73.72543443053907
20.0,73.74962315759682
20.02314814814815,73.77378975550997
20.046296296296294,73.79795042813303
20.069444444444446,73.82208304632141
20.09259259259259,73.84620006527672
20.11574074074074,73.87028951349451
20.13888888888889,73.89436566004068
20.162037037037038,73.91843104432527
20.185185185185187,73.94246269073368
20.208333333333332,73.96635878101591
20.23148148148148,73.99021170132752
20.25462962962963,74.01406268685055
20.27777777777778,74.03782527671949
20.300925925925924,74.061578434494
20.324074074074076,74.08529108263224
20.34722222222222,74.10900010304186
20.37037037037037,74.13269376606698
20.39351851851852,74.1563625186889
20.416666666666668,74.17997238118284
20.439814814814813,74.203576439311
20.462962962962962,74.22710443606235
20.48611111111111,74.2505933742689
20.50925925925926,74.274019431846
20.53240740740741,74.29744041060302
20.555555555555554,74.32078061193607
20.578703703703706,74.34406289053544
20.60185185185185,74.36729692034415
20.625,74.39050059815669
20.64814814814815,74.41367815632319
20.671296296296298,74.43680758662327
20.694444444444443,74.45990424644148
20.71759259259259,74.4829796235851
20.74074074074074,74.50603541099416
20.76388888888889,74.52908466849172
20.787037037037038,74.55213368414068
20.810185185185183,74.57517520248385
20.833333333333336,74.59819979142675
20.85648148148148,74.62118616829486
20.87962962962963,74.6441345749367
20.90277777777778,74.66708080494139
20.925925925925924,74.69001191941015
20.949074074074073,74.71293988984742
20.97222222222222,74.73585286567307
20.99537037037037,74.75869352877484
21.01851851851852,74.78151436029349
21.041666666666668,74.8043133045161
21.064814814814813,74.82706762767668
21.087962962962965,74.84981735571434
21.11111111111111,74.87255620056612
21.13425925925926,74.89529262693215
21.15740740740741,74.91802445817525
21.180555555555554,74.94074020648814
21.203703703703702,74.96345498740673
21.22685185185185,74.98610652492302
21.25,75.00875721596928
21.27314814814815,75.0313421242032
21.296296296296298,75.05387950919217
21.319444444444443,75.07641193628535
21.342592592592595,75.09892803859974
21.36574074074074,75.12143337865255
21.38888888888889,75.14393666299249
21.412037037037038,75.1664389799381
21.435185185185183,75.18894069226229
21.458333333333332,75.21139185823435
21.48148148148148,75.23381194666453
21.50462962962963,75.256220789136
21.52777777777778,75.27862406909024
21.550925925925927,75.3009204519744
21.574074074074073,75.32321586746428
21.59722222222222,75.34550293917833
21.62037037037037,75.36778928534666
21.64351851851852,75.39007236655922
21.666666666666668,75.41234831323882
21.689814814814813,75.43461265118684
21.712962962962962,75.45687348233051
21.73611111111111,75.4791150865125
21.75925925925926,75.50135390943588
21.78240740740741,75.52358716984203
21.805555555555557,75.54581208647235
21.828703703703702,75.56802926394828
21.85185185185185,75.59023930689126
21.875,75.61235914031583
21.89814814814815,75.63447667617893
21.921296296296298,75.6565792174304
21.944444444444443,75.67863858871128
21.96759259259259,75.70068272353193
21.99074074074074,75.7227093243309
22.01388888888889,75.7447309672341
22.037037037037038,75.76670944016671
22.060185185185187,75.7886284183499
22.083333333333332,75.81051510974837
22.10648148148148,75.83240010820678
22.12962962962963,75.85427942322372
22.15277777777778,75.8761552314363
22.175925925925927,75.89796707070086
22.199074074074073,75.9197472278021
22.22222222222222,75.9415144460046
22.24537037037037,75.96327271580985
22.26851851851852,75.98501224235054
22.291666666666668,76.00673604873387
22.314814814814817,76.02845719478286
22.337962962962962,76.05014097522707
22.36111111111111,76.07180867274103
22.38425925925926,76.09344867859318
22.407407407407405,76.11508699150531
22.430555555555557,76.13671151904867
22.453703703703702,76.15831814979751
22.47685185185185,76.1799050698875
22.5,76.2014918690532
22.52314814814815,76.22307334755025
22.546296296296298,76.24464769151434
22.569444444444446,76.26618575819222
22.59259259259259,76.28771959252003
22.61574074074074,76.30921896342593
22.63888888888889,76.33070491173594
22.662037037037035,76.35216437762699
22.685185185185187,76.37361670898511
22.708333333333332,76.39502441928117
22.73148148148148,76.41642535781713
22.75462962962963,76.43779908838843
22.77777777777778,76.45916411241102
22.800925925925927,76.48051643938344
22.824074074074076,76.50185619022997
22.84722222222222,76.52315047354445
22.87037037037037,76.54442710191294
22.89351851851852,76.56569671667279
22.916666666666664,76.58690345080318
22.939814814814817,76.60807076361587
22.962962962962962,76.6292042176281
22.98611111111111,76.65030260359697
23.00925925925926,76.67139204116859
23.03240740740741,76.69247095832719
23.055555555555557,76.71352194197542
23.078703703703702,76.73457038621359
23.10185185185185,76.7556184676789
23.125,76.77666509805277
23.14814814814815,76.79770592406085
23.171296296296294,76.81872969974441
23.194444444444446,76.83974416425782
23.21759259259259,76.8607571776798
23.24074074074074,76.88175447094441
23.26388888888889,76.90273701144595
23.287037037037038,76.92362789133766
23.310185185185187,76.94444585388405
23.333333333333332,76.96524144543726
23.35648148148148,76.98600849885867
23.37962962962963,77.00667276663576
23.40277777777778,77.02732953710706
23.425925925925924,77.04797385237674
23.449074074074076,77.06861417714494
23.47222222222222,77.08924373965155
23.49537037037037,77.10983134143044
23.51851851851852,77.13037565231444
23.541666666666668,77.15091282866547
23.564814814814813,77.1713993377401
23.587962962962962,77.19188246093466
23.61111111111111,77.21236473765923
23.63425925925926,77.23282839204352
23.65740740740741,77.25328285618198
23.680555555555554,77.27371253084152
23.703703703703706,77.29409516595327
23.72685185185185,77.31447647089784
23.75,77.33484568341369
23.77314814814815,77.35519445972496
23.796296296296298,77.37553827814043
23.819444444444443,77.39587871067587
23.84259259259259,77.41620318120538
23.86574074074074,77.43651410821468
23.88888888888889,77.45679952019935
23.912037037037038,77.4770843275626
23.935185185185183,77.49735692157279
23.958333333333336,77.51762455768721
23.98148148148148,77.53787562717426
24.00462962962963,77.5581239154027
24.02777777777778,77.57822515969765
24.050925925925924,77.5983160045039
24.074074074074073,77.61840225418722
24.09722222222222,77.63848632723335
24.12037037037037,77.65855673583502
24.14351851851852,77.67860961041501
24.166666666666668,77.69862947266455
24.189814814814813,77.71860834158065
24.212962962962965,77.73857330420371
24.23611111111111,77.75851807247076
24.25925925925926,77.77845788284203
24.28240740740741,77.79839273531753
24.305555555555554,77.81831210948422
24.328703703703702,77.83820403383768
24.35185185185185,77.8580572624192
24.375,77.87791012822781
24.39814814814815,77.89775622227634
24.421296296296298,77.91759046574471
24.444444444444443,77.93742458828879
24.467592592592595,77.95721481531656
24.49074074074074,77.97700322848
24.51388888888889,77.99676564292164
24.537037037037038,78.01650568637012
24.560185185185183,78.03624427872717
24.583333333333332,78.05597634117267
24.60648148148148,78.07570090631238
24.62962962962963,78.09536283267119
24.65277777777778,78.11501036903982
24.675925925925927,78.13465101272405
24.699074074074073,78.15429080993827
24.72222222222222,78.17393024437965
24.74537037037037,78.19356895327529
24.76851851851852,78.21320729939806
24.791666666666668,78.23281795385903
24.814814814814813,78.25237902936215
24.837962962962962,78.27193623528808
24.86111111111111,78.29148727407535
24.88425925925926,78.31102198808382
24.90740740740741,78.33055017218076
24.930555555555557,78.3500527203288
24.953703703703702,78.36954728747385
24.97685185185185,78.3890353247074
25.0,78.40852082253089
25.02314814814815,78.42799144666705
25.046296296296294,78.44742470519837
25.069444444444443,78.46682628156643
25.092592592592595,78.48619665946832
25.115740740740737,78.50551770026097
25.13888888888889,78.52481673283329
25.162037037037038,78.54406860493351
25.185185185185183,78.563297017722
25.208333333333332,78.58250064103157
25.23148148148148,78.60168902788092
25.254629629629626,78.62086108995148
25.27777777777778,78.63999856767583
25.300925925925927,78.65910774911691
25.324074074074076,78.67819770359633
25.34722222222222,78.69727217976694
25.37037037037037,78.71629852807118
25.39351851851852,78.73531749999387
25.416666666666664,78.75432546780642
25.439814814814817,78.77328010800822
25.462962962962965,78.79217114203485
25.48611111111111,78.81106096681862
25.50925925925926,78.8299446244637
25.53240740740741,78.84879333498974
25.555555555555554,78.86760093125808
25.578703703703702,78.88639836988625
25.601851851851855,78.90516594021544
25.624999999999996,78.92391887870586
25.64814814814815,78.942663715269
25.671296296296298,78.96139694310058
25.694444444444443,78.98011747388198
25.71759259259259,78.99883740004194
25.74074074074074,79.01754910335033
25.763888888888886,79.03626044388588
25.787037037037035,79.05494493922963
25.810185185185187,79.07362314651043
25.833333333333336,79.09228575455816
25.85648148148148,79.11091595489687
25.87962962962963,79.12954337397696
25.90277777777778,79.14816196558408
25.925925925925924,79.16677439005252
25.949074074074076,79.18537194083363
25.972222222222225,79.20394313012007
25.99537037037037,79.22250174328063
26.01851851851852,79.2410122285748
26.041666666666668,79.25951134698596
26.064814814814813,79.27800067052983
26.087962962962962,79.29647741794781
26.111111111111114,79.31491184186521
26.134259259259256,79.33334554023689
26.15740740740741,79.35177524810709
26.180555555555557,79.37018899397134
26.203703703703702,79.388591131104
26.22685185185185,79.4069841989151
26.25,79.42537037404182
26.273148148148145,79.44375231681849
26.296296296296294,79.46211382339057
26.319444444444446,79.4804510241809
26.342592592592595,79.49878193690829
26.36574074074074,79.51711079392277
26.38888888888889,79.53539394155663
26.412037037037038,79.55367527532617
26.435185185185183,79.57192492693241
26.458333333333332,79.59017191820435
26.481481481481485,79.60839665940738
26.504629629629626,79.62660930818168
26.52777777777778,79.64480309276715
26.550925925925927,79.66299337054826
26.574074074074073,79.68117433715926
26.59722222222222,79.69934296949296
26.620370370370374,79.71744908397005
26.643518518518515,79.73548409496615
26.666666666666668,79.75351366436932
26.689814814814817,79.77152993210088
26.712962962962962,79.78954160470953
26.73611111111111,79.80753247834073
26.75925925925926,79.82552117533476
26.782407407407405,79.84348000402979
26.805555555555554,79.86142589382608
26.828703703703706,79.87934759876488
26.851851851851855,79.89721609701724
26.875,79.91506561015646
26.89814814814815,79.9329043610341
26.921296296296298,79.95072932654298
26.944444444444443,79.96854594827605
26.96759259259259,79.98635011480751
26.990740740740744,80.00410325128968
27.013888888888886,80.02184006299304
27.037037037037038,80.03956768445056
27.060185185185187,80.05728551104082
27.083333333333332,80.07500237023676
27.10648148148148,80.0926963747424
27.12962962962963,80.11038808168657
27.152777777777775,80.1280627383062
27.175925925925924,80.14573727400158
27.199074074074076,80.16339669416101
27.22222222222222,80.18102346476283
27.24537037037037,80.19864878427322
27.26851851851852,80.21626491353776
27.291666666666664,80.23383944484743
27.314814814814813,80.25141167859564
27.337962962962965,80.26898040553952
27.361111111111114,80.28652168267017
27.38425925925926,80.30402559419599
27.40740740740741,80.32152273396174
27.430555555555557,80.33899629349143
27.453703703703702,80.35646791823252
27.47685185185185,80.37389951703449
27.500000000000004,80.3913133399662
27.523148148148145,80.40869306224887
27.546296296296298,80.42605367849414
27.569444444444446,80.44338769139617
27.59259259259259,80.46071336052236
27.61574074074074,80.47803286250989
27.63888888888889,80.49534922046597
27.662037037037035,80.51266291808771
27.685185185185183,80.52996645806934
27.708333333333336,80.54726516107944
27.73148148148148,80.56455298090368
27.75462962962963,80.58182121099337
27.77777777777778,80.59908593427872
27.800925925925924,80.61634872277547
27.824074074074073,80.63361018110507
27.84722222222222,80.65085773314159
27.870370370370374,80.66808243048781
27.89351851851852,80.6852929796924
27.916666666666668,80.70250304519985
27.939814814814817,80.71969352097274
27.962962962962962,80.73688206195702
27.98611111111111,80.75402465171209
28.009259259259263,80.7711389451839
28.032407407407405,80.78824961092711
28.055555555555557,80.80533996139002
28.078703703703706,80.82241834034848
28.10185185185185,80.83949357527547
28.125,80.85656131289664
28.14814814814815,80.8736262692592
28.171296296296294,80.89067320790294
28.194444444444443,80.90769608261348
28.217592592592595,80.92471363665538
28.240740740740737,80.9417224841486
28.26388888888889,80.9587217786231
28.287037037037038,80.97568249824991
28.310185185185183,80.99262253982359
28.333333333333332,81.00955605148575
28.35648148148148,81.02648448432782
28.379629629629626,81.04340795927412
28.40277777777778,81.0603247833846
28.425925925925927,81.07721778541048
28.449074074074076,81.09407209166439
28.47222222222222,81.11091757044531
28.49537037037037,81.12773209260867
28.51851851851852,81.14454528460485
28.541666666666664,81.16134662602087
28.564814814814817,81.17814071197964
28.587962962962965,81.19492488214686
28.61111111111111,81.21169200198955
28.63425925925926,81.22843820193052
28.65740740740741,81.24517714641422
28.680555555555554,81.26190944006214
28.703703703703702,81.27864161278578
28.726851851851855,81.29537136702366
28.749999999999996,81.31209954924581
28.77314814814815,81.328821443405
28.796296296296298,81.34554212832134
28.819444444444443,81.36222520578428
28.84259259259259,81.37888760519407
28.86574074074074,81.39552328033635
28.888888888888886,81.41212376651099
28.912037037037035,81.42871179748403
28.935185185185187,81.44529354039413
28.958333333333336,81.46187443683421
28.98148148148148,81.4784121633037
29.00462962962963,81.49493501608583
29.02777777777778,81.51143755358768
29.050925925925924,81.52791070648769
29.074074074074076,81.54437466914186
29.097222222222225,81.56080513576842
29.12037037037037,81.57717622856987
29.14351851851852,81.59353619633687
29.166666666666668,81.609895801331
29.189814814814813,81.62625383430941
29.212962962962962,81.64260715124061
29.236111111111114,81.65895659859461
29.259259259259256,81.67530556225145
29.28240740740741,81.6916478750725
29.305555555555557,81.7079858346192
29.328703703703702,81.72427397335947
29.35185185185185,81.74054578732097
29.375,81.7568038159137
29.398148148148145,81.77304805913765
29.421296296296294,81.78927186615704
29.444444444444446,81.80548418536912
29.467592592592595,81.82168985374541
29.49074074074074,81.83788923405874
29.51388888888889,81.85408643773489
29.537037037037038,81.87025619159782
29.560185185185183,81.88641687613917
29.583333333333332,81.90257357017904
29.606481481481485,81.91870100054138
29.629629629629626,81.93480291587906
29.65277777777778,81.95088173467785
29.675925925925927,81.96694713088074
29.699074074074073,81.98300285314063
29.72222222222222,81.99903523701306
29.745370370370374,82.01506121189827
29.768518518518515,82.03103470564272
29.791666666666668,82.04699925098993
29.814814814814817,82.06294735063403
29.837962962962962,82.07888057659079
29.86111111111111,82.094795059283
29.88425925925926,82.11070530962516
29.907407407407405,82.12660020258281
29.930555555555554,82.14248554252175
29.953703703703706,82.15837039876355
29.976851851851855,82.17425440853533
30.0,82.1901213679826
30.02314814814815,82.20597079340818
30.046296296296298,82.22181755849944
30.069444444444443,82.23764025965752
30.09259259259259,82.25345485888833
30.115740740740744,82.2692594214033
30.138888888888886,82.28502843217777
30.162037037037038,82.3007958709365
30.185185185185187,82.31655726348086
30.208333333333332,82.33230051738211
30.23148148148148,82.34804147372189
30.25462962962963,82.36377904418164
30.277777777777775,82.37948299768948
30.300925925925924,82.39516010600553
30.324074074074076,82.41083624692727
30.34722222222222,82.42650646255893
30.37037037037037,82.44217087382478
30.39351851851852,82.45783419677207
30.416666666666664,82.473483492502
30.439814814814813,82.48910582211583
30.462962962962965,82.5047212590453
30.486111111111114,82.52032702203176
30.50925925925926,82.53593266409396
30.53240740740741,82.55153770153471
30.555555555555557,82.56713705553396
30.578703703703702,82.58273556306318
30.60185185185185,82.59827699432876
30.625000000000004,82.61380464022557
30.648148148148145,82.62931257546353
30.671296296296298,82.64480176743695
30.694444444444446,82.66029035478893
30.71759259259259,82.67577567718514
30.74074074074074,82.69124298186253
30.76388888888889,82.70662588138732
30.787037037037035,82.7220022510006
30.810185185185183,82.73737245347522
30.833333333333336,82.75272790318675
30.85648148148148,82.76807440450102
30.87962962962963,82.78341606884382
30.90277777777778,82.79874213395352
30.925925925925924,82.8140628783946
30.949074074074073,82.82937286057407
30.97222222222222,82.84467474082629
30.995370370370374,82.85996972839415
31.01851851851852,82.87523944278593
31.041666666666668,82.89048630248739
31.064814814814817,82.90572808336879
31.087962962962962,82.92096853408302
31.11111111111111,82.93620136656715
31.134259259259263,82.95143250611123
31.157407407407405,82.96666207363958
31.180555555555557,82.9818893436065
31.203703703703706,82.99710621408467
31.22685185185185,83.01231945683423
31.25,83.02753245773522
31.27314814814815,83.04270845580426
31.296296296296294,83.05786462229018
31.319444444444443,83.07301909583606
31.342592592592595,83.08815688183027
31.365740740740737,83.10328983085302
31.38888888888889,83.11840984097698
31.412037037037038,83.13351739589936
31.435185185185183,83.14860499831431
31.458333333333332,83.1636903031678
31.48148148148148,83.17876037156108
31.504629629629626,83.1938270540743
31.52777777777778,83.20887801643019
31.550925925925927,83.22392813231603
31.574074074074076,83.23895104023723
31.59722222222222,83.25394807036092
31.62037037037037,83.26894268199885
31.64351851851852,83.28391129491499
31.666666666666664,83.29880312090864
31.689814814814817,83.3136880542179
31.712962962962965,83.32854819804825
31.73611111111111,83.3433908078569
31.75925925925926,83.35823184564984
31.78240740740741,83.37300347290181
31.805555555555554,83.38776083108786
31.828703703703702,83.40250633869375
31.851851851851855,83.41722608942642
31.874999999999996,83.43192830613742
31.89814814814815,83.44662810436267
31.921296296296298,83.46131701940206
31.944444444444443,83.4759832006754
31.96759259259259,83.49062809927418
31.99074074074074,83.5052523198198
32.013888888888886,83.51987327540967
32.03703703703704,83.53448709646656
32.06018518518518,83.54909595962768
32.083333333333336,83.56369442330009
32.10648148148148,83.57825104716906
32.12962962962963,83.59278566281773
32.15277777777778,83.60731483687344
32.175925925925924,83.62183856933623
32.199074074074076,83.63635698113038
32.22222222222222,83.65084649201985
32.24537037037037,83.66533249610497
32.26851851851852,83.67979552457548
32.29166666666667,83.69425734380313
32.31481481481481,83.70870477304058
32.33796296296296,83.72315196042945
32.361111111111114,83.7375916505125
32.38425925925926,83.75202178757685
32.407407407407405,83.76645011077687
32.43055555555556,83.78081180469454
32.4537037037037,83.79515596459053
32.47685185185185,83.80949831062223
32.5,83.82377221350725
32.523148148148145,83.83803994925361
32.5462962962963,83.85229160206974
32.56944444444444,83.86651084717684
32.592592592592595,83.88072404606959
32.61574074074074,83.89492478976072
32.63888888888889,83.90912166387466
32.66203703703704,83.92330946866706
32.68518518518518,83.93748977615363
32.708333333333336,83.95163042047393
32.73148148148148,83.96576550227701
32.754629629629626,83.9798793014055
32.77777777777778,83.9939901983511
32.80092592592593,84.00808573791221
32.82407407407407,84.02218103562473
32.84722222222222,84.03626327351421
32.870370370370374,84.05033220973208
32.89351851851852,84.06439848561563
32.916666666666664,84.07845774789052
32.93981481481482,84.09250032261373
32.96296296296296,84.10651266626509
32.98611111111111,84.12051896370208
33.00925925925926,84.13452054509187
33.032407407407405,84.14850664817286
33.05555555555556,84.1624799332794
33.0787037037037,84.1764516463702
33.101851851851855,84.19040171401355
33.125,84.20434101939533
33.14814814814815,84.2182563817682
33.1712962962963,84.23212591383614
33.19444444444444,84.24598190238389
33.217592592592595,84.25983498874875
33.24074074074074,84.27368601940071
33.263888888888886,84.2875149209081
33.28703703703704,84.30133983191396
33.31018518518519,84.31516002687266
33.33333333333333,84.32896039024821
33.35648148148148,84.34275700497085
33.37962962962963,84.35655204767775
33.40277777777778,84.37034164879171
33.425925925925924,84.38413028251136
33.449074074074076,84.39791819068532
33.47222222222222,84.41170029449347
33.49537037037037,84.42548094721019
33.51851851851852,84.43924213111661
33.541666666666664,84.45298844133569
33.56481481481482,84.46671383165305
33.58796296296296,84.48041757652295
33.611111111111114,84.49410088518829
33.63425925925926,84.5077808079736
33.657407407407405,84.52144646169297
33.68055555555556,84.53508321450767
33.7037037037037,84.54871827438234
33.726851851851855,84.56233434914388
33.75,84.57593917794671
33.773148148148145,84.58954316027952
33.7962962962963,84.60314218471655
33.81944444444444,84.61673238168058
33.84259259259259,84.63032112755319
33.86574074074074,84.64389645082987
33.88888888888889,84.65746911377224
33.91203703703704,84.67103186092304
33.93518518518518,84.68459001295092
33.958333333333336,84.698141514143
33.98148148148148,84.71168418786209
34.004629629629626,84.72521936427536
34.02777777777778,84.73875067111145
34.050925925925924,84.75227653635459
34.074074074074076,84.76578535127321
34.09722222222222,84.77928872459889
34.120370370370374,84.79274699316538
34.14351851851852,84.80616390562558
34.166666666666664,84.81956691179272
34.18981481481482,84.83295879292541
34.21296296296296,84.84634970666383
34.236111111111114,84.8597303418378
34.25925925925926,84.87310940499604
34.282407407407405,84.886478673287
34.30555555555556,84.89983149587488
34.3287037037037,84.91316182654529
34.35185185185185,84.9264769207555
34.375,84.93978947555567
34.39814814814815,84.95309683061147
34.4212962962963,84.96638374946272
34.44444444444444,84.97966704058534
34.467592592592595,84.99294972708651
34.49074074074074,85.00622697199476
34.513888888888886,85.01949986362865
34.53703703703704,85.03276126745524
34.56018518518518,85.0460184389318
34.583333333333336,85.05926472722246
34.60648148148148,85.07250690408736
34.629629629629626,85.08573215155202
34.65277777777778,85.09894639490652
34.675925925925924,85.11214395070937
34.699074074074076,85.12532506080912
34.72222222222222,85.13850556628745
34.745370370370374,85.1516685377441
34.76851851851852,85.16478084192433
34.791666666666664,85.17788456048015
34.81481481481482,85.19095357376548
34.83796296296296,85.20401968486792
34.86111111111111,85.21708531227321
34.88425925925926,85.23014102388694
34.90740740740741,85.2431935914692
34.93055555555556,85.25624083838281
34.9537037037037,85.26927333253334
34.976851851851855,85.28227233065627
35.0,85.29526939399061
35.023148148148145,85.30823683087452
35.0462962962963,85.32119882616551
35.06944444444444,85.33415271952924
35.092592592592595,85.34710407348294
35.11574074074074,85.36005083231372
35.138888888888886,85.37299553543161
35.16203703703704,85.3859401176252
35.18518518518518,85.39886535193281
35.208333333333336,85.41177704272025
35.23148148148148,85.42467446444176
35.25462962962963,85.43756680734322
35.27777777777778,85.45045588528889
35.300925925925924,85.46333855424734
35.324074074074076,85.47619280599824
35.34722222222222,85.48904403464196
35.37037037037037,85.50186599960814
35.39351851851852,85.5146469712409
35.41666666666667,85.52742310590214
35.43981481481481,85.54018896199896
35.46296296296296,85.5529432093642
35.486111111111114,85.56566432347468
35.50925925925926,85.578384953888
35.532407407407405,85.59110364951275
35.55555555555556,85.60379308145993
35.5787037037037,85.61647876475419
35.60185185185185,85.62915973200124
35.625,85.6418359832011
35.648148148148145,85.6545069137323
35.6712962962963,85.66717590947492
35.69444444444444,85.67984188211034
35.717592592592595,85.69249951096994
35.74074074074074,85.70515496319236
35.76388888888889,85.71780049962321
35.78703703703704,85.73043285530673
35.81018518518518,85.74306122048878
35.833333333333336,85.75567773509066
35.85648148148148,85.76828469667383
35.879629629629626,85.78088730498266
35.90277777777778,85.79348846220003
35.92592592592593,85.8060867172345
35.94907407407407,85.81868315840467
35.97222222222222,85.83125081959444
35.995370370370374,85.84380832314406
36.01851851851852,85.85636558484512
36.041666666666664,85.86891256798174
36.06481481481482,85.88145749540547
36.08796296296296,85.89399274888622
36.11111111111111,85.9065275186698
36.13425925925926,85.91904862400892
36.157407407407405,85.93155824154073
36.18055555555556,85.94405758050813
36.2037037037037,85.95655317082259
36.226851851851855,85.9690483983642
36.25,85.98152052936692
36.27314814814815,85.99398866986816
36.2962962962963,86.00645451280793
36.31944444444444,86.01891455138191
36.342592592592595,86.0313714459244
36.36574074074074,86.0438092344295
36.388888888888886,86.05624581369172
36.41203703703704,86.06867683043671
36.43518518518519,86.08107689056416
36.45833333333333,86.0934306366895
36.48148148148148,86.105784020042
36.50462962962963,86.11813619415162
36.52777777777778,86.13047941986396
36.550925925925924,86.14281442272475
36.574074074074076,86.1551413236583
36.59722222222222,86.1674667735004
36.62037037037037,86.1797854515824
36.64351851851852,86.19209167446279
36.666666666666664,86.20438580491445
36.68981481481482,86.21667340545459
36.71296296296296,86.2289460113831
36.736111111111114,86.2412100316872
36.75925925925926,86.25345978292538
36.782407407407405,86.26570820399641
36.80555555555556,86.2779445326387
36.8287037037037,86.29016514112361
36.851851851851855,86.30238260557705
36.875,86.31459269364898
36.898148148148145,86.3268006050837
36.9212962962963,86.33900730727558
36.94444444444444,86.3511972009915
36.96759259259259,86.36338032294732
36.99074074074074,86.37556163103883
37.01388888888889,86.38773846493172
37.03703703703704,86.39991312218743
37.06018518518518,86.41207883104586
37.083333333333336,86.42423837276564
37.10648148148148,86.4363923519682
37.129629629629626,86.44854004310781
37.15277777777778,86.46066753989143
37.175925925925924,86.47278790214209
37.199074074074076,86.48490221817838
37.22222222222222,86.49701278556176
37.245370370370374,86.50910847925779
37.26851851851852,86.52120368925668
37.291666666666664,86.53329805278555
37.31481481481482,86.54538709564578
37.33796296296296,86.55747589665744
37.361111111111114,86.56953785247728
37.38425925925926,86.58158819956553
37.407407407407405,86.59362814716508
37.43055555555556,86.60566797384033
37.4537037037037,86.61770417278696
37.47685185185185,86.62973106056346
37.5,86.64174101893973
37.52314814814815,86.65374493110161
37.5462962962963,86.66574848049065
37.56944444444444,86.67773014258366
37.592592592592595,86.68970406552228
37.61574074074074,86.70166238922782
37.638888888888886,86.7136080158832
37.66203703703704,86.72554445229271
37.68518518518518,86.73747919576222
37.708333333333336,86.74940813486593
37.73148148148148,86.7613180888565
37.754629629629626,86.77322393142131
37.77777777777778,86.78511357013163
37.800925925925924,86.79699341397465
37.824074074074076,86.8088690254676
37.84722222222222,86.82074209755054
37.870370370370374,86.83261093728339
37.89351851851852,86.84447578651478
37.916666666666664,86.85633011533315
37.93981481481482,86.86815566417111
37.96296296296296,86.87997927822049
37.98611111111111,86.8917881395068
38.00925925925926,86.90358478744008
38.03240740740741,86.91537768672046
38.05555555555556,86.92716224222501
38.0787037037037,86.93894171890948
38.101851851851855,86.95071007055952
38.125,86.96246524146223
38.148148148148145,86.97422004959208
38.1712962962963,86.98597098814473
38.19444444444444,86.9977216848488
38.217592592592595,87.00946609348992
38.24074074074074,87.0211793036649
38.263888888888886,87.03287534259105
38.28703703703704,87.0445551776627
38.31018518518518,87.05623005483858
38.333333333333336,87.06790118336154
38.35648148148148,87.07956856323159
38.37962962962963,87.0912343710859
38.40277777777778,87.10288530525287
38.425925925925924,87.11452668640113
38.449074074074076,87.12616431889649
38.47222222222222,87.13779953290609
38.49537037037037,87.14942628221559
38.51851851851852,87.16102171213463
38.54166666666667,87.17260589609495
38.56481481481481,87.18418633140236
38.58796296296296,87.19575939032823
38.611111111111114,87.2073105619581
38.63425925925926,87.21885762216218
38.657407407407405,87.23039488749899
38.68055555555556,87.24192018133134
38.7037037037037,87.25344015449504
38.72685185185185,87.26493231507266
38.75,87.27640754625003
38.773148148148145,87.287874191803
38.7962962962963,87.29932136854568
38.81944444444444,87.31076515940832
38.842592592592595,87.32220411329948
38.86574074074074,87.33362057527316
38.88888888888889,87.34503304674537
38.91203703703704,87.35642822604447
38.93518518518518,87.36782243794927
38.958333333333336,87.37920891069969
38.98148148148148,87.39056757086401
39.004629629629626,87.4019093016281
39.02777777777778,87.41322128501746
39.05092592592593,87.42452891513248
39.07407407407407,87.43583606155036
39.09722222222222,87.4471378872996
39.120370370370374,87.45842326734574
39.14351851851852,87.46970514058755
39.166666666666664,87.48098556273791
39.18981481481482,87.49224966010947
39.21296296296296,87.50350807403953
39.23611111111111,87.51475741864803
39.25925925925926,87.52598838276485
39.282407407407405,87.53721088218154
39.30555555555556,87.54843072126391
39.3287037037037,87.55965007664913
39.351851851851855,87.57083073626238
39.375,87.58199700588546
39.39814814814815,87.5931555363541
39.4212962962963,87.60431116463987
39.44444444444444,87.6154650999856
39.467592592592595,87.62661577037558
39.49074074074074,87.63776619891699
39.513888888888886,87.64891541821552
39.53703703703704,87.66005701928394
39.56018518518519,87.6711953553966
39.58333333333333,87.68232159908052
39.60648148148148,87.69344723814301
39.62962962962963,87.70456755653686
39.65277777777778,87.71568025670061
39.675925925925924,87.7267731252812
39.699074074074076,87.73786272890605
39.72222222222222,87.74895124421231
39.74537037037037,87.76003189943988
39.76851851851852,87.7711101361817
39.791666666666664,87.78218825199924
39.81481481481482,87.79325645202522
39.83796296296296,87.80432017785255
39.861111111111114,87.81537156940257
39.88425925925926,87.82642017969397
39.907407407407405,87.83746286469531
39.93055555555556,87.8485001081037
39.9537037037037,87.85952767756913
39.976851851851855,87.87054702418298
40.0,87.88155113433663
40.023148148148145,87.89254145912152
40.0462962962963,87.9035269469349
40.06944444444444,87.91450723500394
40.09259259259259,87.92545692922825
40.11574074074074,87.93640372126967
40.13888888888889,87.94733406760801
40.16203703703704,87.95824409866606
40.18518518518518,87.96914179544679
40.208333333333336,87.98003139030027
40.23148148148148,87.99088349862465
40.254629629629626,88.00172702132463
40.27777777777778,88.01256993940316
40.300925925925924,88.02340475555445
40.324074074074076,88.03422905129274
40.34722222222222,88.04504464048232
40.370370370370374,88.05585116035036
40.39351851851852,88.06664365300104
40.416666666666664,88.07742731817876
40.43981481481482,88.08820421159638
40.46296296296296,88.0989800166954
40.486111111111114,88.10975485440014
40.50925925925926,88.1205273945434
40.532407407407405,88.13129376754802
40.55555555555556,88.14205518265685
40.5787037037037,88.15280825398985
40.60185185185185,88.16355673019993
40.625,88.17430182052996
40.64814814814815,88.18503590674985
40.6712962962963,88.19575741684382
40.69444444444444,88.2064752992092
40.717592592592595,88.21718677258733
40.74074074074074,88.22789425546397
40.763888888888886,88.23859835246057
40.78703703703704,88.249289752407
40.81018518518518,88.2599622881646
40.833333333333336,88.27063071249641
40.85648148148148,88.28129466262959
40.879629629629626,88.2919489388198
40.90277777777778,88.30260055467566
40.925925925925924,88.31323016231121
40.949074074074076,88.32384973323093
40.97222222222222,88.3344601139048
40.995370370370374,88.34507037365438
41.01851851851852,88.35566842005093
41.041666666666664,88.36624433730287
41.06481481481482,88.37681831976623
41.08796296296296,88.38738395845375
41.11111111111111,88.39792867723956
41.13425925925926,88.40845017856218
41.15740740740741,88.41896901955049
41.18055555555556,88.4294866512959
41.2037037037037,88.44000416211705
41.226851851851855,88.45051804520956
41.25,88.46102975166491
41.273148148148145,88.47154049072596
41.2962962962963,88.4820349050082
41.31944444444444,88.49252653803184
41.342592592592595,88.50301526887257
41.36574074074074,88.51349021434454
41.388888888888886,88.52396141116361
41.41203703703704,88.53442861748118
41.43518518518518,88.54488469876432
41.458333333333336,88.55533642677311
41.48148148148148,88.56578501075043
41.50462962962963,88.5762263392705
41.52777777777778,88.5866570264533
41.550925925925924,88.59708602069605
41.574074074074076,88.60751114536163
41.59722222222222,88.61793348876857
41.62037037037037,88.62835401831121
41.64351851851852,88.63876390651657
41.66666666666667,88.649168353129
41.68981481481481,88.65956929293708
41.71296296296296,88.66996527484937
41.736111111111114,88.68035593609302
41.75925925925926,88.69071721273484
41.782407407407405,88.70106168090071
41.80555555555556,88.71140094932221
41.8287037037037,88.72173937127371
41.85185185185185,88.73207428642087
41.875,88.74239384418352
41.898148148148145,88.75270130951745
41.9212962962963,88.76300587266847
41.94444444444444,88.77329665045073
41.967592592592595,88.78356384799694
41.99074074074074,88.79382403193449
42.01388888888889,88.80408336940204
42.03703703703704,88.81433303292657
42.06018518518518,88.82458076166252
42.083333333333336,88.83481845368262
42.10648148148148,88.84505517830841
42.129629629629626,88.85527993142975
42.15277777777778,88.86549634077525
42.17592592592593,88.87569799735769
42.19907407407407,88.88589771915154
42.22222222222222,88.89608353465233
42.245370370370374,88.90626100637729
42.26851851851852,88.91643315743362
42.291666666666664,88.92660506664136
42.31481481481482,88.93677576660622
42.33796296296296,88.94693594615809
42.36111111111111,88.95708318681119
42.38425925925926,88.9672199070513
42.407407407407405,88.97733873049687
42.43055555555556,88.98744630798372
42.4537037037037,88.9975382862375
42.476851851851855,89.00762941802125
42.5,89.01771184325632
42.52314814814815,89.02778338530551
42.5462962962963,89.03784900206463
42.56944444444444,89.04789756849922
42.592592592592595,89.05790804378329
42.61574074074074,89.06791464949015
42.638888888888886,89.07791460436121
42.66203703703704,89.08790935948791
42.68518518518519,89.09788355748574
42.70833333333333,89.1078547323764
42.73148148148148,89.11779543434662
42.75462962962963,89.12772452758524
42.77777777777778,89.13764310041088
42.800925925925924,89.14755030635352
42.824074074074076,89.15745049868747
42.84722222222222,89.16732856187681
42.87037037037037,89.17720481120186
42.89351851851852,89.18707840019258
42.916666666666664,89.19694703128751
42.93981481481482,89.20681445313957
42.96296296296296,89.21667909373302
42.986111111111114,89.22652922341199
43.00925925925926,89.23637246040657
43.032407407407405,89.24621291614254
43.05555555555556,89.25605034877132
43.0787037037037,89.26588729770296
43.101851851851855,89.27571977243596
43.125,89.2855470474246
43.148148148148145,89.2953594487259
43.1712962962963,89.30516918969288
43.19444444444444,89.3149727635212
43.21759259259259,89.32477488625806
43.24074074074074,89.33457664622206
43.26388888888889,89.34437695509462
43.28703703703704,89.35415815792976
43.31018518518518,89.36393416102055
43.333333333333336,89.37369154177108
43.35648148148148,89.38344299723153
43.379629629629626,89.39315974742149
43.40277777777778,89.40287057232136
43.425925925925924,89.4125789787355
43.449074074074076,89.42228351557242
43.47222222222222,89.43197571813202
43.495370370370374,89.44165776305151
43.51851851851852,89.45133049680085
43.541666666666664,89.4610022631559
43.56481481481482,89.4706639927951
43.58796296296296,89.4803226993271
43.611111111111114,89.48997801997906
43.63425925925926,89.49963201046386
43.657407407407405,89.50928128490145
43.68055555555556,89.51892282018464
43.7037037037037,89.5285377521246
43.72685185185185,89.53814579138019
43.75,89.54772432510964
43.77314814814815,89.55728713868174
43.7962962962963,89.56683882721939
43.81944444444444,89.57637407005396
43.842592592592595,89.58590109003698
43.86574074074074,89.59542266842708
43.888888888888886,89.60491014616811
43.91203703703704,89.61438940105762
43.93518518518518,89.62385801460982
43.958333333333336,89.63331320556614
43.98148148148148,89.64276682450671
44.004629629629626,89.65221463908148
44.02777777777778,89.6616622118077
44.050925925925924,89.6711067614267
44.074074074074076,89.68054441836134
44.09722222222222,89.6899817125231
44.120370370370374,89.69940606778613
44.14351851851852,89.70883006027628
44.166666666666664,89.71825405276644
44.18981481481482,89.72766800854075
44.21296296296296,89.73707591810067
44.23611111111111,89.7464789906891
44.25925925925926,89.75588121680754
44.28240740740741,89.76527945242448
44.30555555555556,89.77466269342979
44.3287037037037,89.78404460426792
44.351851851851855,89.79341974334596
44.375,89.80279355225684
44.398148148148145,89.81216397528769
44.4212962962963,89.82152339420837
44.44444444444444,89.8308774924604
44.467592592592595,89.8402253026495
44.49074074074074,89.84957154082286
44.513888888888886,89.8589170534505
44.53703703703704,89.8682590592738
44.56018518518518,89.87759260039697
44.583333333333336,89.88690522161843
44.60648148148148,89.89621409418696
44.62962962962963,89.90551667869258
44.65277777777778,89.9148181748796
44.675925925925924,89.92410902972932
44.699074074074076,89.93339891718476
44.72222222222222,89.94267187523994
44.74537037037037,89.95192923406205
44.76851851851852,89.96118405347414
44.79166666666667,89.97043863103764
44.81481481481481,89.97969163658543
44.83796296296296,89.98894089348028
44.861111111111114,89.9981836204636
44.88425925925926,90.00741788274684
44.907407407407405,90.01664779175572
44.93055555555556,90.02586016674292
44.9537037037037,90.03507145341153
44.97685185185185,90.04428189361013
45.0,90.05348822238297
45.023148148148145,90.06268560275853
45.0462962962963,90.07186581188529
45.06944444444444,90.08104299790485
45.092592592592595,90.09021256569432
45.11574074074074,90.09937100844934
45.13888888888889,90.10852062373137
45.16203703703704,90.11764605415593
45.18518518518518,90.12676519651754
45.208333333333336,90.13586595838746
45.23148148148148,90.14496514824165
45.254629629629626,90.154063975323
45.27777777777778,90.1631457520798
45.30092592592593,90.17222559404802
45.32407407407407,90.1812932226632
45.34722222222222,90.19035988388408
45.370370370370374,90.19941832225341
45.39351851851852,90.20847482583416
45.416666666666664,90.21752600874625
45.43981481481482,90.2265689688068
45.46296296296296,90.23560237584866
45.48611111111111,90.24463445272333
45.50925925925926,90.25366519943086
45.532407407407405,90.26269050454545
45.55555555555556,90.27170008950267
45.5787037037037,90.28069117304393
45.601851851851855,90.28966895491357
45.625,90.29863391880875
45.64814814814815,90.30759755253676
45.6712962962963,90.31655743761186
45.69444444444444,90.3255152669741
45.717592592592595,90.33447140339628
45.74074074074074,90.34342463763558
45.763888888888886,90.35236964902333
45.78703703703704,90.36130619571097
45.81018518518519,90.37024201685287
45.83333333333333,90.37917348472044
45.85648148148148,90.38807605168331
45.87962962962963,90.39697390259899
45.90277777777778,90.40586993965034
45.925925925925924,90.41475267503009
45.949074074074076,90.42363008974118
45.97222222222222,90.43248936580916
45.99537037037037,90.44134187011707
46.01851851851852,90.45019231871207
46.041666666666664,90.45904276730708
46.06481481481482,90.4678883789306
46.08796296296296,90.47672625139971
46.111111111111114,90.48553631128271
46.13425925925926,90.49434612931717
46.157407407407405,90.50315340794157
46.18055555555556,90.51195863085309
46.2037037037037,90.52076216082456
46.226851851851855,90.52955662147451
46.25,90.5383322179356
46.273148148148145,90.5471069679267
46.2962962962963,90.55587107658049
46.31944444444444,90.56461075852825
46.34259259259259,90.5733492312331
46.36574074074074,90.58207948108642
46.38888888888889,90.59080948909119
46.41203703703704,90.5995390133988
46.43518518518518,90.60826152409773
46.458333333333336,90.61697436085366
46.48148148148148,90.6256786119852
46.504629629629626,90.63436532909506
46.52777777777778,90.64304866032488
46.550925925925924,90.65172739643178
46.574074074074076,90.66040286758292
46.59722222222222,90.66907277621682
46.620370370370374,90.67773784787924
46.64351851851852,90.68640025920733
46.666666666666664,90.69505843818536
46.68981481481482,90.7037119011162
46.71296296296296,90.71235750396835
46.736111111111114,90.72099657690896
46.75925925925926,90.72962924086235
46.782407407407405,90.73824969146271
46.80555555555556,90.74686917466877
46.8287037037037,90.75548841602628
46.85185185185185,90.76410427150373
46.875,90.77271758757112
46.89814814814815,90.7813302990171
46.9212962962963,90.78993841534016
46.94444444444444,90.7985456851932
46.967592592592595,90.80714835992332
46.99074074074074,90.81573047752458
47.013888888888886,90.82430860462435
47.03703703703704,90.83288346676837
47.06018518518518,90.84144708295365
47.083333333333336,90.84999751839162
47.10648148148148,90.858547711981
47.129629629629626,90.86709343137174
47.15277777777778,90.87562814665235
47.175925925925924,90.88415476000569
47.199074074074076,90.89267085294603
47.22222222222222,90.90118380185488
47.245370370370374,90.90969046270081
47.26851851851852,90.91819579337958
47.291666666666664,90.92669423137394
47.31481481481482,90.93518311634962
47.33796296296296,90.94366680158093
47.36111111111111,90.95214758462934
47.38425925925926,90.96061990297764
47.40740740740741,90.96908230553437
47.43055555555556,90.97751725827786
47.4537037037037,90.98594435094267
47.476851851851855,90.99436309983166
47.5,91.00276818427615
47.523148148148145,91.01116093444334
47.5462962962963,91.01955247536765
47.56944444444444,91.02793639806185
47.592592592592595,91.03631923243749
47.61574074074074,91.04468985346008
47.638888888888886,91.05306011170981
47.66203703703704,91.06141102207356
47.68518518518518,91.06975479790435
47.708333333333336,91.07809796911368
47.73148148148148,91.08643654520013
47.75462962962963,91.09477318649797
47.77777777777778,91.10310607914288
47.800925925925924,91.1114360696049
47.824074074074076,91.11976291603546
47.84722222222222,91.12808299070592
47.87037037037037,91.13639000555334
47.89351851851852,91.14469351359641
47.91666666666667,91.15299653794234
47.93981481481481,91.16129109758816
47.96296296296296,91.16957404850238
47.986111111111114,91.17785167874796
48.00925925925926,91.18612797882638
48.032407407407405,91.19439387941607
48.05555555555556,91.20265506395856
48.0787037037037,91.21091310446958
48.10185185185185,91.21916364767479
48.125,91.22740959575707
48.148148148148145,91.23564949762498
48.1712962962963,91.24388673915857
48.19444444444444,91.2521197483421
48.217592592592595,91.26035263660134
48.24074074074074,91.26857911587334
48.26388888888889,91.2768041440539
48.28703703703704,91.28502723744585
48.31018518518518,91.29324803327636
48.333333333333336,91.30146411305965
48.35648148148148,91.30966471453415
48.379629629629626,91.31785963256715
48.40277777777778,91.32604608590003
48.42592592592593,91.33422298621421
48.44907407407407,91.34239928190695
48.47222222222222,91.35057134524962
48.495370370370374,91.35874147380369
48.51851851851852,91.36691160235777
48.541666666666664,91.3750812472147
48.56481481481482,91.38324980375303
48.58796296296296,91.39141582088133
48.61111111111111,91.39957603364385
48.63425925925926,91.40773479531491
48.657407407407405,91.4158934360617
48.68055555555556,91.42405195588418
48.7037037037037,91.43220854091805
48.726851851851855,91.44036427948194
48.75,91.44851324628573
48.77314814814815,91.45665459485939
48.7962962962963,91.46479074368871
48.81944444444444,91.47291637210503
48.842592592592595,91.48104187959706
48.86574074074074,91.48916460583047
48.888888888888886,91.4972613333421
48.91203703703704,91.50535576329226
48.93518518518519,91.51344088207229
48.95833333333333,91.52152563807947
48.98148148148148,91.5295905625035
49.00462962962963,91.53765258474465
49.02777777777778,91.54571013278716
49.050925925925924,91.55376102999386
49.074074074074076,91.56179693258892
49.09722222222222,91.56983041669822
49.12037037037037,91.57786293341324
49.14351851851852,91.58589363626395
49.166666666666664,91.59392337172035
49.18981481481482,91.60195044684242
49.21296296296296,91.60997534532733
49.236111111111114,91.61799867179651
49.25925925925926,91.62601522650559
49.282407407407405,91.63399622947416
49.30555555555556,91.64197336286554
49.3287037037037,91.6499478359226
49.351851851851855,91.65792170435823
49.375,91.66588916380663
49.398148148148145,91.6738537210721
49.4212962962963,91.68181368321468
49.44444444444444,91.68976929208291
49.46759259259259,91.69772369170826
49.49074074074074,91.70567204511923
49.51388888888889,91.71361955206021
49.53703703703704,91.72156621253117
49.56018518518518,91.72950706863632
49.583333333333336,91.73744732012005
49.60648148148148,91.74538732975522
49.629629629629626,91.75332528367748
49.65277777777778,91.76126094003828
49.675925925925924,91.76919055018472
49.699074074074076,91.77711810461827
49.72222222222222,91.78503767804884
49.745370370370374,91.7929431033378
49.76851851851852,91.80084405442813
49.791666666666664,91.80874464274557
49.81481481481482,91.81664462644159
49.83796296296296,91.82454388459189
49.861111111111114,91.83244253812074
49.88425925925926,91.8403364756024
49.907407407407405,91.84822968753834
49.93055555555556,91.856114797547
49.9537037037037,91.8639995447828
49.97685185185185,91.87186869278554
50.0,91.87973397121108
50.023148148148145,91.88759900778804
50.0462962962963,91.89544336631185
50.06944444444444,91.90328421803133
50.09259259259259,91.9111232558865
50.11574074074075,91.91895382904156
50.138888888888886,91.926782467408
50.16203703703703,91.93460530140865
50.18518518518519,91.94242620062072
50.208333333333336,91.950242988407
50.231481481481474,91.95805832510185
50.25462962962963,91.96586809927946
50.27777777777778,91.97367642236563
50.300925925925924,91.98148389898179
50.324074074074076,91.9892792831692
50.34722222222222,91.99707043500655
50.37037037037037,92.0048608612982
50.39351851851852,92.01264717616407
50.416666666666664,92.0204317980899
50.43981481481481,92.028214848
50.46296296296296,92.03598786119424
50.48611111111111,92.04376051161563
50.50925925925925,92.05152772044408
50.53240740740741,92.0592913015439
50.55555555555556,92.06704919920222
50.57870370370371,92.07479839031186
50.601851851851855,92.08254673495146
50.625,92.09027428061364
50.64814814814815,92.09800158442725
50.6712962962963,92.10571727950926
50.69444444444444,92.11343285366699
50.717592592592595,92.12114274438322
50.74074074074074,92.12885166770515
50.763888888888886,92.13654861952261
50.78703703703704,92.14424230638433
50.81018518518518,92.15193478400316
50.83333333333333,92.15962266649908
50.85648148148149,92.16730958160069
50.87962962962963,92.17499323174654
50.90277777777777,92.18267313323949
50.92592592592593,92.19035230918671
50.949074074074076,92.19801794161374
50.97222222222222,92.20568103463074
50.995370370370374,92.21334352302631
51.01851851851852,92.22099766764603
51.041666666666664,92.22864491958138
51.06481481481482,92.23628793916667
51.08796296296296,92.24393083782768
51.11111111111111,92.25157325279153
51.13425925925926,92.2592144585125
51.157407407407405,92.266851673732
51.18055555555555,92.27448622861716
51.20370370370371,92.28211800224373
51.22685185185185,92.28974638999024
51.24999999999999,92.29735627632078
51.27314814814815,92.3049597536641
51.2962962962963,92.3125583940359
51.31944444444444,92.3201438536604
51.342592592592595,92.32772774126914
51.36574074074074,92.3353115079536
51.388888888888886,92.3428950327895
51.41203703703704,92.3504755345182
51.43518518518518,92.35805325498829
51.45833333333333,92.36562734772976
51.48148148148148,92.37319829643975
51.504629629629626,92.38076114322249
51.52777777777777,92.38830597228642
51.55092592592593,92.39584294127164
51.57407407407407,92.40337845916544
51.59722222222223,92.41091119580062
51.620370370370374,92.41844332781434
51.64351851851852,92.42597509705523
51.66666666666667,92.43349453201878
51.68981481481482,92.44101299958805
51.71296296296296,92.44853062068731
51.736111111111114,92.45604799993798
51.75925925925926,92.46356017944431
51.782407407407405,92.4710706660106
51.80555555555556,92.47857280880108
51.8287037037037,92.48605306429552
51.85185185185185,92.49352533878698
51.87500000000001,92.50099422739842
51.89814814814815,92.5084570697955
51.92129629629629,92.51591870294968
51.94444444444445,92.52337549913237
51.967592592592595,92.53082757926784
51.99074074074074,92.53827639444758
52.01388888888889,92.54571916341293
52.03703703703704,92.55315322582958
52.06018518518518,92.56057809800038
52.083333333333336,92.56800224462548
52.10648148148148,92.57541732192901
52.129629629629626,92.58282659486675
52.15277777777778,92.59023236100016
52.175925925925924,92.5976338947835
52.19907407407407,92.60503518671827
52.22222222222223,92.61243430201587
52.24537037037037,92.61982991050913
52.26851851851851,92.62721947278801
52.29166666666667,92.63460298885254
52.31481481481482,92.64197949130839
52.33796296296296,92.64935405897565
52.361111111111114,92.65672318504996
52.38425925925926,92.66409110188141
52.407407407407405,92.6714576885457
52.43055555555556,92.67881943823849
52.4537037037037,92.68618022053698
52.47685185185185,92.69354027728976
52.5,92.70088751606805
52.523148148148145,92.70821891376471
52.54629629629629,92.71554958591564
52.56944444444444,92.72287820235367
52.59259259259259,92.73020427938168
52.61574074074075,92.73752987271254
52.63888888888889,92.74485280570907
52.66203703703704,92.75217017618839
52.68518518518519,92.75948174230192
52.708333333333336,92.76679173639968
52.73148148148148,92.77409254025162
52.75462962962963,92.78139261855785
52.77777777777778,92.7886894319083
52.800925925925924,92.79598080366581
52.824074074074076,92.80326806399756
52.84722222222222,92.81055387323786
52.87037037037037,92.81783678029527
52.893518518518526,92.82511110172825
52.916666666666664,92.83237284703536
52.93981481481481,92.83963302032673
52.96296296296297,92.84689077513237
52.986111111111114,92.85414707884654
53.00925925925925,92.86140217331783
53.03240740740741,92.86865642131913
53.05555555555556,92.87591066932043
53.0787037037037,92.88316080589594
53.101851851851855,92.89040997507716
53.125,92.89765128417969
53.148148148148145,92.90489138403937
53.1712962962963,92.91212954911043
53.19444444444444,92.91936323998287
53.21759259259259,92.9265835082594
53.24074074074075,92.93380087435303
53.263888888888886,92.94101231515658
53.28703703703703,92.94822254671725
53.31018518518519,92.95543084348932
53.333333333333336,92.96263901933712
53.356481481481474,92.96984211636483
53.37962962962963,92.97703674869243
53.40277777777778,92.98423053455002
53.425925925925924,92.99141972528467
53.449074074074076,92.998604562745
53.47222222222222,93.00578794911387
53.49537037037037,93.0129708517856
53.51851851851852,93.02015375445731
53.541666666666664,93.02733363402186
53.56481481481481,93.03451182064637
53.58796296296296,93.041688798028
53.61111111111111,93.04885815717954
53.63425925925925,93.05602582339105
53.65740740740741,93.06317160230654
53.68055555555556,93.07031024668908
53.70370370370371,93.07744477964583
53.726851851851855,93.08457931260259
53.75,93.09171021783072
53.77314814814815,93.09883447222307
53.7962962962963,93.10594639233808
53.81944444444444,93.11305008960156
53.842592592592595,93.12015015913641
53.86574074074074,93.12724708463979
53.888888888888886,93.13432417856004
53.91203703703704,93.14139970046455
53.93518518518518,93.1484737712776
53.95833333333333,93.15554481898347
53.98148148148149,93.16261284358217
54.00462962962963,93.1696786915437
54.02777777777777,93.17674151639802
54.05092592592593,93.18380422032806
54.074074074074076,93.19086317560519
54.09722222222222,93.19791934962372
54.120370370370374,93.20497213776218
54.14351851851852,93.21202081447491
54.166666666666664,93.21906949118761
54.18981481481482,93.2261145401717
54.21296296296296,93.23315801714003
54.23611111111111,93.24020028486551
54.25925925925926,93.24723928763521
54.282407407407405,93.25427768578348
54.30555555555555,93.2613061681402
54.32870370370371,93.268320381431
54.35185185185185,93.27532189767162
54.37499999999999,93.28232268836652
54.39814814814815,93.2893206978028
54.4212962962963,93.2963174979962
54.44444444444444,93.30331236340102
54.467592592592595,93.31028243932693
54.49074074074074,93.31724320408267
54.513888888888886,93.32420118757983
54.53703703703704,93.33115046452829
54.56018518518518,93.33809780668815
54.58333333333333,93.34504418145372
54.60648148148148,93.35198837958211
54.629629629629626,93.35892967552759
54.65277777777777,93.3658707296245
54.67592592592593,93.37280452826418
54.69907407407407,93.37972816926371
54.72222222222223,93.38663536456015
54.745370370370374,93.3935396576737
54.76851851851852,93.40043717902715
54.79166666666667,93.4073193429961
54.81481481481482,93.41419074470349
54.83796296296296,93.42105150507358
54.861111111111114,93.42791008880647
54.88425925925926,93.43476141708213
54.907407407407405,93.4415992018376
54.93055555555556,93.4484090530827
54.9537037037037,93.45521455105343
54.97685185185185,93.46201871885701
55.00000000000001,93.46882179834199
55.02314814814815,93.47562270118982
55.04629629629629,93.48241344639749
55.06944444444445,93.48919088993355
55.092592592592595,93.49596567313529
55.11574074074074,93.50273707045697
55.13888888888889,93.50950725853579
55.16203703703704,93.51627539090173
55.18518518518518,93.52304243494908
55.208333333333336,93.52980923714784
55.23148148148148,93.5365684211165
55.254629629629626,93.54331986593077
55.27777777777778,93.55006671562212
55.300925925925924,93.55680969573629
55.32407407407407,93.56355207122901
55.34722222222223,93.57029299563027
55.37037037037037,93.57703210616722
55.39351851851851,93.58376456586836
55.41666666666667,93.5904741708792
55.43981481481482,93.59718365496573
55.46296296296296,93.60388745561077
55.486111111111114,93.6105893214672
55.50925925925926,93.61728078783493
55.532407407407405,93.62396270118394
55.55555555555556,93.63063772184856
55.5787037037037,93.63730717999597
55.60185185185185,93.64397059192902
55.625,93.65063110167917
55.648148148148145,93.65728266303202
55.67129629629629,93.66393361976347
55.69444444444444,93.67058094876629
55.71759259259259,93.67720639047307
55.74074074074075,93.68382941369411
55.76388888888889,93.69044481868507
55.78703703703704,93.69706010275172
55.81018518518519,93.70367466127266
55.833333333333336,93.71028692223211
55.85648148148148,93.7168942252958
55.87962962962963,93.72349717508513
55.90277777777778,93.73009952025303
55.925925925925924,93.73669811676804
55.949074074074076,93.74328849043148
55.97222222222222,93.74987293880484
55.99537037037037,93.75645484776817
56.018518518518526,93.76303530564005
56.041666666666664,93.76961455426905
56.06481481481481,93.77618134769646
56.08796296296297,93.78274475524381
56.111111111111114,93.78930767909402
56.13425925925925,93.79586213824412
56.15740740740741,93.80241055117983
56.18055555555556,93.80895811764555
56.2037037037037,93.81549987974547
56.226851851851855,93.82203523285814
56.25,93.82856671639364
56.273148148148145,93.83508223792317
56.2962962962963,93.84159509911841
56.31944444444444,93.84810638829788
56.34259259259259,93.85461417067303
56.36574074074075,93.86111784162242
56.388888888888886,93.86762006148035
56.41203703703703,93.87411950007967
56.43518518518519,93.88061385985893
56.458333333333336,93.88710749409245
56.481481481481474,93.8936010074017
56.50462962962963,93.90008375844936
56.52777777777778,93.90656493748126
56.550925925925924,93.91303849828309
56.574074074074076,93.91950613379481
56.59722222222222,93.9259703834265
56.62037037037037,93.93243148902671
56.64351851851852,93.93889174815692
56.666666666666664,93.94535200728713
56.68981481481481,93.95179654625997
56.71296296296296,93.9582392713685
56.73611111111111,93.96466458337964
56.75925925925925,93.97107574724916
56.78240740740741,93.97748654834581
56.80555555555556,93.98389650297247
56.82870370370371,93.99030524835624
56.851851851851855,93.99671097063282
56.875,94.00311536274225
56.89814814814815,94.00951721544163
56.9212962962963,94.01591761704958
56.94444444444444,94.02230822379025
56.967592592592595,94.0286970166666
56.99074074074074,94.03508193996574
57.013888888888886,94.0414552545333
57.03703703703704,94.04781212339778
57.06018518518518,94.05415327210488
57.08333333333333,94.06049139770481
57.10648148148149,94.06681706810313
57.12962962962963,94.07314140833431
57.15277777777777,94.07946466024688
57.17592592592593,94.08576578301486
57.199074074074076,94.0920635199028
57.22222222222222,94.09834855974056
57.245370370370374,94.10463287403259
57.26851851851852,94.11091706740032
57.291666666666664,94.11720041429807
57.31481481481482,94.12348170548292
57.33796296296296,94.12975066239045
57.36111111111111,94.13601792635797
57.38425925925926,94.14228506940118
57.407407407407405,94.1485435058957
57.43055555555555,94.15480170054165
57.45370370370371,94.16105783947472
57.47685185185185,94.16730128135762
57.49999999999999,94.17353770963184
57.52314814814815,94.17975503186867
57.5462962962963,94.18596086629817
57.56944444444444,94.19216440316622
57.592592592592595,94.19835947533414
57.61574074074074,94.2045522499406
57.638888888888886,94.21074212236418
57.66203703703704,94.21692969722629
57.68518518518518,94.22311316066262
57.70833333333333,94.2292962613261
57.73148148148148,94.23547694350384
57.754629629629626,94.24165290963435
57.77777777777777,94.24782657820342
57.80092592592593,94.25398319644796
57.82407407407407,94.26013933099534
57.84722222222223,94.26629195873838
57.870370370370374,94.27244458648143
57.89351851851852,94.27859455389016
57.91666666666667,94.28474307020744
57.93981481481482,94.29088408921889
57.96296296296296,94.29702293159319
57.986111111111114,94.30315729976884
58.00925925925926,94.3092857426544
58.032407407407405,94.31541067873565
58.05555555555556,94.32153174523968
58.0787037037037,94.32764833754509
58.10185185185185,94.3337571906961
58.12500000000001,94.33986507645281
58.14814814814815,94.34596981817805
58.17129629629629,94.3520704484775
58.19444444444445,94.35816745104836
58.217592592592595,94.36425913295055
58.24074074074074,94.37034888006416
58.26388888888889,94.37641395862312
58.28703703703704,94.38247565130204
58.31018518518518,94.38853540919237
58.333333333333336,94.39458670238258
58.35648148148148,94.40063545616275
58.379629629629626,94.40668167053289
58.40277777777778,94.41272087129435
58.425925925925924,94.41875886281295
58.44907407407407,94.4247944358458
58.47222222222223,94.43082795316576
58.49537037037037,94.43685893107569
58.51851851851851,94.44288857881845
58.54166666666667,94.44891568715117
58.56481481481482,94.45493300061662
58.58796296296296,94.46094970946064
58.611111111111114,94.46695287478445
58.63425925925926,94.47295531456254
58.657407407407405,94.47895388476344
58.68055555555556,94.48494894816001
58.7037037037037,94.49093143543068
58.72685185185185,94.49691283438277
58.75,94.50289181484911
58.773148148148145,94.508868497754
58.79629629629629,94.514843124946
58.81944444444444,94.5208127942422
58.84259259259259,94.52677532900545
58.86574074074075,94.53273266402435
58.88888888888889,94.53868455745031
58.91203703703704,94.5446323394505
58.93518518518519,94.55056802902196
58.958333333333336,94.55649960716764
58.98148148148148,94.5624275575847
59.00462962962963,94.56834801069593
59.02777777777778,94.57426713364
59.050925925925924,94.580170657351
59.074074074074076,94.58607212534913
59.09722222222222,94.5919731096501
59.12037037037037,94.59787119176816
59.143518518518526,94.60376637170333
59.166666666666664,94.6096596168499
59.18981481481481,94.61554645300923
59.21296296296297,94.62143207992571
59.236111111111114,94.6273116606278
59.25925925925925,94.63318712990412
59.28240740740741,94.63905486002605
59.30555555555556,94.64492198552655
59.3287037037037,94.65078681346559
59.351851851851855,94.65664946476744
59.375,94.662499781792
59.398148148148145,94.66834925234652
59.4212962962963,94.67419291853525
59.44444444444444,94.68003404531396
59.46759259259259,94.68586827940828
59.49074074074075,94.69169380695391
59.513888888888886,94.69751619046805
59.53703703703703,94.70333688104219
59.56018518518519,94.70915237187197
59.583333333333336,94.71496774177744
59.606481481481474,94.72077815378714
59.62962962962963,94.72658626823538
59.65277777777778,94.73238954571212
59.675925925925924,94.73818859083882
59.699074074074076,94.74398509655545
59.72222222222222,94.74977470958773
59.74537037037037,94.75555380220699
59.76851851851852,94.76133229020482
59.791666666666664,94.76709989501678
59.81481481481481,94.77286580688872
59.83796296296296,94.77862881657776
59.86111111111111,94.78438311971811
59.88425925925925,94.7901322231141
59.90740740740741,94.79587951264577
59.93055555555556,94.80160092437995
59.95370370370371,94.80732088502266
59.976851851851855,94.81302996247952
60.0,94.81873238910057
60.02314814814815,94.82443276000875
60.0462962962963,94.83012539176251
60.06944444444444,94.83579613622027
60.092592592592595,94.84146639698086
60.11574074074074,94.84713496480144
60.138888888888886,94.85279905842339
60.16203703703704,94.85845420364807
60.18518518518518,94.86410185156693
60.20833333333333,94.86973547226843
60.23148148148149,94.87536667448421
60.25462962962963,94.88098445410408
60.27777777777777,94.88659775952532
60.30092592592593,94.89220804183937
60.324074074074076,94.89781784045627
60.34722222222222,94.903426308906
60.370370370370374,94.90903417273431
60.39351851851852,94.91463852975828
60.416666666666664,94.92024191938793
60.43981481481482,94.92584325330472
60.46296296296296,94.9314426524329
60.48611111111111,94.93704084231821
60.50925925925926,94.94263552539918
60.532407407407405,94.94821593941425
60.55555555555555,94.95379284662498
60.57870370370371,94.9593631029999
60.60185185185185,94.96493275475338
60.62499999999999,94.97049684398965
60.64814814814815,94.97605730549729
60.6712962962963,94.98161256726057
60.69444444444444,94.98716589423526
60.717592592592595,94.99271535163274
60.74074074074074,94.99826396256022
60.763888888888886,95.00381172701768
60.78703703703704,95.00935054307787
60.81018518518518,95.01488657787945
60.83333333333333,95.02042152436245
60.85648148148148,95.02595344773826
60.879629629629626,95.03148379909832
60.90277777777777,95.03700496021257
60.92592592592593,95.04252225174959
60.94907407407407,95.0480349481637
60.97222222222223,95.05354510516779
60.995370370370374,95.0590550203233
61.01851851851852,95.06456070312875
61.04166666666667,95.07006578131275
61.06481481481482,95.07556662714671
61.08796296296296,95.08106698928351
61.111111111111114,95.0865627562974
61.13425925925926,95.09205670944696
61.157407407407405,95.09754957427795
61.18055555555556,95.10304098801748
61.2037037037037,95.10853228083273
61.22685185185185,95.1140223644051
61.25000000000001,95.11950023462444
61.27314814814815,95.12497677467663
61.29629629629629,95.1304524682588
61.31944444444445,95.1359258642795
61.342592592592595,95.14139406055587
61.36574074074074,95.14685681523927
61.38888888888889,95.1523158212698
61.41203703703704,95.15776757184305
61.43518518518518,95.16321412267196
61.458333333333336,95.16865898056083
61.48148148148148,95.17409730853821
61.504629629629626,95.17953309710553
61.52777777777778,95.18496404870136
61.550925925925924,95.1903893168557
61.57407407407407,95.19580285535413
61.59722222222223,95.20120744545531
61.62037037037037,95.20660284531066
61.64351851851851,95.21198010652286
61.66666666666667,95.21734430791204
61.68981481481482,95.22270185846541
61.71296296296296,95.22805880439736
61.736111111111114,95.23340861579635
61.75925925925926,95.23874863232805
61.782407407407405,95.24407171945953
61.80555555555556,95.24939238810524
61.8287037037037,95.25471305675096
61.85185185185185,95.26003372539668
61.875,95.26535028261664
61.898148148148145,95.27066683983658
61.92129629629629,95.27598061579792
61.94444444444444,95.28128302487625
61.96759259259259,95.28658507118169
61.99074074074075,95.29188445715285
62.01388888888889,95.29718045724393
62.03703703703704,95.30247488531927
62.06018518518519,95.3077677413789
62.083333333333336,95.3130482631612
62.10648148148148,95.31832273872914
62.12962962962963,95.3235957632056
62.15277777777778,95.3288562115562
62.175925925925924,95.33411146016243
62.199074074074076,95.33935788129568
62.22222222222222,95.34458422899723
62.24537037037037,95.34980815821304
62.268518518518526,95.35502592029019
62.291666666666664,95.36023654783436
62.31481481481481,95.36544233840705
62.33796296296297,95.37064389662969
62.361111111111114,95.37584170619941
62.38425925925925,95.38103951576912
62.40740740740741,95.38623442315594
62.43055555555556,95.3914288468456
62.4537037037037,95.39661661969946
62.476851851851855,95.40180342515903
62.5,95.40698974692144
62.523148148148145,95.41217606868385
62.5462962962963,95.41735380482186
62.56944444444444,95.42252851785268
62.59259259259259,95.42769972407916
62.61574074074075,95.4328704466085
62.638888888888886,95.43803161611913
62.66203703703703,95.4431906089926
62.68518518518519,95.44834936001749
62.708333333333336,95.45350557163233
62.731481481481474,95.45864872342416
62.75462962962963,95.4637896985788
62.77777777777778,95.46892172533616
62.800925925925924,95.47404117596766
62.824074074074076,95.47915990105341
62.84722222222222,95.48427814244201
62.87037037037037,95.48938961207053
62.89351851851852,95.49449963060759
62.916666666666664,95.4996083189775
62.93981481481481,95.5047142260888
62.96296296296296,95.50981880303291
62.98611111111111,95.51492059871845
63.00925925925925,95.52000546500373
63.03240740740741,95.52508791280326
63.05555555555556,95.53016165405411
63.07870370370371,95.53522741430199
63.101851851851855,95.54029027236696
63.125,95.54535288858335
63.14814814814815,95.5504123607683
63.1712962962963,95.5554663913603
63.19444444444444,95.56051945455799
63.217592592592595,95.56557130851282
63.24074074074074,95.57062110675474
63.263888888888886,95.57567017945095
63.28703703703704,95.58071731735858
63.31018518518518,95.58576058568899
63.33333333333333,95.59080324939796
63.35648148148149,95.59584458293979
63.37962962962963,95.60088277245013
63.40277777777777,95.60591104616891
63.42592592592593,95.6109393198877
63.449074074074076,95.6159607009221
63.47222222222222,95.62098063086505
63.495370370370374,95.62599753770081
63.51851851851852,95.63101432361229
63.541666666666664,95.6360297793566
63.56481481481482,95.6410445095552
63.58796296296296,95.64605404000942
63.61111111111111,95.65106078920505
63.63425925925926,95.65606524083921
63.657407407407405,95.66106654844188
63.68055555555555,95.66606628402884
63.70370370370371,95.67106287558433
63.72685185185185,95.67604507714961
63.74999999999999,95.68102353006196
63.77314814814815,95.68599847617001
63.7962962962963,95.69097172933802
63.81944444444444,95.69593542948733
63.842592592592595,95.70089308342227
63.86574074074074,95.70584976996291
63.888888888888886,95.71080524726068
63.91203703703704,95.71575794329983
63.93518518518518,95.72070979286897
63.95833333333333,95.72566043319524
63.98148148148148,95.7306074457929
64.00462962962963,95.73555203990479
64.02777777777777,95.74049542477381
64.05092592592592,95.74543699577853
64.07407407407408,95.75037832493467
64.09722222222223,95.75531917039365
64.12037037037037,95.76025723459404
64.14351851851852,95.76517316964981
64.16666666666667,95.77008850008417
64.18981481481481,95.77500068648705
64.21296296296296,95.77991214734419
64.23611111111111,95.78482264080705
64.25925925925927,95.78972575788836
64.2824074074074,95.79462778665109
64.30555555555556,95.79952570398805
64.32870370370371,95.8044180588078
64.35185185185185,95.80930823699036
64.375,95.81418511350131
64.39814814814815,95.81905981337509
64.42129629629629,95.82393185291455
64.44444444444444,95.82879542775389
64.4675925925926,95.8336553748646
64.49074074074073,95.83851169424669
64.51388888888889,95.84336559514306
64.53703703703704,95.84821296612787
64.56018518518518,95.85305924879411
64.58333333333334,95.85790444314176
64.60648148148148,95.86274576791223
64.62962962962962,95.86758261848405
64.65277777777779,95.87241003696145
64.67592592592592,95.87723721359028
64.69907407407408,95.88206318097625
64.72222222222223,95.88688443231499
64.74537037037037,95.89169709802933
64.76851851851852,95.89650843357651
64.79166666666667,95.90131735063794
64.81481481481481,95.90612155165216
64.83796296296296,95.9109236969535
64.86111111111111,95.91572402839053
64.88425925925925,95.92052315058469
64.9074074074074,95.92531755673163
64.93055555555556,95.93011014901425
64.9537037037037,95.93489633230966
64.97685185185185,95.93966921393344
65.0,95.94443822598004
65.02314814814815,95.94920433584372
65.04629629629629,95.95396560873591
65.06944444444444,95.95872385852093
65.0925925925926,95.96348017351734
65.11574074074075,95.96823588389232
65.13888888888889,95.97298651544722
65.16203703703704,95.97773206818206
65.18518518518519,95.98247713721975
65.20833333333333,95.98721712743738
65.23148148148148,95.99195445732066
65.25462962962963,95.99669106165823
65.27777777777779,96.00142548935861
65.30092592592592,96.0061532662232
65.32407407407408,96.01087729443488
65.34722222222223,96.01559164870356
65.37037037037037,96.02030431003222
65.39351851851852,96.02501600396657
65.41666666666667,96.02972527941517
65.43981481481481,96.0344324991509
65.46296296296296,96.03913681670373
65.48611111111111,96.04383569266362
65.50925925925925,96.0485338430778
65.5324074074074,96.05322969593051
65.55555555555556,96.05792458138892
65.5787037037037,96.06261257416294
65.60185185185186,96.06729766475408
65.625,96.07198118332947
65.64814814814814,96.07665720459904
65.6712962962963,96.08133129108003
65.69444444444444,96.08600283815097
65.7175925925926,96.09067232950905
65.74074074074075,96.09533843498704
65.76388888888889,96.10000175920645
65.78703703703704,96.10465855351433
65.81018518518519,96.10930676219779
65.83333333333333,96.11395243147122
65.85648148148148,96.11859689150178
65.87962962962963,96.12324110968376
65.90277777777777,96.1278839976986
65.92592592592592,96.13252567647055
65.94907407407408,96.13716614599963
65.97222222222221,96.14180576905869
65.99537037037037,96.14644128069199
66.01851851851852,96.15107679232528
66.04166666666667,96.15570855530568
66.06481481481481,96.16033487669313
66.08796296296296,96.16495587741193
66.11111111111111,96.16957639443359
66.13425925925925,96.1741953394395
66.1574074074074,96.17881331705112
66.18055555555556,96.18343044819272
66.20370370370371,96.1880461282429
66.22685185185185,96.19265721317014
66.25,96.19726757255165
66.27314814814815,96.20187720638745
66.2962962962963,96.20648006846314
66.31944444444444,96.21108123759882
66.3425925925926,96.21568107656732
66.36574074074075,96.22028043183869
66.38888888888889,96.22487712677572
66.41203703703704,96.2294724915456
66.43518518518519,96.23406700984548
66.45833333333333,96.23865886781101
66.48148148148148,96.2432503630037
66.50462962962963,96.24784125357495
66.52777777777777,96.2524321441462
66.55092592592592,96.25702134177742
66.57407407407408,96.26160981386292
66.59722222222221,96.26619768132699
66.62037037037038,96.27077938165237
66.64351851851852,96.27535745424916
66.66666666666666,96.2799320200416
66.68981481481482,96.28449715373962
66.71296296296296,96.28905841786045
66.73611111111111,96.29361387761548
66.75925925925927,96.29816836997622
66.7824074074074,96.30271343024253
66.80555555555556,96.30725316984021
66.82870370370371,96.31179206296787
66.85185185185185,96.31632829576121
66.875,96.32086416578169
66.89814814814815,96.32539882655928
66.92129629629629,96.32993010145682
66.94444444444444,96.33446113450582
66.9675925925926,96.33899059553906
66.99074074074073,96.34351316388793
67.01388888888889,96.34802243056517
67.03703703703704,96.35252686027093
67.06018518518519,96.35702790409663
67.08333333333333,96.36152386910226
67.10648148148148,96.36601693192499
67.12962962962963,96.37050975289915
67.15277777777777,96.37499616488608
67.17592592592592,96.37948003746297
67.19907407407408,96.3839462550939
67.22222222222223,96.38841077978482
67.24537037037037,96.39287107212566
67.26851851851852,96.39731733724918
67.29166666666667,96.40176287682695
67.31481481481481,96.40620249111466
67.33796296296296,96.41063859859801
67.36111111111111,96.41506720877557
67.38425925925927,96.41949424693739
67.4074074074074,96.42391717367343
67.43055555555556,96.42833635175656
67.45370370370371,96.4327535950511
67.47685185185185,96.43717059649704
67.5,96.44158312374438
67.52314814814815,96.44599444174882
67.54629629629629,96.45040479235898
67.56944444444444,96.45481248263481
67.5925925925926,96.45921678703058
67.61574074074073,96.46362012403206
67.63888888888889,96.46802116347209
67.66203703703704,96.47242159829068
67.68518518518518,96.4768207029421
67.70833333333334,96.48121871927493
67.73148148148148,96.48561613098636
67.75462962962962,96.49001354269775
67.77777777777779,96.49441095440916
67.80092592592592,96.49880776149912
67.82407407407408,96.50320215010333
67.84722222222223,96.50759581316183
67.87037037037037,96.51198935529602
67.89351851851852,96.5163813254145
67.91666666666667,96.52077027242578
67.93981481481481,96.52515861481564
67.96296296296296,96.52954562703832
67.98611111111111,96.53392381178801
68.00925925925925,96.53830078729484
68.0324074074074,96.54267365137589
68.05555555555556,96.54704554806266
68.0787037037037,96.55141430071795
68.10185185185185,96.55578269060037
68.125,96.56015071770993
68.14814814814815,96.56451741465233
68.17129629629629,96.56888048386611
68.19444444444444,96.57323569300121
68.2175925925926,96.57758908827199
68.24074074074075,96.58194236261849
68.26388888888889,96.58629563696498
68.28703703703704,96.5906323446841
68.31018518518519,96.59496820593321
68.33333333333333,96.59930189054515
68.35648148148148,96.60363098003417
68.37962962962963,96.60795982767462
68.40277777777779,96.61228613590502
68.42592592592592,96.61660567237533
68.44907407407408,96.62092508792136
68.47222222222223,96.62524184313307
68.49537037037037,96.62955702632902
68.51851851851852,96.63386193096056
68.54166666666667,96.63816357063635
68.56481481481481,96.64246315459923
68.58796296296296,96.6467572969692
68.61111111111111,96.65105131841486
68.63425925925925,96.6553331265075
68.6574074074074,96.65960961393151
68.68055555555556,96.66388404564262
68.7037037037037,96.6681559379437
68.72685185185186,96.67242432344044
68.75,96.67668932305715
68.77314814814814,96.68095420174954
68.7962962962963,96.68520408583032
68.81944444444444,96.6894538489868
68.8425925925926,96.693702644749
68.86574074074075,96.69795071496546
68.88888888888889,96.70219672946902
68.91203703703704,96.70643996271399
68.93518518518519,96.71068138209465
68.95833333333333,96.71491445769945
68.98148148148148,96.71914378465137
69.00462962962963,96.72337250698185
69.02777777777777,96.72760122931231
69.05092592592592,96.73182813777848
69.07407407407408,96.73605262775888
69.09722222222221,96.7402740946321
69.12037037037037,96.74449423133818
69.14351851851852,96.74871340064996
69.16666666666667,96.75293123979456
69.18981481481481,96.75714629768055
69.21296296296296,96.76135688136792
69.23611111111111,96.76556686043385
69.25925925925925,96.76977623487834
69.2824074074074,96.77398282806422
69.30555555555556,96.77818881662866
69.32870370370371,96.78239395872309
69.35185185185185,96.78659365922458
69.375,96.79079069939176
69.39814814814815,96.79498677216463
69.4212962962963,96.79918260308894
69.44444444444444,96.80337565275462
69.4675925925926,96.80756688855601
69.49074074074075,96.81175231999158
69.51388888888889,96.81593497016856
69.53703703703704,96.82011483908693
69.56018518518519,96.82429035473093
69.58333333333333,96.82846224264632
69.60648148148148,96.83263292131885
69.62962962962963,96.83679924671704
69.65277777777777,96.84096303270516
69.67592592592592,96.84512452113184
69.69907407407408,96.8492843166185
69.72222222222221,96.85344193546797
69.74537037037038,96.85759713583171
69.76851851851852,96.86175088510399
69.79166666666666,96.86590402975484
69.81481481481482,96.87005451407137
69.83796296296296,96.87420354729646
69.86111111111111,96.87835028296007
69.88425925925927,96.88249593030508
69.9074074074074,96.88663698252721
69.93055555555556,96.89077549533927
69.95370370370371,96.8949106222713
69.97685185185185,96.89904260517186
70.0,96.90316527690227
70.02314814814815,96.90727803284112
70.04629629629629,96.91138462164132
70.06944444444444,96.91548927565292
70.0925925925926,96.9195922367245
70.11574074074073,96.9236949559475
70.13888888888889,96.92779368466901
70.16203703703704,96.93188951120763
70.18518518518519,96.93597360809038
70.20833333333333,96.94005468186594
70.23148148148148,96.94413515102006
70.25462962962963,96.9482144109313
70.27777777777777,96.95229294529682
70.30092592592592,96.95636954487374
70.32407407407408,96.96044517705637
70.34722222222223,96.96451984184469
70.37037037037037,96.96858773487293
70.39351851851852,96.97265562790115
70.41666666666667,96.97672025597362
70.43981481481481,96.98077750766456
70.46296296296296,96.98483234086974
70.48611111111111,96.9888836672706
70.50925925925927,96.99293475182287
70.5324074074074,96.99698015293365
70.55555555555556,97.00102543312013
70.57870370370371,97.00507010868519
70.60185185185185,97.00911176114305
70.625,97.01314748831084
70.64814814814815,97.01718103884143
70.67129629629629,97.02121362197774
70.69444444444444,97.02524136814256
70.7175925925926,97.02926379363872
70.74074074074073,97.03328343787628
70.76388888888889,97.03730175194666
70.78703703703704,97.041315833667
70.81018518518518,97.04532507841583
70.83333333333334,97.04933057451176
70.85648148148148,97.05333534506197
70.87962962962962,97.057337938975
70.90277777777779,97.06134053288802
70.92592592592592,97.06534191755819
70.94907407407408,97.06934197206117
70.97222222222223,97.07334105916988
70.99537037037037,97.0773370022471
71.01851851851852,97.08132883389855
71.04166666666667,97.08531969815571
71.06481481481481,97.08931056241286
71.08796296296296,97.09329925003284
71.11111111111111,97.09728491454564
71.13425925925925,97.10127009536127
71.1574074074074,97.10525285769117
71.18055555555556,97.10923537817249
71.2037037037037,97.11321681033522
71.22685185185185,97.11719497754221
71.25,97.121170968112
71.27314814814815,97.12514514481751
71.29629629629629,97.1291192005987
71.31944444444444,97.13309253083418
71.3425925925926,97.13706368443249
71.36574074074075,97.14103181492362
71.38888888888889,97.14499776877756
71.41203703703704,97.14896045767574
71.43518518518519,97.15292193733106
71.45833333333333,97.15688341698636
71.48148148148148,97.16084126891306
71.50462962962963,97.16479851621831
71.52777777777779,97.16874971730918
71.55092592592592,97.17269668605002
71.57407407407408,97.17664365479085
71.59722222222223,97.18058868874307
71.62037037037037,97.18453033681526
71.64351851851852,97.18847138026601
71.66666666666667,97.19240988430671
71.68981481481481,97.19634113289017
71.71296296296296,97.2002717768522
71.73611111111111,97.20419939770704
71.75925925925925,97.20812460007612
71.7824074074074,97.21204544917087
71.80555555555556,97.21596629826563
71.8287037037037,97.21988351963175
71.85185185185186,97.22379771789069
71.875,97.22770792564815
71.89814814814814,97.23161414290412
71.9212962962963,97.23551951369008
71.94444444444444,97.23942294968744
71.9675925925926,97.2433216696376
71.99074074074075,97.24721639908626
72.01388888888889,97.25110919374633
72.03703703703704,97.25500041639066
72.06018518518519,97.25888728576064
72.08333333333333,97.2627695600077
72.10648148148148,97.26665183425477
72.12962962962963,97.27052975522749
72.15277777777777,97.2744068297302
72.17592592592592,97.27828342053574
72.19907407407408,97.28215856024987
72.22222222222221,97.28602596080958
72.24537037037037,97.28989311952073
72.26851851851852,97.29375628773037
72.29166666666667,97.29761498174139
72.31481481481481,97.3014727083581
72.33796296296296,97.30532729094334
72.36111111111111,97.30918054336144
72.38425925925925,97.31303174006665
72.4074074074074,97.31687918811895
72.43055555555556,97.32072639432266
72.45370370370371,97.32457239128351
72.47685185185185,97.32841778362291
72.5,97.33226099932514
72.52314814814815,97.33610348948164
72.5462962962963,97.33993920787807
72.56944444444444,97.34377105669728
72.5925925925926,97.34760048703075
72.61574074074075,97.3514291918185
72.63888888888889,97.3552574129091
72.66203703703704,97.35908466660538
72.68518518518519,97.3629090181188
72.70833333333333,97.3667332487079
72.73148148148148,97.37055747929702
72.75462962962963,97.37437530089889
72.77777777777777,97.37819167140931
72.80092592592592,97.38200151200822
72.82407407407408,97.38581135260712
72.84722222222221,97.38961877472029
72.87037037037038,97.39342414112056
72.89351851851852,97.39722660533795
72.91666666666666,97.40102846493389
72.93981481481482,97.40482742234694
72.96296296296296,97.40862577513856
72.98611111111111,97.41242400700587
73.00925925925927,97.41621897391744
73.0324074074074,97.42001357805613
73.05555555555556,97.42380781942195
73.07870370370371,97.42760024692349
73.10185185185185,97.43139158610641
73.125,97.43518244159222
73.14814814814815,97.43896712993934
73.17129629629629,97.44274746501213
73.19444444444444,97.4465269536149
73.2175925925926,97.4503063212934
73.24074074074073,97.45408375418327
73.26388888888889,97.45785997783028
73.28703703703704,97.46163559685587
73.31018518518519,97.46540746722854
73.33333333333333,97.46917800743404
73.35648148148148,97.47294733839666
73.37962962962963,97.47671642751072
73.40277777777777,97.48048503292763
73.42592592592592,97.48424940599449
73.44907407407408,97.48801329536417
73.47222222222223,97.491775975491
73.49537037037037,97.4955321257063
73.51851851851852,97.4992865829816
73.54166666666667,97.50303584051251
73.56481481481481,97.50678485619486
73.58796296296296,97.51053109061858
73.61111111111111,97.51427551117803
73.63425925925927,97.51801690863027
73.6574074074074,97.52175782238537
73.68055555555556,97.52549498748753
73.70370370370371,97.52923203166543
73.72685185185185,97.53296786660046
73.75,97.53669934826114
73.77314814814815,97.54042962067894
73.79629629629629,97.54415795830815
73.81944444444444,97.54788557039163
73.8425925925926,97.55160737810931
73.86574074074073,97.55532894397841
73.88888888888889,97.55905002615036
73.91203703703704,97.56276881076086
73.93518518518518,97.56648735352277
73.95833333333334,97.57020529166326
73.98148148148148,97.57392250425802
74.00462962962962,97.57763596819987
74.02777777777779,97.58134761827742
74.05092592592592,97.58505660802064
74.07407407407408,97.58876414667239
74.09722222222223,97.59247108070272
74.12037037037037,97.59617801473304
74.14351851851852,97.59988373952051
74.16666666666667,97.60358559473077
74.18981481481481,97.60728285481811
74.21296296296296,97.61097854288971
74.23611111111111,97.61467326356701
74.25925925925925,97.61836484021285
74.2824074074074,97.62204771030997
74.30555555555556,97.62572949208852
74.3287037037037,97.62940861353275
74.35185185185185,97.6330876140527
74.375,97.63676661457265
74.39814814814815,97.64044235013682
74.42129629629629,97.64411760200385
74.44444444444444,97.6477906772337
74.4675925925926,97.6514566179306
74.49074074074075,97.6551169961103
74.51388888888889,97.65877592319853
74.53703703703704,97.66243472936247
74.56018518518519,97.66609220535926
74.58333333333333,97.66974738379457
74.60648148148148,97.673400506517
74.62962962962963,97.67704903411652
74.65277777777779,97.68069272474453
74.67592592592592,97.68433605259969
74.69907407407408,97.68797623642338
74.72222222222223,97.6916150900799
74.74537037037037,97.69525309726642
74.76851851851852,97.69889086260434
74.79166666666667,97.70252487928937
74.81481481481481,97.70615768673152
74.83796296296296,97.70978976862796
74.86111111111111,97.71342160867582
74.88425925925925,97.71704994191933
74.9074074074074,97.72067464743422
74.93055555555556,97.72429874832767
74.9537037037037,97.72792115628111
74.97685185185186,97.73154090390022
75.0,97.735157144715
75.02314814814814,97.73877314368121
75.0462962962963,97.74238793340453
75.06944444444444,97.74599631414064
75.0925925925926,97.74960239731527
75.11574074074075,97.75320727124704
75.13888888888889,97.75681081501165
75.16203703703704,97.76041375415481
75.18518518518519,97.76401463758508
75.20833333333333,97.76760693539096
75.23148148148148,97.77119838672682
75.25462962962963,97.77478633125834
75.27777777777777,97.77837415486559
75.30092592592592,97.7819612529271
75.32407407407408,97.78554762544289
75.34722222222221,97.7891300074572
75.37037037037037,97.7927085198943
75.39351851851852,97.79627481897839
75.41666666666667,97.79984027159246
75.43981481481481,97.80340342664506
75.46296296296296,97.80696646077338
75.48611111111111,97.81052647179452
75.50925925925925,97.81408527357279
75.5324074074074,97.81764395442676
75.55555555555556,97.82120203065931
75.57870370370371,97.8247586558004
75.60185185185185,97.82831056489428
75.625,97.83185908810812
75.64814814814815,97.83540337897189
75.6712962962963,97.83894646059278
75.69444444444444,97.84248591448507
75.7175925925926,97.84602258711872
75.74074074074075,97.84955768773665
75.76388888888889,97.8530887978531
75.78703703703704,97.85661978704526
75.81018518518519,97.86014932514597
75.83333333333333,97.86367475182091
75.85648148148148,97.86719945295013
75.87962962962963,97.8707227029879
75.90277777777777,97.87424220437275
75.92592592592592,97.87776110113617
75.94907407407408,97.88127782126243
75.97222222222221,97.8847894625686
75.99537037037038,97.88830062017763
76.01851851851852,97.89181153593807
76.04166666666666,97.89532136337995
76.06481481481482,97.89882804679034
76.08796296296296,97.90233436742787
76.11111111111111,97.90583851142823
76.13425925925927,97.90933757660852
76.1574074074074,97.91283652086452
76.18055555555556,97.91633413495336
76.20370370370371,97.91982848408642
76.22685185185185,97.92332210767378
76.25,97.92681198260821
76.27314814814815,97.93029968090549
76.29629629629629,97.93378447701986
76.31944444444444,97.93726878943707
76.3425925925926,97.94074645101848
76.36574074074073,97.94422302428131
76.38888888888889,97.94769838830128
76.41203703703704,97.95116637593969
76.43518518518519,97.95462348039224
76.45833333333333,97.95807877098049
76.48148148148148,97.96153321509873
76.50462962962963,97.96498560350408
76.52777777777777,97.96842650410213
76.55092592592592,97.97185724706003
76.57407407407408,97.97528508783503
76.59722222222223,97.97871123567
76.62037037037037,97.98213556964068
76.64351851851852,97.98555917806561
76.66666666666667,97.98897649842762
76.68981481481481,97.9923920049253
76.71296296296296,97.99580025596575
76.73611111111111,97.99920330726184
76.75925925925927,98.00260007049498
76.7824074074074,98.00599260137807
76.80555555555556,98.00938476948828
76.82870370370371,98.01277173785414
76.85185185185185,98.0161568923557
76.875,98.01953999114436
76.89814814814815,98.02291438338433
76.92129629629629,98.02628454327424
76.94444444444444,98.02965288929984
76.9675925925926,98.03301639835395
76.99074074074073,98.03637567505801
77.01388888888889,98.03973023571486
77.03703703703704,98.04308068494592
77.06018518518518,98.0464308923284
77.08333333333334,98.04977856030087
77.10648148148148,98.05312513995473
77.12962962962962,98.05646942204713
77.15277777777779,98.05980765792516
77.17592592592592,98.06314371716603
77.19907407407408,98.06647687422401
77.22222222222223,98.06980567800763
77.24537037037037,98.07312517062113
77.26851851851852,98.07644030996026
77.29166666666667,98.07973525494343
77.31481481481481,98.0830289906837
77.33796296296296,98.08632079163537
77.36111111111111,98.08961077872273
77.38425925925925,98.09290040303725
77.4074074074074,98.09618772979029
77.43055555555556,98.0994696149504
77.4537037037037,98.10274908162476
77.47685185185185,98.10602842737484
77.5,98.1093060801849
77.52314814814815,98.11258191913063
77.54629629629629,98.11585727437922
77.56944444444444,98.1191319040821
77.5925925925926,98.1224041152992
77.61574074074075,98.12567390803058
77.63888888888889,98.1289412822762
77.66203703703704,98.13220660080894
77.68518518518519,98.13546950085593
77.70833333333333,98.13872357342993
77.73148148148148,98.14197752507965
77.75462962962963,98.14522530959071
77.77777777777779,98.14846668511454
77.80092592592592,98.15169754022537
77.82407407407408,98.15492815348762
77.84722222222223,98.158158403977
77.87037037037037,98.16138744522353
77.89351851851852,98.1646157609243
77.91666666666667,98.16784262553365
77.93981481481481,98.1710684018244
77.96296296296296,98.17429212240228
77.98611111111111,98.17751415004011
78.00925925925925,98.18073557305654
78.0324074074074,98.18395687514865
78.05555555555556,98.18717261472355
78.0787037037037,98.19038738690415
78.10185185185186,98.19360107076616
78.125,98.19680798286808
78.14814814814814,98.20001368572711
78.1712962962963,98.20321455161466
78.19444444444444,98.2064148128808
78.2175925925926,98.20961471137404
78.24074074074075,98.21280614516718
78.26388888888889,98.21599080720021
78.28703703703704,98.21917510646038
78.31018518518519,98.2223457412761
78.33333333333333,98.22551274836317
78.35648148148148,98.2286650026872
78.37962962962963,98.23181205726684
78.40277777777777,98.23495608873931
78.42592592592592,98.23809346937597
78.44907407407408,98.24123060816406
78.47222222222221,98.24436460292067
78.49537037037037,98.24749714658584
78.51851851851852,98.25062763453812
78.54166666666667,98.25375751786896
78.56481481481481,98.25688582918409
78.58796296296296,98.26001051277058
78.61111111111111,98.26312673165695
78.63425925925925,98.26624258777045
78.6574074074074,98.26935759741394
78.68055555555556,98.2724681328588
78.70370370370371,98.27557225931643
78.72685185185185,98.27867251619686
78.75,98.28177204753158
78.77314814814815,98.28487157886629
78.7962962962963,98.28796857079097
78.81944444444444,98.29106314422988
78.8425925925926,98.29415759674453
78.86574074074075,98.29725204925917
78.88888888888889,98.30034045555944
78.91203703703704,98.30342547597965
78.93518518518519,98.30650686867126
78.95833333333333,98.30958717304426
78.98148148148148,98.31265998011146
79.00462962962963,98.31573266625436
79.02777777777777,98.31880329668438
79.05092592592592,98.3218632857771
79.07407407407408,98.32492315394555
79.09722222222221,98.32798024085537
79.12037037037038,98.3310363603709
79.14351851851852,98.33408957770354
79.16666666666666,98.33714194856616
79.18981481481482,98.34019044985158
79.21296296296296,98.34323846743985
79.23611111111111,98.34628418746665
79.25925925925927,98.34932785178057
79.2824074074074,98.35236933945734
79.30555555555556,98.35540707848118
79.32870370370371,98.35843683650205
79.35185185185185,98.36146308771858
79.375,98.36448800876796
79.39814814814815,98.36751159965019
79.42129629629629,98.37053470683526
79.44444444444444,98.37355612108031
79.4675925925926,98.3765760842339
79.49074074074073,98.37959568461463
79.51388888888889,98.38260198332375
79.53703703703704,98.38560211489421
79.56018518518519,98.3886020046161
79.58333333333333,98.39160044324655
79.60648148148148,98.39458908700969
79.62962962962963,98.39756745220843
79.65277777777777,98.4005426733757
79.67592592592592,98.40351668530008
79.69907407407408,98.40648839966299
79.72222222222223,98.40945503520585
79.74537037037037,98.41241647100435
79.76851851851852,98.41537669755996
79.79166666666667,98.41833220806836
79.81481481481481,98.42128396992386
79.83796296296296,98.4242354899308
79.86111111111111,98.42718531699771
79.88425925925927,98.43013393482173
79.9074074074074,98.43308073878146
79.93055555555556,98.43602597072542
79.95370370370371,98.43897108174512
79.97685185185185,98.44191389520336
80.0,98.44484558362716
80.02314814814815,98.44777618373234
80.04629629629629,98.45070605829184
80.06944444444444,98.45363496545701
80.0925925925926,98.45655673808923
80.11574074074073,98.45947742240288
80.13888888888889,98.46239278604787
80.16203703703704,98.46530778692
80.18518518518518,98.46822073207923
80.20833333333334,98.4711295658127
80.23148148148148,98.47403440904469
80.25462962962962,98.47693659194236
80.27777777777779,98.47983780744572
80.30092592592592,98.48273708816049
80.32407407407408,98.4856331039195
80.34722222222223,98.48852815228422
80.37037037037037,98.49142307972464
80.39351851851852,98.49431135632925
80.41666666666667,98.49718463832224
80.43981481481481,98.50005139040368
80.46296296296296,98.50291463568081
80.48611111111111,98.50577062550069
80.50925925925925,98.50862552700198
80.5324074074074,98.51147982388183
80.55555555555556,98.5143338789131
80.5787037037037,98.5171838225186
80.60185185185185,98.52003231503265
80.625,98.52287258469518
80.64814814814815,98.52570946847764
80.67129629629629,98.52854320822864
80.69444444444444,98.53137573873676
80.7175925925926,98.53420742277487
80.74074074074075,98.53703414891719
80.76388888888889,98.5398571264066
80.78703703703704,98.54266982533159
80.81018518518519,98.54548107316513
80.83333333333333,98.54828905604292
80.85648148148148,98.55109631337497
80.87962962962963,98.55390211961557
80.90277777777779,98.55670732123475
80.92592592592592,98.55951107176247
80.94907407407408,98.56231179918302
80.97222222222223,98.56510635946489
80.99537037037037,98.56789608277528
81.01851851851852,98.5706835085242
81.04166666666667,98.57347081334882
81.06481481481481,98.57625690893059
81.08796296296296,98.57904119064803
81.11111111111111,98.58182510959261
81.13425925925925,98.58460286139854
81.1574074074074,98.58737976673446
81.18055555555556,98.59015292341746
81.2037037037037,98.59292160590184
81.22685185185186,98.59568968376477
81.25,98.5984569151577
81.27314814814814,98.60122366285347
81.2962962962963,98.60398678282061
81.31944444444444,98.60674627505915
81.3425925925926,98.60950407435766
81.36574074074075,98.6122537717289
81.38888888888889,98.61500129246298
81.41203703703704,98.61774748302989
81.43518518518519,98.62049065048961
81.45833333333333,98.62323369702506
81.48148148148148,98.62597601801478
81.50462962962963,98.62871797623164
81.52777777777777,98.63145654856844
81.55092592592592,98.63419487905668
81.57407407407408,98.63693224215062
81.59722222222221,98.63966392180305
81.62037037037037,98.64239560145548
81.64351851851852,98.64512667648647
81.66666666666667,98.64785182622738
81.68981481481481,98.65057576672541
81.71296296296296,98.65329837705629
81.73611111111111,98.6560206246143
81.75925925925925,98.65874033276228
81.7824074074074,98.66145786427309
81.80555555555556,98.66416826125092
81.82870370370371,98.66687636066732
81.85185185185185,98.66958409731083
81.875,98.6722913502572
81.89814814814815,98.67499824043071
81.9212962962963,98.67769920531414
81.94444444444444,98.68040017019757
81.9675925925926,98.68309666088237
81.99074074074075,98.68578867736852
82.01388888888889,98.68847803352037
82.03703703703704,98.69116218992784
82.06018518518519,98.69383788163519
82.08333333333333,98.69651103393252
82.10648148148148,98.6991798329555
82.12962962962963,98.70184766458418
82.15277777777777,98.7045092081499
82.17592592592592,98.70717075171564
82.19907407407408,98.70982528167269
82.22222222222221,98.71247823961401
82.24537037037038,98.71512345840095
82.26851851851852,98.71776625870214
82.29166666666666,98.72040555219898
82.31481481481482,98.7230404924215
82.33796296296296,98.72567531171971
82.36111111111111,98.72830190816639
82.38425925925927,98.73092838368878
82.4074074074074,98.73355123148254
82.43055555555556,98.73617347465486
82.45370370370371,98.73879148547714
82.47685185185185,98.74140828705654
82.5,98.74402496771164
82.52314814814815,98.74664056004816
82.54629629629629,98.7492550640661
82.56944444444444,98.75186908438688
82.5925925925926,98.75448189546479
82.61574074074073,98.7570918043598
82.63888888888889,98.75969748090476
82.66203703703704,98.76229832047822
82.68518518518519,98.76489879727882
82.70833333333333,98.76749625097223
82.73148148148148,98.77008850492129
82.75462962962963,98.7726801542489
82.77777777777777,98.77527107803078
82.80092592592592,98.77786055072123
82.82407407407408,98.78044905601736
82.84722222222223,98.78303635207062
82.87037037037037,98.78562231795674
82.89351851851852,98.78820743737283
82.91666666666667,98.79079219401606
82.93981481481481,98.79337634603786
82.96296296296296,98.79595868419536
82.98611111111111,98.7985404177314
83.00925925925927,98.8011197327817
83.0324074074074,98.80369578287623
83.05555555555556,98.80627122834935
83.07870370370371,98.80884643197388
83.10185185185185,98.81141994265839
83.125,98.81399284872144
83.14814814814815,98.816560071343
83.17129629629629,98.81912233606877
83.19444444444444,98.82168447987027
83.2175925925926,98.82424444703459
83.24074074074073,98.82680199571315
83.26388888888889,98.8293452753258
83.28703703703704,98.83188843401418
83.31018518518518,98.83442167691096
83.33333333333334,98.83694863174483
83.35648148148148,98.83947292624435
83.37962962962962,98.84199601150102
83.40277777777779,98.8445188549091
83.42592592592592,98.84704121462003
83.44907407407408,98.84956079307236
83.47222222222223,98.85207359976458
83.49537037037037,98.85458568091109
83.51851851851852,98.85709764113332
83.54166666666667,98.85960682009693
83.56481481481481,98.86211599906053
83.58796296296296,98.86462517802414
83.61111111111111,98.86713266404772
83.63425925925925,98.86963761066127
83.6574074074074,98.87214050156193
83.68055555555556,98.87463408129247
83.7037037037037,98.87712342867295
83.72685185185185,98.87961084126482
83.75,98.8820934168852
83.77314814814815,98.88457538788414
83.79629629629629,98.88705554501877
83.81944444444444,98.88952844669615
83.8425925925926,98.89200026005494
83.86574074074075,98.89447001770087
83.88888888888889,98.89693687316388
83.91203703703704,98.8994037286269
83.93518518518519,98.90186997946849
83.95833333333333,98.90433526291577
83.98148148148148,98.90680042543876
84.00462962962963,98.90925760695877
84.02777777777779,98.91170850041587
84.05092592592592,98.91415903110008
84.07407407407408,98.91660617590425
84.09722222222223,98.91905211146553
84.12037037037037,98.92149780517826
84.14351851851852,98.92394180595096
84.16666666666667,98.92638181622218
84.18981481481481,98.92881964985621
84.21296296296296,98.93125470223164
84.23611111111111,98.93368721519703
84.25925925925925,98.93611779337382
84.2824074074074,98.93854498567057
84.30555555555556,98.94096697822296
84.3287037037037,98.94338872892678
84.35185185185186,98.94580914946343
84.375,98.9482293281515
84.39814814814814,98.95064902314242
84.4212962962963,98.95306569502617
84.44444444444444,98.95548176228847
84.4675925925926,98.95789395997359
84.49074074074075,98.96030216715721
84.51388888888889,98.96270348165646
84.53703703703704,98.96510467523142
84.56018518518519,98.96749837150055
84.58333333333333,98.96989146314826
84.60648148148148,98.97228431294738
84.62962962962963,98.9746753488822
84.65277777777777,98.97706541742272
84.67592592592592,98.97945536503894
84.69907407407408,98.98184144307798
84.72222222222221,98.98422631187414
84.74537037037037,98.98660972957883
84.76851851851852,98.98899193804067
84.79166666666667,98.99137281633534
84.81481481481481,98.99375248538715
84.83796296296296,98.99612441528454
84.86111111111111,98.99849138728617
84.88425925925925,99.00085666634776
84.9074074074074,99.00322134078792
84.93055555555556,99.00558117825659
84.95370370370371,99.00793158363084
84.97685185185185,99.01027449169926
85.0,99.01261606960053
85.02314814814815,99.01495764750179
85.0462962962963,99.01729680691732
85.06944444444444,99.0196353617114
85.0925925925926,99.02197391650547
85.11574074074075,99.02430775525234
85.13888888888889,99.02663349207195
85.16203703703704,99.02895608486011
85.18518518518519,99.03127771025395
85.20833333333333,99.03359885195066
85.23148148148148,99.03591987272307
85.25462962962963,99.03823158232534
85.27777777777777,99.04054171991189
85.30092592592592,99.04284992270983
85.32407407407408,99.0451559488706
85.34722222222221,99.04746016116705
85.37037037037038,99.04976413161494
85.39351851851852,99.0520654417285
85.41666666666666,99.05436602629634
85.43981481481482,99.05665742061834
85.46296296296296,99.05894857309175
85.48611111111111,99.06123815354944
85.50925925925927,99.06351890653414
85.5324074074074,99.06579264591018
85.55555555555556,99.0680662643619
85.57870370370371,99.0703375852522
85.60185185185185,99.07260237623096
85.625,99.07486547426971
85.64814814814815,99.07712736306557
85.67129629629629,99.07938888908858
85.69444444444444,99.0816408620929
85.7175925925926,99.08389017476286
85.74074074074073,99.0861351341585
85.76388888888889,99.08837779599267
85.78703703703704,99.09061973228111
85.81018518518519,99.0928574362195
85.83333333333333,99.0950901822621
85.85648148148148,99.09732075166754
85.87962962962963,99.09955059552725
85.90277777777777,99.10177874644693
85.92592592592592,99.1040060508966
85.94907407407408,99.10622815560191
85.97222222222223,99.1084495347615
85.99537037037037,99.11066970467822
86.01851851851852,99.11288793980633
86.04166666666667,99.1151056912373
86.06481481481481,99.11731884754535
86.08796296296296,99.11953164108053
86.11111111111111,99.12174407184284
86.13425925925927,99.12395033546652
86.1574074074074,99.12615418060443
86.18055555555556,99.128343998525
86.20370370370371,99.13053381644558
86.22685185185185,99.13272254604757
86.25,99.13490946178524
86.27314814814815,99.13709456365861
86.29629629629629,99.13927845628909
86.31944444444444,99.14146089782815
86.3425925925926,99.14364261382147
86.36574074074073,99.14581864637327
86.38888888888889,99.1479945580008
86.41203703703704,99.15017034870405
86.43518518518518,99.15234347907295
86.45833333333334,99.15451467465327
86.48148148148148,99.15668333082354
86.50462962962962,99.15884993128094
86.52777777777779,99.16101568526831
86.55092592592592,99.16318023001283
86.57407407407408,99.16534477475733
86.59722222222223,99.1675088358047
86.62037037037037,99.16967289685206
86.64351851851852,99.17183683697513
86.66666666666667,99.17399835861247
86.68981481481481,99.17615951747692
86.71296296296296,99.1783204344928
86.73611111111111,99.18047917487151
86.75925925925925,99.18263731062879
86.7824074074074,99.18479447899176
86.80555555555556,99.1869510427333
86.8287037037037,99.18910663908053
86.85185185185185,99.19126175173062
86.875,99.19340936707489
86.89814814814815,99.19555383838768
86.92129629629629,99.19769601213903
86.94444444444444,99.19983758126892
86.9675925925926,99.20197407157876
86.99074074074075,99.20410959449428
87.01388888888889,99.20624511740981
87.03703703703704,99.2083800357039
87.06018518518519,99.2104994756892
87.08333333333333,99.21261806920451
87.10648148148148,99.2147366627198
87.12962962962963,99.21685162850649
87.15277777777779,99.21896659429315
87.17592592592592,99.22108035083696
87.19907407407408,99.22318927040926
87.22222222222223,99.2252978272087
87.24537037037037,99.22740070056665
87.26851851851852,99.22950163913599
87.29166666666667,99.23160209400818
87.31481481481481,99.23369952577318
87.33796296296296,99.23579345073385
87.36111111111111,99.23788604552735
87.38425925925925,99.23997682645654
87.4074074074074,99.2420611983985
87.43055555555556,99.24414460294616
87.4537037037037,99.24622752379668
87.47685185185186,99.24831044464719
87.5,99.25038538449473
87.52314814814814,99.2524600824937
87.5462962962963,99.25453332940123
87.56944444444444,99.25660621353587
87.5925925925926,99.25867631641194
87.61574074074075,99.26074351710508
87.63888888888889,99.26280829931248
87.66203703703704,99.26486667253265
87.68518518518519,99.2669243202071
87.70833333333333,99.2689805167901
87.73148148148148,99.27103078808301
87.75462962962963,99.27308021290592
87.77777777777777,99.27511935916439
87.80092592592592,99.27715838449858
87.82407407407408,99.27919656336273
87.84722222222221,99.28123196096831
87.87037037037037,99.28326723764957
87.89351851851852,99.28530239340657
87.91666666666667,99.28733682361784
87.93981481481481,99.28936980273765
87.96296296296296,99.29140133076602
87.98611111111111,99.29343285879438
88.00925925925925,99.29545967077554
88.0324074074074,99.29748575721096
88.05555555555556,99.29950821591777
88.07870370370371,99.30152583765309
88.10185185185185,99.30353535746114
88.125,99.30554366802633
88.14814814814815,99.30755137397009
88.1712962962963,99.30954807580368
88.19444444444444,99.31154393116725
88.2175925925926,99.3135391819094
88.24074074074075,99.31553443265155
88.26388888888889,99.31752581381649
88.28703703703704,99.3195138091014
88.31018518518519,99.32150107884057
88.33333333333333,99.3234868974883
88.35648148148148,99.32546546067877
88.37962962962963,99.32744317739925
88.40277777777777,99.32941787101254
88.42592592592592,99.3313918390801
88.44907407407408,99.33336532345052
88.47222222222221,99.33533397084943
88.49537037037038,99.33730237639978
88.51851851851852,99.33926981455582
88.54166666666666,99.34123241574035
88.56481481481482,99.34319259843916
88.58796296296296,99.3451484278636
88.61111111111111,99.34710341081805
88.63425925925927,99.34905803099963
88.6574074074074,99.35100950714973
88.68055555555556,99.35295699279834
88.70370370370371,99.35490387382553
88.72685185185185,99.35685015023128
88.75,99.35879352445413
88.77314814814815,99.36073484296409
88.79629629629629,99.3626747103826
88.81944444444444,99.3646137313311
88.8425925925926,99.366550817491
88.86574074074073,99.36848778272662
88.88888888888889,99.37041047889633
88.91203703703704,99.3723325704446
88.93518518518519,99.37425345274998
88.95833333333333,99.37617373043393
88.98148148148148,99.37809340349646
89.00462962962963,99.38001223008895
89.02777777777777,99.38192888004428
89.05092592592592,99.38384141857387
89.07407407407408,99.38575250601197
89.09722222222223,99.38766214235864
89.12037037037037,99.38957153685672
89.14351851851852,99.39147851286907
89.16666666666667,99.39338548888142
89.18981481481481,99.39529149749944
89.21296296296296,99.39719242729743
89.23611111111111,99.39909202692824
89.25925925925927,99.4009911428619
89.2824074074074,99.40288989602269
89.30555555555556,99.40478731901632
89.32870370370371,99.40668316999422
89.35185185185185,99.40857865819926
89.375,99.41047378363143
89.39814814814815,99.41236721612358
89.42129629629629,99.41425980214572
89.44444444444444,99.41615033245498
89.4675925925926,99.41803953259708
89.49074074074073,99.41992667702628
89.51388888888889,99.42181224943974
89.53703703703704,99.42369745908036
89.56018518518518,99.42557843637091
89.58333333333334,99.42745723702429
89.60648148148148,99.42933361919191
89.62962962962962,99.4312085502681
89.65277777777779,99.43308287672284
89.67592592592592,99.43495659855614
89.69907407407408,99.43682947391943
89.72222222222223,99.43870174466129
89.74537037037037,99.4405706295231
89.76851851851852,99.44243782144488
89.79166666666667,99.44430428782094
89.81481481481481,99.4461697868027
89.83796296296296,99.44803419746586
89.86111111111111,99.44989570594615
89.88425925925925,99.45175673072927
89.9074074074074,99.453608323418
89.93055555555556,99.45545846501525
89.9537037037037,99.45730800199108
89.97685185185185,99.45915741804262
90.0,99.46100610854843
90.02314814814815,99.4628523805685
90.04629629629629,99.4646982898157
90.06944444444444,99.46654298982003
90.0925925925926,99.46838587596005
90.11574074074075,99.47022634361431
90.13888888888889,99.4720668112686
90.16203703703704,99.47390558598283
90.18518518518519,99.47574182128704
90.20833333333333,99.47757745196981
90.23148148148148,99.47941235710687
90.25462962962963,99.4812454483796
90.27777777777779,99.48307745133376
90.30092592592592,99.48490788227217
90.32407407407408,99.48673746674058
90.34722222222223,99.48856402810179
90.37037037037037,99.49038877559869
90.39351851851852,99.49221001629127
90.41666666666667,99.49402811295236
90.43981481481481,99.49584560499203
90.46296296296296,99.49766225056169
90.48611111111111,99.49947478470557
90.50925925925925,99.50128429574225
90.5324074074074,99.50309308123322
90.55555555555556,99.50490065748131
90.5787037037037,99.50670593616796
90.60185185185186,99.5085083126717
90.625,99.51030839161398
90.64814814814814,99.51210339173619
90.6712962962963,99.51388811329396
90.69444444444444,99.51566993266884
90.7175925925926,99.517451026498
90.74074074074075,99.51923103200856
90.76388888888889,99.52101007012485
90.78703703703704,99.52278608513392
90.81018518518519,99.52456185829442
90.83333333333333,99.52632650642049
90.85648148148148,99.52809079177369
90.87962962962963,99.5298522958683
90.90277777777777,99.53160993038568
90.92592592592592,99.53336333255302
90.94907407407408,99.53511564640178
90.97222222222221,99.53686663008337
90.99537037037037,99.53861229309632
91.01851851851852,99.54035432838064
91.04166666666667,99.54209563811925
91.06481481481481,99.54383694785783
91.08796296296296,99.54556918827488
91.11111111111111,99.54729961482761
91.13425925925925,99.54902786474317
91.1574074074074,99.55075575188587
91.18055555555556,99.55247892298135
91.20370370370371,99.55420209407684
91.22685185185185,99.55592405592945
91.25,99.55764601778208
91.27314814814815,99.5593621752689
91.2962962962963,99.56107760721
91.31944444444444,99.56278759755816
91.3425925925926,99.56449311370768
91.36574074074075,99.56619451843144
91.38888888888889,99.5678939883666
91.41203703703704,99.5695911607403
91.43518518518519,99.5712882121897
91.45833333333333,99.5729758315447
91.48148148148148,99.57466320905112
91.50462962962963,99.57635010286037
91.52777777777777,99.57803518280534
91.55092592592592,99.57972026275029
91.57407407407408,99.58140425437665
91.59722222222221,99.58308631121442
91.62037037037038,99.58476691696076
91.64351851851852,99.58644655531278
91.66666666666666,99.58812353333047
91.68981481481482,99.58979954395387
91.71296296296296,99.59147216869722
91.73611111111111,99.59314430974344
91.75925925925927,99.59481475784962
91.7824074074074,99.5964823037729
91.80555555555556,99.59814440810327
91.82870370370371,99.59980530319072
91.85185185185185,99.60146571458105
91.875,99.60312237731847
91.89814814814815,99.60477662157014
91.92129629629629,99.60643050304894
91.94444444444444,99.60807495243333
91.9675925925926,99.60971891812058
91.99074074074073,99.61136264195923
92.01388888888889,99.61300600302503
92.03703703703704,99.6146488803937
92.06018518518519,99.61629042759519
92.08333333333333,99.61793197479668
92.10648148148148,99.61957170813386
92.12962962962963,99.6212090229853
92.15277777777777,99.6228437984267
92.17592592592592,99.62447385782089
92.19907407407408,99.6261027079722
92.22222222222223,99.62772974425921
92.24537037037037,99.62935569222762
92.26851851851852,99.63097801246742
92.29166666666667,99.63259960716148
92.31481481481481,99.63422047630984
92.33796296296296,99.6358362666381
92.36111111111111,99.63745060587493
92.38425925925927,99.63906313124744
92.4074074074074,99.64067444737708
92.43055555555556,99.64228346594525
92.45370370370371,99.64388184317615
92.47685185185185,99.64547731822414
92.5,99.647072309575
92.52314814814815,99.64866621260724
92.54629629629629,99.65025878547233
92.56944444444444,99.65184833523024
92.5925925925926,99.6534344991081
92.61574074074073,99.65501546324161
92.63888888888889,99.65658445587067
92.66203703703704,99.65814982077109
92.68518518518518,99.65971216256435
92.70833333333334,99.6612676116732
92.73148148148148,99.66281761918913
92.75462962962962,99.66436375712786
92.77777777777779,99.66590989506659
92.80092592592592,99.66745579115674
92.82407407407408,99.66899334347107
92.84722222222223,99.67053029116396
92.87037037037037,99.67206699700827
92.89351851851852,99.67359910772967
92.91666666666667,99.67512638147957
92.93981481481481,99.67665305060802
92.96296296296296,99.67817838956931
92.98611111111111,99.67970348668204
93.00925925925925,99.68122761640046
93.0324074074074,99.682748843936
93.05555555555556,99.68426995054723
93.0787037037037,99.68578936421846
93.10185185185185,99.68730793141965
93.125,99.6888221453465
93.14814814814815,99.69033224784759
93.17129629629629,99.69184065740866
93.19444444444444,99.69334701125683
93.2175925925926,99.69484889090639
93.24074074074075,99.69634593358442
93.26388888888889,99.69783620450238
93.28703703703704,99.6993247824803
93.31018518518519,99.70080852348674
93.33333333333333,99.70229153894743
93.35648148148148,99.70376850819378
93.37962962962963,99.70524064046862
93.40277777777779,99.70670600098336
93.42592592592592,99.70817124057382
93.44907407407408,99.70963502907283
93.47222222222223,99.7110982129504
93.49537037037037,99.71256127590368
93.51851851851852,99.71402385515982
93.54166666666667,99.71548582979453
93.56481481481481,99.71694224191201
93.58796296296296,99.71839369613372
93.61111111111111,99.71984478758255
93.63425925925925,99.72129587903137
93.6574074074074,99.7227461240102
93.68055555555556,99.72419262033611
93.7037037037037,99.72563524708482
93.72685185185186,99.72707400425634
93.75,99.728512398655
93.77314814814814,99.72994897918934
93.7962962962963,99.73138495510224
93.81944444444444,99.73281996362086
93.8425925925926,99.7342468702122
93.86574074074075,99.73566833521062
93.88888888888889,99.73708883281473
93.91203703703704,99.73850787932741
93.93518518518519,99.73992559567291
93.95833333333333,99.74133073589255
93.98148148148148,99.7427335785507
94.00462962962963,99.74413388179883
94.02777777777777,99.74553237118263
94.05092592592592,99.74692856300499
94.07407407407408,99.74832294096302
94.09722222222221,99.74971078900954
94.12037037037037,99.75109658134316
94.14351851851852,99.75248188997965
94.16666666666667,99.75386719861613
94.18981481481481,99.75524984691829
94.21296296296296,99.7566311650533
94.23611111111111,99.75801187856686
94.25925925925925,99.75939210838327
94.2824074074074,99.76077197542683
94.30555555555556,99.76215172154609
94.32870370370371,99.76353025842248
94.35185185185185,99.76490444202452
94.375,99.76627693268654
94.39814814814815,99.76764942334856
94.4212962962963,99.76902191401058
94.44444444444444,99.77039416282403
94.4675925925926,99.77176592794034
94.49074074074075,99.77313382347943
94.51388888888889,99.77449784944133
94.53703703703704,99.7758612707818
94.56018518518519,99.77722469212227
94.58333333333333,99.77858629959842
94.60648148148148,99.77994730245314
94.62962962962963,99.78130721698926
94.65277777777777,99.78266640597968
94.67592592592592,99.78402462757579
94.69907407407408,99.78538224455045
94.72222222222221,99.78673756396365
94.74537037037038,99.78809288337688
94.76851851851852,99.7894393753171
94.79166666666666,99.79078344877158
94.81481481481482,99.79212534558889
94.83796296296296,99.79346700055763
94.86111111111111,99.79480829275349
94.88425925925927,99.79614813385791
94.9074074074074,99.79748797496232
94.93055555555556,99.79882684867245
94.95370370370371,99.80016366666969
94.97685185185185,99.80149939634833
95.0,99.80283440048126
95.02314814814815,99.80416916276562
95.04629629629629,99.80550392504996
95.06944444444444,99.80683203649852
95.0925925925926,99.80815978517418
95.11574074074073,99.80948221318123
95.13888888888889,99.81080185992965
95.16203703703704,99.81211969281378
95.18518518518519,99.813435469985
95.20833333333333,99.81474749850332
95.23148148148148,99.81605807593019
95.25462962962963,99.81736659764418
95.27777777777777,99.81867342641813
95.30092592592592,99.81997989241924
95.32407407407408,99.82128527010175
95.34722222222223,99.82258907576853
95.37037037037037,99.82389022110098
95.39351851851852,99.82518955256913
95.41666666666667,99.82648598185438
95.43981481481481,99.82777781601669
95.46296296296296,99.82906638522326
95.48611111111111,99.83035060115547
95.50925925925927,99.83163360784482
95.5324074074074,99.83290452210541
95.55555555555556,99.83417301788026
95.57870370370371,99.83544054626083
95.60185185185185,99.83670734909566
95.625,99.8379691940347
95.64814814814815,99.8392268066237
95.67129629629629,99.84048441921269
95.69444444444444,99.84173356710154
95.7175925925926,99.84298211036898
95.74074074074073,99.84422509111918
95.76388888888889,99.84546396044364
95.78703703703704,99.84670234607093
95.81018518518518,99.84793722489388
95.83333333333334,99.84917065262539
95.85648148148148,99.8504040803569
95.87962962962962,99.85163388035978
95.90277777777779,99.85286368036267
95.92592592592592,99.85409166650126
95.94907407407408,99.85531783877552
95.97222222222223,99.85654328550405
95.99537037037037,99.85776691836828
96.01851851851852,99.85898946291393
96.04166666666667,99.86020958897383
96.06481481481481,99.86142850579084
96.08796296296296,99.86264379487923
96.11111111111111,99.86385025649464
96.13425925925925,99.8650534531543
96.1574074074074,99.86625229653961
96.18055555555556,99.86744702849914
96.2037037037037,99.86863752810862
96.22685185185185,99.86982766494525
96.25,99.87101574606898
96.27314814814815,99.87219717635692
96.29629629629629,99.87337776017482
96.31944444444444,99.874556771977
96.3425925925926,99.87572731907906
96.36574074074075,99.87689544769536
96.38888888888889,99.87805777194588
96.41203703703704,99.87921683124063
96.43518518518519,99.88037105356389
96.45833333333333,99.88152394571999
96.48148148148148,99.88266498729593
96.50462962962963,99.88380590794755
96.52777777777779,99.88494320087058
96.55092592592592,99.88607988917217
96.57407407407408,99.88721440083658
96.59722222222223,99.88834842880385
96.62037037037037,99.88948209399825
96.64351851851852,99.89061467087407
96.66666666666667,99.89174349909696
96.68981481481481,99.89286470908976
96.71296296296296,99.89398277505109
96.73611111111111,99.89509286000944
96.75925925925925,99.8962029449678
96.7824074074074,99.89730722556035
96.80555555555556,99.89840279960423
96.8287037037037,99.89949837364809
96.85185185185186,99.90059031996333
96.875,99.9016800896414
96.89814814814814,99.90276889192518
96.9212962962963,99.9038572105118
96.94444444444444,99.90494480355271
96.9675925925926,99.90603239659362
96.99074074074075,99.90710934829721
97.01388888888889,99.9081855744551
97.03703703703704,99.90926119599155
97.06018518518519,99.91032774820646
97.08333333333333,99.91138619849409
97.10648148148148,99.91244428600886
97.12962962962963,99.91350116428076
97.15277777777777,99.91454256424387
97.17592592592592,99.91558154572124
97.19907407407408,99.9166109741799
97.22222222222221,99.91763883062282
97.24537037037037,99.91866245471569
97.26851851851852,99.91966310319394
97.29166666666667,99.92066145411074
97.31481481481481,99.92164783352308
97.33796296296296,99.9226326409197
97.36111111111111,99.92360995101049
97.38425925925925,99.92458701925271
97.4074074074074,99.92556287825205
97.43055555555556,99.92653801170566
97.45370370370371,99.92750782449063
97.47685185185185,99.92847038181836
97.5,99.92942810217458
97.52314814814815,99.93038582253082
97.5462962962963,99.93134354288705
97.56944444444444,99.93228070611441
97.5925925925926,99.93321666009892
97.61574074074075,99.93415261408343
97.63888888888889,99.93508735882504
97.66203703703704,99.93601666197372
97.68518518518519,99.93694536050099
97.70833333333333,99.93787103592105
97.73148148148148,99.93879610671968
97.75462962962963,99.93971900088113
97.77777777777777,99.9406418950426
97.80092592592592,99.94156478920407
97.82407407407408,99.94248768336553
97.84722222222221,99.94340791719264
97.87037037037038,99.94432391866972
97.89351851851852,99.94523883182822
97.91666666666666,99.94614576398374
97.93981481481482,99.94705148689638
97.96296296296296,99.94795116359467
97.98611111111111,99.94885084029295
98.00925925925927,99.94974301968541
98.0324074074074,99.950633989835
98.05555555555556,99.9515227833474
98.07870370370371,99.95241157685982
98.10185185185185,99.9532967426436
98.125,99.95417828069877
98.14814814814815,99.95504893556807
98.17129629629629,99.95591547901161
98.19444444444444,99.95677887842366
98.2175925925926,99.95763913380425
98.24074074074073,99.95849769624479
98.26388888888889,99.95934948692526
98.28703703703704,99.96019619878565
98.31018518518519,99.96103420409736
98.33333333333333,99.96186664689183
98.35648148148148,99.96268832742474
98.37962962962963,99.96350093863609
98.40277777777777,99.9642917834757
98.42592592592592,99.96507355899377
98.44907407407408,99.96584747443315
98.47222222222223,99.96661836676533
98.49537037037037,99.96738551044463
98.51851851851852,99.96814733345526
98.54166666666667,99.96890734260158
98.56481481481481,99.96966481233787
98.58796296296296,99.97041974266412
98.61111111111111,99.97117104526176
98.63425925925927,99.97192077584364
98.6574074074074,99.9726547862682
98.68055555555556,99.9733803319926
98.70370370370371,99.97410466847415
98.72685185185185,99.97482779571281
98.75,99.97554729522287
98.77314814814815,99.97626679473292
98.79629629629629,99.97697408088993
98.81944444444444,99.97767640915117
98.8425925925926,99.97835842213212
98.86574074074073,99.97903862124876
98.88888888888889,99.97971773204682
98.91203703703704,99.98036830471304
98.93518518518518,99.98101524965065
98.95833333333334,99.981654092661
98.98148148148148,99.98228531744124
99.00462962962962,99.98291412373574
99.02777777777779,99.98354293003024
99.05092592592592,99.98416641565608
99.07407407407408,99.98478312952183
99.09722222222223,99.98539440179465
99.12037037037037,99.9859966047459
99.14351851851852,99.98658671526843
99.16666666666667,99.98717295621377
99.18981481481481,99.98772437096432
99.21296296296296,99.98825341472171
99.23611111111111,99.98877943537191
99.25925925925925,99.98930182829349
99.2824074074074,99.98980958937629
99.30555555555556,99.99030477433321
99.3287037037037,99.9907945176972
99.35185185185185,99.99127519173962
99.375,99.99174969864339
99.39814814814815,99.99222275445571
99.42129629629629,99.99268770834078
99.44444444444444,99.99314842987577
99.4675925925926,99.99360068671066
99.49074074074075,99.9940427859054
99.51388888888889,99.99447569485432
99.53703703703704,99.99490376683173
99.56018518518519,99.99533183880914
99.58333333333333,99.99575991078655
99.60648148148148,99.9961807273067
99.62962962962963,99.99659186988387
99.65277777777779,99.99698668768224
99.67592592592592,99.99735671600169
99.69907407407408,99.99771948886391
99.72222222222223,99.99802784579678
99.74537037037037,99.99829327460762
99.76851851851852,99.99854479712542
99.79166666666667,99.99879631964322
99.81481481481481,99.99900189093181
99.83796296296296,99.9991832773629
99.86111111111111,99.99936466379401
99.88425925925925,99.9995460502251
99.9074074074074,99.99970022869155
99.93055555555556,99.99984824001933
99.9537037037037,99.9999195853489
99.97685185185186,99.99996493195668
100.0,100.00000000000004
