StockCode,description,gross_revenue,units,orders,customers,returns_value,returns_units,reversal_value,net_revenue,return_rate_pct,return_rate_adj_pct,avg_unit_price,cum_share_pct,rank
22423,REGENCY CAKESTAND 3 TIER,174156.54,13851,1988,881,9697.05,855.0,1331.4,164459.49,5.57,4.84,12.57,1.68,1
85123A,WHITE HANGING HEART T-LIGHT HOLDER,106415.23,37933,2265,856,6624.3,2578.0,1310.4,99790.93,6.22,5.06,2.81,2.7,2
47566,PARTY BUNTING,99445.23,18283,1685,708,1201.35,277.0,19.8,98243.88,1.21,1.19,5.44,3.71,3
85099B,JUMBO BAG RED RETROSPOT,94159.81,48371,2089,635,1984.02,1115.0,1297.68,92175.79,2.11,0.74,1.95,4.65,4
23084,RABBIT NIGHT LIGHT,66870.03,30739,994,450,208.4,108.0,12.48,66661.63,0.31,0.29,2.18,5.33,5
22086,PAPER CHAIN KIT 50'S CHRISTMAS,64875.59,19329,1160,613,1160.35,453.0,836.65,63715.24,1.79,0.51,3.36,5.99,6
84879,ASSORTED COLOUR BIRD ORNAMENT,58927.62,36362,1455,678,135.2,80.0,21.97,58792.42,0.23,0.19,1.62,6.59,7
79321,CHILLI LIGHTS,54096.36,10302,661,205,349.7,80.0,329.0,53746.66,0.65,0.04,5.25,7.14,8
22502,PICNIC BASKET WICKER SMALL,51408.77,1937,463,175,385.25,75.0,297.0,51023.52,0.75,0.17,26.54,7.66,9
22197,POPCORN HOLDER,51334.47,56898,1392,407,366.55,471.0,152.5,50967.92,0.71,0.42,0.9,8.18,10
23298,SPOTTY BUNTING,43148.18,8466,1146,573,482.81,110.0,4.15,42665.37,1.12,1.11,5.1,8.62,11
22386,JUMBO BAG PINK POLKADOT,42401.01,21448,1218,372,816.58,456.0,745.0,41584.43,1.93,0.17,1.98,9.04,12
23203,JUMBO BAG VINTAGE DOILY,42030.34,20485,1231,505,1076.4,590.0,595.68,40953.94,2.56,1.16,2.05,9.46,13
21137,BLACK RECORD COVER FRAME,40633.38,11651,375,140,55.17,15.0,15.0,40578.21,0.14,0.1,3.49,9.88,14
22720,SET OF 3 CAKE TINS PANTRY DESIGN,38108.89,7483,1385,640,730.1,154.0,9.9,37378.79,1.92,1.89,5.09,10.26,15
23284,DOORMAT KEEP CALM AND COME IN,38133.64,5487,728,378,1601.25,225.0,1503.3,36532.39,4.2,0.27,6.95,10.63,16
22960,JAM MAKING SET WITH JARS,37082.13,8695,1132,573,1012.79,247.0,25.5,36069.34,2.73,2.66,4.26,11.0,17
82484,WOOD BLACK BOARD ANT WHITE FINISH,35966.92,6012,685,285,170.95,24.0,12.9,35795.97,0.48,0.44,5.98,11.37,18
20725,LUNCH BAG RED RETROSPOT,35862.36,19432,1565,532,854.7,574.0,581.65,35007.66,2.38,0.77,1.85,11.73,19
22114,HOT WATER BOTTLE TEA AND SYMPATHY,32973.44,5740,643,325,310.1,82.0,105.8,32663.34,0.94,0.62,5.74,12.06,20
22178,VICTORIAN GLASS HANGING T-LIGHT,33146.82,24275,1037,403,638.4,450.0,75.0,32508.42,1.93,1.7,1.37,12.4,21
85099F,JUMBO BAG STRAWBERRY,32727.65,17283,822,315,448.49,250.0,388.8,32279.16,1.37,0.18,1.89,12.73,22
22112,CHOCOLATE HOT WATER BOTTLE,32826.58,6017,858,382,548.88,128.0,102.0,32277.7,1.67,1.37,5.46,13.06,23
22910,PAPER CHAIN KIT VINTAGE CHRISTMAS,32843.84,10594,820,470,931.45,351.0,612.0,31912.39,2.84,0.99,3.1,13.38,24
22469,HEART OF WICKER SMALL,32094.6,17963,1201,573,207.95,135.0,0.0,31886.65,0.65,0.65,1.79,13.71,25
23245,SET OF 3 REGENCY CAKE TINS,31118.55,6345,873,472,421.5,90.0,4.95,30697.05,1.35,1.34,4.9,14.02,26
22727,ALARM CLOCK BAKELIKE RED,30644.87,7800,1051,388,266.25,71.0,11.25,30378.62,0.87,0.83,3.93,14.33,27
21931,JUMBO STORAGE BAG SUKI,30764.01,13651,1184,333,602.33,334.0,552.8,30161.68,1.96,0.16,2.25,14.64,28
22470,HEART OF WICKER LARGE,30098.11,9887,925,485,189.5,68.0,0.0,29908.61,0.63,0.63,3.04,14.95,29
23199,JUMBO BAG APPLES,30450.69,14908,978,344,1309.25,723.0,751.8,29141.44,4.3,1.88,2.04,15.25,30
22355,CHARLOTTE BAG SUKI DESIGN,29254.15,18124,882,249,113.59,150.0,72.0,29140.56,0.39,0.14,1.61,15.54,31
23355,HOT WATER BOTTLE KEEP CALM,28718.8,5816,782,474,417.6,96.0,139.2,28301.2,1.45,0.97,4.94,15.83,32
22411,JUMBO SHOPPER VINTAGE RED PAISLEY,28577.1,12574,1175,375,622.47,354.0,576.7,27954.63,2.18,0.16,2.27,16.12,33
22699,ROSES REGENCY TEACUP AND SAUCER,29056.92,9864,1065,423,1150.35,437.0,140.1,27906.57,3.96,3.49,2.95,16.41,34
22457,NATURAL SLATE HEART CHALKBOARD,27991.61,9119,1249,587,152.6,52.0,0.0,27839.01,0.55,0.55,3.07,16.69,35
20685,DOORMAT RED RETROSPOT,28049.54,4088,696,329,461.22,66.0,78.75,27588.32,1.64,1.37,6.86,16.97,36
85099C,JUMBO  BAG BAROQUE BLACK WHITE,28047.74,13900,933,306,510.88,281.0,470.2,27536.86,1.82,0.15,2.02,17.26,37
22726,ALARM CLOCK BAKELIKE GREEN,27155.28,6419,980,322,153.75,41.0,22.5,27001.53,0.57,0.48,4.23,17.53,38
23201,JUMBO BAG ALPHABET,27850.83,13366,906,396,1076.02,594.0,419.58,26774.81,3.86,2.39,2.08,17.81,39
21915,RED  HARMONICA IN BOX,26294.08,21903,661,349,83.75,67.0,15.0,26210.33,0.32,0.26,1.2,18.07,40
84347,ROTATING SILVER ANGELS T-LIGHT HLDR,26425.58,9461,449,192,321.6,9376.0,0.0,26103.98,1.22,1.22,2.79,18.34,41
22666,RECIPE BOX PANTRY YELLOW DESIGN,26219.95,8269,1111,471,421.05,151.0,17.7,25798.9,1.61,1.54,3.17,18.6,42
22629,SPACEBOY LUNCH BOX,25719.02,14249,900,322,92.7,54.0,0.0,25626.32,0.36,0.36,1.8,18.87,43
84946,ANTIQUE SILVER T-LIGHT GLASS,25843.38,19209,905,415,372.96,335.0,0.0,25470.42,1.44,1.44,1.35,19.13,44
48138,DOORMAT UNION FLAG,25534.15,3751,616,313,97.5,12.0,0.0,25436.65,0.38,0.38,6.81,19.39,45
22961,JAM MAKING SET PRINTED,25637.78,16396,1162,537,425.75,331.0,245.8,25212.03,1.66,0.71,1.56,19.65,46
21181,PLEASE ONE PERSON METAL SIGN,25225.48,12274,845,361,169.7,87.0,25.2,25055.78,0.67,0.57,2.06,19.9,47
23173,REGENCY TEAPOT ROSES,24879.13,2766,416,248,436.4,52.0,205.55,24442.73,1.75,0.94,8.99,20.15,48
22722,SET OF 6 SPICE TINS PANTRY DESIGN,24436.26,5966,834,393,118.0,30.0,15.8,24318.26,0.48,0.42,4.1,20.4,49
21621,VINTAGE UNION JACK BUNTING,24525.83,2787,475,267,238.0,28.0,153.0,24287.83,0.97,0.35,8.8,20.65,50
22326,ROUND SNACK BOXES SET OF4 WOODLAND,24364.87,8535,732,281,118.0,40.0,17.7,24246.87,0.48,0.41,2.85,20.9,51
48187,DOORMAT NEW ENGLAND,24108.39,3807,600,314,31.8,4.0,0.0,24076.59,0.13,0.13,6.33,21.14,52
22111,SCOTTIE DOG HOT WATER BOTTLE,24455.39,4655,771,425,544.45,129.0,4.95,23910.94,2.23,2.21,5.25,21.39,53
22138,BAKING SET 9 PIECE RETROSPOT,24185.27,4937,934,581,311.1,68.0,19.8,23874.17,1.29,1.21,4.9,21.63,54
21731,RED TOADSTOOL LED NIGHT LIGHT,23919.78,14001,849,266,281.3,186.0,21.45,23638.48,1.18,1.09,1.71,21.88,55
22189,CREAM HEART CARD HOLDER,23435.82,8284,524,274,31.6,8.0,0.0,23404.22,0.13,0.13,2.83,22.11,56
15056N,EDWARDIAN PARASOL NATURAL,23737.97,4077,540,184,337.45,57.0,196.35,23400.52,1.42,0.6,5.82,22.35,57
23344,JUMBO BAG 50'S CHRISTMAS,23772.07,10285,716,391,486.96,262.0,462.0,23285.11,2.05,0.11,2.31,22.59,58
21175,GIN + TONIC DIET METAL SIGN,27029.97,12207,809,343,3775.33,2030.0,30.6,23254.64,13.97,13.87,2.21,22.83,59
21733,RED HANGING HEART T-LIGHT HOLDER,23199.24,7872,741,385,152.95,57.0,90.45,23046.29,0.66,0.27,2.95,23.07,60
23243,SET OF TEA COFFEE SUGAR TINS PANTRY,23489.42,4800,470,275,545.55,117.0,4.95,22943.87,2.32,2.3,4.89,23.3,61
21623,VINTAGE UNION JACK MEMOBOARD,22980.24,3269,221,139,39.8,4.0,0.0,22940.44,0.17,0.17,7.03,23.54,62
21929,JUMBO BAG PINK VINTAGE PAISLEY,23179.06,11006,865,308,387.07,222.0,346.08,22791.99,1.67,0.18,2.11,23.77,63
22139,RETROSPOT TEA SET CERAMIC 11 PC,22868.26,4518,962,488,195.3,42.0,0.0,22672.96,0.85,0.85,5.06,24.0,64
22090,PAPER BUNTING RETROSPOT,22785.06,7562,798,325,196.4,72.0,64.9,22588.66,0.86,0.58,3.01,24.23,65
20713,JUMBO BAG OWLS,23001.06,11429,657,207,431.43,243.0,246.9,22569.63,1.88,0.81,2.01,24.46,66
82482,WOODEN PICTURE FRAME WHITE FINISH,23057.06,8986,1100,410,581.55,233.0,249.9,22475.51,2.52,1.45,2.57,24.69,67
22697,GREEN REGENCY TEACUP AND SAUCER,22755.5,7278,1013,387,393.05,143.0,122.4,22362.45,1.73,1.2,3.13,24.92,68
84997D,CHILDRENS CUTLERY POLKADOT PINK,22385.99,5422,546,248,108.75,29.0,90.0,22277.24,0.49,0.08,4.13,25.15,69
22383,LUNCH BAG SUKI DESIGN,22486.34,12518,1284,434,223.8,148.0,145.0,22262.54,1.0,0.35,1.8,25.38,70
85066,CREAM SWEETHEART MINI CHEST,22594.2,1784,519,289,448.05,41.0,25.5,22146.15,1.98,1.87,12.66,25.6,71
20727,LUNCH BAG  BLACK SKULL.,22346.96,12195,1273,458,202.2,128.0,49.5,22144.76,0.9,0.68,1.83,25.83,72
48194,DOORMAT HEARTS,22114.42,3416,592,286,23.85,3.0,0.0,22090.57,0.11,0.11,6.47,26.06,73
84029E,RED WOOLLY HOTTIE WHITE HEART.,22025.73,4734,429,228,256.45,67.0,34.0,21769.28,1.16,1.01,4.65,26.28,74
20712,JUMBO BAG WOODLAND ANIMALS,22092.42,9773,863,248,426.46,240.0,406.5,21665.96,1.93,0.09,2.26,26.5,75
20724,RED RETROSPOT CHARLOTTE BAG,21773.39,17761,1032,335,170.31,223.0,72.0,21603.08,0.78,0.45,1.23,26.72,76
21523,DOORMAT FANCY FONT HOME SWEET HOME,21593.74,3245,502,203,40.05,5.0,0.0,21553.69,0.19,0.19,6.65,26.94,77
20728,LUNCH BAG CARS BLUE,21699.48,11786,1150,479,327.5,214.0,49.5,21371.98,1.51,1.28,1.84,27.16,78
23202,JUMBO BAG VINTAGE LEAF,21810.43,10941,879,377,442.46,242.0,396.7,21367.97,2.03,0.21,1.99,27.38,79
23209,LUNCH BAG VINTAGE DOILY,21418.82,13170,1098,469,65.8,40.0,1.65,21353.02,0.31,0.3,1.63,27.6,80
22630,DOLLY GIRL LUNCH BOX,21609.79,11780,850,287,478.65,275.0,0.0,21131.14,2.21,2.21,1.83,27.82,81
21212,PACK OF 72 RETROSPOT CAKE CASES,21246.45,36396,1320,635,199.38,380.0,13.2,21047.07,0.94,0.88,0.58,28.03,82
82494L,WOODEN FRAME ANTIQUE WHITE,21811.09,6999,971,392,910.95,353.0,489.6,20900.14,4.18,1.98,3.12,28.24,83
23206,LUNCH BAG APPLE DESIGN,20852.58,12147,1036,401,97.15,59.0,42.9,20755.43,0.47,0.26,1.72,28.46,84
21166,COOK WITH WINE METAL SIGN,20874.44,10324,723,287,161.1,87.0,24.96,20713.34,0.77,0.65,2.02,28.67,85
21928,JUMBO BAG SCANDINAVIAN BLUE PAISLEY,21144.41,10468,806,264,484.53,268.0,358.0,20659.88,2.29,0.61,2.02,28.88,86
22728,ALARM CLOCK BAKELIKE PINK,20672.15,5356,783,291,153.75,41.0,15.0,20518.4,0.74,0.67,3.86,29.09,87
22659,LUNCH BOX I LOVE LONDON,20781.65,11504,707,213,546.0,322.0,11.7,20235.65,2.63,2.57,1.81,29.3,88
21479,WHITE SKULL HOT WATER BOTTLE,20582.2,3915,499,252,635.93,185.0,0.0,19946.27,3.09,3.09,5.26,29.5,89
48185,DOORMAT FAIRY CAKE,23872.91,3615,365,143,4554.9,674.0,0.0,19318.01,19.08,19.08,6.6,29.7,90
84997B,CHILDRENS CUTLERY RETROSPOT RED,19098.89,4578,437,202,127.5,34.0,105.0,18971.39,0.67,0.12,4.17,29.89,91
21843,RED RETROSPOT CAKE STAND,21354.3,2012,539,260,2480.5,322.0,1505.1,18873.8,11.62,4.91,10.61,30.09,92
22969,HOMEMADE JAM SCENTED CANDLES,18771.15,12520,646,429,185.8,140.0,17.4,18585.35,0.99,0.9,1.5,30.28,93
22467,GUMBALL COAT RACK,18798.67,7926,681,262,337.5,147.0,0.0,18461.17,1.8,1.8,2.37,30.47,94
22501,PICNIC BASKET WICKER LARGE,19302.26,1602,445,187,873.2,100.0,29.85,18429.06,4.52,4.38,12.05,30.65,95
20726,LUNCH BAG WOODLAND,18283.78,9909,1017,372,134.9,82.0,82.5,18148.88,0.74,0.29,1.85,30.84,96
15036,ASSORTED COLOURS SILK FAN,18569.84,23826,518,194,505.68,744.0,0.0,18064.16,2.72,2.72,0.78,31.02,97
20914,SET/5 RED RETROSPOT LID GLASS BOWLS,18357.75,6361,880,356,300.85,107.0,0.0,18056.9,1.64,1.64,2.89,31.21,98
22693,GROW A FLYTRAP OR SUNFLOWER IN TIN,17927.45,16244,305,167,90.0,72.0,60.0,17837.45,0.5,0.17,1.1,31.39,99
22382,LUNCH BAG SPACEBOY DESIGN,18031.31,10427,1157,490,242.35,159.0,16.5,17788.96,1.34,1.25,1.73,31.57,100
82486,WOOD S/3 CABINET ANT WHITE FINISH,18343.92,2136,605,235,585.9,70.0,204.55,17758.02,3.19,2.1,8.59,31.76,101
21485,RETROSPOT HEART HOT WATER BOTTLE,17663.98,3524,623,371,99.0,20.0,9.9,17564.98,0.56,0.5,5.01,31.94,102
22865,HAND WARMER OWL DESIGN,17786.13,8439,654,375,258.05,123.0,147.0,17528.08,1.45,0.63,2.11,32.11,103
22328,ROUND SNACK BOXES SET OF 4 FRUITS,19094.97,6835,581,227,1691.5,658.0,32.45,17403.47,8.86,8.7,2.79,32.29,104
71477,COLOUR GLASS. STAR T-LIGHT HOLDER,20650.66,6748,316,155,3443.62,1228.0,78.96,17207.04,16.68,16.36,3.06,32.47,105
22384,LUNCH BAG PINK POLKADOT,17388.99,10487,1090,444,236.2,152.0,16.5,17152.79,1.36,1.26,1.66,32.64,106
22077,6 RIBBONS RUSTIC CHARM,17186.62,9172,955,413,56.1,34.0,0.0,17130.52,0.33,0.33,1.87,32.82,107
22698,PINK REGENCY TEACUP AND SAUCER,17445.56,5788,765,319,387.5,138.0,122.4,17058.06,2.22,1.53,3.01,32.99,108
22385,JUMBO BAG SPACEBOY DESIGN,17071.59,8666,686,247,215.14,118.0,179.0,16856.45,1.26,0.21,1.97,33.17,109
84997C,CHILDRENS CUTLERY POLKADOT BLUE,16871.47,4067,397,202,22.9,6.0,0.0,16848.57,0.14,0.14,4.15,33.34,110
82583,HOT BATHS METAL SIGN,16946.26,7258,609,206,133.46,72.0,0.0,16812.8,0.79,0.79,2.33,33.51,111
22492,MINI PAINT SET VINTAGE,16937.82,26633,380,213,127.4,196.0,23.4,16810.42,0.75,0.61,0.64,33.68,112
21754,HOME BUILDING BLOCK WORD,16923.47,2759,777,360,118.6,20.0,0.0,16804.87,0.7,0.7,6.13,33.86,113
23240,SET OF 4 KNICK KNACK TINS DOILY,17000.17,4177,536,323,206.7,50.0,4.15,16793.47,1.22,1.19,4.07,34.03,114
20719,WOODLAND CHARLOTTE BAG,16744.45,13290,833,238,87.4,112.0,25.5,16657.05,0.52,0.37,1.26,34.2,115
22993,SET OF 4 PANTRY JELLY MOULDS,16478.48,12649,1073,431,85.0,68.0,0.0,16393.48,0.52,0.52,1.3,34.37,116
15056BL,EDWARDIAN PARASOL BLACK,16915.72,2931,383,142,652.5,130.0,0.0,16263.22,3.86,3.86,5.77,34.53,117
84978,HANGING HEART JAR T-LIGHT HOLDER,16453.78,12493,728,304,206.59,175.0,0.0,16247.19,1.26,1.26,1.32,34.7,118
22624,IVORY KITCHEN SCALES,16378.71,1883,711,376,137.7,17.0,0.0,16241.01,0.84,0.84,8.7,34.86,119
22835,HOT WATER BOTTLE I AM SO POORLY,17892.96,3441,657,316,1679.7,394.0,121.8,16213.26,9.39,8.77,5.2,35.03,120
23301,GARDENERS KNEELING PAD KEEP CALM,16327.35,8807,913,405,168.9,114.0,9.9,16158.45,1.03,0.97,1.85,35.2,121
84029G,KNITTED UNION FLAG HOT WATER BOTTLE,16148.04,3319,459,211,58.0,14.0,34.0,16090.04,0.36,0.15,4.87,35.36,122
21232,STRAWBERRY CERAMIC TRINKET BOX,16248.8,11842,831,312,442.0,384.0,15.0,15806.8,2.72,2.63,1.37,35.52,123
85152,HAND OVER THE CHOCOLATE   SIGN,15928.73,8246,677,270,135.22,74.0,0.0,15793.51,0.85,0.85,1.93,35.68,124
23313,VINTAGE CHRISTMAS BUNTING,15798.66,2990,401,254,64.35,13.0,39.6,15734.31,0.41,0.16,5.28,35.84,125
22379,RECYCLING BAG RETROSPOT,15607.59,6896,748,187,122.65,64.0,0.0,15484.94,0.79,0.79,2.26,36.0,126
84078A,SET/4 WHITE RETRO STORAGE CUBES,16363.3,415,155,79,1248.25,35.0,0.0,15115.05,7.63,7.63,39.43,36.16,127
22084,PAPER CHAIN KIT EMPIRE,15099.37,5181,436,277,120.95,41.0,0.0,14978.42,0.8,0.8,2.91,36.31,128
22900,SET 2 TEA TOWELS I LOVE LONDON,14938.43,4907,533,194,552.6,216.0,19.5,14385.83,3.7,3.57,3.04,36.46,129
48184,DOORMAT ENGLISH ROSE,14300.15,2035,407,227,47.7,6.0,0.0,14252.45,0.33,0.33,7.03,36.6,130
22507,MEMO BOARD RETROSPOT  DESIGN,14193.35,2960,459,230,33.95,7.0,0.0,14159.4,0.24,0.24,4.8,36.75,131
22866,HAND WARMER SCOTTY DOG DESIGN,14366.52,6611,548,329,209.1,111.0,0.0,14157.42,1.46,1.46,2.17,36.89,132
21930,JUMBO STORAGE BAG SKULLS,14006.2,6438,705,220,6.24,3.0,0.0,13999.96,0.04,0.04,2.18,37.04,133
22867,HAND WARMER BIRD DESIGN,14061.89,6433,554,333,111.3,53.0,25.2,13950.59,0.79,0.61,2.19,37.18,134
23200,JUMBO BAG PEARS,14188.96,7067,595,262,243.63,134.0,214.8,13945.33,1.72,0.21,2.01,37.32,135
82483,WOOD 2 DRAWER CABINET WHITE FINISH,15123.92,2386,543,241,1225.85,203.0,298.5,13898.07,8.11,6.26,6.34,37.46,136
22083,PAPER CHAIN KIT RETROSPOT,14051.64,4616,610,294,165.2,56.0,0.0,13886.44,1.18,1.18,3.04,37.61,137
22625,RED KITCHEN SCALES,14082.2,1620,546,292,198.05,24.0,0.0,13884.15,1.41,1.41,8.69,37.75,138
22622,BOX OF VINTAGE ALPHABET BLOCKS,13931.31,1342,267,174,151.35,13.0,43.8,13779.96,1.09,0.77,10.38,37.89,139
22847,BREAD BIN DINER STYLE IVORY,14389.34,905,376,214,711.8,44.0,136.55,13677.54,4.95,4.04,15.9,38.03,140
23077,DOUGHNUT LIP GLOSS,13695.77,10395,344,217,75.0,60.0,0.0,13620.77,0.55,0.55,1.32,38.17,141
84077,WORLD WAR 2 GLIDERS ASSTD DESIGNS,13814.01,54951,535,307,253.92,1200.0,13.92,13560.09,1.84,1.74,0.25,38.31,142
22551,PLASTERS IN TIN SPACEBOY,13602.11,8074,673,339,47.85,29.0,0.0,13554.26,0.35,0.35,1.68,38.45,143
21524,DOORMAT SPOTTY HOME SWEET HOME,13572.06,1752,480,251,48.9,6.0,0.0,13523.16,0.36,0.36,7.75,38.58,144
22752,SET 7 BABUSHKA NESTING BOXES,14427.97,1787,380,188,952.0,124.0,734.4,13475.97,6.6,1.59,8.07,38.72,145
23343,JUMBO BAG VINTAGE CHRISTMAS,13972.71,6078,476,286,505.68,271.0,262.2,13467.03,3.62,1.78,2.3,38.86,146
22941,CHRISTMAS LIGHTS 10 REINDEER,13795.92,1670,311,205,429.25,51.0,0.0,13366.67,3.11,3.11,8.26,39.0,147
23356,LOVE HOT WATER BOTTLE,13334.32,2359,476,316,53.55,9.0,29.75,13280.77,0.4,0.18,5.65,39.13,148
22554,PLASTERS IN TIN WOODLAND ANIMALS,13328.27,7803,704,351,47.85,29.0,0.0,13280.42,0.36,0.36,1.71,39.27,149
22558,CLOTHES PEGS RETROSPOT PACK 24,13325.87,8676,772,363,66.58,42.0,0.0,13259.29,0.5,0.5,1.54,39.4,150
23328,SET 6 SCHOOL MILK BOTTLES IN CRATE,13269.49,2841,405,195,29.64,8.0,0.0,13239.85,0.22,0.22,4.67,39.54,151
23108,SET OF 10 LED DOLLY LIGHTS,13290.52,2219,372,271,317.6,64.0,152.29,12972.92,2.39,1.26,5.99,39.67,152
22499,WOODEN UNION JACK BUNTING,12792.25,2091,407,217,23.8,4.0,0.0,12768.45,0.19,0.19,6.12,39.8,153
82600,NO SINGING METAL SIGN,12833.18,6013,545,221,73.3,38.0,0.0,12759.88,0.57,0.57,2.13,39.93,154
22171,3 HOOK PHOTO SHELF ANTIQUE WHITE,13611.81,1794,382,172,859.35,110.0,25.5,12752.46,6.31,6.14,7.59,40.06,155
23207,LUNCH BAG ALPHABET DESIGN,13325.55,7830,740,377,659.6,448.0,34.65,12665.95,4.95,4.7,1.7,40.19,156
22113,GREY HEART HOT WATER BOTTLE,12763.08,3220,561,337,104.25,27.0,0.0,12658.83,0.82,0.82,3.96,40.32,157
20750,RED RETROSPOT MINI CASES,12634.98,1747,385,235,47.7,6.0,0.0,12587.28,0.38,0.38,7.23,40.45,158
22607,WOODEN ROUNDERS GARDEN SET,12531.57,1327,358,224,36.9,4.0,0.0,12494.67,0.29,0.29,9.44,40.58,159
20749,ASSORTED COLOUR MINI CASES,12550.57,1762,383,239,63.6,8.0,31.8,12486.97,0.51,0.25,7.12,40.71,160
20723,STRAWBERRY CHARLOTTE BAG,12548.15,9793,722,230,62.71,75.0,0.0,12485.44,0.5,0.5,1.28,40.84,161
22188,BLACK HEART CARD HOLDER,12483.22,4870,189,123,3.95,1.0,0.0,12479.27,0.03,0.03,2.56,40.96,162
21790,VINTAGE SNAP CARDS,12510.01,14521,926,449,72.25,85.0,61.2,12437.76,0.58,0.09,0.86,41.09,163
20971,PINK BLUE FELT CRAFT TRINKET BOX,13828.1,10993,522,277,1405.01,1321.0,0.0,12423.09,10.16,10.16,1.26,41.22,164
21755,LOVE BUILDING BLOCK WORD,12435.86,2011,629,337,23.8,4.0,0.0,12412.06,0.19,0.19,6.18,41.35,165
22427,ENAMEL FLOWER JUG CREAM,12647.26,2106,506,311,243.9,42.0,101.1,12403.36,1.93,1.14,6.01,41.47,166
22776,SWEETHEART CAKESTAND 3 TIER,13078.78,1244,536,327,863.0,93.0,29.85,12215.78,6.6,6.38,10.51,41.6,167
21977,PACK OF 60 PINK PAISLEY CAKE CASES,12226.32,24820,869,410,55.55,101.0,13.2,12170.77,0.45,0.35,0.49,41.72,168
48188,DOORMAT WELCOME PUPPIES,12107.02,2064,287,163,40.05,5.0,0.0,12066.97,0.33,0.33,5.87,41.85,169
47590B,PINK HAPPY BIRTHDAY BUNTING,12179.6,2335,402,238,124.1,26.0,0.0,12055.5,1.02,1.02,5.22,41.97,170
22424,ENAMEL BREAD BIN CREAM,12358.33,873,454,189,342.6,28.0,0.0,12015.73,2.77,2.77,14.16,42.09,171
23174,REGENCY SUGAR BOWL GREEN,12342.43,3055,322,190,345.2,88.0,184.15,11997.23,2.8,1.32,4.04,42.21,172
22568,FELTCRAFT CUSHION OWL,12413.89,3373,470,244,540.66,158.0,0.0,11873.23,4.36,4.36,3.68,42.34,173
21430,SET/3 RED GINGHAM ROSE STORAGE BOX,11905.95,3034,477,186,144.03,41.0,96.36,11761.92,1.21,0.4,3.92,42.46,174
22158,3 HEARTS HANGING DECORATION RUSTIC,11797.38,3413,303,196,71.75,25.0,0.0,11725.63,0.61,0.61,3.46,42.58,175
22193,RED DINER WALL CLOCK,11857.07,1400,460,206,192.95,24.0,91.8,11664.12,1.63,0.86,8.47,42.7,176
22087,PAPER BUNTING WHITE LACE,11872.58,4082,326,155,223.8,76.0,115.05,11648.78,1.89,0.92,2.91,42.81,177
23300,GARDENERS KNEELING PAD CUP OF TEA,11785.99,6809,758,351,231.6,152.0,75.9,11554.39,1.97,1.33,1.73,42.93,178
22692,DOORMAT WELCOME TO OUR HOME,11539.06,1522,443,231,23.85,3.0,0.0,11515.21,0.21,0.21,7.58,43.05,179
21936,RED RETROSPOT PICNIC BAG,11665.19,3985,531,223,157.1,56.0,2.95,11508.09,1.35,1.32,2.93,43.17,180
21108,FAIRY CAKE FLANNEL ASSORTED COLOUR,18056.28,10241,262,160,6591.42,3150.0,37.8,11464.86,36.5,36.37,1.76,43.29,181
21217,RED RETROSPOT ROUND CAKE TINS,11522.44,1088,344,167,89.55,9.0,0.0,11432.89,0.78,0.78,10.59,43.4,182
23581,JUMBO BAG PAISLEY PARK,11581.83,5020,338,230,224.76,122.0,179.0,11357.07,1.94,0.4,2.31,43.52,183
21216,"SET 3 RETROSPOT TEA,COFFEE,SUGAR",11382.81,2128,430,150,78.5,16.0,0.0,11304.31,0.69,0.69,5.35,43.63,184
21080,SET/20 RED RETROSPOT PAPER NAPKINS,11312.56,13202,986,427,14.45,17.0,0.0,11298.11,0.13,0.13,0.86,43.75,185
22730,ALARM CLOCK BAKELIKE IVORY,11453.4,2885,570,241,187.5,50.0,3.75,11265.9,1.64,1.6,3.97,43.87,186
22041,"RECORD FRAME 7"" SINGLE SIZE",11354.56,4374,361,73,93.75,38.0,0.0,11260.81,0.83,0.83,2.6,43.98,187
85014B,RED RETROSPOT UMBRELLA,11265.26,1935,373,210,11.9,2.0,0.0,11253.36,0.11,0.11,5.82,44.1,188
22356,CHARLOTTE BAG PINK POLKADOT,11417.74,9716,742,220,201.53,266.0,72.0,11216.21,1.77,1.14,1.18,44.21,189
21481,FAWN BLUE HOT WATER BOTTLE,11443.87,3307,490,253,239.6,88.0,15.0,11204.27,2.09,1.97,3.46,44.33,190
22149,FELTCRAFT 6 FLOWER FRIENDS,12357.08,6070,547,337,1158.3,623.0,12.6,11198.78,9.37,9.28,2.04,44.44,191
22605,WOODEN CROQUET GARDEN SET,11276.21,782,299,181,97.0,8.0,0.0,11179.21,0.86,0.86,14.42,44.55,192
22413,METAL SIGN TAKE IT OR LEAVE IT,11095.94,3774,412,228,53.1,18.0,0.0,11042.84,0.48,0.48,2.94,44.67,193
22662,LUNCH BAG DOLLY GIRL DESIGN,11060.88,6706,682,310,28.05,17.0,0.0,11032.83,0.25,0.25,1.65,44.78,194
21340,CLASSIC METAL BIRDCAGE PLANT HOLDER,11300.02,975,290,179,298.2,28.0,89.55,11001.82,2.64,1.86,11.59,44.89,195
20711,JUMBO BAG TOYS,11014.62,5007,522,152,40.31,22.0,0.0,10974.31,0.37,0.37,2.2,45.01,196
84997A,CHILDRENS CUTLERY POLKADOT GREEN,10812.62,2679,325,143,49.95,13.0,0.0,10762.67,0.46,0.46,4.04,45.12,197
71459,HANGING JAM JAR T-LIGHT HOLDER,10858.89,13605,440,226,105.88,129.0,0.0,10753.01,0.98,0.98,0.8,45.23,198
22988,SOLDIERS EGG CUP,10858.31,9073,418,197,132.78,112.0,60.0,10725.53,1.22,0.67,1.2,45.34,199
22617,BAKING SET SPACEBOY DESIGN,10745.05,2209,464,296,142.15,29.0,0.0,10602.9,1.32,1.32,4.86,45.44,200
85048,15CM CHRISTMAS GLASS BALL 20 LIGHTS,10910.61,1359,261,170,307.95,41.0,0.0,10602.66,2.82,2.82,8.03,45.55,201
22734,SET OF 6 RIBBONS VINTAGE CHRISTMAS,10610.04,3261,422,278,86.7,30.0,0.0,10523.34,0.82,0.82,3.25,45.66,202
21791,VINTAGE HEADS AND TAILS CARD GAME,10504.4,7864,607,342,45.0,36.0,0.0,10459.4,0.43,0.43,1.34,45.77,203
21891,TRADITIONAL WOODEN SKIPPING ROPE,10504.85,8130,425,264,59.32,46.0,17.4,10445.53,0.56,0.4,1.29,45.87,204
84755,COLOUR GLASS T-LIGHT HOLDER HANGING,10487.05,16401,621,318,44.85,69.0,10.4,10442.2,0.43,0.33,0.64,45.98,205
47590A,BLUE HAPPY BIRTHDAY BUNTING,10491.75,1990,390,228,114.8,24.0,0.0,10376.95,1.09,1.09,5.27,46.09,206
22570,FELTCRAFT CUSHION RABBIT,11204.97,3086,386,202,832.35,245.0,0.0,10372.62,7.43,7.43,3.63,46.19,207
23208,LUNCH BAG VINTAGE LEAF DESIGN,10441.91,6308,668,305,109.85,73.0,16.5,10332.06,1.05,0.9,1.66,46.3,208
21914,BLUE HARMONICA IN BOX,10339.81,7876,603,306,45.0,36.0,0.0,10294.81,0.44,0.44,1.31,46.4,209
22846,BREAD BIN DINER STYLE RED,10676.62,665,278,158,416.7,26.0,16.95,10259.92,3.9,3.75,16.06,46.51,210
48173C,DOORMAT BLACK FLOCK,10253.61,1814,195,105,40.95,5.0,0.0,10212.66,0.4,0.4,5.65,46.61,211
84947,ANTIQUE SILVER TEA GLASS ENGRAVED,10229.77,8652,347,177,38.29,32.0,0.0,10191.48,0.37,0.37,1.18,46.72,212
22970,LONDON BUS COFFEE MUG,10140.6,4334,317,180,33.6,16.0,0.0,10107.0,0.33,0.33,2.34,46.82,213
22169,FAMILY ALBUM WHITE PICTURE FRAME,10345.76,1197,372,165,257.55,32.0,0.0,10088.21,2.49,2.49,8.64,46.92,214
23170,REGENCY TEA PLATE ROSES,11097.25,6857,445,224,1046.3,718.0,69.6,10050.95,9.43,8.86,1.62,47.03,215
22621,TRADITIONAL KNITTING NANCY,10053.65,6148,609,366,64.75,51.0,60.0,9988.9,0.64,0.05,1.64,47.13,216
23582,VINTAGE DOILY JUMBO BAG RED,10206.41,4802,259,186,222.68,121.0,179.0,9983.73,2.18,0.44,2.13,47.23,217
22633,HAND WARMER UNION JACK,10023.72,4851,479,300,54.6,26.0,25.2,9969.12,0.54,0.29,2.07,47.33,218
20679,EDWARDIAN PARASOL RED,10021.42,1710,326,141,53.55,9.0,0.0,9967.87,0.53,0.53,5.86,47.44,219
22556,PLASTERS IN TIN CIRCUS PARADE,10061.86,6113,571,305,108.9,66.0,0.0,9952.96,1.08,1.08,1.65,47.54,220
21218,RED SPOTTY BISCUIT TIN,10116.49,2433,394,130,165.25,49.0,0.0,9951.24,1.63,1.63,4.16,47.64,221
23171,REGENCY TEA PLATE GREEN,10051.99,6247,381,195,146.25,97.0,69.6,9905.74,1.45,0.77,1.61,47.74,222
23076,ICE CREAM SUNDAE LIP GLOSS,9935.76,8076,277,202,35.0,28.0,30.0,9900.76,0.35,0.05,1.23,47.84,223
22690,DOORMAT HOME SWEET HOME BLUE,9943.7,1619,285,198,48.3,6.0,0.0,9895.4,0.49,0.49,6.14,47.94,224
22619,SET OF 6 SOLDIER SKITTLES,9895.04,2480,443,250,15.0,4.0,0.0,9880.04,0.15,0.15,3.99,48.04,225
22555,PLASTERS IN TIN STRONGMAN,9841.83,6010,515,294,34.65,21.0,0.0,9807.18,0.35,0.35,1.64,48.14,226
21559,STRAWBERRY LUNCH BOX WITH CUTLERY,9735.38,3933,573,233,35.25,14.0,0.0,9700.13,0.36,0.36,2.48,48.24,227
22654,DELUXE SEWING KIT,9893.0,1411,328,157,193.35,33.0,35.7,9699.65,1.95,1.6,7.01,48.34,228
22791,T-LIGHT GLASS FLUTED ANTIQUE,9873.88,7955,345,184,192.75,177.0,0.0,9681.13,1.95,1.95,1.24,48.44,229
22766,PHOTO FRAME CORNICE,9755.09,3267,504,278,156.35,53.0,0.0,9598.74,1.6,1.6,2.99,48.54,230
22560,TRADITIONAL MODELLING CLAY,9572.32,8144,389,229,1.06,1.0,0.0,9571.26,0.01,0.01,1.18,48.64,231
22144,CHRISTMAS CRAFT LITTLE FRIENDS,9662.28,4073,544,319,92.4,44.0,0.0,9569.88,0.96,0.96,2.37,48.74,232
21314,SMALL GLASS HEART TRINKET POT,9798.98,4246,541,215,270.15,139.0,18.5,9528.83,2.76,2.57,2.31,48.83,233
22569,FELTCRAFT CUSHION BUTTERFLY,10110.83,2759,348,192,658.38,194.0,0.0,9452.45,6.51,6.51,3.66,48.93,234
22844,VINTAGE CREAM DOG FOOD CONTAINER,9661.32,1003,416,176,227.8,28.0,42.5,9433.52,2.36,1.93,9.63,49.03,235
21174,POTTERING IN THE SHED METAL SIGN,9405.76,4175,538,225,0.0,0.0,0.0,9405.76,0.0,0.0,2.25,49.12,236
35970,ZINC FOLKART SLEIGH BELLS,9512.73,5050,456,270,121.17,73.0,0.0,9391.56,1.27,1.27,1.88,49.22,237
22952,60 CAKE CASES VINTAGE CHRISTMAS,9512.07,16056,619,343,140.4,312.0,100.8,9371.67,1.48,0.42,0.59,49.32,238
85150,LADIES & GENTLEMEN METAL SIGN,9383.43,4037,478,196,12.3,5.0,0.0,9371.13,0.13,0.13,2.32,49.41,239
23175,REGENCY MILK JUG PINK,9587.15,3160,329,206,225.5,80.0,132.0,9361.65,2.35,0.99,3.03,49.51,240
84375,SET OF 20 KIDS COOKIE CUTTERS,9383.15,4311,517,290,27.3,13.0,0.0,9355.85,0.29,0.29,2.18,49.6,241
22561,WOODEN SCHOOL COLOURING SET,9741.57,5883,433,288,405.0,276.0,0.0,9336.57,4.16,4.16,1.66,49.7,242
22978,PANTRY ROLLING PIN,9564.98,2464,238,153,272.61,75.0,81.36,9292.37,2.85,2.02,3.88,49.79,243
22191,IVORY DINER WALL CLOCK,11911.65,1445,415,239,2653.7,344.0,0.0,9257.95,22.28,22.28,8.24,49.89,244
47566B,TEA TIME PARTY BUNTING,12926.42,2578,467,192,3692.95,1424.0,187.5,9233.47,28.57,27.52,5.01,49.98,245
22749,FELTCRAFT PRINCESS CHARLOTTE DOLL,9216.16,2362,449,275,0.0,0.0,0.0,9216.16,0.0,0.0,3.9,50.08,246
22456,NATURAL SLATE CHALKBOARD LARGE,9534.67,1727,476,220,326.8,68.0,29.7,9207.87,3.43,3.13,5.52,50.17,247
22966,GINGERBREAD MAN COOKIE CUTTER,9202.15,7440,670,388,6.25,5.0,0.0,9195.9,0.07,0.07,1.24,50.27,248
22992,REVOLVER WOODEN RULER,10373.99,5233,348,217,1193.4,716.0,35.1,9180.59,11.5,11.2,1.98,50.36,249
20972,PINK CREAM FELT CRAFT TRINKET BOX,9128.06,7337,616,312,30.0,24.0,0.0,9098.06,0.33,0.33,1.24,50.45,250
84991,60 TEATIME FAIRY CAKE CASES,9169.97,18189,828,414,95.7,174.0,26.4,9074.27,1.04,0.76,0.5,50.55,251
48116,DOORMAT MULTICOLOUR STRIPE,9080.68,1491,201,88,24.15,3.0,0.0,9056.53,0.27,0.27,6.09,50.64,252
23080,RED METAL BOX TOP SECRET,9117.62,1074,257,148,90.75,11.0,0.0,9026.87,1.0,1.0,8.49,50.73,253
22759,SET OF 3 NOTEBOOKS IN PARCEL,9027.44,5435,422,253,39.6,24.0,0.0,8987.84,0.44,0.44,1.66,50.82,254
23319,BOX OF 6 MINI 50'S CRACKERS,9219.53,3720,403,300,244.97,116.0,99.84,8974.56,2.66,1.59,2.48,50.91,255
22729,ALARM CLOCK BAKELIKE ORANGE,9068.95,2323,445,179,115.89,31.0,18.75,8953.06,1.28,1.07,3.9,51.01,256
22632,HAND WARMER RED RETROSPOT,8982.83,4468,392,260,59.15,29.0,0.0,8923.68,0.66,0.66,2.01,51.1,257
22989,SET 2 PANTRY DESIGN TEA TOWELS,8999.27,2811,372,241,78.0,24.0,0.0,8921.27,0.87,0.87,3.2,51.19,258
22771,CLEAR DRAWER KNOB ACRYLIC EDWARDIAN,8930.44,6539,441,168,37.5,30.0,0.0,8892.94,0.42,0.42,1.37,51.28,259
23439,HAND WARMER RED LOVE HEART,8855.51,3986,397,268,0.0,0.0,0.0,8855.51,0.0,0.0,2.22,51.37,260
82582,AREA PATROLLED METAL SIGN,8858.79,4365,437,176,39.9,19.0,0.0,8818.89,0.45,0.45,2.03,51.46,261
21889,WOODEN BOX OF DOMINOES,8847.29,6390,587,336,32.5,26.0,30.0,8814.79,0.37,0.03,1.38,51.55,262
23318,BOX OF 6 MINI VINTAGE CRACKERS,9162.41,3809,376,270,368.71,168.0,249.48,8793.7,4.02,1.34,2.41,51.64,263
21155,RED RETROSPOT PEG BAG,9296.3,3155,485,205,510.6,238.0,0.0,8785.7,5.49,5.49,2.95,51.73,264
23322,LARGE WHITE HEART OF WICKER,8878.21,3069,562,350,169.85,63.0,102.0,8708.36,1.91,0.77,2.89,51.82,265
84945,MULTI COLOUR SILVER T-LIGHT HOLDER,8744.43,10545,347,208,97.46,103.0,0.0,8646.97,1.11,1.11,0.83,51.91,266
22947,WOODEN ADVENT CALENDAR RED,8714.24,746,137,81,72.92,6.0,0.0,8641.32,0.84,0.84,11.68,52.0,267
22652,TRAVEL SEWING KIT,8612.07,5091,467,263,24.75,15.0,0.0,8587.32,0.29,0.29,1.69,52.08,268
23534,WALL ART STOP FOR TEA,8608.9,1387,260,159,41.65,7.0,0.0,8567.25,0.48,0.48,6.21,52.17,269
23078,ICE CREAM PEN LIP GLOSS,8553.34,6831,257,159,60.0,48.0,30.0,8493.34,0.7,0.35,1.25,52.26,270
22795,SWEETHEART RECIPE BOOK STAND,8571.25,1211,368,170,78.45,17.0,0.0,8492.8,0.92,0.92,7.08,52.35,271
22273,FELTCRAFT DOLL MOLLY,12001.59,4509,331,211,3512.65,1447.0,0.0,8488.94,29.27,29.27,2.66,52.43,272
23493,VINTAGE DOILY TRAVEL SEWING KIT,8497.98,3964,415,282,11.4,6.0,0.0,8486.58,0.13,0.13,2.14,52.52,273
23082,SET 6 PAPER TABLE LANTERN HEARTS,8558.76,2328,297,205,103.16,28.0,0.0,8455.6,1.21,1.21,3.68,52.61,274
23535,WALL ART BICYCLE SAFETY,8440.24,1324,215,135,5.95,1.0,0.0,8434.29,0.07,0.07,6.37,52.69,275
84378,SET OF 3 HEART COOKIE CUTTERS,8518.4,6332,685,376,90.0,72.0,0.0,8428.4,1.06,1.06,1.35,52.78,276
21213,PACK OF 72 SKULL CAKE CASES,8414.59,15169,663,295,26.4,48.0,26.4,8388.19,0.31,0.0,0.55,52.86,277
23321,SMALL WHITE HEART OF WICKER,8438.54,4716,629,378,64.35,39.0,0.0,8374.19,0.76,0.76,1.79,52.95,278
21484,CHICK GREY HOT WATER BOTTLE,8495.42,1871,402,205,147.6,48.0,0.0,8347.82,1.74,1.74,4.54,53.04,279
23256,CHILDRENS CUTLERY SPACEBOY,8667.07,2113,368,232,338.0,88.0,20.75,8329.07,3.9,3.67,4.1,53.12,280
71053,WHITE METAL LANTERN,8419.32,1944,333,149,139.77,39.0,0.0,8279.55,1.66,1.66,4.33,53.21,281
21210,SET OF 72 RETROSPOT PAPER  DOILIES,8368.39,5808,453,244,173.65,133.0,1.45,8194.74,2.08,2.06,1.44,53.29,282
72741,GRAND CHOCOLATECANDLE,8196.0,5958,292,195,36.25,25.0,0.0,8159.75,0.44,0.44,1.38,53.37,283
84970S,HANGING HEART ZINC T-LIGHT HOLDER,8146.8,9117,603,271,20.2,25.0,0.0,8126.6,0.25,0.25,0.89,53.46,284
22838,3 TIER CAKE TIN RED AND CREAM,9765.11,689,168,115,1671.6,128.0,0.0,8093.51,17.12,17.12,14.17,53.54,285
84380,SET OF 3 BUTTERFLY COOKIE CUTTERS,8153.56,5799,688,325,98.75,75.0,2.5,8054.81,1.21,1.18,1.41,53.62,286
22192,BLUE DINER WALL CLOCK,8189.29,954,365,179,168.3,21.0,91.8,8020.99,2.06,0.94,8.58,53.7,287
21035,SET/2 RED RETROSPOT TEA TOWELS,8536.85,2599,394,151,550.0,200.0,550.0,7986.85,6.44,0.0,3.28,53.79,288
22725,ALARM CLOCK BAKELIKE CHOCOLATE,8153.6,1980,428,171,180.0,48.0,15.0,7973.6,2.21,2.03,4.12,53.87,289
22616,PACK OF 12 LONDON TISSUES,7975.98,26119,512,195,8.16,24.0,4.68,7967.82,0.1,0.04,0.31,53.95,290
21121,SET/10 RED POLKADOT PARTY CANDLES,7998.85,6606,379,238,90.0,72.0,0.0,7908.85,1.13,1.13,1.21,54.03,291
22768,FAMILY PHOTO FRAME CORNICE,8258.59,867,260,184,355.3,36.0,0.0,7903.29,4.3,4.3,9.53,54.11,292
21770,OPEN CLOSED METAL SIGN,7923.93,1638,388,263,29.7,6.0,29.7,7894.23,0.37,0.0,4.84,54.19,293
22909,SET OF 20 VINTAGE CHRISTMAS NAPKINS,8041.18,8976,610,368,195.19,259.0,138.24,7845.99,2.43,0.72,0.9,54.27,294
22352,LUNCH BOX WITH CUTLERY RETROSPOT,7860.97,3088,482,185,40.8,16.0,15.3,7820.17,0.52,0.33,2.55,54.35,295
22667,RECIPE BOX RETROSPOT,8045.1,2882,464,233,225.35,81.0,0.0,7819.75,2.8,2.8,2.79,54.43,296
22940,FELTCRAFT CHRISTMAS FAIRY,7890.25,1915,321,240,99.5,34.0,17.0,7790.75,1.26,1.05,4.12,54.51,297
21136,PAINTED METAL PEARS ASSORTED,7793.14,4687,370,259,15.21,9.0,13.52,7777.93,0.2,0.02,1.66,54.59,298
22557,PLASTERS IN TIN VINTAGE PAISLEY,7762.24,4712,566,315,44.55,27.0,0.0,7717.69,0.57,0.57,1.65,54.67,299
23238,SET OF 4 KNICK KNACK TINS LONDON,7771.61,1849,274,150,65.6,16.0,0.0,7706.01,0.84,0.84,4.2,54.75,300
21908,CHOCOLATE THIS WAY METAL SIGN,7752.22,3771,468,220,54.6,26.0,25.2,7697.62,0.7,0.38,2.06,54.83,301
48111,DOORMAT 3 SMILEY CATS,7708.48,1172,233,111,15.9,2.0,0.0,7692.58,0.21,0.21,6.58,54.91,302
22487,WHITE WOOD GARDEN PLANT LADDER,7909.28,784,429,278,232.8,25.0,19.9,7676.48,2.94,2.7,10.09,54.98,303
22968,ROSE COTTAGE KEEPSAKE BOX,7851.98,794,189,118,188.85,20.0,0.0,7663.13,2.41,2.41,9.89,55.06,304
22804,CANDLEHOLDER PINK HANGING HEART,8102.95,3131,474,252,455.2,176.0,425.7,7647.75,5.62,0.38,2.59,55.14,305
23007,SPACEBOY BABY GIFT SET,7741.75,498,184,110,101.7,6.0,0.0,7640.05,1.31,1.31,15.55,55.22,306
23204,CHARLOTTE BAG APPLES DESIGN,7741.94,7976,583,199,138.34,186.0,76.25,7603.6,1.79,0.81,0.97,55.3,307
21955,DOORMAT UNION JACK GUNS AND ROSES,7580.82,1228,206,108,0.0,0.0,0.0,7580.82,0.0,0.0,6.17,55.37,308
22147,FELTCRAFT BUTTERFLY HEARTS,8621.14,6226,481,287,1103.65,877.0,1.45,7517.49,12.8,12.79,1.38,55.45,309
22585,PACK OF 6 BIRDY GIFT TAGS,7547.89,6221,395,241,56.25,45.0,0.0,7491.64,0.75,0.75,1.21,55.53,310
84406B,CREAM CUPID HEARTS COAT HANGER,7653.17,2015,284,133,162.5,42.0,99.6,7490.67,2.12,0.83,3.8,55.6,311
22173,METAL 4 HOOK HANGER FRENCH CHATEAU,7767.8,2444,493,210,279.77,101.0,176.0,7488.03,3.6,1.37,3.18,55.68,312
22750,FELTCRAFT PRINCESS LOLA DOLL,7491.83,2001,413,247,22.5,6.0,0.0,7469.33,0.3,0.3,3.74,55.76,313
22367,CHILDRENS APRON SPACEBOY DESIGN,7508.58,3749,550,298,68.25,35.0,15.6,7440.33,0.91,0.7,2.0,55.83,314
21231,SWEETHEART CERAMIC TRINKET BOX,7617.28,6054,509,215,188.08,157.0,15.0,7429.2,2.47,2.28,1.26,55.91,315
22627,MINT KITCHEN SCALES,7521.89,852,357,193,117.21,15.0,17.0,7404.68,1.56,1.34,8.83,55.99,316
21668,RED STRIPE CERAMIC DRAWER KNOB,7481.16,5494,437,169,102.67,84.0,0.0,7378.49,1.37,1.37,1.36,56.06,317
22381,TOY TIDY PINK POLKADOT,7433.74,3439,469,133,56.45,27.0,21.0,7377.29,0.76,0.48,2.16,56.14,318
84836,ZINC METAL HEART DECORATION,7418.07,5937,535,311,43.75,35.0,0.0,7374.32,0.59,0.59,1.25,56.21,319
22741,FUNKY DIVA PEN,7363.86,8547,233,107,43.35,51.0,40.8,7320.51,0.59,0.03,0.86,56.29,320
23382,BOX OF 6 CHRISTMAS CAKE DECORATIONS,7356.18,1875,220,136,63.75,17.0,0.0,7292.43,0.87,0.87,3.92,56.36,321
84030E,ENGLISH ROSE HOT WATER BOTTLE,7292.45,1605,375,198,12.75,3.0,0.0,7279.7,0.17,0.17,4.54,56.44,322
21169,YOU'RE CONFUSING ME METAL SIGN,7301.77,4413,450,191,29.22,18.0,0.0,7272.55,0.4,0.4,1.65,56.51,323
84949,SILVER HANGING T-LIGHT HOLDER,7622.64,4789,290,165,412.35,263.0,0.0,7210.29,5.41,5.41,1.59,56.58,324
22631,CIRCUS PARADE LUNCH BOX,7199.57,3677,396,168,64.35,33.0,0.0,7135.22,0.89,0.89,1.96,56.66,325
22485,SET OF 2 WOODEN MARKET CRATES,7190.35,526,208,142,76.5,6.0,0.0,7113.85,1.06,1.06,13.67,56.73,326
22505,MEMO BOARD COTTAGE DESIGN,7084.42,1457,311,186,24.75,5.0,0.0,7059.67,0.35,0.35,4.86,56.8,327
21912,VINTAGE SNAKES & LADDERS,7047.7,1786,396,201,0.0,0.0,0.0,7047.7,0.0,0.0,3.95,56.87,328
22179,SET 10 NIGHT OWL LIGHTS,7226.2,966,289,98,178.95,29.0,0.0,7047.25,2.48,2.48,7.48,56.95,329
23083,SET 6 PAPER TABLE LANTERN STARS,7250.9,1932,246,161,214.17,63.0,0.0,7036.73,2.95,2.95,3.75,57.02,330
22663,JUMBO BAG DOLLY GIRL DESIGN,7051.2,3419,450,171,21.45,11.0,0.0,7029.75,0.3,0.3,2.06,57.09,331
23320,GIANT 50'S CHRISTMAS CRACKER,7053.57,2661,333,260,37.57,13.0,34.68,7016.0,0.53,0.04,2.65,57.16,332
23543,WALL ART KEEP CALM,7010.76,1236,103,81,0.0,0.0,0.0,7010.76,0.0,0.0,5.67,57.23,333
21258,VICTORIAN SEWING BOX LARGE,7674.8,532,163,61,679.75,61.0,0.0,6995.05,8.86,8.86,14.43,57.31,334
22553,PLASTERS IN TIN SKULLS,7132.12,4242,560,281,138.6,84.0,0.0,6993.52,1.94,1.94,1.68,57.38,335
21259,VICTORIAN SEWING BOX SMALL,7077.2,1179,285,133,92.2,16.0,0.0,6985.0,1.3,1.3,6.0,57.45,336
21669,BLUE STRIPE CERAMIC DRAWER KNOB,7091.15,5252,425,167,115.01,80.0,0.0,6976.14,1.62,1.62,1.35,57.52,337
22637,PIGGY BANK RETROSPOT,7111.18,2760,329,188,136.2,55.0,5.1,6974.98,1.92,1.84,2.58,57.59,338
23236,STORAGE TIN VINTAGE DOILY,7059.97,2493,327,203,95.37,33.0,2.89,6964.6,1.35,1.31,2.83,57.66,339
23293,SET OF 12 FAIRY CAKE BAKING CASES,6989.54,8471,552,323,26.56,32.0,8.3,6962.98,0.38,0.26,0.83,57.73,340
23283,DOORMAT VINTAGE LEAF,7003.38,994,233,146,57.45,7.0,0.0,6945.93,0.82,0.82,7.05,57.81,341
21922,UNION STRIPE WITH FRINGE  HAMMOCK,6944.36,898,208,113,0.0,0.0,0.0,6944.36,0.0,0.0,7.73,57.88,342
21094,SET/6 RED SPOTTY PAPER PLATES,6933.26,8758,527,179,0.0,0.0,0.0,6933.26,0.0,0.0,0.79,57.95,343
21165,BEWARE OF THE CAT METAL SIGN,6935.7,4154,449,178,20.28,12.0,0.0,6915.42,0.29,0.29,1.67,58.02,344
22333,RETROSPOT PARTY BAG + STICKER SET,7043.94,4492,317,167,135.3,82.0,13.2,6908.64,1.92,1.74,1.57,58.09,345
85014A,BLACK/BLUE POLKADOT UMBRELLA,6904.04,1181,292,183,35.7,6.0,0.0,6868.34,0.52,0.52,5.85,58.16,346
22170,PICTURE FRAME WOOD TRIPLE PORTRAIT,6977.6,1068,265,142,118.65,19.0,78.15,6858.95,1.7,0.59,6.53,58.23,347
21326,AGED GLASS SILVER T-LIGHT HOLDER,6859.27,10535,340,168,13.65,21.0,0.0,6845.62,0.2,0.2,0.65,58.3,348
22767,TRIPLE PHOTO FRAME CORNICE,7173.55,774,218,152,348.25,35.0,0.0,6825.3,4.85,4.85,9.27,58.37,349
23215,JINGLE BELL HEART ANTIQUE SILVER,7038.4,3564,210,162,214.8,120.0,0.0,6823.6,3.05,3.05,1.97,58.44,350
23254,CHILDRENS CUTLERY DOLLY GIRL,6903.11,1703,299,204,83.0,20.0,20.75,6820.11,1.2,0.9,4.05,58.51,351
84970L,SINGLE HEART ZINC T-LIGHT HOLDER,6830.5,6265,507,234,11.4,12.0,0.0,6819.1,0.17,0.17,1.09,58.58,352
21257,VICTORIAN SEWING BOX MEDIUM,6901.42,688,261,100,88.4,12.0,0.0,6813.02,1.28,1.28,10.03,58.65,353
23541,WALL ART CLASSIC PUDDINGS,6823.91,872,152,97,16.5,2.0,0.0,6807.41,0.24,0.24,7.83,58.72,354
22109,FULL ENGLISH BREAKFAST PLATE,6921.15,1640,296,100,114.39,33.0,0.0,6806.76,1.65,1.65,4.22,58.79,355
23103,JINGLE BELL HEART DECORATION,6846.16,4072,365,231,46.2,28.0,0.0,6799.96,0.67,0.67,1.68,58.86,356
22834,HAND WARMER BABUSHKA DESIGN,7105.33,4941,368,199,306.05,203.0,192.0,6799.28,4.31,1.65,1.44,58.93,357
22946,WOODEN ADVENT CALENDAR CREAM,7030.22,453,137,64,237.75,17.0,0.0,6792.47,3.38,3.38,15.52,59.0,358
22634,CHILDS BREAKFAST SET SPACEBOY,7161.3,763,222,155,381.85,41.0,39.8,6779.45,5.33,4.8,9.39,59.07,359
22839,3 TIER CAKE TIN GREEN AND CREAM,6981.67,445,201,107,209.3,14.0,0.0,6772.37,3.0,3.0,15.69,59.13,360
22620,4 TRADITIONAL SPINNING TOPS,6782.21,4889,483,260,12.9,10.0,0.0,6769.31,0.19,0.19,1.39,59.2,361
22294,HEART FILIGREE DOVE  SMALL,6805.08,5457,299,162,42.5,34.0,30.0,6762.58,0.62,0.18,1.25,59.27,362
23297,SET 40 HEART SHAPE PETIT FOUR CASES,6792.23,4303,161,123,42.9,26.0,29.7,6749.33,0.63,0.2,1.58,59.34,363
22840,ROUND CAKE TIN VINTAGE RED,6903.79,913,271,193,158.0,20.0,7.95,6745.79,2.29,2.18,7.56,59.41,364
21787,RAIN PONCHO RETROSPOT,7161.1,8875,243,115,420.0,528.0,306.0,6741.1,5.87,1.66,0.81,59.48,365
20969,RED FLORAL FELTCRAFT SHOULDER BAG,7229.43,1960,305,157,491.91,145.0,0.0,6737.52,6.8,6.8,3.69,59.55,366
47591D,PINK FAIRY CAKE CHILDRENS APRON,6724.69,3341,495,250,3.9,2.0,0.0,6720.79,0.06,0.06,2.01,59.62,367
22950,36 DOILIES VINTAGE CHRISTMAS,7131.55,5209,185,156,413.65,325.0,360.0,6717.9,5.8,0.79,1.37,59.69,368
23229,VINTAGE DONKEY TAIL GAME,6739.71,1869,256,186,40.89,11.0,3.75,6698.82,0.61,0.55,3.61,59.76,369
21672,WHITE SPOT RED CERAMIC DRAWER KNOB,6776.0,4992,409,159,77.55,59.0,0.0,6698.45,1.14,1.14,1.36,59.82,370
84988,SET OF 72 PINK HEART PAPER DOILIES,6671.25,4311,510,209,18.85,13.0,0.0,6652.4,0.28,0.28,1.55,59.89,371
23480,MINI LIGHTS WOODLAND MUSHROOMS,6719.14,1798,215,143,68.1,20.0,0.0,6651.04,1.01,1.01,3.74,59.96,372
82001S,VINYL RECORD FRAME SILVER,6660.33,1704,154,49,25.53,7.0,15.0,6634.8,0.38,0.16,3.91,60.03,373
75049L,LARGE CIRCULAR MIRROR MOBILE,6812.98,7102,205,71,204.2,228.0,0.0,6608.78,3.0,3.0,0.96,60.1,374
21888,BINGO SET,6659.54,1688,378,210,56.25,15.0,0.0,6603.29,0.84,0.84,3.95,60.16,375
23008,DOLLY GIRL BABY GIFT SET,6719.61,433,133,99,118.65,7.0,0.0,6600.96,1.77,1.77,15.52,60.23,376
23109,PACK OF SIX LED TEA LIGHTS,6835.02,2386,268,178,239.04,96.0,0.0,6595.98,3.5,3.5,2.86,60.3,377
22943,CHRISTMAS LIGHTS 10 VINTAGE BAUBLES,6755.47,1355,209,128,165.5,34.0,29.7,6589.97,2.45,2.02,4.99,60.37,378
23247,BISCUIT TIN 50'S CHRISTMAS,6681.25,2194,309,231,118.54,46.0,0.0,6562.71,1.77,1.77,3.05,60.43,379
20718,RED RETROSPOT SHOPPER BAG,6604.29,4769,575,236,42.99,35.0,0.0,6561.3,0.65,0.65,1.38,60.5,380
22580,ADVENT CALENDAR GINGHAM SACK,6848.19,1311,246,126,314.95,61.0,0.0,6533.24,4.6,4.6,5.22,60.57,381
22668,PINK BABY BUNTING,6677.97,2179,345,162,157.0,60.0,0.0,6520.97,2.35,2.35,3.06,60.63,382
21533,RETROSPOT LARGE MILK JUG,6651.72,1351,339,209,147.9,32.0,0.0,6503.82,2.22,2.22,4.92,60.7,383
84992,72 SWEETHEART FAIRY CAKE CASES,6532.78,13319,615,325,62.14,130.0,26.4,6470.64,0.95,0.55,0.49,60.77,384
23311,VINTAGE CHRISTMAS STOCKING,6488.2,2390,344,246,38.25,15.0,0.0,6449.95,0.59,0.59,2.71,60.83,385
23553,LANDMARK FRAME CAMDEN TOWN,6444.65,568,68,50,0.0,0.0,0.0,6444.65,0.0,0.0,11.35,60.9,386
22508,DOORSTOP RETROSPOT HEART,6525.88,1594,296,177,82.5,22.0,0.0,6443.38,1.26,1.26,4.09,60.96,387
23134,LARGE ZINC HEART WALL ORGANISER,6431.11,1065,38,29,0.0,0.0,0.0,6431.11,0.0,0.0,6.04,61.03,388
22141,CHRISTMAS CRAFT TREE TOP ANGEL,6463.79,2791,457,256,33.6,16.0,0.0,6430.19,0.52,0.52,2.32,61.1,389
21122,SET/10 PINK POLKADOT PARTY CANDLES,6488.54,5325,344,214,61.25,49.0,0.0,6427.29,0.94,0.94,1.22,61.16,390
23188,VINTAGE  2 METER FOLDING RULER,6447.77,3471,333,207,23.1,14.0,0.0,6424.67,0.36,0.36,1.86,61.23,391
22991,GIRAFFE WOODEN RULER,7604.89,3887,274,185,1185.9,714.0,11.7,6418.99,15.59,15.46,1.96,61.29,392
23571,TRADITIONAL NAUGHTS & CROSSES,6406.91,2841,257,195,0.0,0.0,0.0,6406.91,0.0,0.0,2.26,61.36,393
22655,VINTAGE RED KITCHEN CABINET,8125.0,60,38,34,1730.5,10.0,640.5,6394.5,21.3,14.56,135.42,61.42,394
20676,RED RETROSPOT BOWL,6374.81,5023,448,185,27.5,22.0,15.0,6347.31,0.43,0.2,1.27,61.49,395
23307,SET OF 60 PANTRY DESIGN CAKE CASES,6371.89,12049,629,366,48.4,88.0,13.75,6323.49,0.76,0.54,0.53,61.55,396
22895,SET OF 2 TEA TOWELS APPLE AND PEARS,6334.3,2058,284,163,17.7,6.0,0.0,6316.6,0.28,0.28,3.08,61.62,397
21380,WOODEN HAPPY BIRTHDAY GARLAND,6307.51,2165,290,138,2.95,1.0,0.0,6304.56,0.05,0.05,2.91,61.68,398
21935,SUKI  SHOULDER BAG,6298.61,3393,530,121,1.65,1.0,0.0,6296.96,0.03,0.03,1.86,61.75,399
23169,CLASSIC GLASS COOKIE JAR,6662.84,1556,314,203,379.15,93.0,24.9,6283.69,5.69,5.34,4.28,61.81,400
22979,PANTRY WASHING UP BRUSH,6391.82,4090,381,225,117.55,91.0,90.0,6274.27,1.84,0.44,1.56,61.88,401
23172,REGENCY TEA PLATE PINK,6344.41,3861,305,160,154.3,102.0,69.6,6190.11,2.43,1.35,1.64,61.94,402
22303,COFFEE MUG APPLES DESIGN,6338.25,2816,261,155,171.15,74.0,0.0,6167.1,2.7,2.7,2.25,62.0,403
22784,LANTERN CREAM GAZEBO,6360.99,1272,299,192,200.85,41.0,0.0,6160.14,3.16,3.16,5.0,62.07,404
23192,BUNDLE OF 3 ALPHABET EXERCISE BOOKS,6114.24,3516,345,224,4.95,3.0,1.65,6109.29,0.08,0.05,1.74,62.13,405
21154,RED RETROSPOT OVEN GLOVE,6320.51,4034,451,175,227.0,212.0,0.0,6093.51,3.59,3.59,1.57,62.19,406
21975,PACK OF 60 DINOSAUR CAKE CASES,6102.51,12312,601,287,36.06,71.0,13.2,6066.45,0.59,0.38,0.5,62.25,407
47556B,TEA TIME TEA TOWELS,6045.0,2600,2,1,0.0,0.0,0.0,6045.0,0.0,0.0,2.33,62.31,408
21156,RETROSPOT CHILDRENS APRON,6091.1,3170,358,202,76.05,39.0,0.0,6015.05,1.25,1.25,1.92,62.38,409
22151,PLACE SETTING WHITE HEART,6322.21,15126,332,174,321.96,890.0,0.0,6000.25,5.09,5.09,0.42,62.44,410
21670,BLUE SPOT CERAMIC DRAWER KNOB,6083.99,4328,374,158,96.25,69.0,0.0,5987.74,1.58,1.58,1.41,62.5,411
22174,PHOTO CUBE,5978.78,3218,321,104,0.0,0.0,0.0,5978.78,0.0,0.0,1.86,62.56,412
22783,SET 3 WICKER OVAL BASKETS W LIDS,5961.25,463,33,29,0.0,0.0,0.0,5961.25,0.0,0.0,12.88,62.62,413
23312,VINTAGE CHRISTMAS GIFT SACK,5964.15,1423,214,168,4.15,1.0,4.15,5960.0,0.07,0.0,4.19,62.68,414
23296,SET OF 6 TEA TIME BAKING CASES,5985.55,4979,378,243,33.75,27.0,2.5,5951.8,0.56,0.52,1.2,62.74,415
23052,RECYCLED ACAPULCO MAT TURQUOISE,5949.34,654,278,147,8.25,1.0,0.0,5941.09,0.14,0.14,9.1,62.8,416
21871,SAVE THE PLANET MUG,6679.56,5453,357,133,740.94,685.0,0.0,5938.62,11.09,11.09,1.22,62.86,417
23526,WALL ART DOG LICENCE,6021.4,1012,143,79,95.2,16.0,0.0,5926.2,1.58,1.58,5.95,62.92,418
23118,PARISIENNE JEWELLERY DRAWER,6102.18,813,258,154,180.0,24.0,0.0,5922.18,2.95,2.95,7.51,62.99,419
22584,PACK OF 6 PANNETONE GIFT BOXES,5946.96,2330,196,127,38.25,15.0,0.0,5908.71,0.64,0.64,2.55,63.05,420
21535,RED RETROSPOT SMALL MILK JUG,5986.01,2487,343,204,80.7,32.0,0.0,5905.31,1.35,1.35,2.41,63.11,421
21673,WHITE SPOT BLUE CERAMIC DRAWER KNOB,6041.2,4372,365,154,143.95,103.0,0.0,5897.25,2.38,2.38,1.38,63.17,422
22150,3 STRIPEY MICE FELTCRAFT,5907.84,3021,468,288,21.45,11.0,1.95,5886.39,0.36,0.33,1.96,63.23,423
17003,BROCADE RING PURSE,6025.95,23020,239,136,172.8,3.0,0.0,5853.15,2.87,2.87,0.26,63.29,424
48129,DOORMAT TOPIARY,6009.84,904,205,125,159.15,23.0,0.0,5850.69,2.65,2.65,6.65,63.35,425
22366,DOORMAT AIRMAIL,6034.9,800,220,104,194.07,27.0,0.0,5840.83,3.22,3.22,7.54,63.41,426
21671,RED SPOT CERAMIC DRAWER KNOB,6054.79,4402,369,164,214.81,152.0,0.0,5839.98,3.55,3.55,1.38,63.47,427
22971,QUEENS GUARD COFFEE MUG,5849.29,2431,272,164,37.65,16.0,0.0,5811.64,0.64,0.64,2.41,63.53,428
21877,HOME SWEET HOME MUG,6932.78,5411,349,174,1134.32,1052.0,0.0,5798.46,16.36,16.36,1.28,63.58,429
22751,FELTCRAFT PRINCESS OLIVIA DOLL,5801.47,1563,290,184,7.5,2.0,7.5,5793.97,0.13,0.0,3.71,63.64,430
22740,POLKADOT PEN,5793.62,6842,170,89,0.0,0.0,0.0,5793.62,0.0,0.0,0.85,63.7,431
22365,DOORMAT RESPECTABLE HOUSE,5754.03,789,179,83,15.9,2.0,0.0,5738.13,0.28,0.28,7.29,63.76,432
62018,SOMBRERO,5716.85,4415,61,39,0.0,0.0,0.0,5716.85,0.0,0.0,1.29,63.82,433
23154,SET OF 4 JAM JAR MAGNETS,5842.88,2701,235,141,126.88,61.0,2.08,5716.0,2.17,2.14,2.16,63.88,434
22826,LOVE SEAT ANTIQUE WHITE METAL,6210.0,58,41,33,517.5,4.0,85.0,5692.5,8.33,7.06,107.07,63.94,435
22635,CHILDS BREAKFAST SET DOLLY GIRL,6412.33,681,194,143,727.05,84.0,19.9,5685.28,11.34,11.06,9.42,64.0,436
22779,WOODEN OWLS LIGHT GARLAND,5789.85,1537,149,88,106.25,25.0,0.0,5683.6,1.84,1.84,3.77,64.05,437
22646,CERAMIC STRAWBERRY CAKE MONEY BANK,5684.17,4160,390,185,41.9,31.0,0.0,5642.27,0.74,0.74,1.37,64.11,438
21242,RED RETROSPOT PLATE,5699.71,3373,304,148,59.15,35.0,37.18,5640.56,1.04,0.39,1.69,64.17,439
22907,PACK OF 20 NAPKINS PANTRY DESIGN,5670.0,6573,670,357,44.2,52.0,10.2,5625.8,0.78,0.6,0.86,64.23,440
22595,GINGHAM HEART DECORATION,5720.21,6788,467,274,103.68,144.0,0.0,5616.53,1.81,1.81,0.84,64.28,441
23205,CHARLOTTE BAG VINTAGE ALPHABET,5726.38,5857,467,201,140.25,191.0,72.0,5586.13,2.45,1.21,0.98,64.34,442
22466,FAIRY TALE COTTAGE NIGHT LIGHT,5605.79,3069,209,114,35.85,21.0,0.0,5569.94,0.64,0.64,1.83,64.4,443
22207,FRYING PAN UNION FLAG,5833.59,1333,208,68,282.25,75.0,270.0,5551.34,4.84,0.22,4.38,64.45,444
21558,SKULL LUNCH BOX WITH CUTLERY,5550.22,2131,412,167,10.2,4.0,0.0,5540.02,0.18,0.18,2.6,64.51,445
23531,WALL ART BIG LOVE,5538.26,976,112,77,0.0,0.0,0.0,5538.26,0.0,0.0,5.67,64.57,446
23133,LARGE IVORY HEART WALL ORGANISER,5525.4,782,155,94,8.25,1.0,0.0,5517.15,0.15,0.15,7.07,64.62,447
22488,NATURAL SLATE RECTANGLE CHALKBOARD,5573.68,3195,415,211,57.75,35.0,0.0,5515.93,1.04,1.04,1.74,64.68,448
22088,PAPER BUNTING COLOURED LACE,5661.05,1893,238,115,149.2,56.0,44.25,5511.85,2.64,1.87,2.99,64.74,449
22837,HOT WATER BOTTLE BABUSHKA,5657.93,1173,178,108,157.65,37.0,0.0,5500.28,2.79,2.79,4.82,64.79,450
23583,LUNCH BAG PAISLEY PARK,5497.33,3385,325,233,16.5,10.0,0.0,5480.83,0.3,0.3,1.62,64.85,451
23177,TREASURE ISLAND BOOK BOX,5521.29,2532,267,174,45.0,20.0,0.0,5476.29,0.82,0.82,2.18,64.91,452
22904,CALENDAR PAPER CUT DESIGN,5467.26,1834,271,162,5.9,2.0,0.0,5461.36,0.11,0.11,2.98,64.96,453
22297,HEART IVORY TRELLIS SMALL,5459.91,4164,378,157,0.0,0.0,0.0,5459.91,0.0,0.0,1.31,65.02,454
23126,FELTCRAFT GIRL AMELIE KIT,5532.04,1109,291,198,79.2,16.0,0.0,5452.84,1.43,1.43,4.99,65.07,455
22964,3 PIECE SPACEBOY COOKIE CUTTER SET,5472.69,2624,378,216,29.4,14.0,0.0,5443.29,0.54,0.54,2.09,65.13,456
22418,10 COLOUR SPACEBOY PEN,5585.45,6564,318,179,146.2,172.0,8.5,5439.25,2.62,2.47,0.85,65.18,457
23485,BOTANICAL GARDENS WALL CLOCK,5843.92,262,83,70,407.4,18.0,0.0,5436.52,6.97,6.97,22.31,65.24,458
22798,ANTIQUE GLASS DRESSING TABLE POT,5561.3,1798,267,126,132.75,45.0,0.0,5428.55,2.39,2.39,3.09,65.3,459
23135,SMALL ZINC HEART WALL ORGANISER,5416.18,1541,45,31,0.0,0.0,0.0,5416.18,0.0,0.0,3.51,65.35,460
23158,SET OF 5 LUCKY CAT MAGNETS,5513.83,2633,255,96,124.8,60.0,0.0,5389.03,2.26,2.26,2.09,65.41,461
22429,ENAMEL MEASURING JUG CREAM,5507.18,1262,376,227,140.25,33.0,0.0,5366.93,2.55,2.55,4.36,65.46,462
22349,DOG BOWL CHASING BALL DESIGN,5381.52,1366,131,85,48.75,13.0,0.0,5332.77,0.91,0.91,3.94,65.52,463
21172,PARTY METAL SIGN,5338.63,3485,467,236,18.85,13.0,17.4,5319.78,0.35,0.03,1.53,65.57,464
22845,VINTAGE CREAM CAT FOOD CONTAINER,5396.93,802,316,155,88.1,14.0,0.0,5308.83,1.63,1.63,6.73,65.62,465
22464,HANGING METAL HEART LANTERN,5485.63,3402,351,191,186.9,122.0,39.6,5298.73,3.41,2.7,1.61,65.68,466
22796,PHOTO FRAME 3 CLASSIC HANGING,5787.45,582,232,146,524.05,55.0,19.9,5263.4,9.05,8.74,9.94,65.73,467
22296,HEART IVORY TRELLIS LARGE,5247.72,3140,318,189,1.65,1.0,0.0,5246.07,0.03,0.03,1.67,65.79,468
22998,TRAVEL CARD WALLET KEEP CALM,5262.82,12366,534,217,74.34,177.0,20.16,5188.48,1.41,1.03,0.43,65.84,469
22623,BOX OF VINTAGE JIGSAW BLOCKS,5236.31,937,235,165,85.2,16.0,0.0,5151.11,1.63,1.63,5.59,65.89,470
22898,CHILDRENS APRON APPLES DESIGN,5150.92,2414,365,201,0.0,0.0,0.0,5150.92,0.0,0.0,2.13,65.95,471
23162,REGENCY TEA STRAINER,5143.69,1412,176,96,0.0,0.0,0.0,5143.69,0.0,0.0,3.64,66.0,472
21164,HOME SWEET HOME METAL SIGN,5155.98,1766,282,166,17.7,6.0,0.0,5138.28,0.34,0.34,2.92,66.05,473
22665,RECIPE BOX BLUE SKETCHBOOK DESIGN,5192.08,1516,356,163,62.1,22.0,0.0,5129.98,1.2,1.2,3.42,66.1,474
22120,WELCOME  WOODEN BLOCK LETTERS,5247.09,523,188,121,119.4,12.0,0.0,5127.69,2.28,2.28,10.03,66.16,475
23132,SMALL IVORY HEART WALL ORGANISER,5138.6,1020,152,115,23.0,4.0,0.0,5115.6,0.45,0.45,5.04,66.21,476
22772,PINK DRAWER KNOB ACRYLIC EDWARDIAN,5116.7,3793,254,84,3.75,3.0,0.0,5112.95,0.07,0.07,1.35,66.26,477
21844,RED RETROSPOT MUG,5167.69,1847,156,99,58.6,20.0,0.0,5109.09,1.13,1.13,2.8,66.31,478
22302,COFFEE MUG PEARS  DESIGN,5134.29,2329,212,134,30.6,12.0,0.0,5103.69,0.6,0.6,2.2,66.36,479
23263,SET OF 3 WOODEN HEART DECORATIONS,5147.19,3863,445,269,58.75,47.0,15.0,5088.44,1.14,0.85,1.33,66.42,480
23295,SET OF 12 MINI LOAF BAKING CASES,5073.45,6134,444,250,10.79,13.0,1.66,5062.66,0.21,0.18,0.83,66.47,481
23397,FOOT STOOL HOME SWEET HOME,5097.65,489,217,139,59.7,6.0,0.0,5037.95,1.17,1.17,10.42,66.52,482
21098,CHRISTMAS TOILET ROLL,5078.76,3719,248,115,41.91,39.0,0.0,5036.85,0.83,0.83,1.37,66.57,483
23234,BISCUIT TIN VINTAGE CHRISTMAS,5079.78,1722,277,201,46.24,16.0,17.34,5033.54,0.91,0.57,2.95,66.62,484
22848,BREAD BIN DINER STYLE PINK,5208.45,323,128,68,176.45,11.0,0.0,5032.0,3.39,3.39,16.13,66.67,485
21428,SET3 BOOK BOX GREEN GINGHAM FLOWER,5163.63,1207,262,117,136.25,35.0,0.0,5027.38,2.64,2.64,4.28,66.73,486
22371,AIRLINE BAG VINTAGE TOKYO 78,5072.32,1086,392,144,57.78,14.0,8.5,5014.54,1.14,0.97,4.67,66.78,487
22827,RUSTIC  SEVENTEEN DRAWER SIDEBOARD,5415.0,35,26,21,415.0,3.0,165.0,5000.0,7.66,4.76,154.71,66.83,488
21907,I'M ON HOLIDAY METAL SIGN,5027.18,2371,367,208,27.3,13.0,0.0,4999.88,0.54,0.54,2.12,66.88,489
23310,BUBBLEGUM RING ASSORTED,4997.28,12050,245,146,0.0,0.0,0.0,4997.28,0.0,0.0,0.41,66.93,490
21756,BATH BUILDING BLOCK WORD,5006.26,809,270,168,11.9,2.0,0.0,4994.36,0.24,0.24,6.19,66.98,491
23165,LARGE CERAMIC TOP STORAGE JAR,5141.06,3114,280,167,154.5,102.0,1.65,4986.56,3.01,2.97,1.65,67.03,492
22271,FELTCRAFT DOLL ROSIE,5007.35,1701,301,181,23.6,8.0,0.0,4983.75,0.47,0.47,2.94,67.08,493
23198,PANTRY MAGNETIC  SHOPPING LIST,5062.6,3342,475,259,92.8,64.0,0.0,4969.8,1.83,1.83,1.51,67.13,494
23494,VINTAGE DOILY DELUXE SEWING KIT,5354.01,809,205,145,386.75,65.0,243.95,4967.26,7.22,2.79,6.62,67.19,495
23314,VINTAGE CHRISTMAS TABLECLOTH,5012.96,407,117,87,62.5,5.0,50.0,4950.46,1.25,0.25,12.32,67.24,496
22957,SET 3 PAPER VINTAGE CHICK PAPER EGG,5014.65,1775,214,179,71.9,26.0,0.0,4942.75,1.43,1.43,2.83,67.29,497
21932,SCANDINAVIAN PAISLEY PICNIC BAG,4995.38,2720,446,218,55.35,33.0,0.0,4940.03,1.11,1.11,1.84,67.34,498
22780,LIGHT GARLAND BUTTERFILES PINK,5044.34,1346,132,82,106.25,25.0,0.0,4938.09,2.11,2.11,3.75,67.39,499
84212,"ASSORTED FLOWER COLOUR ""LEIS""",4934.87,10315,111,72,0.0,0.0,0.0,4934.87,0.0,0.0,0.48,67.44,500
23570,TRADITIONAL PICK UP STICKS GAME,4931.87,2772,276,203,0.0,0.0,0.0,4931.87,0.0,0.0,1.78,67.49,501
22142,CHRISTMAS CRAFT WHITE FAIRY,4946.19,3247,377,259,15.95,11.0,0.0,4930.24,0.32,0.32,1.52,67.54,502
23556,LANDMARK FRAME COVENT GARDEN,4937.01,436,53,46,12.5,1.0,0.0,4924.51,0.25,0.25,11.32,67.59,503
21933,PINK VINTAGE PAISLEY PICNIC BAG,4957.43,2672,410,198,34.45,13.0,1.65,4922.98,0.69,0.66,1.86,67.64,504
22301,COFFEE MUG CAT + BIRD DESIGN,4980.83,2205,252,123,59.4,24.0,0.0,4921.43,1.19,1.19,2.26,67.69,505
22110,BIRD HOUSE HOT WATER BOTTLE,4912.14,1172,279,116,5.1,2.0,0.0,4907.04,0.1,0.1,4.19,67.74,506
23503,PLAYING CARDS KEEP CALM & CARRY ON,4860.55,3643,335,284,2.5,2.0,0.0,4858.05,0.05,0.05,1.33,67.79,507
21937,STRAWBERRY   PICNIC BAG,4898.85,1707,251,146,47.2,16.0,29.5,4851.65,0.96,0.36,2.87,67.84,508
21086,SET/6 RED SPOTTY PAPER CUPS,4851.5,7121,428,167,0.0,0.0,0.0,4851.5,0.0,0.0,0.68,67.89,509
21033,JUMBO BAG CHARLIE AND LOLA TOYS,4851.73,1932,300,75,1.79,1.0,0.0,4849.94,0.04,0.04,2.51,67.94,510
22748,POPPY'S PLAYHOUSE KITCHEN,4880.83,2117,436,233,35.7,17.0,2.1,4845.13,0.73,0.69,2.31,67.99,511
21390,FILIGRIS HEART WITH BUTTERFLY,4848.13,3903,212,120,3.75,3.0,0.0,4844.38,0.08,0.08,1.24,68.04,512
22781,GUMBALL MAGAZINE RACK,5191.01,621,232,118,352.35,49.0,15.3,4838.66,6.79,6.51,8.36,68.09,513
23010,CIRCUS PARADE BABY GIFT SET,4879.6,315,111,73,50.85,3.0,0.0,4828.75,1.04,1.04,15.49,68.14,514
22689,DOORMAT MERRY CHRISTMAS RED,5176.25,673,146,94,354.0,52.0,16.5,4822.25,6.84,6.54,7.69,68.19,515
23554,LANDMARK FRAME OXFORD STREET,4805.53,422,57,49,0.0,0.0,0.0,4805.53,0.0,0.0,11.39,68.24,516
21124,SET/10 BLUE POLKADOT PARTY CANDLES,4863.05,4011,240,180,61.25,49.0,0.0,4801.8,1.26,1.26,1.21,68.29,517
22549,PICTURE DOMINOES,4798.38,3188,356,195,0.0,0.0,0.0,4798.38,0.0,0.0,1.51,68.33,518
22849,BREAD BIN DINER STYLE MINT,5027.73,323,129,79,234.25,15.0,119.6,4793.48,4.66,2.34,15.57,68.38,519
23555,LANDMARK FRAME NOTTING HILL,4780.57,421,50,45,0.0,0.0,0.0,4780.57,0.0,0.0,11.36,68.43,520
23351,ROLL WRAP 50'S CHRISTMAS,4875.65,3535,354,242,104.88,96.0,74.88,4770.77,2.15,0.62,1.38,68.48,521
22636,CHILDS BREAKFAST SET CIRCUS PARADE,5009.56,595,198,141,239.7,29.0,0.0,4769.86,4.78,4.78,8.42,68.53,522
21876,POTTERING MUG,4825.36,3789,333,141,58.9,42.0,23.55,4766.46,1.22,0.74,1.27,68.58,523
23389,SPACEBOY MINI BACKPACK,4751.49,1115,237,159,8.3,2.0,0.0,4743.19,0.17,0.17,4.26,68.63,524
20677,PINK POLKADOT BOWL,4747.34,3674,333,133,6.25,5.0,6.25,4741.09,0.13,0.0,1.29,68.68,525
22243,5 HOOK HANGER RED MAGIC TOADSTOOL,4751.64,3098,131,71,18.15,11.0,9.9,4733.49,0.38,0.17,1.53,68.72,526
84050,PINK HEART SHAPE EGG FRYING PAN,4753.53,3229,256,139,22.7,14.0,0.0,4730.83,0.48,0.48,1.47,68.77,527
15056P,EDWARDIAN PARASOL PINK,4767.4,809,170,87,58.2,10.0,0.0,4709.2,1.22,1.22,5.89,68.82,528
23569,TRADTIONAL ALPHABET STAMP SET,4717.66,954,192,152,9.9,2.0,0.0,4707.76,0.21,0.21,4.95,68.87,529
23286,BLUE VINTAGE SPOT BEAKER,4747.62,5048,222,125,41.65,49.0,0.0,4705.97,0.88,0.88,0.94,68.92,530
23558,LANDMARK FRAME LONDON BRIDGE,4703.87,415,52,43,0.0,0.0,0.0,4703.87,0.0,0.0,11.33,68.97,531
23184,BULL DOG BOTTLE OPENER,4764.5,874,264,129,64.35,13.0,39.6,4700.15,1.35,0.52,5.45,69.01,532
23157,SET OF 6 NATIVITY MAGNETS,5143.06,2557,163,111,444.0,240.0,444.0,4699.06,8.63,0.0,2.01,69.06,533
22645,CERAMIC HEART FAIRY CAKE MONEY BANK,4709.74,2354,351,161,24.45,17.0,0.0,4685.29,0.52,0.52,2.0,69.11,534
82552,WASHROOM METAL SIGN,4674.83,3012,364,184,0.0,0.0,0.0,4674.83,0.0,0.0,1.55,69.16,535
22721,SET OF 3 CAKE TINS SKETCHBOOK,4671.81,1020,297,183,0.0,0.0,0.0,4671.81,0.0,0.0,4.58,69.2,536
37449,CERAMIC CAKE STAND + HANGING CAKES,5117.29,563,154,106,446.7,50.0,19.9,4670.59,8.73,8.37,9.09,69.25,537
23159,SET OF 5 PANCAKE DAY MAGNETS,4713.52,2293,223,121,52.0,25.0,2.08,4661.52,1.1,1.06,2.06,69.3,538
23241,TREASURE TIN GYMKHANA DESIGN,4669.55,2165,363,183,14.56,7.0,2.08,4654.99,0.31,0.27,2.16,69.35,539
22813,PACK 3 BOXES BIRD PANNETONE,4640.78,2372,218,116,0.0,0.0,0.0,4640.78,0.0,0.0,1.96,69.4,540
85049A,TRADITIONAL CHRISTMAS RIBBONS,4655.2,3245,359,204,15.0,12.0,0.0,4640.2,0.32,0.32,1.43,69.44,541
47599A,PINK PARTY BAGS,4649.5,2456,165,102,12.6,6.0,0.0,4636.9,0.27,0.27,1.89,69.49,542
21539,RED RETROSPOT BUTTER DISH,4743.9,969,238,123,108.95,23.0,0.0,4634.95,2.3,2.3,4.9,69.54,543
22745,POPPY'S PLAYHOUSE BEDROOM,4661.79,2021,423,216,27.3,13.0,0.0,4634.49,0.59,0.59,2.31,69.59,544
22082,RIBBON REEL STRIPES DESIGN,4661.88,2680,409,250,33.0,20.0,0.0,4628.88,0.71,0.71,1.74,69.63,545
22295,HEART FILIGREE DOVE LARGE,4613.97,2789,250,155,19.8,12.0,0.0,4594.17,0.43,0.43,1.65,69.68,546
23176,ABC TREASURE BOOK BOX,4693.08,2165,226,159,101.25,45.0,0.0,4591.83,2.16,2.16,2.17,69.73,547
23285,PINK VINTAGE SPOT BEAKER,4572.41,4807,191,108,1.7,2.0,0.0,4570.71,0.04,0.04,0.95,69.77,548
21833,CAMOUFLAGE LED TORCH,4594.43,2726,168,87,50.7,30.0,0.0,4543.73,1.1,1.1,1.69,69.82,549
22504,CABIN BAG VINTAGE RETROSPOT,4674.62,247,68,31,132.55,5.0,0.0,4542.07,2.84,2.84,18.93,69.87,550
22417,PACK OF 60 SPACEBOY CAKE CASES,4563.24,8420,520,270,25.3,46.0,0.0,4537.94,0.55,0.55,0.54,69.91,551
82551,LAUNDRY 15C METAL SIGN,4542.89,2918,351,156,5.2,4.0,0.0,4537.69,0.11,0.11,1.56,69.96,552
20979,36 PENCILS TUBE RED RETROSPOT,4723.73,3734,325,164,200.0,160.0,21.25,4523.73,4.23,3.8,1.27,70.01,553
22606,WOODEN SKITTLES GARDEN SET,4638.46,313,142,110,118.25,11.0,0.0,4520.21,2.55,2.55,14.82,70.05,554
22628,PICNIC BOXES SET OF 3 RETROSPOT,4620.91,965,190,85,103.95,21.0,39.6,4516.96,2.25,1.4,4.79,70.1,555
23168,CLASSIC CAFE SUGAR DISPENSER,4558.67,3291,337,140,65.61,54.0,0.0,4493.06,1.44,1.44,1.39,70.14,556
21934,SKULL SHOULDER BAG,4480.28,2421,411,85,16.5,10.0,0.0,4463.78,0.37,0.37,1.85,70.19,557
23309,SET OF 60 I LOVE LONDON CAKE CASES,4495.85,8275,407,178,35.2,64.0,13.2,4460.65,0.78,0.49,0.54,70.24,558
22089,PAPER BUNTING VINTAGE PAISLEY,4457.43,1423,272,142,0.0,0.0,0.0,4457.43,0.0,0.0,3.13,70.28,559
84987,SET OF 36 TEATIME PAPER DOILIES,4471.17,3051,334,201,21.75,15.0,0.0,4449.42,0.49,0.49,1.47,70.33,560
23530,WALL ART ONLY ONE PERSON,4436.27,1056,87,60,0.0,0.0,0.0,4436.27,0.0,0.0,4.2,70.37,561
22775,PURPLE DRAWERKNOB ACRYLIC EDWARDIAN,4469.37,3105,237,79,35.0,28.0,0.0,4434.37,0.78,0.78,1.44,70.42,562
23288,GREEN VINTAGE SPOT BEAKER,4444.23,4625,185,107,15.17,18.0,0.0,4429.06,0.34,0.34,0.96,70.46,563
23275,SET OF 3 HANGING OWLS OLLIE BEAK,4521.72,3720,325,171,95.41,77.0,30.0,4426.31,2.11,1.46,1.22,70.51,564
23404,HOME SWEET HOME BLACKBOARD,4561.76,1011,169,104,143.55,29.0,0.0,4418.21,3.15,3.15,4.51,70.55,565
23163,REGENCY SUGAR TONGS,4515.22,1832,209,95,114.4,55.0,99.84,4400.82,2.53,0.33,2.46,70.6,566
22938,CUPCAKE LACE PAPER SET 6,4488.63,2367,186,160,117.0,60.0,23.4,4371.63,2.61,2.1,1.9,70.64,567
21906,PHARMACIE FIRST AID TIN,4470.81,581,173,71,114.75,17.0,0.0,4356.06,2.57,2.57,7.7,70.69,568
16014,SMALL CHINESE STYLE SCISSOR,4335.76,13328,54,34,0.0,0.0,0.0,4335.76,0.0,0.0,0.33,70.73,569
22626,BLACK KITCHEN SCALES,4401.86,517,199,134,76.5,9.0,0.0,4325.36,1.74,1.74,8.51,70.78,570
22899,CHILDREN'S APRON DOLLY GIRL,4326.43,2069,313,190,10.5,5.0,0.0,4315.93,0.24,0.24,2.09,70.82,571
84692,BOX OF 24 COCKTAIL PARASOLS,4327.38,7903,583,209,13.02,31.0,0.0,4314.36,0.3,0.3,0.55,70.86,572
23349,ROLL WRAP VINTAGE CHRISTMAS,4342.6,3221,337,214,30.0,24.0,0.0,4312.6,0.69,0.69,1.35,70.91,573
20975,12 PENCILS SMALL TUBE RED RETROSPOT,4383.27,6633,362,231,78.0,120.0,15.6,4305.27,1.78,1.43,0.66,70.95,574
21892,TRADITIONAL WOODEN CATCH CUP GAME,4317.16,3192,412,235,16.25,13.0,0.0,4300.91,0.38,0.38,1.35,71.0,575
21498,RED RETROSPOT WRAP,4311.92,10526,336,238,21.0,50.0,0.0,4290.92,0.49,0.49,0.41,71.04,576
23050,RECYCLED ACAPULCO MAT GREEN,4286.55,497,205,116,8.25,1.0,0.0,4278.3,0.19,0.19,8.62,71.08,577
23112,PARISIENNE CURIO CABINET,4507.08,546,241,134,239.85,33.0,15.0,4267.23,5.32,5.01,8.25,71.13,578
22327,ROUND SNACK BOXES SET OF 4 SKULLS,4304.25,1167,287,106,44.25,15.0,0.0,4260.0,1.03,1.03,3.69,71.17,579
22723,SET OF 6 HERB TINS SKETCHBOOK,4262.82,1164,295,170,7.9,2.0,0.0,4254.92,0.19,0.19,3.66,71.22,580
23166,MEDIUM CERAMIC TOP STORAGE JAR,81700.92,78033,247,138,77479.64,74494.0,77199.85,4221.28,94.83,6.22,1.05,71.26,581
20970,PINK FLORAL FELTCRAFT SHOULDER BAG,4232.13,1116,262,141,11.25,3.0,0.0,4220.88,0.27,0.27,3.79,71.3,582
23237,SET OF 4 KNICK KNACK TINS LEAF,4274.39,1053,177,131,69.35,17.0,4.15,4205.04,1.62,1.53,4.06,71.34,583
22661,CHARLOTTE BAG DOLLY GIRL DESIGN,4214.95,5194,415,172,10.79,13.0,0.0,4204.16,0.26,0.26,0.81,71.39,584
23089,GLASS BON BON JAR,4215.78,2354,225,101,25.65,15.0,0.0,4190.13,0.61,0.61,1.79,71.43,585
23012,GLASS APOTHECARY BOTTLE PERFUME,4197.11,1071,246,151,31.6,8.0,0.0,4165.51,0.75,0.75,3.92,71.47,586
22550,HOLIDAY FUN LUDO,4194.89,1162,217,136,30.0,8.0,0.0,4164.89,0.72,0.72,3.61,71.52,587
23144,ZINC T-LIGHT HOLDER STARS SMALL,4197.83,5089,274,180,36.52,44.0,0.0,4161.31,0.87,0.87,0.82,71.56,588
20974,12 PENCILS SMALL TUBE SKULL,4527.43,6976,355,195,367.9,566.0,0.0,4159.53,8.13,8.13,0.65,71.6,589
84509A,SET OF 4 ENGLISH ROSE PLACEMATS,4193.12,1000,298,103,33.75,9.0,0.0,4159.37,0.8,0.8,4.19,71.64,590
22694,WICKER STAR,4251.72,1842,405,228,109.2,52.0,0.0,4142.52,2.57,2.57,2.31,71.69,591
22801,ANTIQUE GLASS PEDESTAL BOWL,4203.89,1027,220,123,70.89,19.0,0.0,4133.0,1.69,1.69,4.09,71.73,592
72760B,VINTAGE CREAM 3 BASKET CAKE STAND,4145.39,409,153,104,14.6,2.0,0.0,4130.79,0.35,0.35,10.14,71.77,593
85049E,SCANDINAVIAN REDS RIBBONS,4144.32,2969,451,248,18.75,15.0,0.0,4125.57,0.45,0.45,1.4,71.81,594
21874,GIN AND TONIC MUG,4141.18,2974,295,110,27.71,22.0,0.0,4113.47,0.67,0.67,1.39,71.85,595
23306,SET OF 36 DOILIES PANTRY DESIGN,4123.38,2808,277,182,10.15,7.0,1.45,4113.23,0.25,0.21,1.47,71.9,596
23167,SMALL CERAMIC TOP STORAGE JAR,4476.01,5847,231,129,365.19,525.0,0.83,4110.82,8.16,8.14,0.77,71.94,597
20682,RED RETROSPOT CHILDRENS UMBRELLA,4171.33,1235,237,138,65.0,20.0,0.0,4106.33,1.56,1.56,3.38,71.98,598
23009,I LOVE LONDON BABY GIFT SET,4082.52,263,103,48,0.0,0.0,0.0,4082.52,0.0,0.0,15.52,72.02,599
22596,CHRISTMAS STAR WISH LIST CHALKBOARD,4110.42,3476,262,196,30.72,25.0,0.0,4079.7,0.75,0.75,1.18,72.06,600
22489,PACK OF 12 TRADITIONAL CRAYONS,4072.13,9719,443,232,0.84,2.0,0.0,4071.29,0.02,0.02,0.42,72.11,601
22061,LARGE CAKE STAND  HANGING STRAWBERY,4218.06,582,146,86,149.05,16.0,0.0,4069.01,3.53,3.53,7.25,72.15,602
23255,CHILDRENS CUTLERY CIRCUS PARADE,4097.22,1014,158,116,37.35,9.0,4.15,4059.87,0.91,0.81,4.04,72.19,603
21116,OWL DOORSTOP,4051.79,695,251,81,0.0,0.0,0.0,4051.79,0.0,0.0,5.83,72.23,604
21704,BAG 250G SWIRLY MARBLES,4039.28,5144,248,137,3.86,5.0,0.0,4035.42,0.1,0.1,0.79,72.27,605
23193,BUFFALO BILL TREASURE BOOK BOX,4079.28,1922,175,109,45.0,20.0,0.0,4034.28,1.1,1.1,2.12,72.31,606
23340,VINTAGE CHRISTMAS CAKE FRILL,4034.08,2500,151,112,0.0,0.0,0.0,4034.08,0.0,0.0,1.61,72.35,607
22219,LOVEBIRD HANGING DECORATION WHITE,4033.73,4133,544,190,22.1,26.0,0.0,4011.63,0.55,0.55,0.98,72.4,608
72351B,SET/6 PINK  BUTTERFLY T-LIGHTS,4007.85,2096,186,87,6.3,3.0,0.0,4001.55,0.16,0.16,1.91,72.44,609
22841,ROUND CAKE TIN VINTAGE GREEN,4101.77,529,213,156,103.35,13.0,0.0,3998.42,2.52,2.52,7.75,72.48,610
22896,PEG BAG APPLES DESIGN,4043.36,1584,288,144,45.9,18.0,0.0,3997.46,1.14,1.14,2.55,72.52,611
23129,HEART SHAPED HOLLY WREATH,3999.5,950,172,138,4.15,1.0,0.0,3995.35,0.1,0.1,4.21,72.56,612
23194,GYMKHANA TREASURE BOOK BOX,4077.37,1835,214,142,83.25,37.0,0.0,3994.12,2.04,2.04,2.22,72.6,613
22577,WOODEN HEART CHRISTMAS SCANDINAVIAN,4075.36,10608,538,343,83.05,101.0,0.0,3992.31,2.04,2.04,0.38,72.64,614
23081,GREEN METAL BOX ARMY SUPPLIES,4038.25,483,139,80,49.5,6.0,0.0,3988.75,1.23,1.23,8.36,72.68,615
22431,WATERING CAN BLUE ELEPHANT,3998.71,2058,334,159,15.6,8.0,11.7,3983.11,0.39,0.1,1.94,72.72,616
20675,BLUE POLKADOT BOWL,3983.12,3120,322,149,15.0,12.0,5.0,3968.12,0.38,0.25,1.28,72.76,617
23130,MISTLETOE HEART WREATH GREEN,3988.98,962,184,139,37.35,9.0,0.0,3951.63,0.94,0.94,4.15,72.8,618
23486,ANTIQUE HEART SHELF UNIT,4145.47,275,74,64,199.65,13.0,0.0,3945.82,4.82,4.82,15.07,72.84,619
22649,STRAWBERRY FAIRY CAKE TEAPOT,4132.88,795,200,86,195.2,40.0,4.95,3937.68,4.72,4.61,5.2,72.88,620
22131,FOOD CONTAINER SET 3 LOVE HEART,3936.59,2031,291,115,1.95,1.0,1.95,3934.64,0.05,0.0,1.94,72.92,621
22274,FELTCRAFT DOLL EMILY,3953.48,1340,267,168,20.65,7.0,0.0,3932.83,0.52,0.52,2.95,72.96,622
23557,LANDMARK FRAME BAKER STREET,3930.27,350,32,25,0.0,0.0,0.0,3930.27,0.0,0.0,11.23,73.0,623
22951,60 CAKE CASES DOLLY GIRL DESIGN,3990.2,7481,437,237,66.0,120.0,13.2,3924.2,1.65,1.33,0.53,73.05,624
22117,METAL SIGN HER DINNER IS SERVED,3896.45,1320,95,58,0.0,0.0,0.0,3896.45,0.0,0.0,2.95,73.08,625
22148,EASTER CRAFT 4 CHICKS,3917.45,1933,186,148,29.25,15.0,0.0,3888.2,0.75,0.75,2.03,73.12,626
23552,BICYCLE PUNCTURE REPAIR KIT,3881.91,1863,116,93,0.0,0.0,0.0,3881.91,0.0,0.0,2.08,73.16,627
22222,CAKE PLATE LOVEBIRD WHITE,3880.2,1057,222,104,0.0,0.0,0.0,3880.2,0.0,0.0,3.67,73.2,628
21041,RED RETROSPOT OVEN GLOVE DOUBLE,3888.98,914,255,100,8.85,3.0,0.0,3880.13,0.23,0.23,4.25,73.24,629
23049,RECYCLED ACAPULCO MAT RED,3896.84,456,186,103,24.75,3.0,16.5,3872.09,0.64,0.21,8.55,73.28,630
21749,LARGE RED RETROSPOT WINDMILL,3877.09,1963,140,80,16.8,8.0,0.0,3860.29,0.43,0.43,1.98,73.32,631
84792,ENCHANTED BIRD COATHANGER 5 HOOK,3974.32,833,241,125,114.69,29.0,0.0,3859.63,2.89,2.89,4.77,73.36,632
22942,CHRISTMAS LIGHTS 10 SANTAS,4460.54,608,152,111,604.35,76.0,0.0,3856.19,13.55,13.55,7.34,73.4,633
23110,PARISIENNE KEY CABINET,4147.18,700,255,157,293.25,51.0,0.0,3853.93,7.07,7.07,5.92,73.44,634
21716,BOYS VINTAGE TIN SEASIDE BUCKET,3872.92,1425,244,112,20.4,8.0,0.0,3852.52,0.53,0.53,2.72,73.48,635
22350,ILLUSTRATED CAT BOWL,3822.12,1410,120,63,2.55,1.0,0.0,3819.57,0.07,0.07,2.71,73.52,636
23253,16 PIECE CUTLERY SET PANTRY DESIGN,3848.86,258,70,44,31.9,2.0,0.0,3816.96,0.83,0.83,14.92,73.56,637
21243,PINK  POLKADOT PLATE,3827.16,2285,210,103,13.52,8.0,13.52,3813.64,0.35,0.0,1.67,73.6,638
37370,RETRO COFFEE MUGS ASSORTED,3839.01,2567,159,72,27.8,23.0,0.0,3811.21,0.72,0.72,1.5,73.64,639
23131,MISTLETOE HEART WREATH CREAM,3835.98,942,115,91,24.9,6.0,0.0,3811.08,0.65,0.65,4.07,73.68,640
21110,LARGE CAKE TOWEL PINK SPOTS,3815.7,1105,134,62,13.5,2.0,0.0,3802.2,0.35,0.35,3.45,73.71,641
22980,PANTRY SCRUBBING BRUSH,3910.01,2363,291,198,124.05,81.0,69.6,3785.96,3.17,1.42,1.65,73.75,642
23032,DRAWER KNOB CRACKLE GLAZE IVORY,3853.68,2328,199,117,75.9,46.0,0.0,3777.78,1.97,1.97,1.66,73.79,643
22578,WOODEN STAR CHRISTMAS SCANDINAVIAN,3876.54,10460,512,332,112.49,133.0,0.0,3764.05,2.9,2.9,0.37,73.83,644
21244,BLUE POLKADOT PLATE,3789.32,2282,196,107,25.35,15.0,8.45,3763.97,0.67,0.45,1.66,73.87,645
23542,WALL ART 70'S ALPHABET,3800.16,506,89,55,48.7,6.0,0.0,3751.46,1.28,1.28,7.51,73.91,646
21746,SMALL RED RETROSPOT WINDMILL,3766.93,3075,226,122,18.75,15.0,0.0,3748.18,0.5,0.5,1.23,73.95,647
23299,FOOD COVER WITH BEADS SET 2,3772.88,1012,146,110,30.0,8.0,0.0,3742.88,0.8,0.8,3.73,73.98,648
22195,LARGE HEART MEASURING SPOONS,3720.66,1976,373,148,1.65,1.0,0.0,3719.01,0.04,0.04,1.88,74.02,649
22956,36 FOIL HEART CAKE CASES,3983.39,2050,198,144,283.2,152.0,0.0,3700.19,7.11,7.11,1.94,74.06,650
22809,SET OF 6 T-LIGHTS SANTA,3781.2,1240,204,141,83.7,30.0,35.4,3697.5,2.21,1.29,3.05,74.1,651
22842,BISCUIT TIN VINTAGE RED,3823.21,589,162,120,127.45,19.0,0.0,3695.76,3.33,3.33,6.49,74.14,652
23127,FELTCRAFT GIRL NICOLE KIT,3759.0,736,194,146,64.35,13.0,0.0,3694.65,1.71,1.71,5.11,74.17,653
22854,CREAM SWEETHEART EGG HOLDER,3708.52,767,161,123,14.85,3.0,0.0,3693.67,0.4,0.4,4.84,74.21,654
23092,LARGE ANTIQUE WHITE PHOTO FRAME,3757.78,523,135,96,77.75,10.0,0.0,3680.03,2.07,2.07,7.19,74.25,655
23182,TOILET SIGN OCCUPIED OR VACANT,3688.21,3741,433,140,11.62,14.0,0.0,3676.59,0.32,0.32,0.99,74.29,656
22890,NOVELTY BISCUITS CAKE STAND 3 TIER,3939.87,385,165,94,268.25,29.0,9.95,3671.62,6.81,6.57,10.23,74.32,657
21890,S/6 WOODEN SKITTLES IN COTTON BAG,3674.11,1147,231,143,18.4,6.0,0.0,3655.71,0.5,0.5,3.2,74.36,658
22212,FOUR HOOK  WHITE LOVEBIRDS,3700.94,1609,399,145,50.4,24.0,0.0,3650.54,1.36,1.36,2.3,74.4,659
23013,GLASS APOTHECARY BOTTLE TONIC,3674.16,924,223,135,23.7,6.0,0.0,3650.46,0.65,0.65,3.98,74.44,660
21531,RED RETROSPOT SUGAR JAM BOWL,3682.17,1516,246,143,36.45,15.0,0.0,3645.72,0.99,0.99,2.43,74.47,661
22738,RIBBON REEL SNOWY VILLAGE,3829.67,2173,275,147,190.5,130.0,0.0,3639.17,4.97,4.97,1.76,74.51,662
23497,CLASSIC CHROME BICYCLE BELL,3656.02,2558,195,150,17.4,12.0,17.4,3638.62,0.48,0.0,1.43,74.55,663
22378,WALL TIDY RETROSPOT,3638.57,2283,293,69,2.1,1.0,0.0,3636.47,0.06,0.06,1.59,74.59,664
23191,BUNDLE OF 3 RETRO NOTE BOOKS,3628.89,2201,281,182,4.95,3.0,0.0,3623.94,0.14,0.14,1.65,74.62,665
22468,BABUSHKA LIGHTS STRING OF 10,3633.17,517,153,82,19.45,3.0,0.0,3613.72,0.54,0.54,7.03,74.66,666
23091,ZINC HERB GARDEN CONTAINER,3656.32,580,209,160,43.75,7.0,6.25,3612.57,1.2,1.03,6.3,74.7,667
22053,EMPIRE DESIGN ROSETTE,3606.42,4244,28,23,1.25,1.0,0.0,3605.17,0.03,0.03,0.85,74.73,668
23294,SET OF 6 SNACK LOAF BAKING CASES,3607.81,4392,354,214,10.79,13.0,1.66,3597.02,0.3,0.25,0.82,74.77,669
85053,FRENCH ENAMEL CANDLEHOLDER,3649.49,1693,317,157,57.16,28.0,0.0,3592.33,1.57,1.57,2.16,74.81,670
22493,PAINT YOUR OWN CANVAS SET,3986.64,2461,220,125,396.45,273.0,0.0,3590.19,9.94,9.94,1.62,74.84,671
21658,GLASS  BEURRE DISH,3709.78,878,212,82,124.58,32.0,0.0,3585.2,3.36,3.36,4.23,74.88,672
21260,FIRST AID TIN,3722.23,1161,166,104,139.75,43.0,0.0,3582.48,3.75,3.75,3.21,74.92,673
85132C,CHARLIE AND LOLA FIGURES TINS,3587.19,1523,214,96,9.75,5.0,1.95,3577.44,0.27,0.22,2.36,74.95,674
22348,TEA BAG PLATE RED RETROSPOT,3583.29,4084,358,144,10.2,12.0,0.0,3573.09,0.28,0.28,0.88,74.99,675
21494,ROTATING LEAVES T-LIGHT HOLDER,3571.33,1928,313,79,2.5,2.0,0.0,3568.83,0.07,0.07,1.85,75.03,676
22926,IVORY GIANT GARDEN THERMOMETER,3656.85,594,195,140,89.25,15.0,47.6,3567.6,2.44,1.15,6.16,75.06,677
22812,PACK 3 BOXES CHRISTMAS PANNETONE,3608.3,1725,185,98,40.95,21.0,23.4,3567.35,1.13,0.49,2.09,75.1,678
22908,PACK OF 20 NAPKINS RED APPLES,3569.58,4380,375,212,2.55,3.0,0.0,3567.03,0.07,0.07,0.81,75.14,679
23111,PARISIENNE SEWING BOX,3839.24,312,138,80,283.2,24.0,0.0,3556.04,7.38,7.38,12.31,75.17,680
22739,RIBBON REEL CHRISTMAS SOCK BAUBLE,3556.97,1818,318,168,16.5,10.0,0.0,3540.47,0.46,0.46,1.96,75.21,681
23332,IVORY WICKER HEART LARGE,3542.71,2059,287,207,3.3,2.0,0.0,3539.41,0.09,0.09,1.72,75.25,682
84968C,SET OF 16 VINTAGE PISTACHIO CUTLERY,3585.99,317,104,36,51.0,4.0,0.0,3534.99,1.42,1.42,11.31,75.28,683
20717,STRAWBERRY SHOPPER BAG,3561.98,2855,412,150,27.5,22.0,0.0,3534.48,0.77,0.77,1.25,75.32,684
22800,ANTIQUE TALL SWIRLGLASS TRINKET POT,3560.74,870,203,109,37.5,10.0,0.0,3523.24,1.05,1.05,4.09,75.35,685
22688,DOORMAT PEACE ON EARTH BLUE,3519.66,705,32,26,0.0,0.0,0.0,3519.66,0.0,0.0,4.99,75.39,686
21992,VINTAGE PAISLEY STATIONERY SET,3510.72,1901,436,160,0.0,0.0,0.0,3510.72,0.0,0.0,1.85,75.43,687
21715,GIRLS VINTAGE TIN SEASIDE BUCKET,3507.17,1330,231,116,0.0,0.0,0.0,3507.17,0.0,0.0,2.64,75.46,688
23189,SET OF 12 FORK CANDLES,3507.51,1249,141,89,2.89,1.0,0.0,3504.62,0.08,0.08,2.81,75.5,689
21703,BAG 125G SWIRLY MARBLES,3528.89,9390,294,175,36.54,87.0,25.2,3492.35,1.04,0.32,0.38,75.53,690
23353,6 GIFT TAGS VINTAGE CHRISTMAS,3510.05,4007,327,227,19.92,24.0,0.0,3490.13,0.57,0.57,0.88,75.57,691
21527,RED RETROSPOT TRADITIONAL TEAPOT,3724.99,477,144,95,260.3,34.0,0.0,3464.69,6.99,6.99,7.81,75.6,692
21745,GAOLERS KEYS DECORATIVE GARDEN,3475.73,935,214,115,15.0,4.0,0.0,3460.73,0.43,0.43,3.72,75.64,693
21974,SET OF 36 PAISLEY FLOWER DOILIES,3545.6,2219,360,177,88.45,61.0,1.45,3457.15,2.49,2.45,1.6,75.67,694
23085,ANTIQUE SILVER BAUBLE LAMP,3583.23,376,78,64,128.75,13.0,0.0,3454.48,3.59,3.59,9.53,75.71,695
84508A,CAMOUFLAGE DESIGN TEDDY,3448.05,1631,36,17,2.55,1.0,0.0,3445.5,0.07,0.07,2.11,75.75,696
21238,RED RETROSPOT CUP,3488.44,3969,387,160,43.22,51.0,17.0,3445.22,1.24,0.76,0.88,75.78,697
21385,IVORY HANGING DECORATION  HEART,3442.45,3883,317,153,1.7,2.0,0.0,3440.75,0.05,0.05,0.89,75.82,698
22065,CHRISTMAS PUDDING TRINKET POT,3462.25,6729,241,132,22.02,22.0,0.0,3440.23,0.64,0.64,0.51,75.85,699
21588,RETROSPOT GIANT TUBE MATCHES,3442.5,1494,132,99,2.55,1.0,0.0,3439.95,0.07,0.07,2.3,75.89,700
23388,WOODLAND MINI BACKPACK,3432.09,821,154,115,0.0,0.0,0.0,3432.09,0.0,0.0,4.18,75.92,701
22669,RED BABY BUNTING,3559.0,1128,234,143,127.5,50.0,0.0,3431.5,3.58,3.58,3.16,75.96,702
22435,SET OF 9 HEART SHAPED BALLOONS,3445.5,2757,266,153,15.0,12.0,0.0,3430.5,0.44,0.44,1.25,75.99,703
23426,METAL SIGN DROP YOUR PANTS,3444.43,1275,206,126,17.34,6.0,17.34,3427.09,0.5,0.0,2.7,76.03,704
23536,WALL ART VILLAGE SHOW,3442.13,626,85,68,23.8,4.0,0.0,3418.33,0.69,0.69,5.5,76.06,705
22760,"TRAY, BREAKFAST IN BED",3491.86,275,80,50,74.7,6.0,0.0,3417.16,2.14,2.14,12.7,76.1,706
23232,WRAP VINTAGE LEAF DESIGN,3436.92,8526,238,188,21.42,51.0,10.92,3415.5,0.62,0.31,0.4,76.13,707
23350,ROLL WRAP VINTAGE SPOT,3445.08,2712,305,205,30.0,24.0,0.0,3415.08,0.87,0.87,1.27,76.17,708
23065,LARGE DECO JEWELLERY STAND,3427.44,273,99,81,12.5,1.0,0.0,3414.94,0.36,0.36,12.55,76.2,709
21497,FANCY FONTS BIRTHDAY WRAP,3409.0,8550,230,177,0.0,0.0,0.0,3409.0,0.0,0.0,0.4,76.24,710
22782,SET 3 WICKER STORAGE BASKETS,3399.95,241,74,65,0.0,0.0,0.0,3399.95,0.0,0.0,14.11,76.27,711
23014,GLASS APOTHECARY BOTTLE ELIXIR,3419.58,856,209,122,35.55,9.0,0.0,3384.03,1.04,1.04,3.99,76.31,712
22311,OFFICE MUG WARMER BLACK+SILVER,3403.76,1132,142,61,20.65,7.0,0.0,3383.11,0.61,0.61,3.01,76.34,713
22029,SPACEBOY BIRTHDAY CARD,3387.57,8161,527,234,5.04,12.0,0.0,3382.53,0.15,0.15,0.42,76.38,714
23354,6 GIFT TAGS 50'S CHRISTMAS,3429.4,3740,322,235,49.8,60.0,29.88,3379.6,1.45,0.59,0.92,76.41,715
22300,COFFEE MUG DOG + BALL DESIGN,3409.21,1528,196,100,33.15,13.0,0.0,3376.06,0.97,0.97,2.23,76.44,716
23156,SET OF 5 MINI GROCERY MAGNETS,3423.29,1665,205,117,49.92,24.0,0.0,3373.37,1.46,1.46,2.06,76.48,717
47567B,TEA TIME KITCHEN APRON,3414.5,602,133,81,46.3,8.0,0.0,3368.2,1.36,1.36,5.67,76.51,718
22687,DOORMAT CHRISTMAS VILLAGE,3354.22,590,52,30,0.0,0.0,0.0,3354.22,0.0,0.0,5.69,76.55,719
79000,MOROCCAN TEA GLASS,3357.34,4162,125,69,6.05,9.0,0.0,3351.29,0.18,0.18,0.81,76.58,720
22563,HAPPY STENCIL CRAFT,3348.18,2823,281,171,1.25,1.0,0.0,3346.93,0.04,0.04,1.19,76.62,721
82580,BATHROOM METAL SIGN,3473.21,5881,631,210,127.0,290.0,0.0,3346.21,3.66,3.66,0.59,76.65,722
21993,FLORAL FOLK STATIONERY SET,3355.84,1937,425,151,15.0,12.0,15.0,3340.84,0.45,0.0,1.73,76.68,723
23210,WHITE ROCKING HORSE HAND PAINTED,3551.53,2849,192,115,219.76,200.0,25.0,3331.77,6.19,5.52,1.25,76.72,724
22180,RETROSPOT LAMP,3521.54,330,155,92,194.65,20.0,0.0,3326.89,5.53,5.53,10.67,76.75,725
22653,BUTTON BOX,3378.5,1876,250,73,58.5,30.0,0.0,3320.0,1.73,1.73,1.8,76.79,726
21429,RED GINGHAM ROSE JEWELLERY BOX,3391.15,1740,286,147,74.1,42.0,0.0,3317.05,2.19,2.19,1.95,76.82,727
22432,WATERING CAN PINK BUNNY,3342.82,1716,277,158,27.3,14.0,11.7,3315.52,0.82,0.47,1.95,76.85,728
22165,"DIAMANTE HEART SHAPED WALL MIRROR,",3328.2,415,146,27,12.75,1.0,12.75,3315.45,0.38,0.0,8.02,76.89,729
84032A,CHARLIE+LOLA PINK HOT WATER BOTTLE,3384.98,1003,313,78,82.6,28.0,0.0,3302.38,2.44,2.44,3.37,76.92,730
22855,FINE WICKER HEART,3301.73,2642,237,152,15.0,12.0,15.0,3286.73,0.45,0.0,1.25,76.96,731
22079,RIBBON REEL HEARTS DESIGN,3325.29,1897,323,190,49.5,30.0,0.0,3275.79,1.49,1.49,1.75,76.99,732
23308,SET OF 60 VINTAGE LEAF CAKE CASES,3272.61,6139,382,209,0.0,0.0,0.0,3272.61,0.0,0.0,0.53,77.02,733
22460,EMBOSSED GLASS TEALIGHT HOLDER,3273.5,2546,211,118,23.75,19.0,0.0,3249.75,0.73,0.73,1.29,77.06,734
23053,RECYCLED ACAPULCO MAT PINK,3254.32,364,164,105,8.25,1.0,0.0,3246.07,0.25,0.25,8.94,77.09,735
22244,3 HOOK HANGER MAGIC GARDEN,3276.21,1703,159,66,31.2,16.0,0.0,3245.01,0.95,0.95,1.92,77.12,736
23239,SET OF 4 KNICK KNACK TINS POPPIES,3353.84,842,178,125,115.8,28.0,0.0,3238.04,3.45,3.45,3.98,77.16,737
22187,GREEN CHRISTMAS TREE CARD HOLDER,3245.68,1266,192,123,14.7,4.0,0.0,3230.98,0.45,0.45,2.56,77.19,738
23395,BELLE JARDINIERE CUSHION COVER,3257.08,748,210,141,26.25,7.0,0.0,3230.83,0.81,0.81,4.35,77.22,739
22567,20 DOLLY PEGS RETROSPOT,3251.6,2448,222,135,32.7,26.0,0.0,3218.9,1.01,1.01,1.33,77.25,740
21463,MIRRORED DISCO BALL,3435.05,649,134,77,216.9,42.0,0.0,3218.15,6.31,6.31,5.29,77.29,741
22962,JAM JAR WITH PINK LID,3288.11,3896,342,180,72.12,85.0,0.0,3215.99,2.19,2.19,0.84,77.32,742
22746,POPPY'S PLAYHOUSE LIVINGROOM,3236.54,1447,328,179,25.2,12.0,0.0,3211.34,0.78,0.78,2.24,77.35,743
20973,12 PENCIL SMALL TUBE WOODLAND,3210.27,4497,355,191,2.6,4.0,0.0,3207.67,0.08,0.08,0.71,77.39,744
23051,RECYCLED ACAPULCO MAT BLUE,3223.49,365,162,95,16.5,2.0,0.0,3206.99,0.51,0.51,8.83,77.42,745
22967,SET 3 SONG BIRD PAPER EGGS ASSORTED,3271.41,1171,138,122,64.9,22.0,0.0,3206.51,1.98,1.98,2.79,77.45,746
23035,DRAWER KNOB CERAMIC IVORY,3199.99,2191,191,110,13.05,9.0,0.0,3186.94,0.41,0.41,1.46,77.48,747
23230,WRAP ALPHABET DESIGN,3217.92,7976,235,178,31.5,75.0,10.5,3186.42,0.98,0.65,0.4,77.52,748
22491,PACK OF 12 COLOURED PENCILS,3183.63,3947,219,162,10.2,12.0,0.0,3173.43,0.32,0.32,0.81,77.55,749
23342,MINT DINER WALL CLOCK,3176.41,373,163,105,8.5,1.0,0.0,3167.91,0.27,0.27,8.52,77.58,750
21115,ROSE CARAVAN DOORSTOP,3162.24,562,162,104,0.0,0.0,0.0,3162.24,0.0,0.0,5.63,77.61,751
21868,POTTING SHED TEA MUG,3259.75,2477,302,153,99.41,85.0,0.0,3160.34,3.05,3.05,1.32,77.65,752
22430,ENAMEL WATERING CAN CREAM,3241.34,617,195,131,99.0,20.0,0.0,3142.34,3.05,3.05,5.25,77.68,753
23323,WHITE WICKER STAR,3146.78,1469,294,210,6.3,3.0,0.0,3140.48,0.2,0.2,2.14,77.71,754
84968A,SET OF 16 VINTAGE ROSE CUTLERY,3264.63,272,101,32,127.5,10.0,0.0,3137.13,3.91,3.91,12.0,77.74,755
23393,HOME SWEET HOME CUSHION COVER,3207.91,801,229,165,78.75,21.0,0.0,3129.16,2.45,2.45,4.0,77.78,756
21561,DINOSAUR LUNCH BOX WITH CUTLERY,3127.38,1281,213,116,5.1,2.0,0.0,3122.28,0.16,0.16,2.44,77.81,757
22236,CAKE STAND 3 TIER MAGIC GARDEN,3624.6,308,88,67,508.95,45.0,0.0,3115.65,14.04,14.04,11.77,77.84,758
23346,SPACEBOY BEAKER,3112.34,2628,184,106,7.5,6.0,0.0,3104.84,0.24,0.24,1.18,77.87,759
22465,HANGING METAL STAR LANTERN,3141.54,2053,198,119,42.15,27.0,0.0,3099.39,1.34,1.34,1.53,77.9,760
21381,MINI WOODEN HAPPY BIRTHDAY GARLAND,3131.24,1811,224,88,42.25,25.0,0.0,3088.99,1.35,1.35,1.73,77.93,761
20754,RETROSPOT RED WASHING UP GLOVES,3088.86,1457,304,153,2.1,1.0,0.0,3086.76,0.07,0.07,2.12,77.97,762
21240,BLUE POLKADOT CUP,3110.26,3570,325,149,30.34,36.0,17.0,3079.92,0.98,0.43,0.87,78.0,763
21135,VICTORIAN  METAL POSTCARD SPRING,3206.0,2869,177,122,128.72,296.0,121.96,3077.28,4.01,0.22,1.12,78.03,764
20828,GLITTER BUTTERFLY CLIPS,3074.78,1128,241,116,0.0,0.0,0.0,3074.78,0.0,0.0,2.73,78.06,765
22604,SET OF 4 NAPKIN CHARMS CUTLERY,3039.66,1251,125,77,0.0,0.0,0.0,3039.66,0.0,0.0,2.43,78.09,766
23329,DECORATIVE WICKER HEART LARGE,3038.19,1767,233,168,4.95,3.0,0.0,3033.24,0.16,0.16,1.72,78.12,767
22894,TABLECLOTH RED APPLES DESIGN,3027.38,305,122,82,0.0,0.0,0.0,3027.38,0.0,0.0,9.93,78.15,768
23461,SWEETHEART BIRD HOUSE,3041.21,847,94,75,16.6,4.0,0.0,3024.61,0.55,0.55,3.59,78.18,769
23390,DOLLY GIRL MINI BACKPACK,3025.59,747,163,117,4.15,1.0,0.0,3021.44,0.14,0.14,4.05,78.22,770
22592,CARDHOLDER HOLLY WREATH METAL,3021.12,658,135,79,7.5,2.0,0.0,3013.62,0.25,0.25,4.59,78.25,771
22972,CHILDREN'S SPACEBOY MUG,3067.64,1795,229,139,56.1,34.0,0.0,3011.54,1.83,1.83,1.71,78.28,772
23231,WRAP DOILEY DESIGN,3008.34,7277,260,190,0.0,0.0,0.0,3008.34,0.0,0.0,0.41,78.31,773
85184C,S/4 VALENTINE DECOUPAGE HEART BOX,2997.42,1654,195,116,0.0,0.0,0.0,2997.42,0.0,0.0,1.81,78.34,774
21714,CITRONELLA CANDLE GARDEN POT,3010.65,1651,225,106,25.0,20.0,0.0,2985.65,0.83,0.83,1.82,78.37,775
21201,TROPICAL  HONEYCOMB PAPER GARLAND,2987.82,1240,101,44,2.55,1.0,0.0,2985.27,0.09,0.09,2.41,78.4,776
22644,CERAMIC CHERRY CAKE MONEY BANK,2986.97,2214,276,146,13.05,9.0,0.0,2973.92,0.44,0.44,1.35,78.43,777
22331,WOODLAND PARTY BAG + STICKER SET,2975.14,1840,183,101,3.3,2.0,0.0,2971.84,0.11,0.11,1.62,78.46,778
16161P,WRAP ENGLISH ROSE,2980.42,7201,248,189,10.5,25.0,0.0,2969.92,0.35,0.35,0.41,78.49,779
23242,TREASURE TIN BUFFALO BILL,3024.63,1470,214,132,56.16,27.0,2.08,2968.47,1.86,1.79,2.06,78.52,780
22906,12 MESSAGE CARDS WITH ENVELOPES,2947.87,1733,251,150,1.65,1.0,0.0,2946.22,0.06,0.06,1.7,78.55,781
21918,SET 12 KIDS COLOUR  CHALK STICKS,2950.25,7199,369,193,6.72,16.0,0.42,2943.53,0.23,0.21,0.41,78.58,782
21625,VINTAGE UNION JACK APRON,2939.51,407,169,97,0.0,0.0,0.0,2939.51,0.0,0.0,7.22,78.61,783
21411,GINGHAM HEART  DOORSTOP RED,2961.83,785,241,147,25.5,6.0,0.0,2936.33,0.86,0.86,3.77,78.64,784
22778,GLASS CLOCHE SMALL,3146.82,808,143,80,223.12,64.0,0.0,2923.7,7.09,7.09,3.89,78.67,785
22078,RIBBON REEL LACE DESIGN,2923.21,1369,192,105,0.0,0.0,0.0,2923.21,0.0,0.0,2.14,78.7,786
85174,S/4 CACTI CANDLES,2927.08,613,157,55,14.15,3.0,0.0,2912.93,0.48,0.48,4.78,78.73,787
22360,GLASS JAR ENGLISH CONFECTIONERY,3192.82,1010,214,102,282.0,104.0,0.0,2910.82,8.83,8.83,3.16,78.76,788
22777,GLASS CLOCHE LARGE,2951.53,352,58,37,41.65,5.0,0.0,2909.88,1.41,1.41,8.39,78.79,789
21810,CHRISTMAS HANGING STAR WITH BELL,2981.84,5840,252,129,73.75,59.0,60.0,2908.09,2.47,0.47,0.51,78.82,790
22892,SET OF SALT AND PEPPER TOADSTOOLS,3021.6,2472,199,117,115.19,96.0,0.0,2906.41,3.81,3.81,1.22,78.85,791
23211,RED ROCKING HORSE HAND PAINTED,2930.57,2329,160,82,30.0,24.0,0.0,2900.57,1.02,1.02,1.26,78.88,792
47559B,TEA TIME OVEN GLOVE,2927.55,2180,315,152,37.5,30.0,0.0,2890.05,1.28,1.28,1.34,78.91,793
21112,"SWISS ROLL TOWEL, PINK  SPOTS",2885.13,1359,82,37,0.0,0.0,0.0,2885.13,0.0,0.0,2.12,78.94,794
22656,VINTAGE BLUE KITCHEN CABINET,3685.0,26,20,17,800.0,6.0,125.0,2885.0,21.71,18.96,141.73,78.97,795
22810,SET OF 6 T-LIGHTS SNOWMEN,3022.08,944,165,106,140.1,54.0,0.0,2881.98,4.64,4.64,3.2,79.0,796
23290,SPACEBOY CHILDRENS BOWL,2890.35,2430,214,125,12.5,10.0,0.0,2877.85,0.43,0.43,1.19,79.03,797
23345,DOLLY GIRL BEAKER,2886.25,2451,174,100,8.75,7.0,0.0,2877.5,0.3,0.3,1.18,79.06,798
21313,GLASS HEART T-LIGHT HOLDER,2893.77,3321,214,96,23.62,31.0,0.64,2870.15,0.82,0.79,0.87,79.09,799
22354,RETROSPOT PADDED SEAT CUSHION,2860.98,750,83,43,3.39,1.0,0.0,2857.59,0.12,0.12,3.81,79.12,800
21990,MODERN FLORAL STATIONERY SET,2870.0,1672,366,127,15.0,12.0,0.0,2855.0,0.52,0.52,1.72,79.14,801
21976,PACK OF 60 MUSHROOM CAKE CASES,2869.9,5199,393,181,15.95,29.0,0.0,2853.95,0.56,0.56,0.55,79.17,802
22774,RED DRAWER KNOB ACRYLIC EDWARDIAN,2871.75,2254,140,56,19.81,16.0,0.0,2851.94,0.69,0.69,1.27,79.2,803
23504,PLAYING CARDS JUBILEE UNION JACK,2848.89,1927,208,164,0.0,0.0,0.0,2848.89,0.0,0.0,1.48,79.23,804
23427,STOOL HOME SWEET HOME,2860.58,237,114,87,22.9,2.0,0.0,2837.68,0.8,0.8,12.07,79.26,805
22843,BISCUIT TIN VINTAGE GREEN,2904.52,450,126,92,67.5,10.0,0.0,2837.02,2.32,2.32,6.45,79.29,806
22965,3 TRADITIONAL BISCUIT CUTTERS  SET,2910.61,1371,236,171,79.8,38.0,0.0,2830.81,2.74,2.74,2.12,79.32,807
23196,VINTAGE LEAF MAGNETIC NOTEPAD,2842.24,1872,298,170,18.85,13.0,0.0,2823.39,0.66,0.66,1.52,79.35,808
22426,ENAMEL WASH BOWL CREAM,2855.21,742,208,104,45.0,12.0,0.0,2810.21,1.58,1.58,3.85,79.38,809
22945,CHRISTMAS METAL TAGS ASSORTED,3008.92,2991,172,118,200.58,258.0,108.78,2808.34,6.67,3.17,1.01,79.41,810
21563,RED HEART SHAPE LOVE BUCKET,2803.13,1395,159,95,0.0,0.0,0.0,2803.13,0.0,0.0,2.01,79.43,811
22476,EMPIRE UNION JACK TV DINNER TRAY,2839.21,880,125,61,39.6,8.0,39.6,2799.61,1.39,0.0,3.23,79.46,812
35004B,SET OF 3 BLACK FLYING DUCKS,2934.81,577,111,30,136.8,30.0,0.0,2798.01,4.66,4.66,5.09,79.49,813
23212,HEART WREATH DECORATION WITH BELL,2860.89,2296,186,104,75.0,60.0,45.0,2785.89,2.62,1.07,1.25,79.52,814
21109,LARGE CAKE TOWEL CHOCOLATE SPOTS,2763.2,936,112,54,0.0,0.0,0.0,2763.2,0.0,0.0,2.95,79.55,815
23190,BUNDLE OF 3 SCHOOL EXERCISE BOOKS,2761.9,1702,202,145,3.3,2.0,1.65,2758.6,0.12,0.06,1.62,79.58,816
22224,WHITE LOVEBIRD LANTERN,2764.06,834,164,89,11.8,4.0,0.0,2752.26,0.43,0.43,3.31,79.6,817
22794,SWEETHEART WIRE MAGAZINE RACK,2784.9,326,182,114,39.75,5.0,0.0,2745.15,1.43,1.43,8.54,79.63,818
22823,CHEST NATURAL WOOD 20 DRAWERS,2745.0,24,13,13,0.0,0.0,0.0,2745.0,0.0,0.0,114.38,79.66,819
23341,PINK DINER WALL CLOCK,2741.35,307,121,75,0.0,0.0,0.0,2741.35,0.0,0.0,8.93,79.69,820
22072,RED RETROSPOT TEA CUP AND SAUCER,2811.17,848,162,90,71.25,19.0,0.0,2739.92,2.53,2.53,3.32,79.72,821
22773,GREEN DRAWER KNOB ACRYLIC EDWARDIAN,2739.4,2075,191,82,0.0,0.0,0.0,2739.4,0.0,0.0,1.32,79.74,822
23100,SILVER BELLS TABLE DECORATION,2739.38,2166,257,180,1.25,1.0,0.0,2738.13,0.05,0.05,1.26,79.77,823
22380,TOY TIDY SPACEBOY,2815.46,1312,285,114,77.7,37.0,21.0,2737.76,2.76,2.03,2.15,79.8,824
23396,LE JARDIN BOTANIQUE CUSHION COVER,2750.53,654,196,134,15.0,4.0,0.0,2735.53,0.55,0.55,4.21,79.83,825
23147,SINGLE ANTIQUE ROSE HOOK IVORY,2752.2,1868,261,170,21.75,15.0,0.0,2730.45,0.79,0.79,1.47,79.86,826
22196,SMALL HEART MEASURING SPOONS,2754.16,2847,472,146,24.13,29.0,20.4,2730.03,0.88,0.14,0.97,79.88,827
21985,PACK OF 12 HEARTS DESIGN TISSUES,2729.51,8775,427,262,0.0,0.0,0.0,2729.51,0.0,0.0,0.31,79.91,828
23266,SET OF 3 WOODEN STOCKING DECORATION,2743.82,2053,319,201,15.0,12.0,15.0,2728.82,0.55,0.0,1.34,79.94,829
21499,BLUE POLKADOT WRAP,2809.34,6927,217,175,82.5,225.0,0.0,2726.84,2.94,2.94,0.41,79.97,830
23164,REGENCY CAKE SLICE,2718.65,578,92,70,4.95,1.0,0.0,2713.7,0.18,0.18,4.7,80.0,831
47599B,BLUE PARTY BAGS,2822.32,1480,118,69,109.2,52.0,0.0,2713.12,3.87,3.87,1.91,80.02,832
22925,BLUE GIANT GARDEN THERMOMETER,2757.47,449,182,125,47.6,8.0,0.0,2709.87,1.73,1.73,6.14,80.05,833
23489,VINTAGE BELLS GARLAND,2709.23,913,159,125,0.0,0.0,0.0,2709.23,0.0,0.0,2.97,80.08,834
84832,ZINC WILLIE WINKIE  CANDLE STICK,2712.7,2933,268,137,10.2,12.0,0.0,2702.5,0.38,0.38,0.92,80.11,835
22974,CHILDRENS DOLLY GIRL MUG,2729.69,1598,204,126,33.0,20.0,0.0,2696.69,1.21,1.21,1.71,80.13,836
22283,6 EGG HOUSE PAINTED WOOD,2726.43,299,155,82,31.8,4.0,0.0,2694.63,1.17,1.17,9.12,80.16,837
23264,SET OF 3 WOODEN SLEIGH DECORATIONS,2690.81,1963,299,177,1.25,1.0,0.0,2689.56,0.05,0.05,1.37,80.19,838
21239,PINK  POLKADOT CUP,2707.34,3016,307,141,17.85,21.0,17.0,2689.49,0.66,0.03,0.9,80.22,839
22963,JAM JAR WITH GREEN LID,2777.99,3290,307,165,90.86,115.0,0.0,2687.13,3.27,3.27,0.84,80.24,840
22702,BLACK AND WHITE CAT BOWL,2684.65,1363,49,35,0.0,0.0,0.0,2684.65,0.0,0.0,1.97,80.27,841
23333,IVORY WICKER HEART MEDIUM,2695.45,2089,233,179,15.0,12.0,0.0,2680.45,0.56,0.56,1.29,80.3,842
22660,DOORMAT I LOVE LONDON,2678.96,364,102,56,0.0,0.0,0.0,2678.96,0.0,0.0,7.36,80.33,843
84568,GIRLS ALPHABET IRON ON PATCHES,2678.33,12442,147,18,0.0,0.0,0.0,2678.33,0.0,0.0,0.22,80.35,844
23292,SPACEBOY CHILDRENS CUP,2703.33,2181,222,113,26.25,21.0,1.25,2677.08,0.97,0.93,1.24,80.38,845
22278,OVERNIGHT BAG VINTAGE ROSE PAISLEY,2704.35,405,178,59,29.7,6.0,0.0,2674.65,1.1,1.1,6.68,80.41,846
72807C,SET/3 VANILLA SCENTED CANDLE IN BOX,3186.5,726,162,83,516.7,134.0,457.2,2669.8,16.22,2.18,4.39,80.44,847
21811,HANGING HEART WITH BELL,2682.4,4850,245,119,18.72,48.0,18.72,2663.68,0.7,0.0,0.55,80.46,848
22433,WATERING CAN GREEN DINOSAUR,2667.5,1394,227,121,5.85,3.0,0.0,2661.65,0.22,0.22,1.91,80.49,849
22691,DOORMAT WELCOME SUNRISE,2678.77,371,120,65,24.15,3.0,0.0,2654.62,0.9,0.9,7.22,80.52,850
23407,SET OF 2 TRAYS HOME SWEET HOME,2709.43,265,133,103,59.7,6.0,0.0,2649.73,2.2,2.2,10.22,80.55,851
22930,BAKING MOULD HEART MILK CHOCOLATE,2846.8,1108,189,120,201.6,96.0,201.6,2645.2,7.08,0.0,2.57,80.57,852
22045,SPACEBOY GIFT WRAP,2673.34,6527,208,148,31.5,75.0,10.5,2641.84,1.18,0.79,0.41,80.6,853
22329,ROUND CONTAINER SET OF 5 RETROSPOT,2661.89,1603,238,103,28.05,17.0,0.0,2633.84,1.05,1.05,1.66,80.63,854
35961,FOLKART ZINC HEART CHRISTMAS DEC,2629.81,2986,244,116,0.85,1.0,0.0,2628.96,0.03,0.03,0.88,80.65,855
22737,RIBBON REEL CHRISTMAS PRESENT,2694.15,1388,259,148,66.0,40.0,0.0,2628.15,2.45,2.45,1.94,80.68,856
22927,GREEN GIANT GARDEN THERMOMETER,2704.71,430,148,94,83.3,14.0,47.6,2621.41,3.08,1.34,6.29,80.71,857
22582,PACK OF 6 SWEETIE GIFT BOXES,2649.35,1061,102,73,30.6,12.0,0.0,2618.75,1.16,1.16,2.5,80.73,858
22797,CHEST OF DRAWERS GINGHAM HEART,2851.36,163,91,63,237.3,14.0,0.0,2614.06,8.32,8.32,17.49,80.76,859
22792,FLUTED ANTIQUE CANDLE HOLDER,2622.93,2785,206,100,10.2,12.0,0.0,2612.73,0.39,0.39,0.94,80.79,860
22830,UTILTY CABINET WITH HOOKS,2610.29,131,6,5,0.0,0.0,0.0,2610.29,0.0,0.0,19.93,80.81,861
21012,ANTIQUE ALL GLASS CANDLESTICK,2614.05,1169,199,66,6.3,3.0,0.0,2607.75,0.24,0.24,2.24,80.84,862
22241,GARLAND WOODEN HAPPY EASTER,2609.43,1952,239,125,4.81,4.0,0.0,2604.62,0.18,0.18,1.34,80.87,863
22833,HALL CABINET WITH 3 DRAWERS,2603.53,76,5,4,0.0,0.0,0.0,2603.53,0.0,0.0,34.26,80.89,864
23054,RECYCLED ACAPULCO MAT LAVENDER,2604.93,295,130,81,8.25,1.0,0.0,2596.68,0.32,0.32,8.83,80.92,865
22564,ALPHABET STENCIL CRAFT,3057.27,2697,186,120,464.17,437.0,0.0,2593.1,15.18,15.18,1.13,80.95,866
21500,PINK POLKADOT WRAP,2593.0,6350,213,162,0.0,0.0,0.0,2593.0,0.0,0.0,0.41,80.97,867
22175,PINK OWL SOFT TOY,2594.23,877,171,84,5.9,2.0,0.0,2588.33,0.23,0.23,2.96,81.0,868
22902,TOTE BAG I LOVE LONDON,2633.28,1288,136,71,50.4,24.0,0.0,2582.88,1.91,1.91,2.04,81.03,869
22610,PENS ASSORTED FUNNY FACE,2571.4,9572,216,123,0.0,0.0,0.0,2571.4,0.0,0.0,0.27,81.05,870
22700,BLACK AND WHITE DOG BOWL,2602.18,1196,52,41,31.3,22.0,8.85,2570.88,1.2,0.87,2.18,81.08,871
22822,CREAM WALL PLANTER HEART SHAPED,2582.75,433,158,121,11.9,2.0,0.0,2570.85,0.46,0.46,5.96,81.11,872
72351A,SET/6 TURQUOISE BUTTERFLY T-LIGHTS,2561.02,1279,165,78,0.0,0.0,0.0,2561.02,0.0,0.0,2.0,81.13,873
22130,PARTY CONE CHRISTMAS DECORATION,2664.63,2277,110,78,104.53,145.0,0.0,2560.1,3.92,3.92,1.17,81.16,874
22805,BLUE DRAWER KNOB ACRYLIC EDWARDIAN,2576.03,1890,195,77,16.25,13.0,1.25,2559.78,0.63,0.58,1.36,81.18,875
84596B,SMALL DOLLY MIX DESIGN ORANGE BOWL,2564.99,5030,527,189,6.72,16.0,6.72,2558.27,0.26,0.0,0.51,81.21,876
22361,GLASS JAR DAISY FRESH COTTON WOOL,2592.33,727,268,92,35.0,12.0,0.0,2557.33,1.35,1.35,3.57,81.24,877
22762,CUPBOARD 3 DRAWER MA CAMPAGNE,2786.03,171,112,74,244.9,18.0,0.0,2541.13,8.79,8.79,16.29,81.26,878
21078,SET/20 STRAWBERRY PAPER NAPKINS,2531.04,2769,313,148,0.0,0.0,0.0,2531.04,0.0,0.0,0.91,81.29,879
22937,BAKING MOULD CHOCOLATE CUPCAKES,2563.24,972,160,122,33.15,13.0,0.0,2530.09,1.29,1.29,2.64,81.31,880
22358,KINGS CHOICE TEA CADDY,2551.22,698,255,87,23.6,8.0,0.0,2527.62,0.93,0.93,3.66,81.34,881
23681,LUNCH BAG RED VINTAGE DOILY,2525.04,1576,132,105,0.0,0.0,0.0,2525.04,0.0,0.0,1.6,81.37,882
20829,GLITTER HANGING BUTTERFLY STRING,2722.95,1314,194,90,205.26,120.0,0.0,2517.69,7.54,7.54,2.07,81.39,883
21556,CERAMIC STRAWBERRY MONEY BOX,2515.52,977,114,38,2.55,1.0,0.0,2512.97,0.1,0.1,2.57,81.42,884
22670,FRENCH WC SIGN BLUE METAL,2516.75,1882,301,141,6.25,5.0,0.0,2510.5,0.25,0.25,1.34,81.44,885
23424,GINGHAM RECIPE BOOK BOX,2509.62,462,135,87,4.95,1.0,0.0,2504.67,0.2,0.2,5.43,81.47,886
85178,VICTORIAN SEWING KIT,2822.58,2518,140,77,322.85,289.0,0.0,2499.73,11.44,11.44,1.12,81.49,887
21107,CREAM SLICE FLANNEL PINK SPOT,2492.71,901,97,48,0.0,0.0,0.0,2492.71,0.0,0.0,2.77,81.52,888
23316,RED REFECTORY CLOCK,2501.64,250,110,75,9.95,1.0,0.0,2491.69,0.4,0.4,10.01,81.55,889
22064,PINK DOUGHNUT TRINKET POT,2546.3,1728,241,85,56.15,35.0,0.0,2490.15,2.21,2.21,1.47,81.57,890
22672,FRENCH BATHROOM SIGN BLUE METAL,2511.22,1476,219,125,26.4,16.0,0.0,2484.82,1.05,1.05,1.7,81.6,891
23146,TRIPLE HOOK ANTIQUE IVORY ROSE,2645.26,798,227,151,164.1,50.0,0.0,2481.16,6.2,6.2,3.31,81.62,892
23367,SET 12 COLOUR PENCILS SPACEBOY,2491.2,3278,282,184,10.4,16.0,0.0,2480.8,0.42,0.42,0.76,81.65,893
22075,6 RIBBONS ELEGANT CHRISTMAS,2489.03,1773,200,96,19.8,12.0,0.0,2469.23,0.8,0.8,1.4,81.67,894
21452,TOADSTOOL MONEY BOX,2549.11,817,184,109,80.2,28.0,0.0,2468.91,3.15,3.15,3.12,81.7,895
21903,MAN FLU METAL SIGN,2490.13,1160,180,113,27.3,13.0,0.0,2462.83,1.1,1.1,2.15,81.72,896
22215,CAKE STAND WHITE TWO TIER LACE,2471.39,343,101,71,17.0,2.0,0.0,2454.39,0.69,0.69,7.21,81.75,897
21730,GLASS STAR FROSTED T-LIGHT HOLDER,2514.43,517,131,79,68.6,14.0,0.0,2445.83,2.73,2.73,4.86,81.77,898
23352,ROLL WRAP 50'S RED CHRISTMAS,2459.2,1800,212,151,15.0,12.0,0.0,2444.2,0.61,0.61,1.37,81.8,899
22573,STAR WOODEN CHRISTMAS DECORATION,2423.0,2684,221,127,0.0,0.0,0.0,2423.0,0.0,0.0,0.9,81.82,900
85062,PEARL CRYSTAL PUMPKIN T-LIGHT HLDR,2429.5,1462,159,97,6.6,4.0,0.0,2422.9,0.27,0.27,1.66,81.85,901
22807,SET OF 6 T-LIGHTS TOADSTOOLS,2417.73,818,195,74,0.0,0.0,0.0,2417.73,0.0,0.0,2.96,81.87,902
22811,SET OF 6 T-LIGHTS CACTI,2419.29,881,108,37,2.95,1.0,0.0,2416.34,0.12,0.12,2.75,81.9,903
22374,AIRLINE BAG VINTAGE JET SET RED,2427.52,546,223,108,17.0,4.0,8.5,2410.52,0.7,0.35,4.45,81.92,904
21328,BALLOONS  WRITING SET,2410.43,1337,346,135,0.0,0.0,0.0,2410.43,0.0,0.0,1.8,81.95,905
22437,SET OF 9 BLACK SKULL BALLOONS,2417.24,2828,226,140,8.5,10.0,0.0,2408.74,0.35,0.35,0.85,81.97,906
23406,HOME SWEET HOME KEY HOLDER,2422.66,456,111,65,18.75,3.0,0.0,2403.91,0.77,0.77,5.31,82.0,907
23400,SHELF WITH 4 HOOKS HOME SWEET HOME,2409.34,461,107,76,12.5,2.0,0.0,2396.84,0.52,0.52,5.23,82.02,908
21875,KINGS CHOICE MUG,2429.38,2055,148,83,35.0,28.0,30.0,2394.38,1.44,0.21,1.18,82.04,909
84796B,BLUE SAVANNAH PICNIC HAMPER FOR 2,2393.59,256,124,16,0.0,0.0,0.0,2393.59,0.0,0.0,9.35,82.07,910
22743,MAKE YOUR OWN FLOWERPOWER CARD KIT,2408.54,930,206,115,17.7,6.0,0.0,2390.84,0.73,0.73,2.59,82.09,911
23265,SET OF 3 WOODEN TREE DECORATIONS,2404.79,1769,293,180,18.75,15.0,17.5,2386.04,0.78,0.05,1.36,82.12,912
84969,BOX OF 6 ASSORTED COLOUR TEASPOONS,2389.52,558,210,48,8.5,2.0,0.0,2381.02,0.36,0.36,4.28,82.14,913
21781,MA CAMPAGNE CUTLERY BOX,2661.8,168,101,51,283.15,21.0,14.95,2378.65,10.64,10.13,15.84,82.17,914
20978,36 PENCILS TUBE SKULLS,2395.05,1795,263,133,20.0,16.0,0.0,2375.05,0.84,0.84,1.33,82.19,915
23498,CLASSIC BICYCLE CLIPS,2372.68,1640,99,77,0.0,0.0,0.0,2372.68,0.0,0.0,1.45,82.22,916
23437,50'S CHRISTMAS GIFT BAG LARGE,2373.63,1939,131,108,2.5,2.0,0.0,2371.13,0.11,0.11,1.22,82.24,917
22440,BALLOON WATER BOMB PACK OF 35,2375.04,6010,154,100,4.2,10.0,0.0,2370.84,0.18,0.18,0.4,82.26,918
20983,12 PENCILS TALL TUBE RED RETROSPOT,2374.81,2737,268,185,5.95,7.0,0.0,2368.86,0.25,0.25,0.87,82.29,919
22282,12 EGG HOUSE PAINTED WOOD,2378.52,149,99,39,12.75,1.0,0.0,2365.77,0.54,0.54,15.96,82.31,920
23028,DRAWER KNOB CRACKLE GLAZE BLUE,2377.13,1369,137,88,11.55,7.0,0.0,2365.58,0.49,0.49,1.74,82.34,921
22990,COTTON APRON PANTRY DESIGN,2917.43,633,164,117,553.7,126.0,0.0,2363.73,18.98,18.98,4.61,82.36,922
22851,SET 20 NAPKINS FAIRY CAKES DESIGN,2368.64,2741,350,198,11.05,13.0,0.0,2357.59,0.47,0.47,0.86,82.38,923
22548,HEADS AND TAILS SPORTING FUN,2348.94,1975,209,149,0.0,0.0,0.0,2348.94,0.0,0.0,1.19,82.41,924
23436,VINTAGE CHRISTMAS GIFT BAG LARGE,2367.39,1979,114,91,18.75,15.0,0.0,2348.64,0.79,0.79,1.2,82.43,925
21495,SKULLS AND CROSSBONES WRAP,2356.0,5800,165,102,10.5,25.0,0.0,2345.5,0.45,0.45,0.41,82.46,926
22167,OVAL WALL MIRROR DIAMANTE,2391.12,236,156,41,49.75,5.0,0.0,2341.37,2.08,2.08,10.13,82.48,927
23412,HEART MIRROR ANTIQUE WHITE,2354.8,358,76,64,15.0,2.0,0.0,2339.8,0.64,0.64,6.58,82.5,928
23401,RUSTIC MIRROR WITH LACE HEART,2354.87,459,83,59,18.75,3.0,0.0,2336.12,0.8,0.8,5.13,82.53,929
37500,TEA TIME TEAPOT IN GIFT BOX,2360.68,380,113,53,24.85,3.0,0.0,2335.83,1.05,1.05,6.21,82.55,930
16156S,WRAP PINK FAIRY CAKES,2331.0,5800,167,135,0.0,0.0,0.0,2331.0,0.0,0.0,0.4,82.58,931
22939,APRON APPLE DELIGHT,2392.67,469,125,77,69.3,14.0,0.0,2323.37,2.9,2.9,5.1,82.6,932
22425,ENAMEL COLANDER CREAM,2346.12,460,166,110,29.7,6.0,0.0,2316.42,1.27,1.27,5.1,82.62,933
23371,SET 36 COLOUR PENCILS SPACEBOY,2304.78,1705,185,98,0.0,0.0,0.0,2304.78,0.0,0.0,1.35,82.65,934
21700,BIG DOUGHNUT FRIDGE MAGNETS,2334.94,1726,198,58,30.6,36.0,0.0,2304.34,1.31,1.31,1.35,82.67,935
22483,RED GINGHAM TEDDY BEAR,2302.94,770,169,91,2.95,1.0,0.0,2299.99,0.13,0.13,2.99,82.69,936
84950,ASSORTED COLOUR T-LIGHT HOLDER,2297.03,3619,120,66,6.1,10.0,0.0,2290.93,0.27,0.27,0.63,82.72,937
84032B,CHARLIE + LOLA RED HOT WATER BOTTLE,2421.59,936,255,106,133.5,66.0,0.0,2288.09,5.51,5.51,2.59,82.74,938
22441,GROW YOUR OWN BASIL IN ENAMEL MUG,2292.91,1047,219,130,6.3,3.0,0.0,2286.61,0.27,0.27,2.19,82.76,939
23360,SET 8 CANDLES VINTAGE DOILY,2286.4,1182,114,94,0.0,0.0,0.0,2286.4,0.0,0.0,1.93,82.79,940
23330,DECORATIVE WICKER HEART MEDIUM,2286.97,1794,216,158,7.5,6.0,0.0,2279.47,0.33,0.33,1.27,82.81,941
22736,RIBBON REEL MAKING SNOWMEN,2297.1,1222,223,130,21.45,13.0,0.0,2275.65,0.93,0.93,1.88,82.83,942
23197,SKETCHBOOK MAGNETIC SHOPPING LIST,2303.5,1478,249,116,36.25,25.0,0.0,2267.25,1.57,1.57,1.56,82.86,943
21896,POTTING SHED TWINE,2272.79,980,110,79,9.75,5.0,0.0,2263.04,0.43,0.43,2.32,82.88,944
85049G,CHOCOLATE BOX RIBBONS,2275.61,1721,309,161,17.5,14.0,0.0,2258.11,0.77,0.77,1.32,82.9,945
23029,DRAWER KNOB CRACKLE GLAZE GREEN,2303.92,1352,156,97,46.2,28.0,0.0,2257.72,2.01,2.01,1.7,82.93,946
22933,BAKING MOULD EASTER EGG MILK CHOC,2585.92,940,122,82,337.8,156.0,302.4,2248.12,13.06,1.55,2.75,82.95,947
21813,GARLAND WITH STARS AND BELLS,2280.47,549,112,38,34.65,7.0,0.0,2245.82,1.52,1.52,4.15,82.97,948
22030,SWALLOWS GREETING CARD,2237.89,5527,274,179,0.0,0.0,0.0,2237.89,0.0,0.0,0.4,83.0,949
85175,CACTI T-LIGHT CANDLES,2278.9,5321,143,84,41.16,98.0,0.0,2237.74,1.81,1.81,0.43,83.02,950
23326,HANGING MINI COLOURED BOTTLES,2237.08,3442,76,52,0.0,0.0,0.0,2237.08,0.0,0.0,0.65,83.04,951
22914,BLUE COAT RACK PARIS FASHION,2261.21,467,154,106,24.75,5.0,0.0,2236.46,1.09,1.09,4.84,83.07,952
22185,SLATE TILE NATURAL HANGING,2235.94,1472,162,111,0.0,0.0,0.0,2235.94,0.0,0.0,1.52,83.09,953
20977,36 PENCILS TUBE WOODLAND,2328.64,1739,185,111,93.75,75.0,20.0,2234.89,4.03,3.19,1.34,83.11,954
21989,PACK OF 20 SKULL PAPER NAPKINS,2233.1,2409,335,130,0.0,0.0,0.0,2233.1,0.0,0.0,0.93,83.13,955
23093,SMALL PARISIENNE HEART PHOTO FRAME,2239.24,939,142,105,7.47,3.0,0.0,2231.77,0.33,0.33,2.38,83.16,956
23048,SET OF 10 LANTERNS FAIRY LIGHT STAR,2368.37,577,99,81,136.95,33.0,0.0,2231.42,5.78,5.78,4.1,83.18,957
23128,FELTCRAFT BOY JEAN-PAUL KIT,2258.66,448,139,112,34.65,7.0,0.0,2224.01,1.53,1.53,5.04,83.2,958
23501,KEY RING BASEBALL BOOT UNION JACK,2217.87,1821,112,77,0.0,0.0,0.0,2217.87,0.0,0.0,1.22,83.22,959
22601,CHRISTMAS RETROSPOT ANGEL WOOD,2219.83,2479,200,121,3.4,4.0,0.0,2216.43,0.15,0.15,0.9,83.25,960
21982,PACK OF 12 SUKI TISSUES,2215.61,7173,359,182,0.39,1.0,0.0,2215.22,0.02,0.02,0.31,83.27,961
22478,BIRDHOUSE GARDEN MARKER,2210.62,1537,140,59,0.0,0.0,0.0,2210.62,0.0,0.0,1.44,83.29,962
23438,RED SPOT GIFT BAG LARGE,2209.92,1809,109,88,0.0,0.0,0.0,2209.92,0.0,0.0,1.22,83.32,963
22829,SWEETHEART WIRE WALL TIDY,2295.43,227,109,80,87.9,10.0,0.0,2207.53,3.83,3.83,10.11,83.34,964
21471,STRAWBERRY RAFFIA FOOD COVER,2220.59,639,163,77,15.0,4.0,0.0,2205.59,0.68,0.68,3.48,83.36,965
10135,COLOURING PENCILS BROWN TUBE,2204.89,2229,175,92,1.25,1.0,0.0,2203.64,0.06,0.06,0.99,83.38,966
23064,CINDERELLA CHANDELIER,3717.56,221,23,20,1514.05,71.0,400.0,2203.51,40.73,33.58,16.82,83.41,967
21794,CLASSIC FRENCH STYLE BASKET NATURAL,2213.42,522,106,79,11.85,3.0,0.0,2201.57,0.54,0.54,4.24,83.43,968
21735,TWO DOOR CURIO CABINET,2577.45,212,83,60,382.95,33.0,0.0,2194.5,14.86,14.86,12.16,83.45,969
21900,"KEY FOB , SHED",2197.17,3228,372,166,3.25,5.0,0.0,2193.92,0.15,0.15,0.68,83.47,970
23403,LETTER HOLDER HOME SWEET HOME,2204.11,625,134,80,11.25,3.0,0.0,2192.86,0.51,0.51,3.53,83.5,971
46000S,POLYESTER FILLER PAD 40X40CM,2256.2,1556,185,128,63.8,44.0,0.0,2192.4,2.83,2.83,1.45,83.52,972
22983,CARD BILLBOARD FONT,2256.56,5290,443,223,68.76,181.0,0.0,2187.8,3.05,3.05,0.43,83.54,973
85038,6 CHOCOLATE LOVE HEART T-LIGHTS,2171.26,1061,142,70,0.0,0.0,0.0,2171.26,0.0,0.0,2.05,83.56,974
21042,RED RETROSPOT APRON,2199.52,334,131,71,34.4,6.0,0.0,2165.12,1.56,1.56,6.59,83.58,975
22732,3D VINTAGE CHRISTMAS STICKERS,2162.75,1645,188,102,0.0,0.0,0.0,2162.75,0.0,0.0,1.31,83.61,976
21878,PACK OF 6 SANDCASTLE FLAGS ASSORTED,2172.2,2523,224,120,11.05,13.0,0.0,2161.15,0.51,0.51,0.86,83.63,977
21249,WOODLAND  HEIGHT CHART STICKERS,2160.0,724,119,68,0.0,0.0,0.0,2160.0,0.0,0.0,2.98,83.65,978
22121,NOEL WOODEN BLOCK LETTERS,2159.7,352,133,94,5.95,1.0,0.0,2153.75,0.28,0.28,6.14,83.67,979
22377,BOTTLE BAG RETROSPOT,2171.53,1330,207,83,18.45,9.0,0.0,2153.08,0.85,0.85,1.63,83.7,980
11001,ASSTD DESIGN RACING CAR PEN,2389.44,1615,113,44,237.05,185.0,0.0,2152.39,9.92,9.92,1.48,83.72,981
23370,SET 36 COLOURING PENCILS DOILY,2151.6,1550,151,86,1.25,1.0,0.0,2150.35,0.06,0.06,1.39,83.74,982
21592,RETROSPOT CIGAR BOX MATCHES,2149.07,2149,216,156,0.0,0.0,0.0,2149.07,0.0,0.0,1.0,83.76,983
72349B,SET/6 PURPLE BUTTERFLY T-LIGHTS,2145.2,888,196,51,0.0,0.0,0.0,2145.2,0.0,0.0,2.42,83.78,984
82581,TOILET METAL SIGN,2155.89,3883,405,172,11.16,21.0,0.0,2144.73,0.52,0.52,0.56,83.81,985
23445,ICE CREAM BUBBLES,2161.24,2668,101,81,16.6,20.0,16.6,2144.64,0.77,0.0,0.81,83.83,986
37448,CERAMIC CAKE DESIGN SPOTTED MUG,2206.63,1451,187,78,67.05,45.0,0.0,2139.58,3.04,3.04,1.52,83.85,987
23252,VINTAGE RED ENAMEL TRIM JUG,2261.61,603,138,104,123.75,33.0,0.0,2137.86,5.47,5.47,3.75,83.87,988
22704,WRAP RED APPLES,2158.26,5253,174,129,21.0,50.0,0.0,2137.26,0.97,0.97,0.41,83.89,989
40016,CHINESE DRAGON PAPER LANTERNS,2136.34,5556,97,54,0.0,0.0,0.0,2136.34,0.0,0.0,0.38,83.91,990
23161,REGENCY CAKE FORK,2145.3,1715,98,58,15.0,12.0,0.0,2130.3,0.7,0.7,1.25,83.94,991
23066,SMALL DECO JEWELLERY STAND,2137.81,259,85,69,8.25,1.0,0.0,2129.56,0.39,0.39,8.25,83.96,992
23302,KNEELING MAT HOUSEWORK  DESIGN,2181.42,1536,230,140,54.24,36.0,0.0,2127.18,2.49,2.49,1.42,83.98,993
22763,KEY CABINET MA CAMPAGNE,2176.32,206,108,76,49.75,5.0,0.0,2126.57,2.29,2.29,10.56,84.0,994
23005,TRAVEL CARD WALLET I LOVE LONDON,2126.55,4733,241,105,0.42,1.0,0.0,2126.13,0.02,0.02,0.45,84.02,995
84356,POMPOM CURTAIN,2124.15,424,82,32,0.0,0.0,0.0,2124.15,0.0,0.0,5.01,84.05,996
23213,STAR WREATH DECORATION WITH BELL,2138.42,1682,152,95,15.0,12.0,0.0,2123.42,0.7,0.7,1.27,84.07,997
23031,DRAWER KNOB CRACKLE GLAZE PINK,2152.3,1278,155,93,33.0,20.0,0.0,2119.3,1.53,1.53,1.68,84.09,998
23020,GLASS  SONGBIRD STORAGE JAR,2191.84,180,76,67,73.65,6.0,0.0,2118.19,3.36,3.36,12.18,84.11,999
72802C,VANILLA SCENT CANDLE JEWELLED BOX,2696.48,1396,106,63,579.81,505.0,180.0,2116.67,21.5,15.89,1.93,84.13,1000
22498,WOODEN REGATTA BUNTING,2116.04,333,150,68,0.0,0.0,0.0,2116.04,0.0,0.0,6.35,84.15,1001
21718,RED METAL BEACH SPADE,2113.39,1493,229,106,1.25,1.0,0.0,2112.14,0.06,0.06,1.42,84.18,1002
23046,PAPER LANTERN 9 POINT DELUXE STAR,2111.49,349,36,31,0.0,0.0,0.0,2111.49,0.0,0.0,6.05,84.2,1003
22571,ROCKING HORSE RED CHRISTMAS,2185.48,2434,254,152,80.17,109.0,69.12,2105.31,3.67,0.52,0.9,84.22,1004
23079,TOADSTOOL BEDSIDE LIGHT,2225.45,251,106,83,125.3,14.0,8.95,2100.15,5.63,5.25,8.87,84.24,1005
22973,CHILDREN'S CIRCUS PARADE MUG,2136.01,1255,144,81,36.3,22.0,31.35,2099.71,1.7,0.24,1.7,84.26,1006
22357,KINGS CHOICE BISCUIT TIN,2175.04,468,180,69,76.5,18.0,17.0,2098.54,3.52,2.76,4.65,84.28,1007
22733,3D TRADITIONAL CHRISTMAS STICKERS,2095.08,1583,197,119,0.0,0.0,0.0,2095.08,0.0,0.0,1.32,84.3,1008
23233,WRAP POPPIES  DESIGN,2105.5,5175,158,130,10.5,25.0,0.0,2095.0,0.5,0.5,0.41,84.33,1009
21609,SET 12 LAVENDER  BOTANICAL T-LIGHTS,2086.69,763,76,59,0.0,0.0,0.0,2086.69,0.0,0.0,2.73,84.35,1010
22996,TRAVEL CARD WALLET VINTAGE TICKET,2094.93,4801,408,155,10.92,26.0,0.0,2084.01,0.52,0.52,0.44,84.37,1011
21980,PACK OF 12 RED RETROSPOT TISSUES,2121.18,6685,297,192,38.28,132.0,0.0,2082.9,1.8,1.8,0.32,84.39,1012
21506,"FANCY FONT BIRTHDAY CARD,",2085.89,4922,323,171,5.04,12.0,0.0,2080.85,0.24,0.24,0.42,84.41,1013
22107,PIZZA PLATE IN BOX,2153.06,592,179,44,76.25,21.0,0.0,2076.81,3.54,3.54,3.64,84.43,1014
22831,WHITE BROCANTE SOAP DISH,2070.9,706,121,91,0.0,0.0,0.0,2070.9,0.0,0.0,2.93,84.45,1015
22747,POPPY'S PLAYHOUSE BATHROOM,2080.85,954,227,123,12.6,6.0,0.0,2068.25,0.61,0.61,2.18,84.47,1016
23227,FILIGREE HEART BUTTERFLY WHITE,2070.06,1642,117,61,7.5,6.0,0.0,2062.56,0.36,0.36,1.26,84.5,1017
22574,HEART WOODEN CHRISTMAS DECORATION,2199.59,2333,222,131,138.24,192.0,0.0,2061.35,6.28,6.28,0.94,84.52,1018
22744,MAKE YOUR OWN MONSOON CARD KIT,2084.85,867,172,123,23.6,8.0,0.0,2061.25,1.13,1.13,2.4,84.54,1019
22128,PARTY CONES CANDY ASSORTED,2127.53,1762,76,62,70.0,56.0,0.0,2057.53,3.29,3.29,1.21,84.56,1020
23152,IVORY SWEETHEART WIRE LETTER RACK,2080.65,554,159,108,26.25,7.0,0.0,2054.4,1.26,1.26,3.76,84.58,1021
22955,36 FOIL STAR CAKE CASES,2053.35,1040,134,91,0.0,0.0,0.0,2053.35,0.0,0.0,1.97,84.6,1022
23291,DOLLY GIRL CHILDRENS CUP,2059.03,1634,195,104,12.5,10.0,1.25,2046.53,0.61,0.55,1.26,84.62,1023
22059,CERAMIC STRAWBERRY DESIGN MUG,2081.54,1780,173,85,35.76,24.0,0.0,2045.78,1.72,1.72,1.17,84.64,1024
22055,MINI CAKE STAND  HANGING STRAWBERY,2083.19,1375,220,102,37.75,23.0,0.0,2045.44,1.81,1.81,1.52,84.66,1025
20751,FUNKY WASHING UP GLOVES ASSORTED,2041.52,971,198,127,2.1,1.0,0.0,2039.42,0.1,0.1,2.1,84.68,1026
47504K,ENGLISH ROSE GARDEN SECATEURS,2048.66,2018,212,141,9.48,12.0,0.0,2039.18,0.46,0.46,1.02,84.71,1027
23500,KEY RING BASEBALL BOOT ASSORTED,2038.33,1626,98,76,0.0,0.0,0.0,2038.33,0.0,0.0,1.25,84.73,1028
22803,IVORY EMBROIDERED QUILT,2038.09,54,31,18,0.0,0.0,0.0,2038.09,0.0,0.0,37.74,84.75,1029
23251,VINTAGE RED ENAMEL TRIM MUG,2105.75,1712,120,80,72.5,58.0,0.0,2033.25,3.44,3.44,1.23,84.77,1030
22863,SOAP DISH BROCANTE,2070.73,719,110,77,38.35,13.0,0.0,2032.38,1.85,1.85,2.88,84.79,1031
22156,HEART DECORATION WITH PEARLS,2113.13,2196,256,106,88.21,105.0,0.85,2024.92,4.17,4.14,0.96,84.81,1032
22414,DOORMAT NEIGHBOURHOOD WITCH,2038.39,279,95,37,16.2,2.0,7.95,2022.19,0.79,0.41,7.31,84.83,1033
23490,T-LIGHT HOLDER HANGING LOVE BIRD,2032.77,542,101,83,11.25,3.0,0.0,2021.52,0.55,0.55,3.75,84.85,1034
37450,CERAMIC CAKE BOWL + HANGING CAKES,2117.54,714,134,47,96.2,36.0,0.0,2021.34,4.54,4.54,2.97,84.87,1035
22115,METAL SIGN EMPIRE TEA,2020.91,1549,228,152,0.0,0.0,0.0,2020.91,0.0,0.0,1.3,84.89,1036
22070,SMALL RED RETROSPOT MUG IN BOX,2354.4,948,116,62,336.54,296.0,239.04,2017.86,14.29,4.61,2.48,84.91,1037
23529,WALL ART DOLLY GIRL,2011.99,637,37,26,0.0,0.0,0.0,2011.99,0.0,0.0,3.16,84.93,1038
20674,GREEN POLKADOT BOWL,2016.23,1563,205,101,7.5,6.0,0.0,2008.73,0.37,0.37,1.29,84.95,1039
23268,SET OF 2 CERAMIC CHRISTMAS REINDEER,2018.14,1447,89,68,17.4,12.0,0.0,2000.74,0.86,0.86,1.39,84.97,1040
23274,STAR T-LIGHT HOLDER WILLIE WINKIE,2005.0,1180,119,85,4.95,3.0,0.0,2000.05,0.25,0.25,1.7,85.0,1041
21864,UNION JACK FLAG PASSPORT COVER,2041.69,828,184,65,42.0,20.0,0.0,1999.69,2.06,2.06,2.47,85.02,1042
23289,DOLLY GIRL CHILDRENS BOWL,2013.7,1622,191,111,15.0,12.0,0.0,1998.7,0.74,0.74,1.24,85.04,1043
23315,IVORY REFECTORY CLOCK,2094.24,213,86,63,97.8,12.0,97.8,1996.44,4.67,0.0,9.83,85.06,1044
22602,RETROSPOT WOODEN HEART DECORATION,2023.87,2215,273,141,34.0,40.0,0.0,1989.87,1.68,1.68,0.91,85.08,1045
22080,RIBBON REEL POLKADOTS,2003.48,1206,155,116,16.5,10.0,0.0,1986.98,0.82,0.82,1.66,85.1,1046
23357,HOT WATER BOTTLE SEX BOMB,1982.05,450,102,79,0.0,0.0,0.0,1982.05,0.0,0.0,4.4,85.12,1047
22593,CHRISTMAS GINGHAM STAR,2085.64,2263,198,106,103.68,144.0,0.0,1981.96,4.97,4.97,0.92,85.14,1048
22891,TEA FOR ONE POLKADOT,2108.18,420,168,69,127.5,30.0,0.0,1980.68,6.05,6.05,5.02,85.16,1049
84596F,SMALL MARSHMALLOWS PINK BOWL,1982.98,3748,447,166,6.72,16.0,6.72,1976.26,0.34,0.0,0.53,85.18,1050
22788,BROCANTE COAT RACK,2025.96,220,60,33,56.8,6.0,0.0,1969.16,2.8,2.8,9.21,85.2,1051
23145,ZINC T-LIGHT HOLDER STAR LARGE,1979.48,2084,169,128,10.45,11.0,0.0,1969.03,0.53,0.53,0.95,85.22,1052
23068,ALUMINIUM STAMPED HEART,1966.93,809,136,106,0.0,0.0,0.0,1966.93,0.0,0.0,2.43,85.24,1053
22477,WATERING CAN GARDEN MARKER,1967.9,1364,127,63,1.25,1.0,0.0,1966.65,0.06,0.06,1.44,85.26,1054
21916,SET 12 RETRO WHITE CHALK STICKS,1973.49,4599,359,156,10.08,24.0,0.0,1963.41,0.51,0.51,0.43,85.28,1055
22931,BAKING MOULD HEART WHITE CHOCOLATE,1963.3,813,129,95,0.0,0.0,0.0,1963.3,0.0,0.0,2.41,85.3,1056
22928,YELLOW GIANT GARDEN THERMOMETER,1993.75,288,115,62,35.7,6.0,0.0,1958.05,1.79,1.79,6.92,85.32,1057
84880,WHITE WIRE EGG HOLDER,2012.74,312,76,51,55.1,9.0,0.0,1957.64,2.74,2.74,6.45,85.34,1058
15039,SANDALWOOD FAN,1978.64,2090,145,58,22.1,26.0,0.0,1956.54,1.12,1.12,0.95,85.36,1059
22897,OVEN MITT APPLES DESIGN,2013.1,1350,211,135,60.9,42.0,0.0,1952.2,3.03,3.03,1.49,85.38,1060
22859,EASTER TIN BUNNY BOUQUET,2003.07,1203,158,111,52.8,32.0,0.0,1950.27,2.64,2.64,1.67,85.4,1061
23374,RED SPOT PAPER GIFT BAG,1962.83,2456,131,108,13.12,16.0,0.0,1949.71,0.67,0.67,0.8,85.42,1062
20992,JAZZ HEARTS PURSE NOTEBOOK,1944.63,4425,277,162,0.0,0.0,0.0,1944.63,0.0,0.0,0.44,85.44,1063
51014A,"FEATHER PEN,HOT PINK",2000.06,3842,239,106,61.2,72.0,0.0,1938.86,3.06,3.06,0.52,85.46,1064
84031A,CHARLIE+LOLA RED HOT WATER BOTTLE,1976.54,431,165,34,39.0,20.0,0.0,1937.54,1.97,1.97,4.59,85.48,1065
22639,SET OF 4 NAPKIN CHARMS HEARTS,1935.16,805,148,101,0.0,0.0,0.0,1935.16,0.0,0.0,2.4,85.5,1066
84968F,SET OF 16 VINTAGE SKY BLUE CUTLERY,1931.17,178,66,25,0.0,0.0,0.0,1931.17,0.0,0.0,10.85,85.52,1067
21591,COSY HOUR CIGAR BOX MATCHES,1996.14,1374,146,114,67.5,54.0,0.0,1928.64,3.38,3.38,1.45,85.54,1068
22412,METAL SIGN NEIGHBOURHOOD WITCH,1931.85,911,147,73,4.2,2.0,0.0,1927.65,0.22,0.22,2.12,85.56,1069
22101,MIRROR MOSAIC VOTIVE HOLDER,2053.17,1438,69,21,126.36,324.0,126.36,1926.81,6.15,0.0,1.43,85.58,1070
21192,WHITE BELL HONEYCOMB PAPER,1923.29,1092,88,32,0.0,0.0,0.0,1923.29,0.0,0.0,1.76,85.6,1071
20963,APPLE BATH SPONGE,1911.17,1336,229,83,0.0,0.0,0.0,1911.17,0.0,0.0,1.43,85.62,1072
23235,STORAGE TIN VINTAGE LEAF,1950.66,736,105,88,40.46,14.0,2.89,1910.2,2.07,1.93,2.65,85.64,1073
22183,CAKE STAND VICTORIAN FILIGREE MED,1916.01,322,129,16,8.95,2.0,3.0,1907.06,0.47,0.31,5.95,85.66,1074
22579,WOODEN TREE CHRISTMAS SCANDINAVIAN,1988.02,5167,338,226,81.6,96.0,0.0,1906.42,4.1,4.1,0.38,85.67,1075
22594,CHRISTMAS GINGHAM TREE,1905.77,2006,196,93,0.85,1.0,0.0,1904.92,0.04,0.04,0.95,85.69,1076
22824,3 TIER SWEETHEART GARDEN SHELF,1938.25,55,43,42,35.95,1.0,0.0,1902.3,1.85,1.85,35.24,85.71,1077
23094,LE GRAND TRAY CHIC SET,1924.92,152,79,65,25.0,2.0,0.0,1899.92,1.3,1.3,12.66,85.73,1078
21622,VINTAGE UNION JACK CUSHION COVER,1982.64,380,104,76,89.1,18.0,0.0,1893.54,4.49,4.49,5.22,85.75,1079
22199,FRYING PAN RED RETROSPOT,1926.59,467,167,71,34.0,8.0,0.0,1892.59,1.76,1.76,4.13,85.77,1080
23491,VINTAGE JINGLE BELLS HEART,1897.76,228,78,64,8.25,1.0,0.0,1889.51,0.43,0.43,8.32,85.79,1081
22959,WRAP CHRISTMAS VILLAGE,2014.42,4901,142,133,126.0,300.0,115.5,1888.42,6.25,0.55,0.41,85.81,1082
37446,MINI CAKE STAND WITH HANGING CAKES,1976.09,1354,183,93,88.85,69.0,0.0,1887.24,4.5,4.5,1.46,85.83,1083
22509,SEWING BOX RETROSPOT DESIGN,2124.54,209,86,71,239.2,16.0,0.0,1885.34,11.26,11.26,10.17,85.85,1084
23358,HOT STUFF HOT WATER BOTTLE,2008.38,594,89,61,125.94,38.0,0.0,1882.44,6.27,6.27,3.38,85.87,1085
23394,POSTE FRANCE CUSHION COVER,1877.65,435,150,90,0.0,0.0,0.0,1877.65,0.0,0.0,4.32,85.89,1086
20982,12 PENCILS TALL TUBE SKULLS,1880.67,2151,256,158,3.4,4.0,0.0,1877.27,0.18,0.18,0.87,85.91,1087
23434,3 RAFFIA RIBBONS 50'S CHRISTMAS,1884.17,2095,199,129,7.9,10.0,0.0,1876.27,0.42,0.42,0.9,85.93,1088
85061W,WHITE JEWELLED HEART DECORATION,1882.15,2146,162,77,5.95,7.0,0.0,1876.2,0.32,0.32,0.88,85.95,1089
22312,OFFICE MUG WARMER POLKADOT,1950.49,645,131,61,76.7,26.0,0.0,1873.79,3.93,3.93,3.02,85.96,1090
72807A,SET/3 ROSE CANDLE IN JEWELLED BOX,1911.89,401,112,53,38.25,9.0,0.0,1873.64,2.0,2.0,4.77,85.98,1091
22291,HANGING CHICK CREAM DECORATION,1906.02,1289,120,72,34.8,24.0,0.0,1871.22,1.83,1.83,1.48,86.0,1092
22534,MAGIC DRAWING SLATE SPACEBOY,1871.12,4496,261,172,0.84,2.0,0.0,1870.28,0.04,0.04,0.42,86.02,1093
22935,BAKING MOULD ROSE MILK CHOCOLATE,2066.82,690,65,46,198.0,72.0,0.0,1868.82,9.58,9.58,3.0,86.04,1094
23359,SET OF 12 T-LIGHTS VINTAGE DOILY,1866.46,990,79,73,0.0,0.0,0.0,1866.46,0.0,0.0,1.89,86.06,1095
22186,RED STAR CARD HOLDER,1997.48,848,149,111,132.15,53.0,0.0,1865.33,6.62,6.62,2.36,86.08,1096
70006,LOVE HEART POCKET WARMER,1863.98,2702,120,72,0.0,0.0,0.0,1863.98,0.0,0.0,0.69,86.1,1097
21988,PACK OF 6 SKULL PAPER PLATES,1862.75,2321,193,101,0.0,0.0,0.0,1862.75,0.0,0.0,0.8,86.12,1098
23090,VINTAGE GLASS T-LIGHT HOLDER,1870.03,2237,149,96,7.47,9.0,0.0,1862.56,0.4,0.4,0.84,86.14,1099
15058B,PINK POLKADOT GARDEN PARASOL,1885.27,228,97,32,37.35,5.0,0.0,1847.92,1.98,1.98,8.27,86.16,1100
21068,VINTAGE BILLBOARD LOVE/HATE MUG,1890.33,1638,198,81,45.66,42.0,0.0,1844.67,2.42,2.42,1.15,86.17,1101
22858,EASTER TIN KEEPSAKE,1860.78,1126,136,103,16.5,10.0,0.0,1844.28,0.89,0.89,1.65,86.19,1102
21557,SET OF 6 FUNKY BEAKERS,1843.61,551,162,26,0.0,0.0,0.0,1843.61,0.0,0.0,3.35,86.21,1103
72807B,SET/3 OCEAN SCENT CANDLE JEWEL BOX,1855.37,399,114,56,12.75,3.0,0.0,1842.62,0.69,0.69,4.65,86.23,1104
23525,WALL ART BUFFALO BILL,1863.82,582,53,38,22.5,6.0,0.0,1841.32,1.21,1.21,3.2,86.25,1105
23378,PACK OF 12 50'S CHRISTMAS TISSUES,1840.08,3997,176,127,0.0,0.0,0.0,1840.08,0.0,0.0,0.46,86.27,1106
16169E,WRAP 50'S  CHRISTMAS,1892.46,4563,149,143,52.5,125.0,42.0,1839.96,2.77,0.57,0.41,86.29,1107
22944,CHRISTMAS METAL POSTCARD WITH BELLS,1843.64,3375,111,50,5.93,13.0,4.68,1837.71,0.32,0.07,0.55,86.31,1108
22651,GENTLEMAN SHIRT REPAIR KIT,1837.47,2166,170,73,0.0,0.0,0.0,1837.47,0.0,0.0,0.85,86.33,1109
22428,ENAMEL FIRE BUCKET CREAM,1854.76,246,114,75,20.85,3.0,0.0,1833.91,1.12,1.12,7.54,86.34,1110
15060B,FAIRY CAKE DESIGN UMBRELLA,1832.42,454,134,68,3.75,1.0,0.0,1828.67,0.2,0.2,4.04,86.36,1111
21564,PINK  HEART SHAPE LOVE BUCKET,1831.62,1042,123,63,8.05,3.0,0.0,1823.57,0.44,0.44,1.76,86.38,1112
22223,CAKE PLATE LOVEBIRD PINK,1821.61,441,78,34,0.0,0.0,0.0,1821.61,0.0,0.0,4.13,86.4,1113
23075,PARLOUR CERAMIC WALL HOOK,1960.3,472,80,61,141.1,34.0,0.0,1819.2,7.2,7.2,4.15,86.42,1114
21870,I CAN ONLY PLEASE ONE PERSON MUG,1851.46,1407,163,97,32.5,26.0,0.0,1818.96,1.76,1.76,1.32,86.44,1115
22364,GLASS JAR DIGESTIVE BISCUITS,2001.32,616,164,69,182.45,67.0,0.0,1818.87,9.12,9.12,3.25,86.46,1116
21534,DAIRY MAID LARGE MILK JUG,1879.18,370,155,94,64.35,13.0,0.0,1814.83,3.42,3.42,5.08,86.47,1117
15044D,RED PAPER PARASOL,1819.76,644,84,53,5.5,2.0,0.0,1814.26,0.3,0.3,2.83,86.49,1118
22027,TEA PARTY BIRTHDAY CARD,1873.71,4368,362,180,61.92,168.0,0.0,1811.79,3.3,3.3,0.43,86.51,1119
22712,CARD DOLLY GIRL,1822.2,4435,312,141,10.5,25.0,0.0,1811.7,0.58,0.58,0.41,86.53,1120
23228,FILIGREE HEART BIRD WHITE,1960.0,1492,125,58,149.76,144.0,0.0,1810.24,7.64,7.64,1.31,86.55,1121
23148,MINIATURE ANTIQUE ROSE HOOK IVORY,1816.31,2139,247,143,10.79,13.0,0.0,1805.52,0.59,0.59,0.85,86.57,1122
22198,LARGE POPCORN HOLDER,1870.91,1025,86,42,69.35,43.0,0.0,1801.56,3.71,3.71,1.83,86.59,1123
22200,FRYING PAN PINK POLKADOT,1809.48,398,140,51,15.0,4.0,0.0,1794.48,0.83,0.83,4.55,86.6,1124
21245,GREEN POLKADOT PLATE,1787.2,1075,128,72,0.0,0.0,0.0,1787.2,0.0,0.0,1.66,86.62,1125
23160,REGENCY TEA SPOON,1794.48,1450,76,50,7.5,6.0,0.0,1786.98,0.42,0.42,1.24,86.64,1126
21713,CITRONELLA CANDLE FLOWERPOT,1817.74,786,157,103,32.35,16.0,0.0,1785.39,1.78,1.78,2.31,86.66,1127
23317,BLUE REFECTORY CLOCK,1777.46,173,82,56,0.0,0.0,0.0,1777.46,0.0,0.0,10.27,86.68,1128
23155,KNICKERBOCKERGLORY MAGNET ASSORTED,1904.77,2221,135,84,129.71,169.0,19.92,1775.06,6.81,5.82,0.86,86.69,1129
47570B,TEA TIME TABLE CLOTH,1769.25,187,33,23,0.0,0.0,0.0,1769.25,0.0,0.0,9.46,86.71,1130
85035C,ROSE 3 WICK MORRIS BOX CANDLE,1769.13,1138,131,86,0.0,0.0,0.0,1769.13,0.0,0.0,1.55,86.73,1131
21114,LAVENDER SCENTED FABRIC HEART,1778.08,1341,138,105,12.5,10.0,12.5,1765.58,0.7,0.0,1.33,86.75,1132
21034,REX CASH+CARRY JUMBO SHOPPER,1784.1,1878,871,480,19.95,21.0,0.0,1764.15,1.12,1.12,0.95,86.77,1133
22562,MONSTERS STENCIL CRAFT,1763.37,1413,211,149,0.0,0.0,0.0,1763.37,0.0,0.0,1.25,86.79,1134
84510A,SET OF 4 ENGLISH ROSE COASTERS,1760.8,1249,279,100,1.25,1.0,0.0,1759.55,0.07,0.07,1.41,86.8,1135
22452,MEASURING TAPE BABUSHKA PINK,1760.31,722,144,53,2.95,1.0,0.0,1757.36,0.17,0.17,2.44,86.82,1136
22536,MAGIC DRAWING SLATE PURDEY,1803.95,4752,156,109,47.82,131.0,0.0,1756.13,2.65,2.65,0.38,86.84,1137
22710,WRAP I LOVE LONDON,1774.42,4501,104,79,21.0,50.0,10.5,1753.42,1.18,0.6,0.39,86.86,1138
22314,OFFICE MUG WARMER CHOC+BLUE,1759.12,570,133,58,5.9,2.0,0.0,1753.22,0.34,0.34,3.09,86.88,1139
21832,CHOCOLATE CALCULATOR,1790.1,954,198,83,41.25,25.0,0.0,1748.85,2.3,2.3,1.88,86.89,1140
21056,DOCTOR'S BAG SOFT TOY,1765.4,184,72,46,17.9,2.0,8.95,1747.5,1.01,0.51,9.59,86.91,1141
23399,HOME SWEET HOME HANGING HEART,1745.55,1914,225,146,0.0,0.0,0.0,1745.55,0.0,0.0,0.91,86.93,1142
21584,RETROSPOT SMALL TUBE MATCHES,1743.35,1059,146,119,1.65,1.0,0.0,1741.7,0.09,0.09,1.65,86.95,1143
23101,SILVER STARS TABLE DECORATION,1739.63,2031,213,175,0.0,0.0,0.0,1739.63,0.0,0.0,0.86,86.96,1144
22932,BAKING MOULD TOFFEE CUP CHOCOLATE,2000.88,884,72,51,262.8,120.0,201.6,1738.08,13.13,3.4,2.26,86.98,1145
23096,PETIT TRAY CHIC,1736.69,1033,146,89,0.0,0.0,0.0,1736.69,0.0,0.0,1.68,87.0,1146
22852,DOG BOWL VINTAGE CREAM,1757.88,390,125,83,21.25,5.0,0.0,1736.63,1.21,1.21,4.51,87.02,1147
21873,IF YOU CAN'T STAND THE HEAT MUG,1834.3,1618,116,62,100.07,91.0,0.0,1734.23,5.46,5.46,1.13,87.04,1148
23372,SET 36 COLOUR PENCILS DOLLY GIRL,1750.29,1389,147,76,20.0,16.0,0.0,1730.29,1.14,1.14,1.26,87.05,1149
21899,GARAGE KEY FOB,1757.97,2679,278,148,27.95,43.0,0.0,1730.02,1.59,1.59,0.66,87.07,1150
22588,CARD HOLDER GINGHAM HEART,2141.32,684,175,110,411.87,195.0,0.0,1729.45,19.23,19.23,3.13,87.09,1151
22119,PEACE WOODEN BLOCK LETTERS,1734.87,345,106,82,6.95,1.0,0.0,1727.92,0.4,0.4,5.03,87.11,1152
85034C,3 ROSE MORRIS BOXED CANDLES,1800.0,1129,158,109,73.0,20.0,51.0,1727.0,4.06,1.26,1.59,87.12,1153
20981,12 PENCILS TALL TUBE WOODLAND,1740.57,1974,249,157,16.15,19.0,0.0,1724.42,0.93,0.93,0.88,87.14,1154
21329,DINOSAURS  WRITING SET,1723.69,941,287,120,0.0,0.0,0.0,1723.69,0.0,0.0,1.83,87.16,1155
84968D,SET OF 16 VINTAGE RED CUTLERY,1736.35,160,58,27,12.75,1.0,0.0,1723.6,0.73,0.73,10.85,87.18,1156
23122,PARTY CHARMS 50 PIECES,1726.09,2251,133,89,2.49,3.0,0.0,1723.6,0.14,0.14,0.77,87.19,1157
84968E,SET OF 16 VINTAGE BLACK CUTLERY,1722.74,140,50,15,0.0,0.0,0.0,1722.74,0.0,0.0,12.31,87.21,1158
85015,SET OF 12  VINTAGE POSTCARD SET,1718.54,2180,143,103,0.0,0.0,0.0,1718.54,0.0,0.0,0.79,87.23,1159
35004C,SET OF 3 COLOURED  FLYING DUCKS,1888.1,394,39,28,170.6,36.0,0.0,1717.5,9.04,9.04,4.79,87.25,1160
23244,ROUND STORAGE TIN VINTAGE LEAF,1733.98,936,112,87,16.95,9.0,1.95,1717.03,0.98,0.87,1.85,87.26,1161
21055,TOOL BOX SOFT TOY,1764.64,178,105,63,53.7,6.0,0.0,1710.94,3.04,3.04,9.91,87.28,1162
22227,HANGING HEART MIRROR DECORATION,1708.07,2341,289,83,1.3,2.0,0.0,1706.77,0.08,0.08,0.73,87.3,1163
22832,BROCANTE SHELF WITH HOOKS,1781.82,162,76,64,75.25,7.0,0.0,1706.57,4.22,4.22,11.0,87.32,1164
22986,WRAP GINGHAM ROSE,1712.1,4105,155,124,10.5,25.0,0.0,1701.6,0.61,0.61,0.42,87.33,1165
23181,BULL DOG BOTTLE TOP WALL CLOCK,1733.57,201,82,60,33.0,4.0,0.0,1700.57,1.9,1.9,8.62,87.35,1166
22934,BAKING MOULD EASTER EGG WHITE CHOC,1707.47,589,78,65,8.85,3.0,0.0,1698.62,0.52,0.52,2.9,87.37,1167
22544,MINI JIGSAW SPACEBOY,1714.92,4518,175,101,18.06,43.0,0.0,1696.86,1.05,1.05,0.38,87.39,1168
21917,SET 12 KIDS  WHITE CHALK STICKS,1701.93,4151,225,132,5.46,13.0,0.42,1696.47,0.32,0.3,0.41,87.4,1169
22037,ROBOT BIRTHDAY CARD,1695.32,3929,354,173,0.0,0.0,0.0,1695.32,0.0,0.0,0.43,87.42,1170
23214,JINGLE BELL HEART ANTIQUE GOLD,1695.04,789,103,79,0.0,0.0,0.0,1695.04,0.0,0.0,2.15,87.44,1171
37340,MULTICOLOUR SPRING FLOWER MUG,1695.86,2544,135,59,1.17,3.0,0.0,1694.69,0.07,0.07,0.67,87.46,1172
23073,GEORGIAN TRINKET BOX,1706.5,143,61,49,12.5,1.0,0.0,1694.0,0.73,0.73,11.93,87.47,1173
22816,CARD MOTORBIKE SANTA,1691.76,3987,266,158,0.0,0.0,0.0,1691.76,0.0,0.0,0.42,87.49,1174
21586,KINGS CHOICE GIANT TUBE MATCHES,1721.85,743,67,54,33.15,13.0,0.0,1688.7,1.93,1.93,2.32,87.51,1175
21544,SKULLS  WATER TRANSFER TATTOOS,1687.68,1972,174,80,0.0,0.0,0.0,1687.68,0.0,0.0,0.86,87.53,1176
21207,SKULL AND CROSSBONES  GARLAND,1684.85,1067,132,74,0.0,0.0,0.0,1684.85,0.0,0.0,1.58,87.54,1177
85040A,S/4 PINK FLOWER CANDLES IN BOWL,1712.6,920,185,86,28.05,17.0,0.0,1684.55,1.64,1.64,1.86,87.56,1178
51008,AFGHAN SLIPPER SOCK PAIR,1690.55,519,22,16,6.9,2.0,0.0,1683.65,0.41,0.41,3.26,87.58,1179
20961,STRAWBERRY BATH SPONGE,1745.43,1232,228,82,62.5,50.0,62.5,1682.93,3.58,0.0,1.42,87.59,1180
16161U,WRAP SUKI AND FRIENDS,1687.5,4075,134,105,10.5,25.0,0.0,1677.0,0.62,0.62,0.41,87.61,1181
21812,GARLAND WITH HEARTS AND BELLS,1746.27,393,100,36,69.3,14.0,0.0,1676.97,3.97,3.97,4.44,87.63,1182
22674,FRENCH TOILET SIGN BLUE METAL,1692.72,1346,187,106,16.25,13.0,15.0,1676.47,0.96,0.07,1.26,87.65,1183
23368,SET 12 COLOUR PENCILS DOLLY GIRL,1679.55,2379,232,134,3.9,6.0,0.0,1675.65,0.23,0.23,0.71,87.66,1184
22419,LIPSTICK PEN RED,1673.1,3338,272,94,2.52,6.0,0.0,1670.58,0.15,0.15,0.5,87.68,1185
22335,HEART DECORATION PAINTED ZINC,1668.89,2380,225,88,0.0,0.0,0.0,1668.89,0.0,0.0,0.7,87.7,1186
23366,SET 12 COLOURING PENCILS DOILY,1667.95,2249,195,115,0.0,0.0,0.0,1667.95,0.0,0.0,0.74,87.71,1187
22076,6 RIBBONS EMPIRE,1667.88,1259,225,96,0.0,0.0,0.0,1667.88,0.0,0.0,1.32,87.73,1188
22479,DAISY GARDEN MARKER,1658.57,1139,98,48,0.0,0.0,0.0,1658.57,0.0,0.0,1.46,87.75,1189
84795B,SUNSET CHECK HAMMOCK,1657.42,192,62,33,0.0,0.0,0.0,1657.42,0.0,0.0,8.63,87.77,1190
22789,T-LIGHT HOLDER SWEETHEART HANGING,1657.02,844,138,101,1.95,1.0,0.0,1655.07,0.12,0.12,1.96,87.78,1191
22913,RED COAT RACK PARIS FASHION,1673.15,352,112,78,19.8,4.0,0.0,1653.35,1.18,1.18,4.75,87.8,1192
21578,WOODLAND DESIGN  COTTON TOTE BAG,1657.76,746,127,68,4.5,2.0,0.0,1653.26,0.27,0.27,2.22,87.82,1193
23505,PLAYING CARDS I LOVE LONDON,1651.29,1200,115,93,0.0,0.0,0.0,1651.29,0.0,0.0,1.38,87.83,1194
21111,"SWISS ROLL TOWEL, CHOCOLATE  SPOTS",1651.02,900,94,46,0.0,0.0,0.0,1651.02,0.0,0.0,1.83,87.85,1195
85132A,CHARLIE + LOLA BISCUITS TINS,1653.97,553,118,38,3.9,2.0,0.0,1650.07,0.24,0.24,2.99,87.87,1196
21577,SAVE THE PLANET COTTON TOTE BAG,1664.9,720,175,94,15.75,7.0,0.0,1649.15,0.95,0.95,2.31,87.88,1197
21981,PACK OF 12 WOODLAND TISSUES,1651.3,5468,271,143,2.73,7.0,0.0,1648.57,0.17,0.17,0.3,87.9,1198
22220,CAKE STAND LOVEBIRD 2 TIER WHITE,1849.25,231,86,64,201.5,22.0,0.0,1647.75,10.9,10.9,8.01,87.92,1199
21845,DAIRY MAID STRIPE MUG,1720.3,1906,82,63,75.64,52.0,0.0,1644.66,4.4,4.4,0.9,87.93,1200
22526,WHEELBARROW FOR CHILDREN,1720.26,125,79,55,76.5,6.0,0.0,1643.76,4.45,4.45,13.76,87.95,1201
23273,HEART T-LIGHT HOLDER WILLIE WINKIE,1649.05,969,112,88,6.6,4.0,0.0,1642.45,0.4,0.4,1.7,87.97,1202
22161,HEART DECORATION RUSTIC HANGING,1645.75,5083,340,118,4.56,24.0,0.0,1641.19,0.28,0.28,0.32,87.98,1203
22332,SKULLS PARTY BAG + STICKER SET,1678.0,1032,148,92,39.6,24.0,13.2,1638.4,2.36,1.59,1.63,88.0,1204
23270,SET OF 2 CERAMIC PAINTED HEARTS,1646.32,1174,125,96,8.7,6.0,0.0,1637.62,0.53,0.53,1.4,88.02,1205
85034B,3 WHITE CHOC MORRIS BOXED CANDLES,1637.07,946,121,80,0.0,0.0,0.0,1637.07,0.0,0.0,1.73,88.03,1206
22853,CAT BOWL VINTAGE CREAM,1655.96,472,116,76,19.5,6.0,0.0,1636.46,1.18,1.18,3.51,88.05,1207
22154,ANGEL DECORATION 3 BUTTONS,1636.67,3745,162,87,2.94,7.0,0.0,1633.73,0.18,0.18,0.44,88.07,1208
15058A,BLUE POLKADOT GARDEN PARASOL,1668.49,200,89,40,37.35,5.0,0.0,1631.14,2.24,2.24,8.34,88.08,1209
23391,I LOVE LONDON MINI BACKPACK,1628.17,389,87,58,0.0,0.0,0.0,1628.17,0.0,0.0,4.19,88.1,1210
22375,AIRLINE BAG VINTAGE JET SET BROWN,1626.54,346,167,67,0.0,0.0,0.0,1626.54,0.0,0.0,4.7,88.12,1211
22975,SPACEBOY CHILDRENS EGG CUP,1624.63,1204,186,110,1.25,1.0,0.0,1623.38,0.08,0.08,1.35,88.13,1212
22799,SWEETHEART WIRE FRUIT BOWL,1623.08,207,89,70,0.0,0.0,0.0,1623.08,0.0,0.0,7.84,88.15,1213
22473,TV DINNER TRAY VINTAGE PAISLEY,1623.04,503,112,58,0.0,0.0,0.0,1623.04,0.0,0.0,3.23,88.17,1214
21706,FOLDING UMBRELLA RED/WHITE POLKADOT,1616.81,346,120,53,0.0,0.0,0.0,1616.81,0.0,0.0,4.67,88.18,1215
22445,PENCIL CASE LIFE IS BEAUTIFUL,1615.91,534,130,72,0.0,0.0,0.0,1615.91,0.0,0.0,3.03,88.2,1216
23217,LAUREL HEART ANTIQUE SILVER,1613.82,1309,97,64,0.0,0.0,0.0,1613.82,0.0,0.0,1.23,88.22,1217
23280,FOLDING BUTTERFLY MIRROR HOT PINK,1614.16,2023,157,87,1.66,2.0,0.0,1612.5,0.1,0.1,0.8,88.23,1218
23483,HANGING  BUTTERFLY T-LIGHT HOLDER,1636.36,1328,73,57,26.24,22.0,0.0,1610.12,1.6,1.6,1.23,88.25,1219
21206,STRAWBERRY HONEYCOMB  GARLAND,1610.92,1290,109,55,3.3,2.0,0.0,1607.62,0.2,0.2,1.25,88.27,1220
22671,FRENCH LAUNDRY SIGN BLUE METAL,1608.7,962,144,75,1.45,1.0,0.0,1607.25,0.09,0.09,1.67,88.28,1221
22292,HANGING CHICK  YELLOW DECORATION,1604.51,1136,112,76,0.0,0.0,0.0,1604.51,0.0,0.0,1.41,88.3,1222
35953,FOLKART STAR CHRISTMAS DECORATIONS,1633.67,3581,131,81,30.0,24.0,30.0,1603.67,1.84,0.0,0.46,88.32,1223
22305,COFFEE MUG PINK PAISLEY DESIGN,1604.58,693,51,35,2.55,1.0,0.0,1602.03,0.16,0.16,2.32,88.33,1224
21394,RED POLKADOT BEAKER,1603.77,3865,131,88,8.58,22.0,4.68,1595.19,0.53,0.24,0.41,88.35,1225
22095,LADS ONLY TISSUE BOX,1605.96,1643,143,72,11.06,9.0,0.0,1594.9,0.69,0.69,0.98,88.37,1226
22948,METAL DECORATION NAUGHTY CHILDREN,1603.29,1599,136,69,10.2,12.0,5.1,1593.09,0.64,0.32,1.0,88.38,1227
22475,SKULL DESIGN TV DINNER TRAY,1590.82,313,138,49,0.0,0.0,0.0,1590.82,0.0,0.0,5.08,88.4,1228
22166,WALL MIRROR RECTANGLE DIAMANTE PINK,1614.4,207,87,13,23.85,3.0,0.0,1590.55,1.48,1.48,7.8,88.41,1229
23348,CHILDRENS TOY COOKING UTENSIL SET,1633.81,746,168,95,47.26,23.0,0.0,1586.55,2.89,2.89,2.19,88.43,1230
21967,PACK OF 12 SKULL TISSUES,1582.15,5271,232,129,0.0,0.0,0.0,1582.15,0.0,0.0,0.3,88.45,1231
23369,SET 36 COLOUR PENCILS LOVE LONDON,1581.06,1105,126,80,0.0,0.0,0.0,1581.06,0.0,0.0,1.43,88.46,1232
46000M,POLYESTER FILLER PAD 45X45CM,1582.55,1021,137,92,1.55,1.0,1.55,1581.0,0.1,0.0,1.55,88.48,1233
22284,HEN HOUSE DECORATION,1597.07,927,131,78,21.45,13.0,0.0,1575.62,1.34,1.34,1.72,88.5,1234
21509,COWBOYS AND INDIANS BIRTHDAY CARD,1572.28,3741,274,142,0.0,0.0,0.0,1572.28,0.0,0.0,0.42,88.51,1235
85206A,CREAM FELT EASTER EGG BASKET,1568.93,974,114,99,0.0,0.0,0.0,1568.93,0.0,0.0,1.61,88.53,1236
22085,PAPER CHAIN KIT SKULLS,1566.99,548,97,62,0.0,0.0,0.0,1566.99,0.0,0.0,2.86,88.54,1237
22583,PACK OF 6 HANDBAG GIFT BOXES,1570.4,573,111,73,5.1,2.0,0.0,1565.3,0.32,0.32,2.74,88.56,1238
22676,FRENCH BLUE METAL DOOR SIGN 1,1578.39,1155,199,61,13.75,11.0,12.5,1564.64,0.87,0.08,1.37,88.58,1239
22449,SILK PURSE BABUSHKA PINK,1583.95,491,143,65,20.1,6.0,0.0,1563.85,1.27,1.27,3.23,88.59,1240
23287,RED VINTAGE SPOT BEAKER,1603.39,1879,198,114,43.35,51.0,0.0,1560.04,2.7,2.7,0.85,88.61,1241
22208,WOOD STAMP SET THANK YOU,1571.49,1509,280,148,11.61,13.0,0.0,1559.88,0.74,0.74,1.04,88.62,1242
21744,SNOWFLAKE PORTABLE TABLE LIGHT,1557.65,529,127,66,0.0,0.0,0.0,1557.65,0.0,0.0,2.94,88.64,1243
21913,VINTAGE SEASIDE JIGSAW PUZZLES,1565.83,398,148,72,11.25,3.0,0.0,1554.58,0.72,0.72,3.93,88.66,1244
22503,CABIN BAG VINTAGE PAISLEY,2010.12,99,34,15,461.85,19.0,0.0,1548.27,22.98,22.98,20.3,88.67,1245
20665,RED RETROSPOT PURSE,1546.27,461,156,58,0.0,0.0,0.0,1546.27,0.0,0.0,3.35,88.69,1246
21626,VINTAGE UNION JACK PENNANT,1584.8,794,99,64,42.9,22.0,0.0,1541.9,2.71,2.71,2.0,88.7,1247
21898,POTTING SHED ROSE CANDLE,1541.11,493,25,6,0.0,0.0,0.0,1541.11,0.0,0.0,3.13,88.72,1248
84971S,SMALL HEART FLOWERS HOOK,1540.45,1761,172,69,0.85,1.0,0.0,1539.6,0.06,0.06,0.87,88.73,1249
23226,FILIGREE HEART DAISY WHITE,1596.67,1247,98,56,60.0,48.0,60.0,1536.67,3.76,0.0,1.28,88.75,1250
10133,COLOURING PENCILS BROWN TUBE,1539.6,2856,196,101,4.2,10.0,4.2,1535.4,0.27,0.0,0.54,88.77,1251
22434,BALLOON PUMP WITH 10 BALLOONS,1570.41,793,124,94,35.1,18.0,0.0,1535.31,2.24,2.24,1.98,88.78,1252
23524,WALL ART HORSE & PONY,1557.63,481,63,42,22.5,6.0,0.0,1535.13,1.44,1.44,3.24,88.8,1253
21200,MULTICOLOUR HONEYCOMB PAPER GARLAND,1531.14,1119,75,33,0.0,0.0,0.0,1531.14,0.0,0.0,1.37,88.81,1254
22176,BLUE OWL SOFT TOY,1536.88,512,115,62,5.9,2.0,0.0,1530.98,0.38,0.38,3.0,88.83,1255
22828,REGENCY MIRROR WITH SHUTTERS,1530.0,10,7,7,0.0,0.0,0.0,1530.0,0.0,0.0,153.0,88.84,1256
22494,EMERGENCY FIRST AID TIN,1572.27,1088,245,79,50.0,40.0,0.0,1522.27,3.18,3.18,1.45,88.86,1257
22675,FRENCH KITCHEN SIGN BLUE METAL,1555.16,1240,164,94,33.75,27.0,15.0,1521.41,2.17,1.22,1.25,88.88,1258
20985,HEART CALCULATOR,1540.59,1179,131,65,19.43,16.0,0.0,1521.16,1.26,1.26,1.31,88.89,1259
22318,FIVE HEART HANGING DECORATION,1541.62,462,142,67,20.65,7.0,0.0,1520.97,1.34,1.34,3.34,88.91,1260
22600,CHRISTMAS RETROSPOT STAR WOOD,1543.23,1698,193,120,23.8,28.0,0.0,1519.43,1.54,1.54,0.91,88.92,1261
22731,3D CHRISTMAS STAMPS STICKERS,1536.24,1172,143,85,17.5,14.0,0.0,1518.74,1.14,1.14,1.31,88.94,1262
85049C,ROMANTIC PINKS RIBBONS,1518.15,1216,225,162,0.0,0.0,0.0,1518.15,0.0,0.0,1.25,88.95,1263
22472,TV DINNER TRAY DOLLY GIRL,1527.01,320,107,58,9.9,2.0,0.0,1517.11,0.65,0.65,4.77,88.97,1264
84884A,ANT WHITE WIRE HEART SPIRAL,1519.63,339,104,52,3.95,1.0,0.0,1515.68,0.26,0.26,4.48,88.98,1265
22982,PANTRY PASTRY BRUSH,1543.77,1154,212,120,30.0,24.0,0.0,1513.77,1.94,1.94,1.34,89.0,1266
22818,CARD CHRISTMAS VILLAGE,1550.4,3633,244,151,40.32,96.0,30.24,1510.08,2.6,0.66,0.43,89.01,1267
21069,VINTAGE BILLBOARD TEA MUG,2250.52,1949,86,35,743.06,701.0,0.0,1507.46,33.02,33.02,1.15,89.03,1268
22530,MAGIC DRAWING SLATE DOLLY GIRL,1516.46,3628,233,143,10.08,24.0,0.0,1506.38,0.66,0.66,0.42,89.05,1269
84828,JUNGLE POPSICLES ICE LOLLY MOULDS,1536.36,1099,182,82,30.0,24.0,0.0,1506.36,1.95,1.95,1.4,89.06,1270
84279P,CHERRY BLOSSOM  DECORATIVE FLASK,1565.71,377,126,79,60.0,16.0,0.0,1505.71,3.83,3.83,4.15,89.08,1271
23528,WALL ART SPACEBOY,1504.49,479,50,30,0.0,0.0,0.0,1504.49,0.0,0.0,3.14,89.09,1272
22905,CALENDAR IN SEASON DESIGN,1502.29,581,110,50,0.0,0.0,0.0,1502.29,0.0,0.0,2.59,89.11,1273
20668,DISCO BALL CHRISTMAS DECORATION,1501.4,12883,215,111,0.0,0.0,0.0,1501.4,0.0,0.0,0.12,89.12,1274
22985,WRAP BILLBOARD FONTS DESIGN,1500.44,3782,99,77,0.0,0.0,0.0,1500.44,0.0,0.0,0.4,89.14,1275
22474,SPACEBOY TV DINNER TRAY,1636.27,303,132,70,136.0,32.0,0.0,1500.27,8.31,8.31,5.4,89.15,1276
22471,TV DINNER TRAY AIR HOSTESS,1502.02,419,105,53,1.95,1.0,0.0,1500.07,0.13,0.13,3.58,89.17,1277
23271,CHRISTMAS TABLE SILVER CANDLE SPIKE,1496.89,1731,104,69,0.0,0.0,0.0,1496.89,0.0,0.0,0.86,89.18,1278
22285,HANGING HEN ON NEST DECORATION,1493.25,870,120,74,0.0,0.0,0.0,1493.25,0.0,0.0,1.72,89.2,1279
23334,IVORY WICKER HEART SMALL,1491.75,2271,130,83,0.0,0.0,0.0,1491.75,0.0,0.0,0.66,89.21,1280
21327,SKULLS WRITING SET,1484.13,864,252,99,0.0,0.0,0.0,1484.13,0.0,0.0,1.72,89.23,1281
22398,MAGNETS PACK OF 4 SWALLOWS,1589.12,2575,248,167,105.0,84.0,7.5,1484.12,6.61,6.16,0.62,89.24,1282
84580,MOUSE TOY WITH PINK T-SHIRT,1482.43,389,165,91,0.0,0.0,0.0,1482.43,0.0,0.0,3.81,89.26,1283
23559,WOODLAND BUNNIES LOLLY MAKERS,1482.41,649,124,69,0.0,0.0,0.0,1482.41,0.0,0.0,2.28,89.28,1284
21447,12 IVORY ROSE PEG PLACE SETTINGS,1478.1,969,148,56,1.25,1.0,0.0,1476.85,0.08,0.08,1.53,89.29,1285
21619,4 VANILLA BOTANICAL CANDLES,1476.4,974,164,99,0.0,0.0,0.0,1476.4,0.0,0.0,1.52,89.31,1286
22203,MILK PAN RED RETROSPOT,1483.13,403,145,75,7.5,2.0,0.0,1475.63,0.51,0.51,3.68,89.32,1287
22802,FAUX FUR CHOCOLATE THROW,1474.74,87,49,30,0.0,0.0,0.0,1474.74,0.0,0.0,16.95,89.34,1288
23267,SET OF 4 SANTA PLACE SETTINGS,1531.95,1202,108,79,60.0,48.0,0.0,1471.95,3.92,3.92,1.27,89.35,1289
21528,DAIRY MAID TRADITIONAL TEAPOT,1557.57,215,111,62,93.3,14.0,0.0,1464.27,5.99,5.99,7.24,89.37,1290
23365,SET 12 COLOUR PENCILS LOVE LONDON,1463.08,1857,169,107,0.0,0.0,0.0,1463.08,0.0,0.0,0.79,89.38,1291
22770,MIRROR CORNICE,1515.68,94,62,44,59.8,4.0,0.0,1455.88,3.95,3.95,16.12,89.4,1292
21361,LOVE LARGE WOOD LETTERS,1505.96,106,69,42,51.0,4.0,0.0,1454.96,3.39,3.39,14.21,89.41,1293
85114C,RED ENCHANTED FOREST PLACEMAT,1454.88,678,110,37,0.0,0.0,0.0,1454.88,0.0,0.0,2.15,89.43,1294
22696,WICKER WREATH LARGE,1452.55,729,151,108,0.0,0.0,0.0,1452.55,0.0,0.0,1.99,89.44,1295
21191,LARGE WHITE HONEYCOMB PAPER BELL,1451.82,562,95,38,0.0,0.0,0.0,1451.82,0.0,0.0,2.58,89.46,1296
21470,FLOWER VINE RAFFIA FOOD COVER,1470.32,381,140,77,18.75,5.0,0.0,1451.57,1.28,1.28,3.86,89.47,1297
21352,EUCALYPTUS & PINECONE  WREATH,1511.26,378,77,35,60.75,9.0,0.0,1450.51,4.02,4.02,4.0,89.48,1298
22664,TOY TIDY DOLLY GIRL DESIGN,1472.85,713,162,62,25.2,12.0,21.0,1447.65,1.71,0.29,2.07,89.5,1299
37342,POLKADOT COFFEE CUP & SAUCER PINK,1489.01,1570,109,50,45.68,56.0,0.0,1443.33,3.07,3.07,0.95,89.51,1300
23034,DRAWER KNOB CERAMIC BLACK,1448.67,979,88,57,8.7,6.0,0.0,1439.97,0.6,0.6,1.48,89.53,1301
21792,CLASSIC FRENCH STYLE BASKET GREEN,1497.72,344,76,58,57.95,9.0,0.0,1439.77,3.87,3.87,4.35,89.54,1302
37495,FAIRY CAKE BIRTHDAY CANDLE SET,1622.24,440,92,75,183.75,49.0,0.0,1438.49,11.33,11.33,3.69,89.56,1303
21829,DINOSAUR KEYRINGS ASSORTED,1460.74,6765,177,104,22.68,108.0,22.68,1438.06,1.55,0.0,0.22,89.57,1304
21872,GLAMOROUS  MUG,1454.98,1292,142,81,17.72,16.0,0.0,1437.26,1.22,1.22,1.13,89.59,1305
15044A,PINK PAPER PARASOL,1439.02,458,102,53,2.95,1.0,0.0,1436.07,0.21,0.21,3.14,89.6,1306
22713,CARD I LOVE LONDON,1437.36,3441,217,109,3.36,8.0,0.0,1434.0,0.23,0.23,0.42,89.62,1307
23086,ZINC  STAR T-LIGHT HOLDER,1451.43,1225,47,31,20.0,16.0,0.0,1431.43,1.38,1.38,1.18,89.63,1308
21705,BAG 500G SWIRLY MARBLES,1462.17,1459,141,89,31.6,20.0,0.0,1430.57,2.16,2.16,1.0,89.65,1309
15058C,ICE CREAM DESIGN GARDEN PARASOL,1429.82,240,72,26,0.0,0.0,0.0,1429.82,0.0,0.0,5.96,89.66,1310
21620,SET OF 4 ROSE BOTANICAL CANDLES,1429.49,881,165,97,0.0,0.0,0.0,1429.49,0.0,0.0,1.62,89.68,1311
23392,SPACEBOY ROCKET LOLLY MAKERS,1475.03,662,113,70,49.92,24.0,0.0,1425.11,3.38,3.38,2.23,89.69,1312
85054,FRENCH ENAMEL POT W LID,1430.63,587,115,66,8.4,4.0,2.95,1422.23,0.59,0.38,2.44,89.71,1313
22458,CAST IRON HOOK GARDEN FORK,1421.83,523,23,12,0.0,0.0,0.0,1421.83,0.0,0.0,2.72,89.72,1314
21407,BROWN CHECK CAT DOORSTOP,1421.11,290,138,79,4.25,1.0,0.0,1416.86,0.3,0.3,4.9,89.73,1315
22531,MAGIC DRAWING SLATE CIRCUS PARADE,1412.41,3382,200,127,0.0,0.0,0.0,1412.41,0.0,0.0,0.42,89.75,1316
84031B,CHARLIE LOLA BLUE HOT WATER BOTTLE,1452.35,304,143,29,40.95,21.0,0.0,1411.4,2.82,2.82,4.78,89.76,1317
22714,CARD BIRTHDAY COWBOY,1415.73,3487,225,125,5.04,12.0,0.0,1410.69,0.36,0.36,0.41,89.78,1318
21507,"ELEPHANT, BIRTHDAY CARD,",1420.24,3320,262,139,10.08,24.0,0.0,1410.16,0.71,0.71,0.43,89.79,1319
22576,SWALLOW WOODEN CHRISTMAS DECORATION,1414.46,1538,173,102,5.1,6.0,0.0,1409.36,0.36,0.36,0.92,89.81,1320
82567,"AIRLINE LOUNGE,METAL SIGN",1408.07,711,291,86,0.0,0.0,0.0,1408.07,0.0,0.0,1.98,89.82,1321
84536A,ENGLISH ROSE NOTEBOOK A7 SIZE,1420.96,3152,345,140,13.44,32.0,0.0,1407.52,0.95,0.95,0.45,89.84,1322
22182,CAKE STAND VICTORIAN FILIGREE SMALL,1420.58,372,122,30,14.85,3.0,0.0,1405.73,1.05,1.05,3.82,89.85,1323
23104,IVORY CAFE HANGING LAMP,1405.42,118,46,38,0.0,0.0,0.0,1405.42,0.0,0.0,11.91,89.86,1324
23527,WALL ART ANIMALS AND NATURE,1428.56,420,48,40,26.25,7.0,0.0,1402.31,1.84,1.84,3.4,89.88,1325
22949,36 DOILIES DOLLY GIRL,1417.55,956,105,81,20.3,14.0,0.0,1397.25,1.43,1.43,1.48,89.89,1326
23040,PAPER LANTERN 9 POINT SNOW STAR,1394.03,253,41,33,0.0,0.0,0.0,1394.03,0.0,0.0,5.51,89.91,1327
84813,SET OF 4 DIAMOND NAPKIN RINGS,1393.79,166,38,20,3.95,1.0,0.0,1389.84,0.28,0.28,8.4,89.92,1328
23470,CARD HOLDER LOVE BIRD LARGE,1460.5,232,84,70,70.7,12.0,0.0,1389.8,4.84,4.84,6.3,89.94,1329
23250,VINTAGE RED TRIM ENAMEL BOWL,1531.03,1179,110,64,141.8,121.0,0.0,1389.23,9.26,9.26,1.3,89.95,1330
22306,SILVER MUG BONE CHINA TREE OF LIFE,1415.85,1162,111,85,28.7,17.0,0.0,1387.15,2.03,2.03,1.22,89.96,1331
21424,WOODLAND STORAGE BOX LARGE,1401.02,346,70,19,14.75,5.0,0.0,1386.27,1.05,1.05,4.05,89.98,1332
22436,12 COLOURED PARTY BALLOONS,1398.51,2134,163,105,13.0,20.0,0.0,1385.51,0.93,0.93,0.66,89.99,1333
23119,PACK OF 6 LARGE FRUIT STRAWS,1401.7,2282,151,97,22.32,36.0,0.0,1379.38,1.59,1.59,0.61,90.01,1334
22735,RIBBON REEL SOCKS AND MITTENS,1379.21,741,136,73,0.0,0.0,0.0,1379.21,0.0,0.0,1.86,90.02,1335
22443,GROW YOUR OWN HERBS SET OF 3,1391.74,164,90,60,15.9,2.0,0.0,1375.84,1.14,1.14,8.49,90.03,1336
23376,PACK OF 12 VINTAGE CHRISTMAS TISSUE,1384.91,3039,155,104,9.36,24.0,0.0,1375.55,0.68,0.68,0.46,90.05,1337
22677,FRENCH BLUE METAL DOOR SIGN 2,1389.07,1001,188,59,13.75,11.0,12.5,1375.32,0.99,0.09,1.39,90.06,1338
21519,GIN & TONIC DIET GREETING CARD,1389.22,3299,246,100,15.12,36.0,5.04,1374.1,1.09,0.73,0.42,90.08,1339
21071,VINTAGE BILLBOARD DRINK ME MUG,1380.28,991,177,72,6.36,6.0,0.0,1373.92,0.46,0.46,1.39,90.09,1340
22976,CIRCUS PARADE CHILDRENS EGG CUP,1389.01,1066,143,77,16.25,13.0,15.0,1372.76,1.17,0.09,1.3,90.1,1341
72802A,ROSE SCENT CANDLE IN JEWELLED BOX,1387.94,330,65,44,16.12,4.0,0.0,1371.82,1.16,1.16,4.21,90.12,1342
21382,SET/4 SPRING FLOWER DECORATION,1376.53,1143,128,64,6.0,8.0,0.0,1370.53,0.44,0.44,1.2,90.13,1343
22915,ASSORTED BOTTLE TOP  MAGNETS,1406.42,3152,184,110,37.8,90.0,2.52,1368.62,2.69,2.51,0.45,90.15,1344
23546,WRAP PAISLEY PARK,1365.0,3250,120,106,0.0,0.0,0.0,1365.0,0.0,0.0,0.42,90.16,1345
51014C,"FEATHER PEN,COAL BLACK",1406.56,2688,175,71,42.9,110.0,4.68,1363.66,3.05,2.73,0.52,90.17,1346
22047,EMPIRE GIFT WRAP,1373.5,3375,106,93,10.5,25.0,0.0,1363.0,0.76,0.76,0.41,90.19,1347
22609,PENS ASSORTED SPACEBALL,1368.1,5874,155,89,6.84,36.0,0.0,1361.26,0.5,0.5,0.23,90.2,1348
22716,CARD CIRCUS PARADE,1360.91,3201,288,167,0.0,0.0,0.0,1360.91,0.0,0.0,0.43,90.22,1349
85227,SET OF 6 3D KIT CARDS FOR KIDS,1359.4,1477,223,115,0.0,0.0,0.0,1359.4,0.0,0.0,0.92,90.23,1350
84818,DANISH ROSE PHOTO FRAME,1460.81,1423,99,79,101.45,95.0,0.0,1359.36,6.94,6.94,1.03,90.24,1351
22591,CARDHOLDER GINGHAM CHRISTMAS TREE,1509.41,413,86,53,156.05,59.0,0.0,1353.36,10.34,10.34,3.65,90.26,1352
22304,COFFEE MUG BLUE PAISLEY DESIGN,1352.88,761,61,38,0.0,0.0,0.0,1352.88,0.0,0.0,1.78,90.27,1353
23000,TRAVEL CARD WALLET TRANSPORT,1368.28,3169,278,125,16.38,39.0,0.0,1351.9,1.2,1.2,0.43,90.29,1354
21123,SET/10 IVORY POLKADOT PARTY CANDLES,1380.84,1143,154,66,30.0,24.0,0.0,1350.84,2.17,2.17,1.21,90.3,1355
22754,SMALL RED BABUSHKA NOTEBOOK,1350.47,1951,266,120,0.0,0.0,0.0,1350.47,0.0,0.0,0.69,90.31,1356
22063,CERAMIC BOWL WITH STRAWBERRY DESIGN,1367.45,583,120,56,17.7,6.0,0.0,1349.75,1.29,1.29,2.35,90.33,1357
21615,4 LAVENDER BOTANICAL DINNER CANDLES,1347.92,891,135,86,0.0,0.0,0.0,1347.92,0.0,0.0,1.51,90.34,1358
22421,LIPSTICK PEN FUSCHIA,1347.1,2597,213,80,0.84,2.0,0.0,1346.26,0.06,0.06,0.52,90.35,1359
22911,PAPER CHAIN KIT LONDON,1358.09,463,94,68,17.7,6.0,0.0,1340.39,1.3,1.3,2.93,90.37,1360
23414,ZINC BOX SIGN HOME,1378.75,141,64,58,39.8,4.0,0.0,1338.95,2.89,2.89,9.78,90.38,1361
23469,CARD HOLDER LOVE BIRD SMALL,1355.24,332,72,61,16.6,4.0,0.0,1338.64,1.22,1.22,4.08,90.4,1362
23249,VINTAGE RED ENAMEL TRIM PLATE,1426.1,842,81,57,87.71,55.0,0.0,1338.39,6.15,6.15,1.69,90.41,1363
21987,PACK OF 6 SKULL PAPER CUPS,1346.65,2113,171,106,8.45,13.0,0.0,1338.2,0.63,0.63,0.64,90.42,1364
22293,HANGING CHICK GREEN DECORATION,1335.87,903,122,63,0.0,0.0,0.0,1335.87,0.0,0.0,1.48,90.44,1365
21439,BASKET OF TOADSTOOLS,1767.15,1430,130,51,432.48,408.0,0.0,1334.67,24.47,24.47,1.24,90.45,1366
21363,HOME SMALL WOOD LETTERS,1403.94,243,125,67,69.3,14.0,0.0,1334.64,4.94,4.94,5.78,90.46,1367
22917,HERB MARKER ROSEMARY,1340.22,1937,240,132,7.8,12.0,7.8,1332.42,0.58,0.0,0.69,90.48,1368
72802B,OCEAN SCENT CANDLE IN JEWELLED BOX,1993.48,1028,82,54,662.24,454.0,162.0,1331.24,33.22,27.31,1.94,90.49,1369
23538,WALL ART VINTAGE HEART,1329.54,331,32,25,0.0,0.0,0.0,1329.54,0.0,0.0,4.02,90.51,1370
23061,VINTAGE EMBOSSED HEART,1332.68,1015,117,76,3.75,3.0,0.0,1328.93,0.28,0.28,1.31,90.52,1371
21246,RED RETROSPOT BIG BOWL,1336.78,286,96,33,9.9,2.0,0.0,1326.88,0.74,0.74,4.67,90.53,1372
85183B,CHARLIE & LOLA WASTEPAPER BIN FLORA,1323.37,996,118,84,0.0,0.0,0.0,1323.37,0.0,0.0,1.33,90.55,1373
21039,RED RETROSPOT SHOPPING BAG,1353.69,523,90,57,30.6,12.0,0.0,1323.09,2.26,2.26,2.59,90.56,1374
22299,PIG KEYRING WITH LIGHT & SOUND,1386.97,1379,80,38,65.0,52.0,0.0,1321.97,4.69,4.69,1.01,90.57,1375
21818,GLITTER HEART DECORATION,1320.41,2737,163,117,0.0,0.0,0.0,1320.41,0.0,0.0,0.48,90.59,1376
22742,MAKE YOUR OWN PLAYTIME CARD KIT,1323.57,639,101,77,5.9,2.0,0.0,1317.67,0.45,0.45,2.07,90.6,1377
22399,MAGNETS PACK OF 4 CHILDHOOD MEMORY,1347.08,1152,98,71,30.0,24.0,7.5,1317.08,2.23,1.68,1.17,90.61,1378
22650,CERAMIC PIRATE CHEST MONEY BANK,1320.7,851,143,78,4.35,3.0,0.0,1316.35,0.33,0.33,1.55,90.63,1379
23221,REINDEER HEART DECORATION SILVER,1363.04,1536,145,85,48.14,58.0,0.0,1314.9,3.53,3.53,0.89,90.64,1380
23373,VINTAGE CHRISTMAS PAPER GIFT BAG,1313.39,1608,100,86,0.0,0.0,0.0,1313.39,0.0,0.0,0.82,90.65,1381
22912,YELLOW COAT RACK PARIS FASHION,1342.39,287,100,74,29.7,6.0,0.0,1312.69,2.21,2.21,4.68,90.67,1382
22920,HERB MARKER BASIL,2153.34,3423,242,133,841.05,1527.0,841.05,1312.29,39.06,0.0,0.63,90.68,1383
21686,MEDINA STAMPED METAL STOOL,1351.64,35,20,6,39.95,1.0,0.0,1311.69,2.96,2.96,38.62,90.69,1384
90057,DIAMANTE RING ASSORTED IN BOX.,1311.36,1008,22,21,0.0,0.0,0.0,1311.36,0.0,0.0,1.3,90.71,1385
21179,NO JUNK MAIL METAL SIGN,1313.79,1940,266,122,4.68,12.0,0.0,1309.11,0.36,0.36,0.68,90.72,1386
21195,PINK  HONEYCOMB PAPER BALL,1308.56,693,80,21,0.0,0.0,0.0,1308.56,0.0,0.0,1.89,90.73,1387
23405,HOME SWEET HOME 2 DRAWER CABINET,1311.48,252,70,54,4.95,1.0,0.0,1306.53,0.38,0.38,5.2,90.75,1388
22916,HERB MARKER THYME,1314.21,1905,237,130,7.8,12.0,7.8,1306.41,0.59,0.0,0.69,90.76,1389
21624,VINTAGE UNION JACK DOORSTOP,1331.56,216,95,72,29.75,5.0,0.0,1301.81,2.23,2.23,6.16,90.77,1390
21627,ELEPHANT CARNIVAL POUFFE,1299.83,63,47,14,0.0,0.0,0.0,1299.83,0.0,0.0,20.63,90.79,1391
22028,PENNY FARTHING BIRTHDAY CARD,1304.14,3042,262,124,5.04,12.0,0.0,1299.1,0.39,0.39,0.43,90.8,1392
21793,CLASSIC FRENCH STYLE BASKET BROWN,1296.61,304,74,57,0.0,0.0,0.0,1296.61,0.0,0.0,4.27,90.81,1393
22310,IVORY KNITTED MUG COSY,1296.23,668,109,29,0.0,0.0,0.0,1296.23,0.0,0.0,1.94,90.83,1394
21866,UNION JACK FLAG LUGGAGE TAG,1292.38,747,193,79,0.0,0.0,0.0,1292.38,0.0,0.0,1.73,90.84,1395
85199S,SMALL HANGING IVORY/RED WOOD BIRD,1302.31,2660,261,101,10.08,24.0,0.0,1292.23,0.77,0.77,0.49,90.85,1396
21422,PORCELAIN ROSE SMALL,1295.0,1607,63,32,3.4,4.0,0.0,1291.6,0.26,0.26,0.81,90.87,1397
22073,RED RETROSPOT STORAGE JAR,1336.14,334,69,38,45.0,12.0,0.0,1291.14,3.37,3.37,4.0,90.88,1398
37447,CERAMIC CAKE DESIGN SPOTTED PLATE,1313.28,820,115,51,23.89,17.0,0.0,1289.39,1.82,1.82,1.6,90.89,1399
21616,4 PEAR BOTANICAL DINNER CANDLES,1288.34,822,138,84,0.0,0.0,0.0,1288.34,0.0,0.0,1.57,90.91,1400
22372,AIRLINE BAG VINTAGE WORLD CHAMPION,1289.49,279,147,81,4.25,1.0,4.25,1285.24,0.33,0.0,4.62,90.92,1401
21064,BOOM BOX SPEAKER BOYS,1281.2,296,101,40,0.0,0.0,0.0,1281.2,0.0,0.0,4.33,90.93,1402
22461,SAVOY ART DECO CLOCK,1453.58,239,53,35,173.45,23.0,0.0,1280.13,11.93,11.93,6.08,90.95,1403
22686,FRENCH BLUE METAL DOOR SIGN NO,1308.38,993,158,39,30.0,24.0,15.0,1278.38,2.29,1.16,1.32,90.96,1404
21408,SPOTTY PINK DUCK DOORSTOP,1282.81,285,117,50,8.5,2.0,0.0,1274.31,0.66,0.66,4.5,90.97,1405
47480,HANGING PHOTO CLIP ROPE LADDER,1274.17,746,86,29,0.0,0.0,0.0,1274.17,0.0,0.0,1.71,90.99,1406
21901,"KEY FOB , BACK DOOR",1277.89,1828,308,143,5.85,9.0,0.0,1272.04,0.46,0.46,0.7,91.0,1407
21211,SET OF 72 SKULL PAPER  DOILIES,1270.07,883,103,58,0.0,0.0,0.0,1270.07,0.0,0.0,1.44,91.01,1408
21897,POTTING SHED CANDLE CITRONELLA,1268.19,405,3,1,0.0,0.0,0.0,1268.19,0.0,0.0,3.13,91.02,1409
22918,HERB MARKER PARSLEY,1275.35,1869,238,130,7.8,12.0,7.8,1267.55,0.61,0.0,0.68,91.04,1410
85114A,BLACK ENCHANTED FOREST PLACEMAT,1266.91,698,71,20,0.0,0.0,0.0,1266.91,0.0,0.0,1.82,91.05,1411
21090,SET/6 COLLAGE PAPER PLATES,1274.19,2413,217,98,14.04,36.0,4.68,1260.15,1.1,0.74,0.53,91.06,1412
23462,ROCOCO WALL MIRROR WHITE,1607.04,80,46,43,350.1,18.0,39.9,1256.94,21.79,19.79,20.09,91.08,1413
21902,"KEY FOB , FRONT  DOOR",1262.37,1962,210,114,5.85,9.0,0.0,1256.52,0.46,0.46,0.64,91.09,1414
21820,GLITTER HEART GARLAND WITH BELLS,1368.47,329,90,49,112.5,30.0,67.5,1255.97,8.22,3.46,4.16,91.1,1415
22977,DOLLY GIRL CHILDRENS EGG CUP,1252.61,950,135,98,1.25,1.0,0.0,1251.36,0.1,0.1,1.32,91.11,1416
22999,TRAVEL CARD WALLET VINTAGE LEAF,1252.59,2894,222,108,1.26,3.0,0.0,1251.33,0.1,0.1,0.43,91.13,1417
85059,FRENCH ENAMEL WATER BASIN,1273.11,411,128,62,22.5,8.0,0.0,1250.61,1.77,1.77,3.1,91.14,1418
22439,6 ROCKET BALLOONS,1293.22,1898,197,116,44.2,68.0,0.0,1249.02,3.42,3.42,0.68,91.15,1419
22572,ROCKING HORSE GREEN CHRISTMAS,1244.67,1380,179,114,0.0,0.0,0.0,1244.67,0.0,0.0,0.9,91.17,1420
23511,EMBROIDERED RIBBON REEL EMILY,1252.01,571,98,83,10.4,5.0,0.0,1241.61,0.83,0.83,2.19,91.18,1421
22922,FRIDGE MAGNETS US DINER ASSORTED,1422.9,1587,102,73,183.3,234.0,5.1,1239.6,12.88,12.57,0.9,91.19,1422
23067,HANGING ENGRAVED METAL HEART,1236.66,294,78,63,0.0,0.0,0.0,1236.66,0.0,0.0,4.21,91.2,1423
22362,GLASS JAR PEACOCK BATH SALTS,1329.44,408,133,62,97.35,33.0,0.0,1232.09,7.32,7.32,3.26,91.22,1424
85132B,CHARLIE AND LOLA TABLE TINS,1230.78,538,84,44,0.0,0.0,0.0,1230.78,0.0,0.0,2.29,91.23,1425
47503A,ASS FLORAL PRINT MULTI SCREWDRIVER,1254.12,2734,163,123,25.08,36.0,0.0,1229.04,2.0,2.0,0.46,91.24,1426
23539,WALL ART LOVES' SECRET,1227.95,247,41,32,0.0,0.0,0.0,1227.95,0.0,0.0,4.97,91.25,1427
22129,PARTY CONES CANDY DECORATION,1226.42,1188,100,33,0.0,0.0,0.0,1226.42,0.0,0.0,1.03,91.27,1428
22603,CHRISTMAS RETROSPOT TREE WOOD,1235.38,1387,171,111,11.05,13.0,0.0,1224.33,0.89,0.89,0.89,91.28,1429
22338,STAR DECORATION PAINTED ZINC,1233.91,4679,180,94,12.27,21.0,0.0,1221.64,0.99,0.99,0.26,91.29,1430
22074,6 RIBBONS SHIMMERING PINKS,1239.67,1402,199,61,19.8,12.0,0.0,1219.87,1.6,1.6,0.88,91.3,1431
22315,200 RED + WHITE BENDY STRAWS,1218.93,916,172,90,0.0,0.0,0.0,1218.93,0.0,0.0,1.33,91.32,1432
22597,MUSICAL ZINC HEART DECORATION,1247.49,2821,186,95,28.9,34.0,0.0,1218.59,2.32,2.32,0.44,91.33,1433
82599,FANNY'S REST STOPMETAL SIGN,1217.73,508,141,67,0.0,0.0,0.0,1217.73,0.0,0.0,2.4,91.34,1434
23598,PAPER BUNTING VINTAGE PARTY,1215.53,427,47,40,0.0,0.0,0.0,1215.53,0.0,0.0,2.85,91.35,1435
22613,PACK OF 20 SPACEBOY NAPKINS,1222.61,1538,145,82,8.5,10.0,0.0,1214.11,0.7,0.7,0.79,91.37,1436
23138,SINGLE WIRE HOOK IVORY HEART,1231.51,879,82,60,17.4,12.0,17.4,1214.11,1.41,0.0,1.4,91.38,1437
22919,HERB MARKER MINT,1221.86,1753,240,132,7.8,12.0,7.8,1214.06,0.64,0.0,0.7,91.39,1438
22589,CARDHOLDER GINGHAM STAR,1212.82,379,79,46,0.0,0.0,0.0,1212.82,0.0,0.0,3.2,91.4,1439
71038,WHITE HANGING BEADS CANDLE HOLDER,1239.5,238,47,34,27.25,5.0,21.8,1212.25,2.2,0.45,5.21,91.42,1440
82578,KITCHEN METAL SIGN,1217.85,2058,305,142,6.6,12.0,0.0,1211.25,0.54,0.54,0.59,91.43,1441
72800E,4 IVORY DINNER CANDLES SILVER FLOCK,1205.64,538,136,62,0.0,0.0,0.0,1205.64,0.0,0.0,2.24,91.44,1442
22575,METAL MERRY CHRISTMAS WREATH,1216.22,636,90,61,11.7,6.0,0.0,1204.52,0.96,0.96,1.91,91.45,1443
22071,SMALL WHITE RETROSPOT MUG IN BOX,1384.3,729,86,64,180.5,286.0,158.0,1203.8,13.04,1.83,1.9,91.47,1444
72817,SET OF 2 CHRISTMAS DECOUPAGE CANDLE,1232.27,1212,161,74,30.0,24.0,0.0,1202.27,2.43,2.43,1.02,91.48,1445
22416,SET OF 36 DOILIES SPACEBOY DESIGN,1210.82,868,76,54,8.7,6.0,0.0,1202.12,0.72,0.72,1.39,91.49,1446
23142,IVORY WIRE KITCHEN ORGANISER,1220.82,121,40,34,19.55,2.0,0.0,1201.27,1.6,1.6,10.09,91.5,1447
21986,PACK OF 12 PINK POLKADOT TISSUES,1197.73,4067,189,118,0.0,0.0,0.0,1197.73,0.0,0.0,0.29,91.51,1448
22755,SMALL PURPLE BABUSHKA NOTEBOOK,1187.96,1687,251,110,0.0,0.0,0.0,1187.96,0.0,0.0,0.7,91.53,1449
23444,NEXT DAY CARRIAGE,1200.0,79,79,63,15.0,1.0,0.0,1185.0,1.25,1.25,15.19,91.54,1450
21070,VINTAGE BILLBOARD MUG,1184.98,1106,107,51,0.0,0.0,0.0,1184.98,0.0,0.0,1.07,91.55,1451
22453,MEASURING TAPE BABUSHKA BLUE,1185.79,442,78,38,2.95,1.0,0.0,1182.84,0.25,0.25,2.68,91.56,1452
84012,MAGIC SHEEP WOOL GROWING FROM PAPER,1283.99,1265,115,78,102.0,120.0,0.0,1181.99,7.94,7.94,1.02,91.58,1453
22711,WRAP CIRCUS PARADE,1202.84,2902,103,89,21.0,50.0,10.5,1181.84,1.75,0.88,0.41,91.59,1454
35924,HANGING FAIRY CAKE DECORATION,1484.3,820,72,25,302.51,179.0,243.36,1181.79,20.38,4.77,1.81,91.6,1455
21537,RED RETROSPOT PUDDING BOWL,1387.96,332,61,50,208.75,55.0,0.0,1179.21,15.04,15.04,4.18,91.61,1456
21262,WHITE GOOSE FEATHER CHRISTMAS TREE,1233.21,332,78,43,56.75,5.0,0.0,1176.46,4.6,4.6,3.71,91.62,1457
85039B,S/4 IVORY MINI ROSE CANDLE IN BOWL,1174.63,806,172,38,0.0,0.0,0.0,1174.63,0.0,0.0,1.46,91.64,1458
22921,HERB MARKER CHIVES,1180.87,1716,209,116,7.8,12.0,7.8,1173.07,0.66,0.0,0.69,91.65,1459
23026,DRAWER KNOB VINTAGE GLASS STAR,1198.96,556,62,43,29.12,14.0,0.0,1169.84,2.43,2.43,2.16,91.66,1460
21742,LARGE ROUND WICKER PLATTER,1167.58,194,91,75,0.0,0.0,0.0,1167.58,0.0,0.0,6.02,91.67,1461
22757,LARGE RED BABUSHKA NOTEBOOK,1167.74,1096,163,81,1.25,1.0,0.0,1166.49,0.11,0.11,1.07,91.68,1462
23418,LAVENDER TOILETTE BOTTLE,1166.0,557,79,55,0.0,0.0,0.0,1166.0,0.0,0.0,2.09,91.7,1463
84313C,ORANGE TV TRAY TABLE,1165.91,504,43,17,0.0,0.0,0.0,1165.91,0.0,0.0,2.31,91.71,1464
23515,EMBROIDERED RIBBON REEL DAISY,1164.98,579,71,58,0.0,0.0,0.0,1164.98,0.0,0.0,2.01,91.72,1465
23508,MINI PLAYING CARDS DOLLY GIRL,1163.45,2627,120,95,0.84,2.0,0.0,1162.61,0.07,0.07,0.44,91.73,1466
22334,DINOSAUR PARTY BAG + STICKER SET,1160.71,707,101,77,0.0,0.0,0.0,1160.71,0.0,0.0,1.64,91.74,1467
21065,BOOM BOX SPEAKER GIRLS,1160.58,562,90,31,0.0,0.0,0.0,1160.58,0.0,0.0,2.07,91.75,1468
22081,RIBBON REEL FLORA + FAUNA,1176.5,644,138,74,16.5,10.0,0.0,1160.0,1.4,1.4,1.83,91.77,1469
20984,12 PENCILS TALL TUBE POSY,1166.07,3785,170,135,6.96,24.0,0.0,1159.11,0.6,0.6,0.31,91.78,1470
23431,NATURAL HANGING QUILTED HEARTS,1171.23,1449,72,63,13.28,16.0,0.0,1157.95,1.13,1.13,0.81,91.79,1471
23507,MINI PLAYING CARDS BUFFALO BILL,1155.67,2882,119,91,0.0,0.0,0.0,1155.67,0.0,0.0,0.4,91.8,1472
21773,DECORATIVE ROSE BATHROOM BOTTLE,1154.17,1170,163,50,0.0,0.0,0.0,1154.17,0.0,0.0,0.99,91.81,1473
22442,GROW YOUR OWN FLOWERS SET OF 3,1241.3,296,78,68,87.45,11.0,0.0,1153.85,7.05,7.05,4.19,91.83,1474
23269,SET OF 2 CERAMIC CHRISTMAS TREES,1152.98,779,94,63,0.0,0.0,0.0,1152.98,0.0,0.0,1.48,91.84,1475
23566,EGG CUP MILKMAID HEIDI,1156.93,881,83,44,5.0,4.0,0.0,1151.93,0.43,0.43,1.31,91.85,1476
23523,WALL ART TREASURE AHOY,1173.81,360,41,35,22.5,6.0,0.0,1151.31,1.92,1.92,3.26,91.86,1477
21774,DECORATIVE CATS BATHROOM BOTTLE,1152.4,1095,186,39,1.25,1.0,0.0,1151.15,0.11,0.11,1.05,91.87,1478
22708,WRAP DOLLY GIRL,1160.0,2800,100,79,10.5,25.0,0.0,1149.5,0.91,0.91,0.41,91.88,1479
21846,PINK DIAMANTE PEN IN GIFT BOX,1206.97,424,103,12,59.4,12.0,59.4,1147.57,4.92,0.0,2.85,91.9,1480
23402,HOME SWEET HOME 3 PEG HANGER,1147.28,296,68,47,0.0,0.0,0.0,1147.28,0.0,0.0,3.88,91.91,1481
85106,CUT GLASS HEXAGON T-LIGHT HOLDER,1142.31,649,20,9,0.0,0.0,0.0,1142.31,0.0,0.0,1.76,91.92,1482
22497,SET OF 2 TINS VINTAGE BATHROOM,1140.9,224,100,50,0.0,0.0,0.0,1140.9,0.0,0.0,5.09,91.93,1483
85039A,SET/4 RED MINI ROSE CANDLE IN BOWL,1142.43,744,191,26,1.65,1.0,0.0,1140.78,0.14,0.14,1.54,91.94,1484
20956,PORCELAIN T-LIGHT HOLDERS ASSORTED,1146.52,822,101,51,6.25,5.0,0.0,1140.27,0.55,0.55,1.39,91.95,1485
21043,APRON MODERN VINTAGE COTTON,1139.86,492,90,52,0.0,0.0,0.0,1139.86,0.0,0.0,2.32,91.97,1486
21947,SET OF 6 HEART CHOPSTICKS,1139.65,811,152,62,0.0,0.0,0.0,1139.65,0.0,0.0,1.41,91.98,1487
22678,FRENCH BLUE METAL DOOR SIGN 3,1151.56,843,160,59,13.75,11.0,12.5,1137.81,1.19,0.11,1.37,91.99,1488
22581,WOOD STOCKING CHRISTMAS SCANDISPOT,1137.28,1569,177,83,1.7,2.0,0.0,1135.58,0.15,0.15,0.72,92.0,1489
22446,PIN CUSHION BABUSHKA PINK,1135.18,439,133,25,0.0,0.0,0.0,1135.18,0.0,0.0,2.59,92.01,1490
21395,BLUE POLKADOT BEAKER,1139.06,2838,90,63,3.9,10.0,0.0,1135.16,0.34,0.34,0.4,92.02,1491
20801,LARGE PINK GLASS SUNDAE DISH,1157.8,1013,81,47,24.0,32.0,0.0,1133.8,2.07,2.07,1.14,92.04,1492
22376,AIRLINE BAG VINTAGE JET SET WHITE,1133.2,252,122,66,0.0,0.0,0.0,1133.2,0.0,0.0,4.5,92.05,1493
84912B,GREEN ROSE WASHBAG,1132.85,323,160,32,0.0,0.0,0.0,1132.85,0.0,0.0,3.51,92.06,1494
23057,BEADED CHANDELIER T-LIGHT HOLDER,1768.67,773,45,38,636.15,433.0,288.0,1132.52,35.97,23.51,2.29,92.07,1495
21628,TRIANGULAR POUFFE VINTAGE,1161.65,63,33,14,29.9,2.0,0.0,1131.75,2.57,2.57,18.44,92.08,1496
47585A,PINK FAIRY CAKE CUSHION COVER,1129.44,264,83,23,0.0,0.0,0.0,1129.44,0.0,0.0,4.28,92.09,1497
22539,MINI JIGSAW DOLLY GIRL,1129.32,2918,136,74,0.0,0.0,0.0,1129.32,0.0,0.0,0.39,92.11,1498
23506,MINI PLAYING CARDS SPACEBOY,1129.12,2723,146,114,0.0,0.0,0.0,1129.12,0.0,0.0,0.41,92.12,1499
85087,CANDY SPOT CUSHION COVER,1129.99,339,125,7,2.95,1.0,0.0,1127.04,0.26,0.26,3.33,92.13,1500
22680,FRENCH BLUE METAL DOOR SIGN 5,1157.79,842,153,61,37.5,30.0,12.5,1120.29,3.24,2.18,1.38,92.14,1501
22815,CARD PSYCHEDELIC APPLES,1118.84,2628,268,79,0.0,0.0,0.0,1118.84,0.0,0.0,0.43,92.15,1502
23510,MINI PLAYING CARDS GYMKHANA,1118.8,2521,120,90,0.0,0.0,0.0,1118.8,0.0,0.0,0.44,92.16,1503
21809,CHRISTMAS HANGING TREE WITH BELL,1117.92,1964,117,72,0.0,0.0,0.0,1117.92,0.0,0.0,0.57,92.17,1504
21466,RED FLOWER CROCHET FOOD COVER,1116.89,304,112,71,0.0,0.0,0.0,1116.89,0.0,0.0,3.67,92.19,1505
22817,CARD SUKI BIRTHDAY,1114.81,2639,290,79,0.0,0.0,0.0,1114.81,0.0,0.0,0.42,92.2,1506
23411,TRELLIS COAT RACK,1118.61,227,56,42,4.95,1.0,0.0,1113.66,0.44,0.44,4.93,92.21,1507
22155,STAR DECORATION RUSTIC,1133.61,2452,142,67,20.16,48.0,20.16,1113.45,1.78,0.0,0.46,92.22,1508
22608,PENS ASSORTED FUNKY JEWELED,1114.64,5211,144,63,1.33,7.0,0.0,1113.31,0.12,0.12,0.21,92.23,1509
22758,LARGE PURPLE BABUSHKA NOTEBOOK,1110.25,1195,178,85,0.0,0.0,0.0,1110.25,0.0,0.0,0.93,92.24,1510
21693,SMALL HAMMERED SILVER CANDLEPOT,1107.91,361,50,40,0.0,0.0,0.0,1107.91,0.0,0.0,3.07,92.25,1511
23225,CHERUB HEART DECORATION SILVER,1176.17,1355,88,46,69.72,84.0,0.0,1106.45,5.93,5.93,0.87,92.27,1512
22819,"BIRTHDAY CARD, RETRO SPOT",1104.81,2608,270,94,0.0,0.0,0.0,1104.81,0.0,0.0,0.42,92.28,1513
23513,EMBROIDERED RIBBON REEL SUSIE,1114.26,566,70,59,12.48,6.0,0.0,1101.78,1.12,1.12,1.97,92.29,1514
21688,SILVER PLATE CANDLE BOWL SMALL,1101.28,348,57,36,0.0,0.0,0.0,1101.28,0.0,0.0,3.16,92.3,1515
23375,50'S CHRISTMAS PAPER GIFT BAG,1100.69,1342,103,85,0.82,1.0,0.0,1099.87,0.07,0.07,0.82,92.31,1516
22984,CARD GINGHAM ROSE,1096.09,2693,163,91,0.0,0.0,0.0,1096.09,0.0,0.0,0.41,92.32,1517
21984,PACK OF 12 PINK PAISLEY TISSUES,1112.6,3458,212,123,17.4,60.0,0.0,1095.2,1.56,1.56,0.32,92.33,1518
22094,RED RETROSPOT TISSUE BOX,1135.0,2166,200,117,39.97,65.0,0.0,1095.03,3.52,3.52,0.52,92.34,1519
22168,ORGANISER WOOD ANTIQUE WHITE,1205.3,143,76,69,110.5,13.0,0.0,1094.8,9.17,9.17,8.43,92.36,1520
22320,BIRDS MOBILE VINTAGE DESIGN,1147.27,189,73,56,53.55,9.0,0.0,1093.72,4.67,4.67,6.07,92.37,1521
22309,TEA COSY RED  STRIPE,1091.05,369,121,48,0.0,0.0,0.0,1091.05,0.0,0.0,2.96,92.38,1522
23432,PRETTY HANGING QUILTED HEARTS,1088.36,1276,74,65,0.0,0.0,0.0,1088.36,0.0,0.0,0.85,92.39,1523
22785,SQUARECUSHION COVER PINK UNION JACK,1087.57,245,74,48,0.0,0.0,0.0,1087.57,0.0,0.0,4.44,92.4,1524
21830,ASSORTED CREEPY CRAWLIES,1107.07,2621,99,63,20.16,48.0,20.16,1086.91,1.82,0.0,0.42,92.41,1525
47580,TEA TIME DES TEA COSY,1116.72,388,110,55,30.6,12.0,30.6,1086.12,2.74,0.0,2.88,92.42,1526
22221,CAKE STAND LOVEBIRD 2 TIER PINK,1104.54,131,51,37,19.9,2.0,0.0,1084.64,1.8,1.8,8.43,92.43,1527
22325,MOBILE VINTAGE HEARTS,1146.35,249,93,49,64.35,13.0,14.85,1082.0,5.61,4.37,4.6,92.44,1528
85127,SMALL SQUARE CUT GLASS CANDLESTICK,1106.54,187,51,17,24.75,5.0,0.0,1081.79,2.24,2.24,5.92,92.46,1529
84459B,YELLOW METAL CHICKEN HEART,1079.67,721,91,54,0.0,0.0,0.0,1079.67,0.0,0.0,1.5,92.47,1530
22153,ANGEL DECORATION STARS ON DRESS,1109.05,2593,131,61,29.4,70.0,0.0,1079.65,2.65,2.65,0.43,92.48,1531
23041,PAPER LANTERN 9 POINT SNOW STAR,1178.48,272,54,46,99.6,24.0,0.0,1078.88,8.45,8.45,4.33,92.49,1532
21469,POLKA DOT RAFFIA FOOD COVER,1085.32,290,89,57,7.5,2.0,0.0,1077.82,0.69,0.69,3.74,92.5,1533
22611,VINTAGE UNION JACK SHOPPING BAG,1077.03,225,46,36,0.0,0.0,0.0,1077.03,0.0,0.0,4.79,92.51,1534
23102,SILVER HEARTS TABLE DECORATION,1075.03,1274,157,128,0.0,0.0,0.0,1075.03,0.0,0.0,0.84,92.52,1535
23087,ZINC  HEART T-LIGHT HOLDER,1090.66,868,69,43,18.75,15.0,0.0,1071.91,1.72,1.72,1.26,92.53,1536
22342,HOME GARLAND PAINTED ZINC,1111.58,997,128,49,40.2,36.0,0.0,1071.38,3.62,3.62,1.11,92.54,1537
23433,HANGING QUILTED PATCHWORK APPLES,1108.58,1258,89,76,39.01,47.0,0.0,1069.57,3.52,3.52,0.88,92.55,1538
22123,PING MICROWAVE APRON,1068.38,508,122,59,0.0,0.0,0.0,1068.38,0.0,0.0,2.1,92.57,1539
21824,PAINTED METAL STAR WITH HOLLY BELLS,1102.42,1916,117,63,34.8,24.0,34.8,1067.62,3.16,0.0,0.58,92.58,1540
21819,GLITTER CHRISTMAS STAR,1066.65,2470,124,95,0.0,0.0,0.0,1066.65,0.0,0.0,0.43,92.59,1541
22444,GROW YOUR OWN PLANT IN A CAN,1106.62,838,57,29,40.0,32.0,0.0,1066.62,3.61,3.61,1.32,92.6,1542
21991,BOHEMIAN COLLAGE STATIONERY SET,1080.82,635,211,80,15.0,12.0,0.0,1065.82,1.39,1.39,1.7,92.61,1543
22245,"HOOK, 1 HANGER ,MAGIC GARDEN",1070.0,1262,98,44,4.25,5.0,0.0,1065.75,0.4,0.4,0.85,92.62,1544
23113,PANTRY CHOPPING BOARD,5868.5,1154,57,39,4803.06,946.0,3825.36,1065.44,81.84,47.85,5.09,92.63,1545
21224,SET/4 SKULL BADGES,1080.0,914,165,58,15.0,12.0,7.5,1065.0,1.39,0.7,1.18,92.64,1546
85035B,CHOCOLATE 3 WICK MORRIS BOX CANDLE,1062.57,620,71,38,0.0,0.0,0.0,1062.57,0.0,0.0,1.71,92.65,1547
23331,DECORATIVE WICKER HEART SMALL,1062.28,1596,109,67,0.0,0.0,0.0,1062.28,0.0,0.0,0.67,92.66,1548
22997,TRAVEL CARD WALLET UNION JACK,1094.93,2545,222,101,32.76,78.0,10.08,1062.17,2.99,2.09,0.43,92.67,1549
23033,DRAWER KNOB CERAMIC RED,1058.9,714,74,42,0.0,0.0,0.0,1058.9,0.0,0.0,1.48,92.69,1550
23516,EMBROIDERED RIBBON REEL SOPHIE,1058.6,296,42,39,0.0,0.0,0.0,1058.6,0.0,0.0,3.58,92.7,1551
22190,LOCAL CAFE MUG,1057.71,676,116,38,0.0,0.0,0.0,1057.71,0.0,0.0,1.56,92.71,1552
21949,SET OF 6 STRAWBERRY CHOPSTICKS,1054.44,801,144,46,0.0,0.0,0.0,1054.44,0.0,0.0,1.32,92.72,1553
16016,LARGE CHINESE STYLE SCISSOR,1053.45,1273,65,41,0.0,0.0,0.0,1053.45,0.0,0.0,0.83,92.73,1554
22211,WOOD STAMP SET FLOWERS,1122.39,1008,196,101,69.6,48.0,0.0,1052.79,6.2,6.2,1.11,92.74,1555
22152,PLACE SETTING WHITE STAR,1053.08,2407,105,70,1.68,4.0,0.0,1051.4,0.16,0.16,0.44,92.75,1556
21391,FRENCH LAVENDER SCENT HEART,1055.59,1069,106,69,6.3,3.0,6.3,1049.29,0.6,0.0,0.99,92.76,1557
85159B,"WHITE TEA,COFFEE,SUGAR JARS",1134.5,622,59,45,86.54,38.0,0.0,1047.96,7.63,7.63,1.82,92.77,1558
23327,HANGING CLEAR MINI BOTTLE,1051.14,1734,41,33,4.72,8.0,0.0,1046.42,0.45,0.45,0.61,92.78,1559
35648,VINTAGE BEAD PINK PURSE,1066.66,979,128,40,20.75,25.0,0.0,1045.91,1.95,1.95,1.09,92.79,1560
22363,GLASS JAR MARMALADE,1380.8,480,81,46,335.5,130.0,0.0,1045.3,24.3,24.3,2.88,92.8,1561
85116,BLACK CANDELABRA T-LIGHT HOLDER,1106.88,941,89,30,63.0,30.0,0.0,1043.88,5.69,5.69,1.18,92.81,1562
22066,LOVE HEART TRINKET POT,1044.81,2239,135,99,1.95,5.0,0.0,1042.86,0.19,0.19,0.47,92.83,1563
23419,HOME SWEET HOME BOTTLE,1043.72,473,86,56,2.08,1.0,0.0,1041.64,0.2,0.2,2.21,92.84,1564
23056,FLOWERS CHANDELIER T-LIGHT HOLDER,2898.12,963,39,33,1859.07,579.0,1437.6,1039.05,64.15,28.86,3.01,92.85,1565
22995,TRAVEL CARD WALLET SUKI,1058.64,2381,266,90,20.58,49.0,0.0,1038.06,1.94,1.94,0.44,92.86,1566
79302M,"ART LIGHTS,FUNK MONKEY",1037.54,370,62,26,0.0,0.0,0.0,1037.54,0.0,0.0,2.8,92.87,1567
21508,VINTAGE KID DOLLY CARD,1041.94,2478,213,108,5.04,12.0,0.0,1036.9,0.48,0.48,0.42,92.88,1568
16237,SLEEPING CAT ERASERS,1047.93,4991,290,109,12.6,60.0,0.0,1035.33,1.2,1.2,0.21,92.89,1569
22438,BALLOON ART MAKE YOUR OWN FLOWERS,1034.9,1009,98,66,0.0,0.0,0.0,1034.9,0.0,0.0,1.03,92.9,1570
23347,I LOVE LONDON BEAKER,1077.3,860,97,51,42.5,34.0,0.0,1034.8,3.95,3.95,1.25,92.91,1571
23088,ZINC HEART FLOWER T-LIGHT HOLDER,1033.28,795,79,52,0.0,0.0,0.0,1033.28,0.0,0.0,1.3,92.92,1572
21679,SKULLS  STICKERS,1028.58,1140,138,67,0.0,0.0,0.0,1028.58,0.0,0.0,0.9,92.93,1573
20967,GREY FLORAL FELTCRAFT SHOULDER BAG,1027.94,265,83,63,0.0,0.0,0.0,1027.94,0.0,0.0,3.88,92.94,1574
23545,WRAP RED VINTAGE DOILY,1025.6,2480,84,76,0.0,0.0,0.0,1025.6,0.0,0.0,0.41,92.95,1575
84944,SET OF 6 KASHMIR FOLKART BAUBLES,1120.26,710,83,62,95.7,58.0,0.0,1024.56,8.54,8.54,1.58,92.96,1576
22060,LARGE CAKE STAND HANGING HEARTS,1111.05,231,34,31,87.2,16.0,0.0,1023.85,7.85,7.85,4.81,92.97,1577
22163,HEART STRING MEMO HOLDER HANGING,1042.78,875,122,41,19.75,25.0,0.0,1023.03,1.89,1.89,1.19,92.98,1578
20966,SANDWICH BATH SPONGE,1022.8,719,97,28,0.0,0.0,0.0,1022.8,0.0,0.0,1.42,92.99,1579
22286,DECORATION WOBBLY RABBIT METAL,1022.49,1123,115,64,0.0,0.0,0.0,1022.49,0.0,0.0,0.91,93.0,1580
21188,3D HEARTS  HONEYCOMB PAPER GARLAND,1021.9,326,50,27,0.0,0.0,0.0,1021.9,0.0,0.0,3.13,93.01,1581
22091,EMPIRE TISSUE BOX,1030.1,1983,167,97,8.75,7.0,0.0,1021.35,0.85,0.85,0.52,93.03,1582
23452,HEART MINI PORTRAIT FRAME,1021.76,518,87,69,1.95,1.0,0.0,1019.81,0.19,0.19,1.97,93.04,1583
18097C,WHITE TALL PORCELAIN T-LIGHT HOLDER,1591.01,695,69,43,571.8,292.0,0.0,1019.21,35.94,35.94,2.29,93.05,1584
22024,RAINY LADIES BIRTHDAY CARD,1023.73,2406,213,90,5.04,12.0,0.0,1018.69,0.49,0.49,0.43,93.06,1585
22459,CAST IRON HOOK GARDEN TROWEL,1018.19,386,25,12,0.0,0.0,0.0,1018.19,0.0,0.0,2.64,93.07,1586
22402,MAGNETS PACK OF 4 VINTAGE COLLAGE,1033.16,1719,151,107,15.0,12.0,7.5,1018.16,1.45,0.73,0.6,93.08,1587
85114B,IVORY ENCHANTED FOREST PLACEMAT,1021.35,513,91,36,3.3,2.0,0.0,1018.05,0.32,0.32,1.99,93.09,1588
21464,DISCO BALL ROTATOR BATTERY OPERATED,1055.25,249,105,57,38.25,9.0,0.0,1017.0,3.62,3.62,4.24,93.1,1589
84558A,3D DOG PICTURE PLAYING CARDS,1016.72,338,86,49,0.0,0.0,0.0,1016.72,0.0,0.0,3.01,93.11,1590
21803,CHRISTMAS TREE STAR DECORATION,1016.02,2353,198,46,0.0,0.0,0.0,1016.02,0.0,0.0,0.43,93.12,1591
20931,BLUE POT PLANT CANDLE,1060.9,299,68,35,45.05,15.0,0.0,1015.85,4.25,4.25,3.55,93.13,1592
15044C,PURPLE PAPER PARASOL,1022.99,313,88,43,8.05,3.0,0.0,1014.94,0.79,0.79,3.27,93.14,1593
85180A,RED HEARTS LIGHT CHAIN,1042.66,503,63,32,27.9,6.0,0.0,1014.76,2.68,2.68,2.07,93.15,1594
21788,KIDS RAIN MAC BLUE,1029.24,1293,85,59,18.5,22.0,0.0,1010.74,1.8,1.8,0.8,93.16,1595
22679,FRENCH BLUE METAL DOOR SIGN 4,1023.03,740,152,54,12.5,10.0,12.5,1010.53,1.22,0.0,1.38,93.17,1596
22614,PACK OF 12 SPACEBOY TISSUES,1024.22,3032,219,132,14.43,37.0,4.68,1009.79,1.41,0.96,0.34,93.18,1597
23107,WHITE HEARTS WIRE PLANT POT HOLDER,1009.51,359,73,60,0.0,0.0,0.0,1009.51,0.0,0.0,2.81,93.19,1598
21617,4 LILY  BOTANICAL DINNER CANDLES,1009.26,525,102,62,0.0,0.0,0.0,1009.26,0.0,0.0,1.92,93.2,1599
21354,TOAST ITS - BEST MUM,1007.71,799,95,55,0.0,0.0,0.0,1007.71,0.0,0.0,1.26,93.21,1600
23544,WALL ART MID CENTURY MODERN,1015.78,164,20,17,8.25,1.0,0.0,1007.53,0.81,0.81,6.19,93.22,1601
23153,ZINC SWEETHEART WIRE LETTER RACK,1020.69,263,90,67,15.0,4.0,0.0,1005.69,1.47,1.47,3.88,93.23,1602
22929,SCHOOL DESK AND CHAIR,1199.75,19,13,13,195.0,3.0,0.0,1004.75,16.25,16.25,63.14,93.24,1603
51014L,"FEATHER PEN,LIGHT PINK",1069.14,2059,149,72,65.88,84.0,4.68,1003.26,6.16,5.75,0.52,93.25,1604
22279,POCKET BAG BLUE PAISLEY RED SPOT,1003.4,831,128,43,1.25,1.0,0.0,1002.15,0.12,0.12,1.21,93.26,1605
22695,WICKER WREATH SMALL,1001.49,741,123,82,0.0,0.0,0.0,1001.49,0.0,0.0,1.35,93.27,1606
22673,FRENCH GARDEN SIGN BLUE METAL,1016.08,791,131,85,15.0,12.0,15.0,1001.08,1.48,0.0,1.28,93.28,1607
23281,FOLDING BUTTERFLY MIRROR RED,1000.82,1280,101,56,0.0,0.0,0.0,1000.82,0.0,0.0,0.78,93.29,1608
23121,PACK OF 6 COCKTAIL PARASOL STRAWS,1000.44,2501,111,81,0.0,0.0,0.0,1000.44,0.0,0.0,0.4,93.3,1609
21288,STRIPEY CHOCOLATE NESTING BOXES,1061.41,355,110,33,61.2,24.0,61.2,1000.21,5.77,0.0,2.99,93.31,1610
23533,WALL ART GARDEN HAVEN,998.64,215,36,27,0.0,0.0,0.0,998.64,0.0,0.0,4.64,93.33,1611
21467,CHERRY CROCHET FOOD COVER,1004.39,264,104,58,7.5,2.0,0.0,996.89,0.75,0.75,3.8,93.34,1612
22923,FRIDGE MAGNETS LES ENFANTS ASSORTED,1130.77,1360,80,64,134.0,176.0,5.1,996.77,11.85,11.45,0.83,93.35,1613
23517,EMBROIDERED RIBBON REEL REBECCA,996.38,334,63,50,0.0,0.0,0.0,996.38,0.0,0.0,2.98,93.36,1614
10125,MINI FUNKY DESIGN TAPES,993.99,1295,91,49,0.0,0.0,0.0,993.99,0.0,0.0,0.77,93.37,1615
22069,BROWN  PIRATE TREASURE CHEST,993.5,414,146,26,0.0,0.0,0.0,993.5,0.0,0.0,2.4,93.38,1616
22860,EASTER TIN CHICKS PINK DAISY,1017.77,589,107,82,24.75,15.0,0.0,993.02,2.43,2.43,1.73,93.39,1617
21355,TOAST ITS - I LOVE YOU,992.58,789,120,95,0.0,0.0,0.0,992.58,0.0,0.0,1.26,93.4,1618
21821,GLITTER STAR GARLAND WITH BELLS,1037.05,251,62,35,45.0,12.0,0.0,992.05,4.34,4.34,4.13,93.41,1619
22808,SET OF 6 T-LIGHTS EASTER CHICKS,1038.87,345,75,51,53.1,18.0,0.0,985.77,5.11,5.11,3.01,93.42,1620
21648,ASSORTED TUTTI FRUTTI SMALL PURSE,982.79,729,66,26,1.25,1.0,0.0,981.54,0.13,0.13,1.35,93.43,1621
21948,SET OF 6 CAKE CHOPSTICKS,978.23,640,153,37,0.0,0.0,0.0,978.23,0.0,0.0,1.53,93.44,1622
85232D,SET/3 DECOUPAGE STACKING TINS,992.52,193,69,45,14.85,3.0,0.0,977.67,1.5,1.5,5.14,93.45,1623
35471D,SET OF 3 BIRD LIGHT PINK FEATHER,979.11,1848,223,114,2.5,2.0,0.0,976.61,0.26,0.26,0.53,93.46,1624
22924,FRIDGE MAGNETS LA VIE EN ROSE,1154.6,1295,87,63,179.05,229.0,5.1,975.55,15.51,15.13,0.89,93.47,1625
72816,SET/3 CHRISTMAS DECOUPAGE CANDLES,1005.32,892,69,26,30.0,24.0,0.0,975.32,2.98,2.98,1.13,93.48,1626
23512,EMBROIDERED RIBBON REEL ROSIE,975.24,500,57,46,0.0,0.0,0.0,975.24,0.0,0.0,1.95,93.49,1627
20886,BOX OF 9 PEBBLE CANDLES,986.23,485,103,56,11.7,6.0,0.0,974.53,1.19,1.19,2.03,93.5,1628
22098,BOUDOIR SQUARE TISSUE BOX,1001.55,1992,172,98,30.11,75.0,0.0,971.44,3.01,3.01,0.5,93.51,1629
23380,PACK OF 12 VINTAGE DOILY TISSUES,983.5,2344,121,86,14.04,36.0,0.0,969.46,1.43,1.43,0.42,93.52,1630
84459A,PINK METAL CHICKEN HEART,1058.18,716,91,50,89.4,60.0,0.0,968.78,8.45,8.45,1.48,93.53,1631
22500,SET OF 2 TINS JARDIN DE PROVENCE,967.05,248,96,78,0.0,0.0,0.0,967.05,0.0,0.0,3.9,93.54,1632
85064,CREAM SWEETHEART LETTER RACK,976.25,215,30,20,9.3,2.0,0.0,966.95,0.95,0.95,4.54,93.55,1633
35651,VINTAGE BEAD PINK SCARF,985.84,451,58,29,19.8,12.0,0.0,966.04,2.01,2.01,2.19,93.56,1634
22857,ASSORTED EASTER GIFT TAGS,965.86,1145,61,56,0.0,0.0,0.0,965.86,0.0,0.0,0.84,93.57,1635
84509G,SET OF 4 FAIRY CAKE PLACEMATS,965.41,519,68,42,0.0,0.0,0.0,965.41,0.0,0.0,1.86,93.58,1636
23514,EMBROIDERED RIBBON REEL SALLY,977.39,478,74,57,12.48,6.0,0.0,964.91,1.28,1.28,2.04,93.59,1637
20802,SMALL GLASS SUNDAE DISH CLEAR,984.47,739,63,40,20.07,39.0,0.0,964.4,2.04,2.04,1.33,93.6,1638
84843,WHITE SOAP RACK WITH 2 BOTTLES,969.8,172,48,36,5.95,1.0,0.0,963.85,0.61,0.61,5.64,93.61,1639
21389,IVORY HANGING DECORATION  BIRD,964.23,1113,128,81,0.85,1.0,0.0,963.38,0.09,0.09,0.87,93.62,1640
23518,EMBROIDERED RIBBON REEL RACHEL,980.41,361,44,40,17.34,6.0,0.0,963.07,1.77,1.77,2.72,93.63,1641
22540,MINI JIGSAW CIRCUS PARADE,960.86,2519,91,50,0.42,1.0,0.0,960.44,0.04,0.04,0.38,93.63,1642
47504H,ENGLISH ROSE SPIRIT LEVEL,964.38,978,118,68,5.0,4.0,0.0,959.38,0.52,0.52,0.99,93.64,1643
22681,FRENCH BLUE METAL DOOR SIGN 6,973.15,710,126,45,14.81,12.0,12.5,958.34,1.52,0.24,1.37,93.65,1644
22210,WOOD STAMP SET BEST WISHES,958.04,1017,187,117,0.0,0.0,0.0,958.04,0.0,0.0,0.94,93.66,1645
23460,SWEETHEART WALL TIDY,1007.08,108,43,41,49.75,5.0,0.0,957.33,4.94,4.94,9.32,93.67,1646
20846,ZINC HEART LATTICE T-LIGHT HOLDER,957.32,716,88,50,0.0,0.0,0.0,957.32,0.0,0.0,1.34,93.68,1647
84596G,SMALL CHOCOLATES PINK BOWL,956.46,1858,246,84,0.0,0.0,0.0,956.46,0.0,0.0,0.51,93.69,1648
21058,PARTY INVITES WOODLAND,965.66,1154,122,68,10.2,12.0,0.0,955.46,1.06,1.06,0.84,93.7,1649
22209,WOOD STAMP SET HAPPY BIRTHDAY,964.22,945,173,100,9.96,12.0,0.0,954.26,1.03,1.03,1.02,93.71,1650
84913A,SOFT PINK ROSE TOWEL,952.83,273,124,10,0.0,0.0,0.0,952.83,0.0,0.0,3.49,93.72,1651
47593B,SCOTTIE DOGS BABY BIB,951.11,1993,246,68,0.0,0.0,0.0,951.11,0.0,0.0,0.48,93.73,1652
21683,MEDIUM MEDINA STAMPED METAL BOWL,948.7,310,58,39,0.0,0.0,0.0,948.7,0.0,0.0,3.06,93.74,1653
22599,CHRISTMAS MUSICAL ZINC STAR,967.76,1953,123,58,20.4,24.0,0.0,947.36,2.11,2.11,0.5,93.75,1654
23540,WALL ART THE MAGIC FOREST,947.06,150,14,9,0.0,0.0,0.0,947.06,0.0,0.0,6.31,93.76,1655
21198,WHITE HEART CONFETTI IN TUBE,1006.82,1028,71,47,59.76,72.0,39.6,947.06,5.94,2.08,0.98,93.77,1656
21717,EASTER TIN BUCKET,946.93,408,41,34,0.0,0.0,0.0,946.93,0.0,0.0,2.32,93.78,1657
22262,FELT EGG COSY CHICKEN,950.46,1023,137,62,4.25,5.0,0.0,946.21,0.45,0.45,0.93,93.79,1658
22994,TRAVEL CARD WALLET RETROSPOT,956.94,2194,218,89,12.6,30.0,0.0,944.34,1.32,1.32,0.44,93.8,1659
15044B,BLUE PAPER PARASOL,946.83,321,60,36,2.95,1.0,0.0,943.88,0.31,0.31,2.95,93.81,1660
22246,MAGIC GARDEN FELT GARLAND,962.77,431,90,31,23.4,12.0,0.0,939.37,2.43,2.43,2.23,93.82,1661
22242,5 HOOK HANGER MAGIC TOADSTOOL,994.38,640,34,23,56.1,34.0,0.0,938.28,5.64,5.64,1.55,93.83,1662
35646,VINTAGE BEAD PINK EVENING BAG,937.25,619,94,32,0.0,0.0,0.0,937.25,0.0,0.0,1.51,93.84,1663
23183,MOTHER'S KITCHEN SPOON REST,967.17,226,84,45,30.0,8.0,0.0,937.17,3.1,3.1,4.28,93.85,1664
70007,HI TEC ALPINE HAND WARMER,956.36,841,107,46,19.8,12.0,0.0,936.56,2.07,2.07,1.14,93.86,1665
84819,DANISH ROSE ROUND SEWING BOX,951.79,811,62,56,17.0,4.0,0.0,934.79,1.79,1.79,1.17,93.87,1666
22231,JIGSAW TREE WITH BIRDHOUSE,1027.72,998,144,93,95.05,69.0,0.0,932.67,9.25,9.25,1.03,93.88,1667
21462,"NURSERY A,B,C PAINTED LETTERS",932.4,198,73,57,0.0,0.0,0.0,932.4,0.0,0.0,4.71,93.89,1668
23179,CLOCK MAGNET MUM'S KITCHEN,930.48,324,53,36,0.0,0.0,0.0,930.48,0.0,0.0,2.87,93.9,1669
22281,EASTER TREE YELLOW BIRDS,929.44,131,63,35,0.0,0.0,0.0,929.44,0.0,0.0,7.09,93.91,1670
22132,RED LOVE HEART SHAPE CUP,939.03,1038,154,60,10.2,12.0,0.0,928.83,1.09,1.09,0.9,93.92,1671
22313,OFFICE MUG WARMER PINK,1564.83,565,65,41,637.5,250.0,0.0,927.33,40.74,40.74,2.77,93.92,1672
22307,GOLD MUG BONE CHINA TREE OF LIFE,969.64,770,74,53,45.9,39.0,6.36,923.74,4.73,4.1,1.26,93.93,1673
20686,DOLLY MIXTURE CHILDREN'S UMBRELLA,922.67,267,77,51,0.0,0.0,0.0,922.67,0.0,0.0,3.46,93.94,1674
23178,JAM CLOCK MAGNET,936.89,327,68,50,14.45,5.0,0.0,922.44,1.54,1.54,2.87,93.95,1675
22893,MINI CAKE STAND T-LIGHT HOLDER,931.02,1872,142,45,8.82,21.0,0.0,922.2,0.95,0.95,0.5,93.96,1676
18098C,PORCELAIN BUTTERFLY OIL BURNER,921.87,265,61,24,0.0,0.0,0.0,921.87,0.0,0.0,3.48,93.97,1677
17091J,VANILLA INCENSE IN TIN,920.67,2084,95,66,0.0,0.0,0.0,920.67,0.0,0.0,0.44,93.98,1678
21802,CHRISTMAS TREE HEART DECORATION,919.14,2122,180,45,0.42,1.0,0.0,918.72,0.05,0.05,0.43,93.99,1679
22270,HAPPY EASTER HANGING DECORATION,942.2,243,53,35,25.89,7.0,0.0,916.31,2.75,2.75,3.88,94.0,1680
20752,BLUE POLKADOT WASHING UP GLOVES,920.45,407,148,91,4.2,2.0,0.0,916.25,0.46,0.46,2.26,94.01,1681
21682,LARGE MEDINA STAMPED METAL BOWL,930.96,182,55,42,14.85,3.0,0.0,916.11,1.6,1.6,5.12,94.02,1682
85034A,3 GARDENIA MORRIS BOXED CANDLES,936.27,501,77,58,20.75,7.0,0.0,915.52,2.22,2.22,1.87,94.03,1683
22046,TEA PARTY  WRAPPING PAPER,929.0,2250,75,62,14.28,34.0,0.0,914.72,1.54,1.54,0.41,94.04,1684
46776F,WOVEN ROSE GARDEN CUSHION COVER,912.03,217,90,6,0.0,0.0,0.0,912.03,0.0,0.0,4.2,94.05,1685
21786,POLKADOT RAIN HAT,916.99,1937,226,55,9.24,22.0,0.0,907.75,1.01,1.01,0.47,94.06,1686
22519,CHILDS GARDEN BRUSH PINK,906.75,411,88,53,0.0,0.0,0.0,906.75,0.0,0.0,2.21,94.07,1687
84519A,TOMATO CHARLIE+LOLA COASTER SET,905.55,512,88,45,0.0,0.0,0.0,905.55,0.0,0.0,1.77,94.08,1688
23338,EGG FRYING PAN RED,915.4,431,109,62,12.48,6.0,0.0,902.92,1.36,1.36,2.12,94.08,1689
21894,POTTING SHED SEED ENVELOPES,902.08,592,130,57,0.0,0.0,0.0,902.08,0.0,0.0,1.52,94.09,1690
23532,WALL ART WORK REST AND PLAY,901.58,210,31,23,0.0,0.0,0.0,901.58,0.0,0.0,4.29,94.1,1691
72799E,IVORY PILLAR CANDLE SILVER FLOCK,916.99,451,76,43,17.7,6.0,0.0,899.29,1.93,1.93,2.03,94.11,1692
21465,PINK FLOWER CROCHET FOOD COVER,897.8,237,79,55,0.0,0.0,0.0,897.8,0.0,0.0,3.79,94.12,1693
22277,COSMETIC BAG VINTAGE ROSE PAISLEY,897.74,417,100,54,0.0,0.0,0.0,897.74,0.0,0.0,2.15,94.13,1694
85185B,PINK HORSE SOCK PUPPET,900.39,297,71,51,2.95,1.0,0.0,897.44,0.33,0.33,3.03,94.14,1695
23502,PLAYING CARDS VINTAGE DOILY,896.41,714,94,80,0.0,0.0,0.0,896.41,0.0,0.0,1.26,94.15,1696
21631,HIPPY CHIC DECORATIVE PARASOL,896.01,169,27,15,0.0,0.0,0.0,896.01,0.0,0.0,5.3,94.16,1697
22118,JOY WOODEN BLOCK LETTERS,895.26,230,89,67,0.0,0.0,0.0,895.26,0.0,0.0,3.89,94.17,1698
23472,NINE DRAWER OFFICE TIDY,894.42,58,33,29,0.0,0.0,0.0,894.42,0.0,0.0,15.42,94.18,1699
37501,TEA TIME TEA SET IN GIFT BOX,906.83,133,49,28,13.9,2.0,0.0,892.93,1.53,1.53,6.82,94.19,1700
84823,DANISH ROSE FOLDING CHAIR,890.4,112,25,25,0.0,0.0,0.0,890.4,0.0,0.0,7.95,94.19,1701
85131A,BEADED PEARL HEART WHITE ON STICK,901.48,996,119,19,11.27,13.0,0.0,890.21,1.25,1.25,0.91,94.2,1702
23072,MARIE ANTOINETTE TRINKET BOX SILVER,1273.76,334,30,21,384.0,72.0,0.0,889.76,30.15,30.15,3.81,94.21,1703
21189,WHITE HONEYCOMB PAPER GARLAND,888.67,355,72,27,0.0,0.0,0.0,888.67,0.0,0.0,2.5,94.22,1704
22814,CARD PARTY GAMES,888.47,2129,235,75,0.0,0.0,0.0,888.47,0.0,0.0,0.42,94.23,1705
22719,GUMBALL MONOCHROME COAT RACK,895.72,620,109,25,11.17,10.0,0.0,884.55,1.25,1.25,1.44,94.24,1706
22524,CHILDRENS GARDEN GLOVES BLUE,883.2,642,81,55,0.0,0.0,0.0,883.2,0.0,0.0,1.38,94.25,1707
22682,FRENCH BLUE METAL DOOR SIGN 7,896.75,677,113,52,13.75,11.0,12.5,883.0,1.53,0.14,1.32,94.26,1708
21633,SUNFLOWER DECORATIVE PARASOL,895.46,125,42,13,12.75,1.0,0.0,882.71,1.42,1.42,7.16,94.27,1709
22701,PINK DOG BOWL,922.89,549,115,39,43.0,16.0,7.6,879.89,4.66,3.87,1.68,94.28,1710
22317,FIVE CATS HANGING DECORATION,879.67,286,89,35,0.0,0.0,0.0,879.67,0.0,0.0,3.08,94.28,1711
85176,SEWING SUSAN 21 NEEDLE SET,880.47,918,172,50,0.85,1.0,0.0,879.62,0.1,0.1,0.96,94.29,1712
21209,MULTICOLOUR HONEYCOMB FAN,886.24,1224,89,48,8.33,19.0,0.0,877.91,0.94,0.94,0.72,94.3,1713
22308,TEA COSY BLUE STRIPE,877.38,250,105,27,0.0,0.0,0.0,877.38,0.0,0.0,3.51,94.31,1714
22565,FELTCRAFT HAIRBANDS PINK AND WHITE,872.67,933,148,85,0.0,0.0,0.0,872.67,0.0,0.0,0.94,94.32,1715
23479,WIRE EGG BASKET,872.38,113,44,35,0.0,0.0,0.0,872.38,0.0,0.0,7.72,94.33,1716
23099,FRENCH CARRIAGE LANTERN,925.35,137,58,46,53.2,8.0,26.6,872.15,5.75,2.96,6.75,94.34,1717
84536B,FAIRY CAKES NOTEBOOK A7 SIZE,892.19,2107,179,74,20.16,48.0,0.0,872.03,2.26,2.26,0.42,94.35,1718
22251,BIRDHOUSE DECORATION MAGIC GARDEN,889.49,712,137,66,20.0,16.0,0.0,869.49,2.25,2.25,1.25,94.36,1719
85049H,URBAN BLACK RIBBONS,869.1,848,184,58,0.0,0.0,0.0,869.1,0.0,0.0,1.02,94.37,1720
21204,DAISIES  HONEYCOMB GARLAND,868.44,499,85,44,0.0,0.0,0.0,868.44,0.0,0.0,1.74,94.37,1721
21199,PINK  HEART CONFETTI IN TUBE,888.33,966,78,45,20.16,48.0,0.0,868.17,2.27,2.27,0.92,94.38,1722
21743,STAR PORTABLE TABLE LIGHT,887.65,299,49,28,26.55,9.0,0.0,861.1,2.99,2.99,2.97,94.39,1723
23002,TRAVEL CARD WALLET SKULLS,914.37,2119,192,85,53.76,128.0,20.16,860.61,5.88,3.76,0.43,94.4,1724
22321,BIRD DECORATION RED RETROSPOT,860.93,893,132,45,0.85,1.0,0.0,860.08,0.1,0.1,0.96,94.41,1725
23413,VINTAGE COFFEE GRINDER BOX,909.31,173,58,34,49.8,12.0,0.0,859.51,5.48,5.48,5.26,94.42,1726
23220,REINDEER HEART DECORATION GOLD,869.15,993,103,55,9.96,12.0,0.0,859.19,1.15,1.15,0.88,94.43,1727
21708,FOLDING UMBRELLA CREAM POLKADOT,863.11,190,64,28,4.95,1.0,0.0,858.16,0.57,0.57,4.54,94.44,1728
23423,PANTRY 3 HOOK ROLLING PIN HANGER,876.9,219,66,47,18.75,5.0,0.0,858.15,2.14,2.14,4.0,94.44,1729
22343,PARTY PIZZA DISH RED RETROSPOT,873.33,1974,94,48,15.3,18.0,0.0,858.03,1.75,1.75,0.44,94.45,1730
21695,SMALL SILVER FLOWER CANDLE POT,857.68,284,41,35,0.0,0.0,0.0,857.68,0.0,0.0,3.02,94.46,1731
22683,FRENCH BLUE METAL DOOR SIGN 8,871.49,644,119,54,15.0,12.0,12.5,856.49,1.72,0.29,1.35,94.47,1732
21823,PAINTED METAL HEART WITH HOLLY BELL,854.35,1372,97,61,0.0,0.0,0.0,854.35,0.0,0.0,0.62,94.48,1733
22761,CHEST 7 DRAWER MA CAMPAGNE,895.38,36,26,21,43.9,2.0,0.0,851.48,4.9,4.9,24.87,94.49,1734
21880,RED RETROSPOT TAPE,858.78,1903,240,84,7.8,12.0,0.0,850.98,0.91,0.91,0.45,94.5,1735
85183A,CHARLIE & LOLA WASTEPAPER BIN BLUE,852.04,667,86,60,2.5,2.0,0.0,849.54,0.29,0.29,1.28,94.51,1736
85135C,RED DRAGONFLY HELICOPTER,856.38,106,67,41,7.95,1.0,0.0,848.43,0.93,0.93,8.08,94.51,1737
84006,MAGIC TREE -PAPER FLOWERS,848.7,918,105,46,0.85,1.0,0.0,847.85,0.1,0.1,0.92,94.52,1738
84509B,SET OF 4 FAIRY CAKE PLACEMATS,843.34,222,83,37,0.0,0.0,0.0,843.34,0.0,0.0,3.8,94.53,1739
23564,EGG CUP MILKMAID INGRID,841.31,644,76,39,0.0,0.0,0.0,841.31,0.0,0.0,1.31,94.54,1740
20839,FRENCH PAISLEY CUSHION COVER,840.44,575,105,44,0.0,0.0,0.0,840.44,0.0,0.0,1.46,94.55,1741
21694,SMALL REGAL  SILVER CANDLEPOT,840.33,307,24,18,0.0,0.0,0.0,840.33,0.0,0.0,2.74,94.56,1742
23551,PACK OF 12 PAISLEY PARK TISSUES,839.84,1840,136,88,0.0,0.0,0.0,839.84,0.0,0.0,0.46,94.57,1743
37327,ASSTD MULTICOLOUR CIRCLES MUG,840.08,1578,81,36,1.56,4.0,0.0,838.52,0.19,0.19,0.53,94.57,1744
22706,WRAP COWBOYS,847.94,2057,71,64,10.5,25.0,0.0,837.44,1.24,1.24,0.41,94.58,1745
22254,FELT TOADSTOOL LARGE,836.8,657,61,33,0.0,0.0,0.0,836.8,0.0,0.0,1.27,94.59,1746
21359,RELAX LARGE WOOD LETTERS,844.28,129,29,22,7.9,2.0,0.0,836.38,0.94,0.94,6.54,94.6,1747
22068,BLACK PIRATE TREASURE CHEST,856.39,526,143,56,21.45,13.0,0.0,834.94,2.5,2.5,1.63,94.61,1748
85036C,ROSE 1 WICK MORRIS BOXED CANDLE,1066.86,742,84,66,232.25,193.0,180.0,834.61,21.77,5.89,1.44,94.62,1749
22587,FELTCRAFT HAIRBAND RED AND BLUE,830.52,918,161,103,0.0,0.0,0.0,830.52,0.0,0.0,0.9,94.63,1750
21804,WHITE CHRISTMAS GARLAND STARS TREES,830.03,225,65,37,0.0,0.0,0.0,830.03,0.0,0.0,3.69,94.63,1751
20986,BLUE CALCULATOR RULER,829.74,654,113,40,0.0,0.0,0.0,829.74,0.0,0.0,1.27,94.64,1752
21125,SET 6 FOOTBALL CELEBRATION CANDLES,830.98,657,103,59,2.5,2.0,1.25,828.48,0.3,0.15,1.26,94.65,1753
84660C,PINK STITCHED WALL CLOCK,828.24,679,61,20,0.0,0.0,0.0,828.24,0.0,0.0,1.22,94.66,1754
22341,LOVE GARLAND PAINTED ZINC,827.63,453,78,37,0.0,0.0,0.0,827.63,0.0,0.0,1.83,94.67,1755
22862,LOVE HEART NAPKIN BOX,826.95,171,66,42,0.0,0.0,0.0,826.95,0.0,0.0,4.84,94.68,1756
21399,BLUE POLKADOT COFFEE MUG,869.61,2054,71,50,43.29,111.0,0.0,826.32,4.98,4.98,0.42,94.69,1757
23004,TRAVEL CARD WALLET PANTRY,903.16,2002,221,73,77.28,184.0,0.0,825.88,8.56,8.56,0.45,94.69,1758
21294,ETCHED GLASS COASTER,825.49,1618,71,46,0.0,0.0,0.0,825.49,0.0,0.0,0.51,94.7,1759
22537,MAGIC DRAWING SLATE DINOSAUR,844.0,1929,171,115,20.16,48.0,0.0,823.84,2.39,2.39,0.44,94.71,1760
84849D,HOT BATHS SOAP HOLDER,859.0,494,114,64,37.18,22.0,0.0,821.82,4.33,4.33,1.74,94.72,1761
21905,MORE BUTTER METAL SIGN,821.61,760,160,84,0.0,0.0,0.0,821.61,0.0,0.0,1.08,94.73,1762
84509C,SET OF 4 POLKADOT PLACEMATS,821.16,173,78,20,0.0,0.0,0.0,821.16,0.0,0.0,4.75,94.74,1763
22276,WASH BAG VINTAGE ROSE PAISLEY,838.86,290,85,53,17.85,7.0,0.0,821.01,2.13,2.13,2.89,94.74,1764
21291,SMALL POLKADOT CHOCOLATE GIFT BAG,819.64,943,52,32,0.0,0.0,0.0,819.64,0.0,0.0,0.87,94.75,1765
23017,APOTHECARY MEASURING JAR,826.28,67,22,20,12.5,1.0,0.0,813.78,1.51,1.51,12.33,94.76,1766
23186,FRENCH STYLE STORAGE JAR CAFE,819.46,1982,70,57,9.24,12.0,7.5,810.22,1.13,0.21,0.41,94.77,1767
22249,DECORATION WHITE CHICK MAGIC GARDEN,812.86,928,145,73,3.4,4.0,0.0,809.46,0.42,0.42,0.88,94.78,1768
22162,HEART GARLAND RUSTIC PADDED,841.24,264,91,21,32.45,11.0,0.0,808.79,3.86,3.86,3.19,94.79,1769
84660A,WHITE STITCHED WALL CLOCK,813.29,847,44,30,4.54,2.0,0.0,808.75,0.56,0.56,0.96,94.79,1770
22093,MOTORING TISSUE BOX,822.13,1830,160,114,15.0,12.0,0.0,807.13,1.82,1.82,0.45,94.8,1771
22546,MINI JIGSAW PURDEY,799.98,2103,86,50,0.42,1.0,0.42,799.56,0.05,0.0,0.38,94.81,1772
85194L,HANGING SPRING FLOWER EGG LARGE,822.89,947,73,52,23.8,28.0,0.0,799.09,2.89,2.89,0.87,94.82,1773
85169A,IVORY LOVE BIRD CANDLE,813.02,812,88,44,15.0,12.0,0.0,798.02,1.84,1.84,1.0,94.83,1774
72818,CHRISTMAS DECOUPAGE CANDLE,821.98,1845,76,51,25.92,36.0,0.0,796.06,3.15,3.15,0.45,94.84,1775
22268,DECORATION SITTING BUNNY,802.34,2009,158,73,8.26,40.0,0.0,794.08,1.03,1.03,0.4,94.84,1776
23521,WALL ART CAT AND BIRD,793.37,413,44,21,0.0,0.0,0.0,793.37,0.0,0.0,1.92,94.85,1777
21162,TOXIC AREA  DOOR HANGER,792.98,1462,162,98,0.0,0.0,0.0,792.98,0.0,0.0,0.54,94.86,1778
23519,EMBROIDERED RIBBON REEL CLAIRE,792.31,224,24,18,0.0,0.0,0.0,792.31,0.0,0.0,3.54,94.87,1779
22566,FELTCRAFT HAIRBAND PINK AND PURPLE,789.78,873,150,94,0.0,0.0,0.0,789.78,0.0,0.0,0.9,94.88,1780
22099,CARAVAN SQUARE TISSUE BOX,800.59,1440,153,96,11.25,9.0,0.0,789.34,1.41,1.41,0.56,94.88,1781
85170D,SET/6 PINK BIRD T-LIGHT CANDLES,796.99,451,100,30,8.0,5.0,0.0,788.99,1.0,1.0,1.77,94.89,1782
84535B,FAIRY CAKES NOTEBOOK A6 SIZE,850.2,1332,155,80,61.75,95.0,0.0,788.45,7.26,7.26,0.64,94.9,1783
21789,KIDS RAIN MAC PINK,803.65,925,92,55,17.0,20.0,0.0,786.65,2.12,2.12,0.87,94.91,1784
21680,WOODLAND  STICKERS,786.31,868,103,43,0.0,0.0,0.0,786.31,0.0,0.0,0.91,94.92,1785
23568,EGG CUP HENRIETTA HEN CREAM,787.52,630,48,24,1.25,1.0,0.0,786.27,0.16,0.16,1.25,94.92,1786
21642,ASSORTED TUTTI FRUTTI PEN,830.73,2471,101,79,46.54,118.0,0.0,784.19,5.6,5.6,0.34,94.93,1787
22518,CHILDS GARDEN BRUSH BLUE,783.54,363,81,44,0.0,0.0,0.0,783.54,0.0,0.0,2.16,94.94,1788
85173,SET/6 FROG PRINCE T-LIGHT CANDLES,795.02,479,86,40,12.75,5.0,0.0,782.27,1.6,1.6,1.66,94.95,1789
22217,T-LIGHT HOLDER HANGING LACE,831.26,839,82,63,50.0,40.0,0.0,781.26,6.01,6.01,0.99,94.96,1790
23106,ZINC HEARTS PLANT POT HOLDER,815.59,291,53,49,34.68,12.0,0.0,780.91,4.25,4.25,2.8,94.96,1791
22705,WRAP GREEN PEARS,790.86,1883,77,61,10.5,25.0,10.5,780.36,1.33,0.0,0.42,94.97,1792
79160,HEART SHAPE WIRELESS DOORBELL,795.83,444,49,30,16.8,8.0,0.0,779.03,2.11,2.11,1.79,94.98,1793
21504,SKULLS GREETING CARD,778.89,1891,115,74,0.0,0.0,0.0,778.89,0.0,0.0,0.41,94.99,1794
85032A,ROMANTIC IMAGES GIFT WRAP SET,776.49,789,135,82,0.0,0.0,0.0,776.49,0.0,0.0,0.98,95.0,1795
22422,TOOTHPASTE TUBE PEN,776.1,1273,205,53,0.0,0.0,0.0,776.1,0.0,0.0,0.61,95.0,1796
22228,BUNNY WOODEN PAINTED WITH BIRD,777.78,1000,147,81,1.7,2.0,0.0,776.08,0.22,0.22,0.78,95.01,1797
22451,SILK PURSE BABUSHKA RED,775.8,222,51,35,0.0,0.0,0.0,775.8,0.0,0.0,3.49,95.02,1798
23409,PHOTO FRAME LINEN AND LACE LARGE,801.68,215,43,39,26.25,7.0,0.0,775.43,3.27,3.27,3.73,95.03,1799
21272,SALLE DE BAIN HOOK,777.57,548,103,49,2.5,2.0,0.0,775.07,0.32,0.32,1.42,95.04,1800
85035A,GARDENIA 3 WICK MORRIS BOXED CANDLE,799.24,278,83,59,25.5,6.0,0.0,773.74,3.19,3.19,2.87,95.04,1801
84519B,CARROT CHARLIE+LOLA COASTER SET,773.3,471,126,63,0.0,0.0,0.0,773.3,0.0,0.0,1.64,95.05,1802
85231B,CINAMMON SET OF 9 T-LIGHTS,782.5,871,154,74,9.35,11.0,0.0,773.15,1.19,1.19,0.9,95.06,1803
21158,MOODY GIRL DOOR HANGER,781.87,1469,170,103,9.36,24.0,0.0,772.51,1.2,1.2,0.53,95.07,1804
23071,MARIE ANTOINETTE TRINKET BOX GOLD,1205.1,315,19,16,434.0,76.0,0.0,771.1,36.01,36.01,3.83,95.08,1805
85163B,BLACK BAROQUE WALL CLOCK,783.68,84,36,10,12.75,1.0,0.0,770.93,1.63,1.63,9.33,95.08,1806
22133,PINK LOVE HEART SHAPE CUP,770.73,816,133,41,0.0,0.0,0.0,770.73,0.0,0.0,0.94,95.09,1807
21983,PACK OF 12 BLUE PAISLEY TISSUES,777.67,2301,155,98,6.96,24.0,0.0,770.71,0.89,0.89,0.34,95.1,1808
23115,RED APPLES CHOPPING BOARD,770.32,152,45,38,0.0,0.0,0.0,770.32,0.0,0.0,5.07,95.11,1809
22340,NOEL GARLAND PAINTED ZINC,787.21,1398,128,53,17.4,12.0,0.0,769.81,2.21,2.21,0.56,95.11,1810
21084,SET/6 COLLAGE PAPER CUPS,773.14,2610,181,90,4.56,24.0,4.56,768.58,0.59,0.0,0.3,95.12,1811
21618,4 WILDFLOWER BOTANICAL CANDLES,768.37,404,91,48,0.0,0.0,0.0,768.37,0.0,0.0,1.9,95.13,1812
22685,FRENCH BLUE METAL DOOR SIGN 0,780.8,594,99,49,12.5,10.0,12.5,768.3,1.6,0.0,1.31,95.14,1813
23335,EGG FRYING PAN IVORY,790.78,377,96,62,24.96,12.0,0.0,765.82,3.16,3.16,2.1,95.15,1814
22786,CUSHION COVER PINK UNION JACK,764.63,123,47,31,0.0,0.0,0.0,764.63,0.0,0.0,6.22,95.15,1815
21707,FOLDING UMBRELLA BLACKBLUE POLKADOT,763.66,160,74,44,0.0,0.0,0.0,763.66,0.0,0.0,4.77,95.16,1816
23550,WRAP ALPHABET POSTER,763.1,1855,64,60,0.0,0.0,0.0,763.1,0.0,0.0,0.41,95.17,1817
22522,CHILDS GARDEN FORK BLUE,772.59,930,128,100,10.2,12.0,10.2,762.39,1.32,0.0,0.83,95.18,1818
85130B,BEADED CRYSTAL HEART GREEN LARGE,760.43,834,62,44,0.0,0.0,0.0,760.43,0.0,0.0,0.91,95.19,1819
85125,SMALL ROUND CUT GLASS CANDLESTICK,760.39,161,33,14,0.0,0.0,0.0,760.39,0.0,0.0,4.72,95.19,1820
17084R,ASSORTED INCENSE PACK,760.32,4032,27,16,0.0,0.0,0.0,760.32,0.0,0.0,0.19,95.2,1821
21287,SCENTED VELVET LOUNGE CANDLE,760.15,1790,55,47,0.0,0.0,0.0,760.15,0.0,0.0,0.42,95.21,1822
10002,INFLATABLE POLITICAL GLOBE,759.89,860,71,40,0.0,0.0,0.0,759.89,0.0,0.0,0.88,95.22,1823
22753,SMALL YELLOW BABUSHKA NOTEBOOK,758.13,1010,217,98,0.0,0.0,0.0,758.13,0.0,0.0,0.75,95.22,1824
23282,FOLDING BUTTERFLY MIRROR IVORY,757.86,812,135,67,0.0,0.0,0.0,757.86,0.0,0.0,0.93,95.23,1825
22025,RING OF ROSES BIRTHDAY CARD,761.05,1835,130,73,5.04,12.0,0.0,756.01,0.66,0.66,0.41,95.24,1826
22480,RED TEA TOWEL CLASSIC DESIGN,755.96,630,73,57,0.0,0.0,0.0,755.96,0.0,0.0,1.2,95.25,1827
23123,COCKTAIL SWORDS 50 PIECES,759.57,935,95,64,4.98,6.0,0.0,754.59,0.66,0.66,0.81,95.25,1828
84913B,MINT GREEN ROSE TOWEL,754.07,196,86,19,0.0,0.0,0.0,754.07,0.0,0.0,3.85,95.26,1829
22252,BIRDCAGE DECORATION TEALIGHT HOLDER,761.57,643,67,48,7.5,6.0,0.0,754.07,0.98,0.98,1.18,95.27,1830
84609,TALL ROCOCO CANDLE HOLDER,770.59,93,20,16,17.0,2.0,0.0,753.59,2.21,2.21,8.29,95.28,1831
23124,18PC WOODEN CUTLERY SET DISPOSABLE,751.38,567,43,23,0.0,0.0,0.0,751.38,0.0,0.0,1.33,95.29,1832
20748,KENSINGTON COFFEE SET,751.17,57,34,26,0.0,0.0,0.0,751.17,0.0,0.0,13.18,95.29,1833
21383,PACK OF 12 STICKY BUNNIES,751.28,991,167,75,1.3,2.0,0.0,749.98,0.17,0.17,0.76,95.3,1834
21126,SET OF 6 GIRLS CELEBRATION CANDLES,748.95,592,126,57,0.0,0.0,0.0,748.95,0.0,0.0,1.27,95.31,1835
23324,RUSTIC STRAWBERRY JAM POT LARGE,816.04,399,44,38,67.51,35.0,0.0,748.53,8.27,8.27,2.05,95.32,1836
84279B,CHERRY BLOSSOM DECORATIVE FLASK,774.7,192,69,48,26.25,7.0,0.0,748.45,3.39,3.39,4.03,95.32,1837
84660B,BLACK STITCHED WALL CLOCK,748.36,709,42,20,0.0,0.0,0.0,748.36,0.0,0.0,1.06,95.33,1838
84763,ZINC FINISH 15CM PLANTER POTS,748.34,601,57,39,0.0,0.0,0.0,748.34,0.0,0.0,1.25,95.34,1839
23025,DRAWER KNOB VINTAGE GLASS BALL,760.8,350,54,40,12.48,6.0,0.0,748.32,1.64,1.64,2.17,95.35,1840
22481,BLACK TEA TOWEL CLASSIC DESIGN,747.3,825,128,68,0.0,0.0,0.0,747.3,0.0,0.0,0.91,95.35,1841
23022,SMALL BONNE JAM JAR  T-LIGHT HOLDER,808.16,422,22,19,62.4,30.0,0.0,745.76,7.72,7.72,1.92,95.36,1842
21215,IVORY PAPER CUP CAKE CASES,744.35,1087,124,51,0.0,0.0,0.0,744.35,0.0,0.0,0.68,95.37,1843
22106,MIRROR MOSAIC HURRICANE LAMP,898.38,349,47,9,156.75,121.0,150.0,741.63,17.45,0.9,2.57,95.38,1844
22316,200 BENDY SKULL STRAWS,742.37,660,55,28,1.25,1.0,0.0,741.12,0.17,0.17,1.12,95.39,1845
22523,CHILDS GARDEN FORK PINK,750.81,864,135,98,10.2,12.0,10.2,740.61,1.36,0.0,0.87,95.39,1846
20733,GOLD MINI TAPE MEASURE,956.36,1234,205,30,216.0,300.0,216.0,740.36,22.59,0.0,0.78,95.4,1847
23223,CHRISTMAS TREE HANGING SILVER,750.19,801,88,51,9.96,12.0,0.0,740.23,1.33,1.33,0.94,95.41,1848
85212,MINI PAINTED GARDEN DECORATION,740.15,2451,79,60,0.0,0.0,0.0,740.15,0.0,0.0,0.3,95.42,1849
85032B,BLOSSOM IMAGES GIFT WRAP SET,739.99,786,133,84,0.0,0.0,0.0,739.99,0.0,0.0,0.94,95.42,1850
22336,DOVE DECORATION PAINTED ZINC,754.03,2381,79,47,14.95,23.0,0.0,739.08,1.98,1.98,0.32,95.43,1851
22322,BIRD DECORATION GREEN POLKADOT,747.81,820,139,30,10.2,12.0,0.0,737.61,1.36,1.36,0.91,95.44,1852
22264,FELT FARM ANIMAL WHITE BUNNY,736.98,1561,96,38,0.0,0.0,0.0,736.98,0.0,0.0,0.47,95.45,1853
22258,FELT FARM ANIMAL RABBIT,743.89,912,77,35,8.75,7.0,0.0,735.14,1.18,1.18,0.82,95.45,1854
22586,FELTCRAFT HAIRBAND PINK AND BLUE,774.55,856,161,100,40.8,48.0,0.85,733.75,5.27,5.16,0.9,95.46,1855
79030G,TUMBLER NEW ENGLAND,733.49,1403,67,44,0.0,0.0,0.0,733.49,0.0,0.0,0.52,95.47,1856
22454,MEASURING TAPE BABUSHKA RED,757.02,266,41,31,23.6,8.0,0.0,733.42,3.12,3.12,2.85,95.48,1857
23435,3 RAFFIA RIBBONS VINTAGE CHRISTMAS,732.42,824,99,40,0.0,0.0,0.0,732.42,0.0,0.0,0.89,95.48,1858
84872A,TEATIME FUNKY FLOWER BACKPACK FOR 2,732.23,66,53,3,0.0,0.0,0.0,732.23,0.0,0.0,11.09,95.49,1859
15034,PAPER POCKET TRAVELING FAN,840.02,6591,138,70,108.29,1385.0,0.0,731.73,12.89,12.89,0.13,95.5,1860
22495,SET OF 2 ROUND TINS CAMEMBERT,748.82,282,98,60,17.7,6.0,0.0,731.12,2.36,2.36,2.66,95.51,1861
23006,TRAVEL CARD WALLET FLOWER MEADOW,762.75,1758,173,88,32.76,78.0,10.08,729.99,4.29,3.01,0.43,95.51,1862
85036A,GARDENIA 1 WICK MORRIS BOXED CANDLE,730.93,213,61,48,1.25,1.0,0.0,729.68,0.17,0.17,3.43,95.52,1863
21398,RED POLKADOT COFFEE  MUG,729.6,1532,63,43,0.0,0.0,0.0,729.6,0.0,0.0,0.48,95.53,1864
22400,MAGNETS PACK OF 4 HOME SWEET HOME,729.09,1393,150,112,0.39,1.0,0.0,728.7,0.05,0.05,0.52,95.54,1865
22097,SWALLOW SQUARE TISSUE BOX,732.39,1596,145,103,3.9,10.0,0.0,728.49,0.53,0.53,0.46,95.54,1866
21643,ASSORTED TUTTI FRUTTI MIRROR,743.31,550,60,27,15.0,12.0,0.0,728.31,2.02,2.02,1.35,95.55,1867
21677,HEARTS  STICKERS,737.84,835,119,62,10.2,12.0,0.0,727.64,1.38,1.38,0.88,95.56,1868
22250,DECORATION  BUTTERFLY  MAGIC GARDEN,730.95,819,147,57,3.4,4.0,0.0,727.55,0.47,0.47,0.89,95.57,1869
23522,WALL ART DOG AND BALL,727.44,354,32,20,0.0,0.0,0.0,727.44,0.0,0.0,2.05,95.57,1870
20996,JAZZ HEARTS ADDRESS BOOK,726.89,3191,225,124,0.0,0.0,0.0,726.89,0.0,0.0,0.23,95.58,1871
22393,PAPERWEIGHT VINTAGE COLLAGE,736.88,510,71,43,10.2,4.0,0.0,726.68,1.38,1.38,1.44,95.59,1872
90200D,PINK SWEETHEART BRACELET,725.32,175,78,21,0.0,0.0,0.0,725.32,0.0,0.0,4.14,95.6,1873
85131D,BEADED CRYSTAL HEART PINK ON STICK,725.26,850,206,5,0.0,0.0,0.0,725.26,0.0,0.0,0.85,95.6,1874
21883,STARS GIFT TAPE,725.42,1653,133,82,0.19,1.0,0.0,725.23,0.03,0.03,0.44,95.61,1875
23454,THREE MINI HANGING FRAMES,733.2,174,52,41,8.3,2.0,0.0,724.9,1.13,1.13,4.21,95.62,1876
23562,SET OF 6 RIBBONS PERFECTLY PRETTY,724.59,251,43,37,0.0,0.0,0.0,724.59,0.0,0.0,2.89,95.62,1877
23114,VINTAGE LEAF CHOPPING BOARD,737.95,149,45,40,14.85,3.0,0.0,723.1,2.01,2.01,4.95,95.63,1878
21927,BLUE/CREAM STRIPE CUSHION COVER,771.15,623,99,41,48.75,39.0,0.0,722.4,6.32,6.32,1.24,95.64,1879
21530,DAIRY MAID TOASTRACK,769.57,777,104,64,48.19,61.0,0.0,721.38,6.26,6.26,0.99,95.65,1880
46775D,SUNSET COLOUR CHUNKY KNITTED THROW,720.93,60,39,12,0.0,0.0,0.0,720.93,0.0,0.0,12.02,95.65,1881
79067,CORONA MEXICAN TRAY,719.69,172,38,16,0.0,0.0,0.0,719.69,0.0,0.0,4.18,95.66,1882
23140,TRIPLE WIRE HOOK IVORY HEART,766.1,182,52,29,49.8,12.0,49.8,716.3,6.5,0.0,4.21,95.67,1883
22821,GIFT BAG PSYCHEDELIC APPLES,722.67,1171,139,52,7.8,12.0,0.0,714.87,1.08,1.08,0.62,95.68,1884
21822,GLITTER CHRISTMAS TREE WITH BELLS,719.3,698,97,45,4.69,3.0,0.0,714.61,0.65,0.65,1.03,95.68,1885
72803A,ROSE SCENT CANDLE JEWELLED DRAWER,722.47,529,41,30,8.5,2.0,0.0,713.97,1.18,1.18,1.37,95.69,1886
21775,DECORATIVE FLORE BATHROOM BOTTLE,716.86,515,139,34,3.75,3.0,0.0,713.11,0.52,0.52,1.39,95.7,1887
22287,DECORATION WOBBLY CHICKEN,716.86,794,80,51,4.68,12.0,0.0,712.18,0.65,0.65,0.9,95.71,1888
23325,RUSTIC STRAWBERRY JAM POT SMALL,740.94,462,35,27,29.7,18.0,0.0,711.24,4.01,4.01,1.6,95.71,1889
85032C,CURIOUS IMAGES GIFT WRAP SET,718.54,683,140,72,7.8,12.0,0.0,710.74,1.09,1.09,1.05,95.72,1890
22684,FRENCH BLUE METAL DOOR SIGN 9,726.07,531,98,41,16.25,13.0,12.5,709.82,2.24,0.53,1.37,95.73,1891
84581,DOG TOY WITH PINK CROCHET SKIRT,709.71,187,90,60,0.0,0.0,0.0,709.71,0.0,0.0,3.8,95.73,1892
23070,EDWARDIAN HEART PHOTO FRAME,709.54,160,44,29,0.0,0.0,0.0,709.54,0.0,0.0,4.43,95.74,1893
84796A,PINK HAWAIIAN PICNIC HAMPER FOR 2,709.24,78,55,10,0.0,0.0,0.0,709.24,0.0,0.0,9.09,95.75,1894
21630,FLOOR CUSHION ELEPHANT CARNIVAL,718.14,69,35,13,8.95,1.0,0.0,709.19,1.25,1.25,10.41,95.76,1895
22201,FRYING PAN BLUE POLKADOT,716.8,193,87,29,8.5,2.0,0.0,708.3,1.19,1.19,3.71,95.76,1896
22718,CARD CAT AND TREE,717.23,1633,168,70,10.08,24.0,0.0,707.15,1.41,1.41,0.44,95.77,1897
22026,BANQUET BIRTHDAY  CARD,712.08,1644,160,71,5.04,12.0,0.0,707.04,0.71,0.71,0.43,95.78,1898
79066K,RETRO MOD TRAY,717.11,800,156,69,10.2,12.0,0.0,706.91,1.42,1.42,0.9,95.79,1899
22103,MIRROR MOSAIC T-LIGHT HOLDER ROUND,908.24,1248,26,12,201.66,482.0,182.52,706.58,22.2,2.64,0.73,95.79,1900
23487,SWEET HEART CAKE CARRIER,795.58,80,44,41,89.55,9.0,0.0,706.03,11.26,11.26,9.94,95.8,1901
21636,MADRAS NOTEBOOK MEDIUM,705.16,913,73,60,0.0,0.0,0.0,705.16,0.0,0.0,0.77,95.81,1902
23055,IVORY CHANDELIER T-LIGHT HOLDER,1395.18,657,38,33,690.72,432.0,288.0,704.46,49.51,36.37,2.12,95.81,1903
22514,CHILDS GARDEN SPADE BLUE,704.45,302,99,61,0.0,0.0,0.0,704.45,0.0,0.0,2.33,95.82,1904
85103,SILVER T-LIGHT SETTING,924.29,143,28,6,220.15,37.0,220.15,704.14,23.82,0.0,6.46,95.83,1905
21143,ANTIQUE GLASS HEART DECORATION,707.23,327,36,26,3.9,2.0,0.0,703.33,0.55,0.55,2.16,95.84,1906
22856,ASSORTED EASTER DECORATIONS  BELLS,729.57,569,27,21,26.25,21.0,23.75,703.32,3.6,0.35,1.28,95.84,1907
21356,TOAST ITS - FAIRY FLOWER,703.3,642,151,37,0.0,0.0,0.0,703.3,0.0,0.0,1.1,95.85,1908
21739,COSY SLIPPER SHOES SMALL GREEN,703.08,254,111,38,0.0,0.0,0.0,703.08,0.0,0.0,2.77,95.86,1909
21106,CREAM SLICE FLANNEL CHOCOLATE SPOT,702.51,237,53,30,0.0,0.0,0.0,702.51,0.0,0.0,2.96,95.86,1910
85159A,"BLACK TEA,COFFEE,SUGAR JARS",783.35,453,47,38,82.4,40.0,0.0,700.95,10.52,10.52,1.73,95.87,1911
85049D,BRIGHT BLUES RIBBONS,699.91,549,109,85,0.0,0.0,0.0,699.91,0.0,0.0,1.27,95.88,1912
21476,STEEL SWEETHEART ROUND TABLE CREAM,699.63,41,24,14,0.0,0.0,0.0,699.63,0.0,0.0,17.06,95.89,1913
23222,CHRISTMAS TREE HANGING GOLD,718.53,799,75,49,19.92,24.0,0.0,698.61,2.77,2.77,0.9,95.89,1914
22936,BAKING MOULD ROSE WHITE CHOCOLATE,895.97,279,50,30,198.0,72.0,0.0,697.97,22.1,22.1,3.21,95.9,1915
85078,SCANDINAVIAN 3 HEARTS NAPKIN RING,696.8,1932,124,46,0.0,0.0,0.0,696.8,0.0,0.0,0.36,95.91,1916
22981,PANTRY APPLE CORER,704.13,471,105,58,8.7,6.0,0.0,695.43,1.24,1.24,1.49,95.91,1917
84707A,SILVER JEWELLED MIRROR TRINKET TRAY,695.23,95,45,21,0.0,0.0,0.0,695.23,0.0,0.0,7.32,95.92,1918
16235,RECYCLED PENCIL WITH RABBIT ERASER,695.4,3068,168,68,0.21,1.0,0.0,695.19,0.03,0.03,0.23,95.93,1919
79164,BLACK WINE GLASS,697.62,1666,19,12,4.95,3.0,0.0,692.67,0.71,0.71,0.42,95.94,1920
35923,CANDY HEART HANGING DECORATION,690.52,1318,62,30,0.39,1.0,0.0,690.13,0.06,0.06,0.52,95.94,1921
16225,RATTLE SNAKE EGGS,689.35,813,102,57,0.0,0.0,0.0,689.35,0.0,0.0,0.85,95.95,1922
22324,BLUE POLKADOT KIDS BAG,688.3,286,74,20,0.0,0.0,0.0,688.3,0.0,0.0,2.41,95.96,1923
21650,ASSORTED TUTTI FRUTTI BRACELET,692.85,2550,132,48,4.56,24.0,0.0,688.29,0.66,0.66,0.27,95.96,1924
23458,DOLLY CABINET 3 DRAWERS,762.45,51,30,30,74.75,5.0,0.0,687.7,9.8,9.8,14.95,95.97,1925
20902,VINTAGE KEEPSAKE BOX PARIS DAYS,686.86,112,56,6,0.0,0.0,0.0,686.86,0.0,0.0,6.13,95.98,1926
46776B,WOVEN BERRIES CUSHION COVER,683.8,162,89,6,0.0,0.0,0.0,683.8,0.0,0.0,4.22,95.99,1927
21289,LARGE STRIPES CHOCOLATE GIFT BAG,708.75,567,49,19,25.0,20.0,0.0,683.75,3.53,3.53,1.25,95.99,1928
85019B,BLOSSOM  IMAGES NOTEBOOK SET,682.97,512,36,21,0.0,0.0,0.0,682.97,0.0,0.0,1.33,96.0,1929
21208,PASTEL COLOUR HONEYCOMB FAN,697.77,940,83,50,15.99,41.0,0.0,681.78,2.29,2.29,0.74,96.01,1930
21163,DO NOT TOUCH MY STUFF DOOR HANGER,680.55,1196,127,86,1.25,1.0,0.0,679.3,0.18,0.18,0.57,96.01,1931
21317,GLASS SPHERE CANDLE STAND MEDIUM,684.08,111,34,23,4.95,1.0,0.0,679.13,0.72,0.72,6.16,96.02,1932
85071B,RED CHARLIE+LOLA PERSONAL DOORSIGN,684.62,1290,125,88,5.9,2.0,5.9,678.72,0.86,0.0,0.53,96.03,1933
23187,FRENCH STYLE STORAGE JAR BONBONS,695.06,2338,74,66,16.49,37.0,7.5,678.57,2.37,1.31,0.3,96.03,1934
21066,VINTAGE RED MUG,693.47,702,54,32,15.0,12.0,0.0,678.47,2.16,2.16,0.99,96.04,1935
79191C,RETRO PLASTIC ELEPHANT TRAY,812.53,1105,65,57,134.3,158.0,0.0,678.23,16.53,16.53,0.74,96.05,1936
22136,LOVE HEART SOCK HANGER,679.28,378,84,37,1.45,1.0,0.0,677.83,0.21,0.21,1.8,96.05,1937
35001G,HAND OPEN SHAPE GOLD,677.34,198,30,23,0.0,0.0,0.0,677.34,0.0,0.0,3.42,96.06,1938
22806,SET OF 6 T-LIGHTS WEDDING CAKE,677.04,260,38,28,0.0,0.0,0.0,677.04,0.0,0.0,2.6,96.07,1939
22403,MAGNETS PACK OF 4 VINTAGE LABELS,689.28,1322,125,72,15.0,12.0,7.5,674.28,2.18,1.1,0.52,96.08,1940
84659A,WHITE TRAVEL ALARM CLOCK,676.27,280,89,19,2.55,1.0,0.0,673.72,0.38,0.38,2.42,96.08,1941
22267,EASTER DECORATION EGG BUNNY,673.17,836,83,67,0.0,0.0,0.0,673.17,0.0,0.0,0.81,96.09,1942
22062,CERAMIC BOWL WITH LOVE HEART DESIGN,677.86,583,73,43,4.98,6.0,0.0,672.88,0.73,0.73,1.16,96.1,1943
46776A,WOVEN BUBBLE GUM CUSHION COVER,672.6,160,71,6,0.0,0.0,0.0,672.6,0.0,0.0,4.2,96.1,1944
21261,GREEN GOOSE FEATHER CHRISTMAS TREE,672.09,187,45,24,0.0,0.0,0.0,672.09,0.0,0.0,3.59,96.11,1945
21629,SQUARE FLOOR CUSHION VINTAGE RED,672.05,71,42,13,0.0,0.0,0.0,672.05,0.0,0.0,9.47,96.12,1946
84923,PINK BUTTERFLY HANDBAG W BOBBLES,671.62,162,98,0,0.0,0.0,0.0,671.62,0.0,0.0,4.15,96.12,1947
20704,MR ROBOT SOFT TOY,697.7,216,44,38,27.8,4.0,0.0,669.9,3.98,3.98,3.23,96.13,1948
22339,CHRISTMAS TREE PAINTED ZINC,683.31,2468,83,44,16.93,31.0,0.0,666.38,2.48,2.48,0.28,96.14,1949
47574A,ENGLISH ROSE SCENTED HANGING FLOWER,665.2,548,114,36,1.5,2.0,0.0,663.7,0.23,0.23,1.21,96.14,1950
40001,WHITE BAMBOO RIBS LAMPSHADE,675.23,821,56,23,12.16,19.0,0.0,663.07,1.8,1.8,0.82,96.15,1951
23024,LARGE BONNE JAM JAR  T-LIGHT HOLDER,667.85,255,11,8,4.98,2.0,0.0,662.87,0.75,0.75,2.62,96.16,1952
37475,SET/4 COLOURFUL MIXING BOWLS,661.98,70,43,27,0.0,0.0,0.0,661.98,0.0,0.0,9.46,96.16,1953
21613,S/12 VANILLA  BOTANICAL T-LIGHTS,661.93,227,42,37,0.0,0.0,0.0,661.93,0.0,0.0,2.92,96.17,1954
23547,WRAP FLOWER SHOP,661.5,1575,62,57,0.0,0.0,0.0,661.5,0.0,0.0,0.42,96.18,1955
23597,PAPER BUNTING PAISLEY PARK,679.07,249,31,28,17.7,6.0,0.0,661.37,2.61,2.61,2.73,96.18,1956
23482,PEARLISED IVORY HEART LARGE,661.02,418,39,32,0.0,0.0,0.0,661.02,0.0,0.0,1.58,96.19,1957
23428,IVORY RETRO KITCHEN WALL CLOCK,675.91,77,33,25,16.3,2.0,0.0,659.61,2.41,2.41,8.78,96.2,1958
22756,LARGE YELLOW BABUSHKA NOTEBOOK,656.52,599,123,68,0.0,0.0,0.0,656.52,0.0,0.0,1.1,96.21,1959
22448,PIN CUSHION BABUSHKA RED,656.43,201,45,29,0.0,0.0,0.0,656.43,0.0,0.0,3.27,96.21,1960
20767,BLUE PAISLEY JOURNAL,656.06,250,79,50,0.0,0.0,0.0,656.06,0.0,0.0,2.62,96.22,1961
22615,PACK OF 12 CIRCUS PARADE TISSUES,660.15,2073,102,61,4.68,12.0,4.68,655.47,0.71,0.0,0.32,96.23,1962
85199L,LARGE HANGING IVORY & RED WOOD BIRD,663.43,977,95,52,8.45,13.0,0.0,654.98,1.27,1.27,0.68,96.23,1963
22450,SILK PURSE BABUSHKA BLUE,657.76,194,58,41,3.35,1.0,0.0,654.41,0.51,0.51,3.39,96.24,1964
23120,PACK OF 6 SMALL FRUIT STRAWS,682.39,1685,100,69,30.24,72.0,0.0,652.15,4.43,4.43,0.4,96.25,1965
22204,MILK PAN BLUE POLKADOT,669.54,197,79,23,18.75,5.0,0.0,650.79,2.8,2.8,3.4,96.25,1966
22535,MAGIC DRAWING SLATE BUNNIES,669.75,1763,134,88,20.16,48.0,0.0,649.59,3.01,3.01,0.38,96.26,1967
22525,CHILDRENS GARDEN GLOVES PINK,648.97,489,74,42,0.0,0.0,0.0,648.97,0.0,0.0,1.33,96.27,1968
21187,WHITE BELL HONEYCOMB PAPER GARLAND,648.45,369,48,30,0.0,0.0,0.0,648.45,0.0,0.0,1.76,96.27,1969
22953,BIRTHDAY PARTY CORDON BARRIER TAPE,647.11,502,98,61,0.0,0.0,0.0,647.11,0.0,0.0,1.29,96.28,1970
22715,CARD WEDDING DAY,645.64,1543,130,78,0.0,0.0,0.0,645.64,0.0,0.0,0.42,96.29,1971
23042,PAPER LANTERN 7 POINT SNOW STAR,711.51,103,28,25,66.5,10.0,0.0,645.01,9.35,9.35,6.91,96.29,1972
85177,BASKET OF FLOWERS SEWING KIT,644.21,812,63,40,0.85,1.0,0.0,643.36,0.13,0.13,0.79,96.3,1973
84789,ENCHANTED BIRD PLANT CAGE,640.72,186,48,33,0.0,0.0,0.0,640.72,0.0,0.0,3.44,96.3,1974
35810A,ENAMEL PINK COFFEE CONTAINER,640.09,633,75,46,0.0,0.0,0.0,640.09,0.0,0.0,1.01,96.31,1975
21808,"CHRISTMAS GARLAND STARS,TREES",637.83,180,48,21,0.0,0.0,0.0,637.83,0.0,0.0,3.54,96.32,1976
23224,CHERUB HEART DECORATION GOLD,649.02,738,71,44,11.62,14.0,0.0,637.4,1.79,1.79,0.88,96.32,1977
20658,RED RETROSPOT LUGGAGE TAG,652.11,433,105,44,15.0,12.0,0.0,637.11,2.3,2.3,1.51,96.33,1978
21696,SMALL SILVER TRELLIS CANDLEPOT,672.4,224,33,27,35.4,12.0,0.0,637.0,5.26,5.26,3.0,96.34,1979
23492,VINTAGE JINGLE BELLS WREATH,635.38,76,28,24,0.0,0.0,0.0,635.38,0.0,0.0,8.36,96.34,1980
21054,NURSE'S BAG SOFT TOY,634.53,70,29,24,0.0,0.0,0.0,634.53,0.0,0.0,9.06,96.35,1981
22533,MAGIC DRAWING SLATE BAKE A CAKE,644.39,1782,88,68,10.08,24.0,0.0,634.31,1.56,1.56,0.36,96.36,1982
21640,ASSORTED TUTTI FRUTTI  FOB NOTEBOOK,633.83,650,78,38,0.0,0.0,0.0,633.83,0.0,0.0,0.98,96.36,1983
84817,DANISH ROSE DECORATIVE PLATE,710.64,951,55,48,77.7,37.0,0.0,632.94,10.93,10.93,0.75,96.37,1984
17021,NAMASTE SWAGAT INCENSE,632.34,2391,47,30,0.0,0.0,0.0,632.34,0.0,0.0,0.26,96.38,1985
84596L,BISCUITS SMALL BOWL LIGHT BLUE,631.84,1255,173,49,0.0,0.0,0.0,631.84,0.0,0.0,0.5,96.38,1986
21446,12 RED ROSE PEG PLACE SETTINGS,630.92,449,105,47,0.0,0.0,0.0,630.92,0.0,0.0,1.41,96.39,1987
23216,LAUREL HEART ANTIQUE GOLD,630.73,525,44,32,0.0,0.0,0.0,630.73,0.0,0.0,1.2,96.4,1988
21747,SMALL SKULL WINDMILL,645.61,485,54,31,15.0,12.0,0.0,630.61,2.32,2.32,1.33,96.4,1989
72232,FENG SHUI PILLAR CANDLE,630.23,3317,65,45,0.0,0.0,0.0,630.23,0.0,0.0,0.19,96.41,1990
22067,CHOC TRUFFLE GOLD TRINKET POT,638.62,408,70,32,9.1,6.0,0.0,629.52,1.42,1.42,1.57,96.42,1991
23019,SMALL APOTHECARY MEASURING JAR,629.05,81,28,26,0.0,0.0,0.0,629.05,0.0,0.0,7.77,96.42,1992
23027,DRAWER KNOB VINTAGE GLASS HEXAGON,627.95,295,30,26,0.0,0.0,0.0,627.95,0.0,0.0,2.13,96.43,1993
21417,COCKLE SHELL DISH,629.8,340,68,24,2.1,1.0,0.0,627.7,0.33,0.33,1.85,96.43,1994
22559,SEASIDE FLYING DISC,626.53,505,81,33,0.0,0.0,0.0,626.53,0.0,0.0,1.24,96.44,1995
21205,MULTICOLOUR 3D BALLS GARLAND,677.19,253,68,43,51.0,20.0,0.0,626.19,7.53,7.53,2.68,96.45,1996
23456,MEDIUM PARLOUR PICTURE FRAME,634.1,158,36,33,8.3,2.0,0.0,625.8,1.31,1.31,4.01,96.45,1997
20735,BLACK MINI TAPE MEASURE,625.8,623,112,11,0.0,0.0,0.0,625.8,0.0,0.0,1.0,96.46,1998
21351,CINAMMON & ORANGE WREATH,672.88,104,34,27,47.25,7.0,0.0,625.63,7.02,7.02,6.47,96.47,1999
84086C,PINK/PURPLE RETRO RADIO,622.27,218,53,13,0.0,0.0,0.0,622.27,0.0,0.0,2.85,96.47,2000
20840,FRENCH FLORAL CUSHION COVER,632.32,533,74,35,10.2,12.0,0.0,622.12,1.61,1.61,1.19,96.48,2001
22520,CHILDS GARDEN TROWEL BLUE,622.1,719,113,88,0.0,0.0,0.0,622.1,0.0,0.0,0.87,96.49,2002
22269,EGG CUP NATURAL CHICKEN,621.49,932,125,62,0.0,0.0,0.0,621.49,0.0,0.0,0.67,96.49,2003
79163,BLACK CHAMPAGNE GLASS,626.55,1529,35,25,5.16,10.0,0.0,621.39,0.82,0.82,0.41,96.5,2004
22105,MIRROR MOSAIC GOBLET CANDLE HOLDER,847.82,574,33,9,228.0,240.0,228.0,619.82,26.89,0.0,1.48,96.5,2005
84637,KITCHEN FLOWER POTS WALL PLAQUE,619.59,116,83,11,0.0,0.0,0.0,619.59,0.0,0.0,5.34,96.51,2006
21865,PINK UNION JACK  PASSPORT COVER,618.93,271,106,52,0.0,0.0,0.0,618.93,0.0,0.0,2.28,96.52,2007
21473,SWEETHEART CREAM STEEL TABLE RECT,618.66,27,21,16,0.0,0.0,0.0,618.66,0.0,0.0,22.91,96.52,2008
20772,GARDEN PATH JOURNAL,621.19,247,65,40,2.55,1.0,2.55,618.64,0.41,0.0,2.51,96.53,2009
22035,VINTAGE CARAVAN GREETING CARD,617.32,1452,137,65,0.0,0.0,0.0,617.32,0.0,0.0,0.43,96.54,2010
22288,HANGING METAL RABBIT DECORATION,616.95,474,58,37,0.0,0.0,0.0,616.95,0.0,0.0,1.3,96.54,2011
23471,SIX DRAWER OFFICE TIDY,616.79,65,27,26,0.0,0.0,0.0,616.79,0.0,0.0,9.49,96.55,2012
21426,WOODLAND STORAGE BOX SMALL,624.58,256,46,15,8.4,4.0,0.0,616.18,1.34,1.34,2.44,96.56,2013
23180,MUM'S KITCHEN CLOCK,621.09,122,49,29,4.95,1.0,0.0,616.14,0.8,0.8,5.09,96.56,2014
23453,OVAL  MINI PORTRAIT FRAME,615.98,316,47,40,0.0,0.0,0.0,615.98,0.0,0.0,1.95,96.57,2015
23408,PHOTO FRAME LINEN AND LACE SMALL,644.8,310,59,53,29.12,14.0,0.0,615.68,4.52,4.52,2.08,96.57,2016
22396,MAGNETS PACK OF 4 RETRO PHOTO,630.37,1226,128,87,15.0,12.0,7.5,615.37,2.38,1.2,0.51,96.58,2017
21784,SHOE SHINE BOX,633.07,57,44,20,19.9,2.0,0.0,613.17,3.14,3.14,11.11,96.59,2018
21171,BATHROOM METAL SIGN,613.14,438,73,43,0.0,0.0,0.0,613.14,0.0,0.0,1.4,96.59,2019
23018,LARGE APOTHECARY MEASURING JAR,612.16,51,21,19,0.0,0.0,0.0,612.16,0.0,0.0,12.0,96.6,2020
21684,SMALL MEDINA STAMPED METAL BOWL,612.1,771,47,27,0.0,0.0,0.0,612.1,0.0,0.0,0.79,96.61,2021
22420,LIPSTICK PEN BABY PINK,611.3,1333,126,55,0.0,0.0,0.0,611.3,0.0,0.0,0.46,96.61,2022
22021,BLUE FELT EASTER EGG BASKET,610.45,365,71,60,0.0,0.0,0.0,610.45,0.0,0.0,1.67,96.62,2023
22116,METAL SIGN HIS DINNER IS SERVED,620.42,575,148,65,10.2,12.0,0.0,610.22,1.64,1.64,1.08,96.62,2024
22194,BLACK DINER WALL CLOCK,625.69,66,44,24,17.0,2.0,0.0,608.69,2.72,2.72,9.48,96.63,2025
85170C,SET/6 EAU DE NIL BIRD T-LIGHTS,608.53,335,72,26,0.0,0.0,0.0,608.53,0.0,0.0,1.82,96.64,2026
21769,VINTAGE POST OFFICE CABINET,607.65,11,2,2,0.0,0.0,0.0,607.65,0.0,0.0,55.24,96.64,2027
21709,FOLDING UMBRELLA CHOCOLATE POLKADOT,607.23,133,59,30,0.0,0.0,0.0,607.23,0.0,0.0,4.57,96.65,2028
72598,SET/12 TAPER CANDLES,605.89,607,93,38,0.0,0.0,0.0,605.89,0.0,0.0,1.0,96.66,2029
22515,CHILDS GARDEN SPADE PINK,608.95,266,84,53,4.2,2.0,0.0,604.75,0.69,0.69,2.29,96.66,2030
23425,STORAGE TIN HOME SWEET HOME,621.44,275,56,35,17.43,7.0,0.0,604.01,2.8,2.8,2.26,96.67,2031
20764,ABSTRACT CIRCLES SKETCHBOOK,603.31,142,76,45,0.0,0.0,0.0,603.31,0.0,0.0,4.25,96.67,2032
22255,FELT TOADSTOOL  SMALL,602.63,629,77,33,0.0,0.0,0.0,602.63,0.0,0.0,0.96,96.68,2033
21159,MOODY BOY  DOOR HANGER,601.79,1126,124,73,0.0,0.0,0.0,601.79,0.0,0.0,0.53,96.69,2034
23520,EMBROIDERED RIBBON REEL RUBY,600.55,167,32,30,0.0,0.0,0.0,600.55,0.0,0.0,3.6,96.69,2035
20932,PINK POT PLANT CANDLE,628.79,204,35,22,29.5,10.0,0.0,599.29,4.69,4.69,3.08,96.7,2036
21014,SWISS CHALET TREE DECORATION,598.82,1385,119,64,0.0,0.0,0.0,598.82,0.0,0.0,0.43,96.7,2037
84800L,LARGE WHITE/PINK ROSE ART FLOWER,639.36,360,22,20,40.56,24.0,0.0,598.8,6.34,6.34,1.78,96.71,2038
22359,GLASS JAR KINGS CHOICE,605.77,183,81,47,8.85,3.0,0.0,596.92,1.46,1.46,3.31,96.72,2039
22057,CERAMIC PLATE STRAWBERRY DESIGN,667.92,584,61,46,71.52,48.0,0.0,596.4,10.71,10.71,1.14,96.72,2040
22642,SET OF 4 NAPKIN CHARMS STARS,596.36,269,51,39,0.0,0.0,0.0,596.36,0.0,0.0,2.22,96.73,2041
17012B,ORIGAMI JASMINE INCENSE/CANDLE SET,595.85,525,85,33,0.0,0.0,0.0,595.85,0.0,0.0,1.13,96.74,2042
22266,EASTER DECORATION HANGING BUNNY,595.85,1887,92,69,0.0,0.0,0.0,595.85,0.0,0.0,0.32,96.74,2043
21292,SMALL STRIPES CHOCOLATE GIFT BAG,594.51,867,28,25,0.0,0.0,0.0,594.51,0.0,0.0,0.69,96.75,2044
21448,12 DAISY PEGS IN WOOD BOX,592.62,344,77,46,0.0,0.0,0.0,592.62,0.0,0.0,1.72,96.75,2045
22247,BUNNY DECORATION MAGIC GARDEN,591.44,668,113,54,0.0,0.0,0.0,591.44,0.0,0.0,0.89,96.76,2046
21253,SET OF PICTURE FRAME  STICKERS,590.42,134,62,14,0.0,0.0,0.0,590.42,0.0,0.0,4.41,96.77,2047
85017B,ENVELOPE 50 BLOSSOM IMAGES,600.29,1077,158,65,10.2,12.0,0.0,590.09,1.7,1.7,0.56,96.77,2048
23377,PACK OF 12 DOLLY GIRL TISSUES,592.45,1351,133,69,3.12,8.0,0.0,589.33,0.53,0.53,0.44,96.78,2049
21015,DARK BIRD HOUSE TREE DECORATION,589.55,1483,142,59,1.16,4.0,0.0,588.39,0.2,0.2,0.4,96.78,2050
85180B,PINK HEARTS LIGHT CHAIN,587.2,271,48,19,0.0,0.0,0.0,587.2,0.0,0.0,2.17,96.79,2051
23499,SET 12 VINTAGE DOILY CHALK,586.23,1312,110,86,0.0,0.0,0.0,586.23,0.0,0.0,0.45,96.8,2052
21576,LETS GO SHOPPING COTTON TOTE BAG,585.34,252,78,40,0.0,0.0,0.0,585.34,0.0,0.0,2.32,96.8,2053
22703,PINK CAT BOWL,583.33,360,123,30,0.0,0.0,0.0,583.33,0.0,0.0,1.62,96.81,2054
85144,JARDIN ETCHED GLASS CHEESE DISH,582.7,220,41,38,0.0,0.0,0.0,582.7,0.0,0.0,2.65,96.81,2055
20866,BLUE ROSE FABRIC MIRROR,709.7,597,90,34,127.2,120.0,0.0,582.5,17.92,17.92,1.19,96.82,2056
84625A,PINK NEW BAROQUECANDLESTICK CANDLE,605.48,478,42,24,23.3,20.0,0.0,582.18,3.85,3.85,1.27,96.83,2057
22096,PINK PAISLEY SQUARE TISSUE BOX,584.09,1366,117,89,2.34,6.0,0.0,581.75,0.4,0.4,0.43,96.83,2058
23537,WALL ART I LOVE LONDON,581.13,111,34,20,0.0,0.0,0.0,581.13,0.0,0.0,5.24,96.84,2059
21096,SET/6 FRUIT SALAD  PAPER PLATES,581.09,1259,105,63,0.0,0.0,0.0,581.09,0.0,0.0,0.46,96.84,2060
23565,EGG CUP MILKMAID HELGA,586.31,410,63,28,6.25,5.0,0.0,580.06,1.07,1.07,1.43,96.85,2061
35971,ROSE FOLKART HEART DECORATIONS,600.93,462,88,39,21.25,17.0,0.0,579.68,3.54,3.54,1.3,96.86,2062
85141,JARDIN ETCHED GLASS FRUITBOWL,619.94,120,39,32,40.55,9.0,0.0,579.39,6.54,6.54,5.17,96.86,2063
23125,6PC WOOD PLATE SET DISPOSABLE,574.88,459,38,15,0.0,0.0,0.0,574.88,0.0,0.0,1.25,96.87,2064
22337,ANGEL DECORATION PAINTED ZINC,574.54,912,77,24,0.0,0.0,0.0,574.54,0.0,0.0,0.63,96.87,2065
22820,GIFT BAG BIRTHDAY,575.42,940,77,42,1.3,2.0,0.0,574.12,0.23,0.23,0.61,96.88,2066
22260,FELT EGG COSY BLUE RABBIT,577.44,552,104,37,3.4,4.0,0.0,574.04,0.59,0.59,1.05,96.88,2067
22233,JIGSAW RABBIT AND BIRDHOUSE,607.14,596,105,70,33.59,21.0,0.0,573.55,5.53,5.53,1.02,96.89,2068
20702,PINK PADDED MOBILE,573.54,134,42,31,0.0,0.0,0.0,573.54,0.0,0.0,4.28,96.9,2069
84754,S/15 SILVER GLASS BAUBLES IN BAG,725.52,558,62,35,152.64,144.0,0.0,572.88,21.04,21.04,1.3,96.9,2070
85136A,YELLOW SHARK HELICOPTER,572.41,71,53,35,0.0,0.0,0.0,572.41,0.0,0.0,8.06,96.91,2071
21468,BUTTERFLY CROCHET FOOD COVER,572.23,148,66,43,0.0,0.0,0.0,572.23,0.0,0.0,3.87,96.91,2072
20832,RED FLOCK LOVE HEART PHOTO FRAME,572.67,1067,82,47,0.85,1.0,0.0,571.82,0.15,0.15,0.54,96.92,2073
22825,DECORATIVE PLANT POT WITH FRIEZE,584.37,73,28,23,13.5,2.0,0.0,570.87,2.31,2.31,8.01,96.93,2074
84748,FOLK FELT HANGING MULTICOL GARLAND,570.86,204,61,7,0.0,0.0,0.0,570.86,0.0,0.0,2.8,96.93,2075
47310M,SMALL POP BOX FUNKY MONKEY,570.45,410,121,23,0.0,0.0,0.0,570.45,0.0,0.0,1.39,96.94,2076
23455,SMALL PARLOUR PICTURE FRAME,569.43,207,35,32,0.0,0.0,0.0,569.43,0.0,0.0,2.75,96.94,2077
85130D,BEADED CRYSTAL HEART PINK LARGE,569.29,565,62,41,0.0,0.0,0.0,569.29,0.0,0.0,1.01,96.95,2078
21251,DINOSAUR HEIGHT CHART STICKER SET,568.98,182,46,32,0.0,0.0,0.0,568.98,0.0,0.0,3.13,96.95,2079
85161,ACRYLIC GEOMETRIC LAMP,568.65,35,20,8,0.0,0.0,0.0,568.65,0.0,0.0,16.25,96.96,2080
23219,LAUREL STAR ANTIQUE SILVER,568.6,430,61,41,0.0,0.0,0.0,568.6,0.0,0.0,1.32,96.97,2081
22319,HAIRCLIPS FORTIES FABRIC ASSORTED,572.26,1322,61,53,3.9,6.0,0.0,568.36,0.68,0.68,0.43,96.97,2082
21488,RED WHITE SCARF  HOT WATER BOTTLE,566.17,69,16,2,0.0,0.0,0.0,566.17,0.0,0.0,8.21,96.98,2083
22482,BLUE TEA TOWEL CLASSIC DESIGN,565.86,478,53,40,0.0,0.0,0.0,565.86,0.0,0.0,1.18,96.98,2084
85036B,CHOCOLATE 1 WICK MORRIS BOX CANDLE,589.9,362,50,40,25.5,6.0,25.5,564.4,4.32,0.0,1.63,96.99,2085
85019A,ROMANTIC IMAGES NOTEBOOK SET,564.35,414,33,25,0.0,0.0,0.0,564.35,0.0,0.0,1.36,97.0,2086
21581,SKULLS  DESIGN  COTTON TOTE BAG,590.67,252,79,33,27.0,12.0,0.0,563.67,4.57,4.57,2.34,97.0,2087
23381,PACK OF 12 VINTAGE LEAF TISSUES,562.88,1496,80,59,0.0,0.0,0.0,562.88,0.0,0.0,0.38,97.01,2088
23272,TREE T-LIGHT HOLDER WILLIE WINKIE,562.22,364,44,34,0.0,0.0,0.0,562.22,0.0,0.0,1.54,97.01,2089
22272,FELTCRAFT DOLL MARIA,564.92,196,48,43,2.95,1.0,0.0,561.97,0.52,0.52,2.88,97.02,2090
21219,SET/4 BADGES BALLOON GIRL,561.84,448,89,35,0.0,0.0,0.0,561.84,0.0,0.0,1.25,97.02,2091
84912A,PINK ROSE WASHBAG,560.62,156,74,25,0.0,0.0,0.0,560.62,0.0,0.0,3.59,97.03,2092
84569D,PACK 6 HEART/ICE-CREAM PATCHES,560.62,467,98,32,0.0,0.0,0.0,560.62,0.0,0.0,1.2,97.04,2093
85016,SET OF 6 VINTAGE NOTELETS KIT,560.11,563,42,22,0.0,0.0,0.0,560.11,0.0,0.0,0.99,97.04,2094
85163A,WHITE BAROQUE WALL CLOCK,559.0,66,32,15,0.0,0.0,0.0,559.0,0.0,0.0,8.47,97.05,2095
21675,BUTTERFLIES STICKERS,568.26,628,110,45,10.2,12.0,0.0,558.06,1.79,1.79,0.9,97.05,2096
21662,VINTAGE GLASS COFFEE CADDY,557.3,86,26,14,0.0,0.0,0.0,557.3,0.0,0.0,6.48,97.06,2097
85187,S/12 MINI RABBIT EASTER,556.53,337,69,53,0.0,0.0,0.0,556.53,0.0,0.0,1.65,97.06,2098
23069,EDWARDIAN PHOTO FRAME,556.21,88,32,27,0.0,0.0,0.0,556.21,0.0,0.0,6.32,97.07,2099
23451,SQUARE MINI PORTRAIT FRAME,556.17,277,52,38,0.0,0.0,0.0,556.17,0.0,0.0,2.01,97.08,2100
21264,WHITE GOOSE FEATHER TREE 60CM,571.65,283,48,37,15.6,8.0,0.0,556.05,2.73,2.73,2.02,97.08,2101
23016,GLASS TWIST BON BON JAR,575.25,74,24,19,19.95,3.0,0.0,555.3,3.47,3.47,7.77,97.09,2102
84951B,SET OF 4 BLACK LOVEBIRD COASTERS,554.78,451,82,24,0.0,0.0,0.0,554.78,0.0,0.0,1.23,97.09,2103
85032D,YULETIDE IMAGES GIFT WRAP SET,561.34,687,93,57,7.8,12.0,0.0,553.54,1.39,1.39,0.82,97.1,2104
85025B,EAU DE NILE HEART SHAPE PHOTO FRAME,555.12,329,38,20,1.65,1.0,0.0,553.47,0.3,0.3,1.69,97.1,2105
35599D,PINK AND WHITE CHRISTMAS TREE 120CM,553.07,201,34,17,0.0,0.0,0.0,553.07,0.0,0.0,2.75,97.11,2106
17129F,BLUE GLASS GEMS IN BAG,553.83,588,57,11,1.7,2.0,0.0,552.13,0.31,0.31,0.94,97.12,2107
23473,WOODLAND SMALL RED FELT HEART,552.02,678,51,41,0.0,0.0,0.0,552.02,0.0,0.0,0.81,97.12,2108
35599B,BLACK CHRISTMAS TREE 120CM,551.13,217,27,19,0.0,0.0,0.0,551.13,0.0,0.0,2.54,97.13,2109
22102,MIRROR MOSAIC T-LIGHT HOLDER,831.84,1622,31,13,280.8,720.0,280.8,551.04,33.76,0.0,0.51,97.13,2110
22903,CALENDAR FAMILY FAVOURITES,550.6,193,59,21,0.0,0.0,0.0,550.6,0.0,0.0,2.85,97.14,2111
21397,BLUE POLKADOT EGG CUP,550.43,1075,65,43,0.0,0.0,0.0,550.43,0.0,0.0,0.51,97.14,2112
23457,LARGE PARLOUR PICTURE FRAME,549.88,112,31,27,0.0,0.0,0.0,549.88,0.0,0.0,4.91,97.15,2113
22232,JIGSAW TOADSTOOLS 3 PIECE,604.46,690,83,54,54.72,64.0,0.0,549.74,9.05,9.05,0.88,97.15,2114
21194,PINK  HONEYCOMB PAPER FAN,555.97,498,65,37,6.5,10.0,0.0,549.47,1.17,1.17,1.12,97.16,2115
21849,SILVER DIAMANTE PEN IN GIFT BOX,548.93,173,66,16,0.0,0.0,0.0,548.93,0.0,0.0,3.17,97.17,2116
84929,ASSTD FRUIT+FLOWERS FRIDGE MAGNETS,637.56,2412,65,57,89.29,163.0,3.3,548.27,14.0,13.56,0.26,97.17,2117
23549,WRAP BIRD GARDEN,548.1,1305,52,46,0.0,0.0,0.0,548.1,0.0,0.0,0.42,97.18,2118
21638,ASSORTED TUTTI FRUTTI NOTEBOOK,547.76,247,40,25,0.0,0.0,0.0,547.76,0.0,0.0,2.22,97.18,2119
23484,HEART TRELLIS TRIPLE T-LIGHT HOLDER,547.35,185,35,25,0.0,0.0,0.0,547.35,0.0,0.0,2.96,97.19,2120
17012D,ORIGAMI ROSE INCENSE/CANDLE SET,547.24,461,97,35,0.0,0.0,0.0,547.24,0.0,0.0,1.19,97.19,2121
21128,GOLD FISHING GNOME,546.6,68,36,12,0.0,0.0,0.0,546.6,0.0,0.0,8.04,97.2,2122
47563A,RETRO LONGBOARD IRONING BOARD COVER,551.51,285,105,31,5.0,4.0,0.0,546.51,0.91,0.91,1.94,97.21,2123
90062,CARNIVAL BRACELET,558.03,44,26,6,12.75,1.0,0.0,545.28,2.28,2.28,12.68,97.21,2124
71279,PINK GLASS CANDLEHOLDER,558.37,175,38,20,14.75,5.0,0.0,543.62,2.64,2.64,3.19,97.22,2125
23043,PAPER LANTERN 9 POINT HOLLY STAR L,543.51,81,23,18,0.0,0.0,0.0,543.51,0.0,0.0,6.71,97.22,2126
85107,CUT GLASS T-LIGHT HOLDER OCTAGON,541.39,249,27,21,0.0,0.0,0.0,541.39,0.0,0.0,2.17,97.23,2127
22261,FELT EGG COSY WHITE RABBIT,544.71,579,107,61,3.4,4.0,0.0,541.31,0.62,0.62,0.94,97.23,2128
22513,DOORSTOP FOOTBALL DESIGN,539.9,152,67,37,0.0,0.0,0.0,539.9,0.0,0.0,3.55,97.24,2129
22717,CARD DOG AND BALL,535.78,1229,131,69,0.0,0.0,0.0,535.78,0.0,0.0,0.44,97.24,2130
85172,HYACINTH BULB T-LIGHT CANDLES,569.68,1314,43,34,34.02,81.0,0.0,535.66,5.97,5.97,0.43,97.25,2131
23074,EMBOSSED HEART TRINKET BOX,547.27,246,48,32,12.48,6.0,0.0,534.79,2.28,2.28,2.22,97.25,2132
23398,HANGING HEART BONHEUR,535.35,606,69,53,0.85,1.0,0.0,534.5,0.16,0.16,0.88,97.26,2133
84951A,SET OF 4 PISTACHIO LOVEBIRD COASTER,553.01,475,93,26,18.96,24.0,0.0,534.05,3.43,3.43,1.16,97.27,2134
22023,EMPIRE BIRTHDAY CARD,538.72,1206,146,71,5.04,12.0,0.0,533.68,0.94,0.94,0.45,97.27,2135
20893,HANGING BAUBLE T-LIGHT HOLDER SMALL,609.02,268,26,16,75.6,36.0,0.0,533.42,12.41,12.41,2.27,97.28,2136
35965,FOLKART HEART NAPKIN RINGS,551.13,366,69,22,18.96,24.0,0.0,532.17,3.44,3.44,1.51,97.28,2137
22543,MINI JIGSAW BAKE A CAKE,530.8,1453,55,32,0.0,0.0,0.0,530.8,0.0,0.0,0.37,97.29,2138
85088,CANDY SPOT HAND BAG,534.83,259,51,18,4.2,2.0,0.0,530.63,0.79,0.79,2.06,97.29,2139
17012F,ORIGAMI SANDLEWOOD INCENSE/CAND SET,530.6,448,94,33,0.0,0.0,0.0,530.6,0.0,0.0,1.18,97.3,2140
35241,ENAMEL BLUE RIM BISCUIT BIN,530.49,103,44,27,0.0,0.0,0.0,530.49,0.0,0.0,5.15,97.3,2141
21270,ANTIQUE CREAM CUTLERY CUPBOARD,530.19,50,36,12,0.0,0.0,0.0,530.19,0.0,0.0,10.6,97.31,2142
75131,METAL TUBE CHIME ON BAMBOO,529.21,490,15,13,0.0,0.0,0.0,529.21,0.0,0.0,1.08,97.31,2143
22709,WRAP WEDDING DAY,528.5,1325,39,38,0.0,0.0,0.0,528.5,0.0,0.0,0.4,97.32,2144
23060,HEART BEADED TRELLIS DECORATION,528.17,249,42,34,0.0,0.0,0.0,528.17,0.0,0.0,2.12,97.33,2145
22707,WRAP MONSTER FUN,527.94,1257,49,41,0.0,0.0,0.0,527.94,0.0,0.0,0.42,97.33,2146
22275,WEEKEND BAG VINTAGE ROSE PAISLEY,527.85,69,1,1,0.0,0.0,0.0,527.85,0.0,0.0,7.65,97.34,2147
21277,FRENCH STYLE EMBOSSED HEART CABINET,571.43,26,22,19,43.9,2.0,0.0,527.53,7.68,7.68,21.98,97.34,2148
82613D,METAL SIGN CUPCAKE SINGLE HOOK,534.24,696,111,43,8.4,20.0,0.0,525.84,1.57,1.57,0.77,97.35,2149
22521,CHILDS GARDEN TROWEL PINK,525.51,609,104,81,0.0,0.0,0.0,525.51,0.0,0.0,0.86,97.35,2150
35809A,ENAMEL PINK TEA CONTAINER,525.39,429,71,37,0.0,0.0,0.0,525.39,0.0,0.0,1.22,97.36,2151
22496,SET OF 2 ROUND TINS DUTCH CHEESE,535.11,253,79,63,11.8,4.0,0.0,523.31,2.21,2.21,2.12,97.36,2152
20785,FUSCHIA RETRO BAR STOOL,523.3,14,5,4,0.0,0.0,0.0,523.3,0.0,0.0,37.38,97.37,2153
22861,EASTER TIN CHICKS IN GARDEN,522.93,305,50,36,0.0,0.0,0.0,522.93,0.0,0.0,1.71,97.37,2154
85131B,BEADED CRYSTAL HEART GREEN ON STICK,521.11,623,172,2,0.0,0.0,0.0,521.11,0.0,0.0,0.84,97.38,2155
85025C,PINK HEART SHAPE PHOTO FRAME,520.91,321,39,27,1.65,1.0,0.0,519.26,0.32,0.32,1.62,97.38,2156
23336,EGG FRYING PAN PINK,519.25,225,85,46,0.0,0.0,0.0,519.25,0.0,0.0,2.31,97.39,2157
84313B,BLUE TV TRAY TABLE,518.61,127,39,6,0.0,0.0,0.0,518.61,0.0,0.0,4.08,97.4,2158
21059,PARTY INVITES DINOSAURS,528.23,611,94,67,10.2,12.0,0.0,518.03,1.93,1.93,0.86,97.4,2159
85104,SILVER GLASS T-LIGHT SET,525.75,201,17,13,8.85,3.0,0.0,516.9,1.68,1.68,2.62,97.41,2160
85135B,BLUE DRAGONFLY HELICOPTER,524.55,65,45,28,7.95,1.0,0.0,516.6,1.52,1.52,8.07,97.41,2161
21801,CHRISTMAS TREE DECORATION WITH BELL,530.26,1251,125,22,15.12,36.0,15.12,515.14,2.85,0.0,0.42,97.42,2162
21711,FOLDING UMBRELLA WHITE/RED POLKADOT,513.02,104,36,22,0.0,0.0,0.0,513.02,0.0,0.0,4.93,97.42,2163
22216,T-LIGHT HOLDER WHITE LACE,512.93,588,68,17,0.0,0.0,0.0,512.93,0.0,0.0,0.87,97.43,2164
23136,IVORY WIRE SWEETHEART LETTER TRAY,511.89,135,49,39,0.0,0.0,0.0,511.89,0.0,0.0,3.79,97.43,2165
23139,SINGLE WIRE HOOK PINK HEART,528.7,414,27,20,17.4,12.0,17.4,511.3,3.29,0.0,1.28,97.44,2166
22280,POCKET BAG PINK PAISELY BROWN SPOT,509.59,468,95,26,0.0,0.0,0.0,509.59,0.0,0.0,1.09,97.44,2167
84352,SILVER CHRISTMAS TREE BAUBLE STAND,577.35,34,23,14,67.8,4.0,0.0,509.55,11.74,11.74,16.98,97.45,2168
72819,CUPID DESIGN SCENTED CANDLES,509.07,225,43,28,0.0,0.0,0.0,509.07,0.0,0.0,2.26,97.45,2169
84520B,PACK 20 ENGLISH ROSE PAPER NAPKINS,508.37,554,80,51,0.0,0.0,0.0,508.37,0.0,0.0,0.92,97.46,2170
23660,HENRIETTA HEN MUG,534.66,306,42,30,26.4,16.0,0.0,508.26,4.94,4.94,1.75,97.46,2171
22248,DECORATION  PINK CHICK MAGIC GARDEN,525.09,593,109,43,17.0,20.0,0.0,508.09,3.24,3.24,0.89,97.47,2172
20761,BLUE PAISLEY SKETCHBOOK,505.97,120,63,46,0.0,0.0,0.0,505.97,0.0,0.0,4.22,97.47,2173
84665,SQUARE CHERRY BLOSSOM CABINET,624.75,105,17,14,119.0,20.0,0.0,505.75,19.05,19.05,5.95,97.48,2174
21455,PAINTED YELLOW WOODEN DAISY,516.79,612,117,32,11.05,13.0,0.0,505.74,2.14,2.14,0.84,97.48,2175
20998,ROSE DU SUD OVEN GLOVE,505.2,185,69,27,0.0,0.0,0.0,505.2,0.0,0.0,2.73,97.49,2176
22127,PARTY CONES CARNIVAL ASSORTED,504.88,404,22,20,0.0,0.0,0.0,504.88,0.0,0.0,1.25,97.49,2177
21654,RIDGED GLASS FINGER BOWL,504.68,974,59,40,0.0,0.0,0.0,504.68,0.0,0.0,0.52,97.5,2178
85231G,ORANGE SCENTED SET/9 T-LIGHTS,511.05,600,87,49,8.5,10.0,0.0,502.55,1.66,1.66,0.85,97.5,2179
21710,FOLDING UMBRELLA PINKWHITE POLKADOT,501.98,107,45,29,0.0,0.0,0.0,501.98,0.0,0.0,4.69,97.51,2180
82613B,"METAL SIGN,CUPCAKE SINGLE HOOK",510.18,587,115,39,8.4,20.0,0.0,501.78,1.65,1.65,0.87,97.51,2181
23021,GLASS BONNE JAM JAR,500.82,120,27,24,0.0,0.0,0.0,500.82,0.0,0.0,4.17,97.52,2182
20681,PINK POLKADOT CHILDRENS UMBRELLA,506.96,140,46,29,6.5,2.0,0.0,500.46,1.28,1.28,3.62,97.53,2183
23560,SET OF 6 RIBBONS COUNTRY STYLE,499.18,172,26,20,0.0,0.0,0.0,499.18,0.0,0.0,2.9,97.53,2184
82616C,MIDNIGHT GLAMOUR SCARF KNITTING KIT,501.44,324,85,40,3.75,3.0,0.0,497.69,0.75,0.75,1.55,97.54,2185
22618,COOKING SET RETROSPOT,671.53,69,28,23,174.18,20.0,0.0,497.35,25.94,25.94,9.73,97.54,2186
23117,POPPY FIELDS CHOPPING BOARD,501.23,93,45,39,4.95,1.0,0.0,496.28,0.99,0.99,5.39,97.55,2187
21925,UNION STRIPE CUSHION COVER,503.75,403,65,38,7.5,6.0,0.0,496.25,1.49,1.49,1.25,97.55,2188
21972,SET OF 36 DINOSAUR PAPER DOILIES,499.08,335,65,35,2.9,2.0,0.0,496.18,0.58,0.58,1.49,97.56,2189
22516,CHILDS GARDEN RAKE BLUE,494.89,206,62,35,0.0,0.0,0.0,494.89,0.0,0.0,2.4,97.56,2190
84625C,BLUE NEW BAROQUE CANDLESTICK CANDLE,536.41,449,35,20,41.65,49.0,0.0,494.76,7.76,7.76,1.19,97.57,2191
20766,GARDEN PATH SKETCHBOOK,493.57,122,57,41,0.0,0.0,0.0,493.57,0.0,0.0,4.05,97.57,2192
21358,TOAST ITS - HAPPY BIRTHDAY,493.29,411,108,54,0.0,0.0,0.0,493.29,0.0,0.0,1.2,97.58,2193
46776C,WOVEN FROST CUSHION COVER,492.79,117,59,6,0.0,0.0,0.0,492.79,0.0,0.0,4.21,97.58,2194
21926,RED/CREAM STRIPE CUSHION COVER,509.9,414,60,35,17.5,14.0,0.0,492.4,3.43,3.43,1.23,97.59,2195
35598D,PINK/WHITE CHRISTMAS TREE 60CM,493.01,684,42,23,0.65,1.0,0.0,492.36,0.13,0.13,0.72,97.59,2196
82616B,FRAPPUCINO SCARF KNITTING KIT,502.74,343,73,35,11.25,9.0,0.0,491.49,2.24,2.24,1.47,97.6,2197
22511,RETROSPOT BABUSHKA DOORSTOP,495.2,251,54,44,3.75,1.0,0.0,491.45,0.76,0.76,1.97,97.6,2198
23466,TUSCAN VILLA DOVECOTE BIRD FEEDER,498.03,55,27,20,8.25,1.0,0.0,489.78,1.66,1.66,9.06,97.61,2199
21632,VINTAGE PINK DECORATIVE PARASOL,489.74,88,24,5,0.0,0.0,0.0,489.74,0.0,0.0,5.57,97.61,2200
22050,PINK PAISLEY ROSE GIFT WRAP,498.5,1225,40,37,10.5,25.0,0.0,488.0,2.11,2.11,0.41,97.62,2201
84598,BOYS ALPHABET IRON ON PATCHES,546.04,1975,99,5,60.48,288.0,0.0,485.56,11.08,11.08,0.28,97.62,2202
21202,DOLLY HONEYCOMB GARLAND,485.46,474,25,20,0.0,0.0,0.0,485.46,0.0,0.0,1.02,97.63,2203
21454,PAINTED PINK RABBIT,485.16,572,136,41,0.0,0.0,0.0,485.16,0.0,0.0,0.85,97.63,2204
23218,LAUREL STAR ANTIQUE GOLD,483.03,379,40,27,0.0,0.0,0.0,483.03,0.0,0.0,1.27,97.64,2205
21634,ASSORTED MINI MADRAS NOTEBOOK,481.95,976,28,22,0.0,0.0,0.0,481.95,0.0,0.0,0.49,97.64,2206
17012C,ORIGAMI LAVENDER INCENSE/CANDL SET,481.8,420,85,37,0.0,0.0,0.0,481.8,0.0,0.0,1.15,97.65,2207
23691,WRAP KEEP CALM BIRTHDAY,481.5,1175,38,36,0.0,0.0,0.0,481.5,0.0,0.0,0.41,97.65,2208
84687,BEACH HUT SHELF W 3 DRAWERS,504.43,81,31,16,23.8,4.0,0.0,480.63,4.72,4.72,6.23,97.66,2209
21867,PINK UNION JACK  LUGGAGE TAG,480.25,348,121,56,0.0,0.0,0.0,480.25,0.0,0.0,1.38,97.66,2210
21741,COSY SLIPPER SHOES LARGE GREEN,480.17,147,40,27,0.0,0.0,0.0,480.17,0.0,0.0,3.27,97.67,2211
22638,SET OF 4 NAPKIN CHARMS CROWNS,481.88,300,52,37,2.55,1.0,0.0,479.33,0.53,0.53,1.61,97.67,2212
22181,SNOWSTORM PHOTO FRAME FRIDGE MAGNET,500.91,591,57,40,22.95,27.0,0.0,477.96,4.58,4.58,0.85,97.68,2213
23422,PANTRY HOOK BALLOON WHISK,477.89,213,47,29,0.0,0.0,0.0,477.89,0.0,0.0,2.24,97.68,2214
85049F,BABY BOOM RIBBONS,477.34,378,88,70,0.0,0.0,0.0,477.34,0.0,0.0,1.26,97.69,2215
84849B,FAIRY SOAP SOAP HOLDER,478.83,266,76,41,1.69,1.0,0.0,477.14,0.35,0.35,1.8,97.69,2216
21472,LADYBIRD + BEE RAFFIA FOOD COVER,476.41,123,37,29,0.0,0.0,0.0,476.41,0.0,0.0,3.87,97.69,2217
23561,SET OF 6 RIBBONS PARTY,476.0,170,16,13,0.0,0.0,0.0,476.0,0.0,0.0,2.8,97.7,2218
21587,COSY HOUR GIANT TUBE MATCHES,475.65,195,26,25,0.0,0.0,0.0,475.65,0.0,0.0,2.44,97.7,2219
85093,CANDY SPOT EGG WARMER HARE,475.18,708,88,20,0.0,0.0,0.0,475.18,0.0,0.0,0.67,97.71,2220
21067,VINTAGE RED TEATIME MUG,504.15,317,76,30,29.38,27.0,0.0,474.77,5.83,5.83,1.59,97.71,2221
90209C,PINK ENAMEL+GLASS HAIR COMB,480.5,263,31,8,6.3,3.0,0.0,474.2,1.31,1.31,1.83,97.72,2222
85194S,HANGING SPRING FLOWER EGG SMALL,489.17,1197,72,50,18.39,29.0,0.0,470.78,3.76,3.76,0.41,97.72,2223
21366,MIRRORED WALL ART PHOTO FRAMES,470.17,89,46,9,0.0,0.0,0.0,470.17,0.0,0.0,5.28,97.73,2224
20716,PARTY FOOD SHOPPER BAG,469.63,400,73,31,0.0,0.0,0.0,469.63,0.0,0.0,1.17,97.73,2225
20707,CRAZY DAISY HEART DECORATION,468.39,464,149,20,1.25,1.0,0.0,467.14,0.27,0.27,1.01,97.74,2226
22230,JIGSAW TREE WITH WATERING CAN,480.63,1047,101,50,13.53,16.0,0.0,467.1,2.82,2.82,0.46,97.74,2227
20615,BLUE POLKADOT PASSPORT COVER,466.99,309,95,28,0.0,0.0,0.0,466.99,0.0,0.0,1.51,97.75,2228
20831,GOLD PHOTO FRAME,466.53,216,39,19,0.0,0.0,0.0,466.53,0.0,0.0,2.16,97.75,2229
84917,WHITE HAND TOWEL WITH BUTTERFLY,466.3,184,27,13,0.0,0.0,0.0,466.3,0.0,0.0,2.53,97.76,2230
23379,PACK OF 12 RED APPLE TISSUES,465.36,1220,76,49,0.0,0.0,0.0,465.36,0.0,0.0,0.38,97.76,2231
21374,MIRRORED WALL ART SKULLS,463.79,304,46,37,0.0,0.0,0.0,463.79,0.0,0.0,1.53,97.77,2232
35598B,BLACK CHRISTMAS TREE 60CM,460.64,558,25,20,0.0,0.0,0.0,460.64,0.0,0.0,0.83,97.77,2233
21003,ROSE DU SUD CUSHION COVER,460.58,78,46,6,0.0,0.0,0.0,460.58,0.0,0.0,5.9,97.78,2234
22344,PARTY PIZZA DISH PINK POLKADOT,459.81,1225,76,34,0.0,0.0,0.0,459.81,0.0,0.0,0.38,97.78,2235
84820,DANISH ROSE TRINKET TRAYS,483.05,259,31,31,23.8,4.0,0.0,459.25,4.93,4.93,1.87,97.79,2236
21063,PARTY INVITES JAZZ HEARTS,458.31,528,102,64,0.0,0.0,0.0,458.31,0.0,0.0,0.87,97.79,2237
21062,PARTY INVITES SPACEMAN,457.38,538,74,55,0.0,0.0,0.0,457.38,0.0,0.0,0.85,97.8,2238
17096,ASSORTED LAQUERED INCENSE HOLDERS,455.98,2545,24,12,0.0,0.0,0.0,455.98,0.0,0.0,0.18,97.8,2239
84674,FLYING PIG WATERING CAN,466.95,193,47,31,11.8,4.0,0.0,455.15,2.53,2.53,2.42,97.8,2240
21851,LILAC DIAMANTE PEN IN GIFT BOX,454.99,141,63,12,0.0,0.0,0.0,454.99,0.0,0.0,3.23,97.81,2241
22184,CAKE STAND VICTORIAN FILIGREE LARGE,471.86,56,35,3,17.0,2.0,0.0,454.86,3.6,3.6,8.43,97.81,2242
84916,HAND TOWEL PALE BLUE W FLOWERS,453.39,223,29,17,0.0,0.0,0.0,453.39,0.0,0.0,2.03,97.82,2243
21061,PARTY INVITES FOOTBALL,451.7,488,83,49,0.0,0.0,0.0,451.7,0.0,0.0,0.93,97.82,2244
21641,ASSORTED TUTTI FRUTTI KEYRING BALL,451.59,1153,49,19,0.0,0.0,0.0,451.59,0.0,0.0,0.39,97.83,2245
23548,WRAP MAGIC FOREST,451.5,1075,43,42,0.0,0.0,0.0,451.5,0.0,0.0,0.42,97.83,2246
23509,MINI PLAYING CARDS FUN FAIR,451.46,1062,65,51,0.0,0.0,0.0,451.46,0.0,0.0,0.43,97.84,2247
20838,FRENCH LATTICE CUSHION COVER,461.45,385,57,30,10.2,12.0,0.0,451.25,2.21,2.21,1.2,97.84,2248
48189,DOORMAT FRIENDSHIP,451.11,27,17,0,0.0,0.0,0.0,451.11,0.0,0.0,16.71,97.85,2249
35004G,SET OF 3 GOLD FLYING DUCKS,454.65,127,21,16,3.9,2.0,0.0,450.75,0.86,0.86,3.58,97.85,2250
22647,CERAMIC LOVE HEART MONEY BANK,466.18,732,45,34,17.4,12.0,0.0,448.78,3.73,3.73,0.64,97.86,2251
20803,SMALL PINK GLASS SUNDAE DISH,476.38,939,40,26,28.56,68.0,0.0,447.82,6.0,6.0,0.51,97.86,2252
22517,CHILDS GARDEN RAKE PINK,447.63,199,69,48,0.0,0.0,0.0,447.63,0.0,0.0,2.25,97.86,2253
82613C,"METAL SIGN,CUPCAKE SINGLE HOOK",455.78,542,100,33,8.4,20.0,0.0,447.38,1.84,1.84,0.84,97.87,2254
20669,RED HEART LUGGAGE TAG,447.34,304,96,36,0.0,0.0,0.0,447.34,0.0,0.0,1.47,97.87,2255
20770,ABSTRACT CIRCLE JOURNAL,447.25,184,72,24,0.0,0.0,0.0,447.25,0.0,0.0,2.43,97.88,2256
21365,MIRRORED WALL ART STARS,447.09,363,52,35,0.0,0.0,0.0,447.09,0.0,0.0,1.23,97.88,2257
22640,SET OF 4 NAPKIN CHARMS 3 KEYS,446.84,237,57,33,0.0,0.0,0.0,446.84,0.0,0.0,1.89,97.89,2258
84920,PINK FLOWER FABRIC PONY,446.23,115,48,22,0.0,0.0,0.0,446.23,0.0,0.0,3.88,97.89,2259
21415,CLAM SHELL SMALL,446.02,219,46,25,0.0,0.0,0.0,446.02,0.0,0.0,2.04,97.9,2260
21220,SET/4 BADGES DOGS,445.01,338,89,34,0.0,0.0,0.0,445.01,0.0,0.0,1.32,97.9,2261
21656,RIDGED GLASS POSY VASE,444.58,219,47,15,0.0,0.0,0.0,444.58,0.0,0.0,2.03,97.91,2262
21580,RABBIT  DESIGN  COTTON TOTE BAG,444.07,181,62,21,0.0,0.0,0.0,444.07,0.0,0.0,2.45,97.91,2263
20903,VINTAGE KEEPSAKE BOX TRAVELOGUE,441.89,82,56,10,0.0,0.0,0.0,441.89,0.0,0.0,5.39,97.91,2264
22643,SET OF 4 NAPKIN CHARMS LEAVES,441.83,238,48,29,0.0,0.0,0.0,441.83,0.0,0.0,1.86,97.92,2265
22598,CHRISTMAS MUSICAL ZINC TREE,446.2,990,95,42,5.1,6.0,0.0,441.1,1.14,1.14,0.45,97.92,2266
35637A,IVORY STRING CURTAIN WITH POLE,440.62,170,28,23,0.0,0.0,0.0,440.62,0.0,0.0,2.59,97.93,2267
22390,PAPERWEIGHT CHILDHOOD MEMORIES,440.34,266,36,24,0.0,0.0,0.0,440.34,0.0,0.0,1.66,97.93,2268
20619,TROPICAL PASSPORT COVER,439.65,262,99,16,0.0,0.0,0.0,439.65,0.0,0.0,1.68,97.94,2269
84600,NEW BAROQUE JEWELLERY BOX,446.89,53,25,16,7.95,1.0,0.0,438.94,1.78,1.78,8.43,97.94,2270
20768,GREEN FERN JOURNAL,438.57,176,55,31,0.0,0.0,0.0,438.57,0.0,0.0,2.49,97.95,2271
85169C,EAU DE NIL LOVE BIRD CANDLE,452.86,429,46,14,15.0,12.0,0.0,437.86,3.31,3.31,1.06,97.95,2272
85111,SILVER GLITTER FLOWER VOTIVE HOLDER,437.59,1409,57,40,0.0,0.0,0.0,437.59,0.0,0.0,0.31,97.96,2273
85130C,BEADED CRYSTAL HEART BLUE  LARGE,437.22,482,46,37,0.0,0.0,0.0,437.22,0.0,0.0,0.91,97.96,2274
84596E,SMALL LICORICE DES PINK BOWL,436.78,574,85,33,0.0,0.0,0.0,436.78,0.0,0.0,0.76,97.96,2275
21828,EIGHT PIECE SNAKE  SET,435.79,330,84,53,0.0,0.0,0.0,435.79,0.0,0.0,1.32,97.97,2276
22545,MINI JIGSAW BUNNIES,435.67,1142,75,40,0.42,1.0,0.42,435.25,0.1,0.0,0.38,97.97,2277
84976,RECTANGULAR SHAPED MIRROR,446.15,512,37,27,11.06,14.0,0.0,435.09,2.48,2.48,0.87,97.98,2278
23023,RIDGED BONNE JAM JAR T-LIGHT HOLDER,437.82,274,25,23,3.3,2.0,0.0,434.52,0.75,0.75,1.6,97.98,2279
84360,TABLE LAMP WHITE SHADE WOOD BASE,434.12,78,20,9,0.0,0.0,0.0,434.12,0.0,0.0,5.57,97.99,2280
17107D,"FLOWER FAIRY,5 SUMMER B'DRAW LINERS",433.5,170,46,42,0.0,0.0,0.0,433.5,0.0,0.0,2.55,97.99,2281
35653,VINTAGE BEAD NOTEBOOK,433.19,150,52,11,0.0,0.0,0.0,433.19,0.0,0.0,2.89,98.0,2282
85168B,BLACK BAROQUE CARRIAGE CLOCK,432.79,51,35,5,0.0,0.0,0.0,432.79,0.0,0.0,8.49,98.0,2283
22389,PAPERWEIGHT SAVE THE PLANET,641.55,338,45,36,210.0,100.0,210.0,431.55,32.73,0.0,1.9,98.0,2284
23058,CHRISTMAS HANGING SNOWFLAKE,430.86,490,48,39,0.0,0.0,0.0,430.86,0.0,0.0,0.88,98.01,2285
22229,BUNNY WOODEN PAINTED WITH FLOWER,432.46,568,101,54,1.7,2.0,0.0,430.76,0.39,0.39,0.76,98.01,2286
21002,ROSE DU SUD DRAWSTRING BAG,428.66,125,66,5,0.0,0.0,0.0,428.66,0.0,0.0,3.43,98.02,2287
85071C,"CHARLIE+LOLA""EXTREMELY BUSY"" SIGN",428.0,683,105,62,0.0,0.0,0.0,428.0,0.0,0.0,0.63,98.02,2288
21758,VINTAGE SHELLS PRINT,427.46,50,32,13,0.0,0.0,0.0,427.46,0.0,0.0,8.55,98.03,2289
77101A,UNION FLAG WINDSOCK,426.94,387,22,16,0.0,0.0,0.0,426.94,0.0,0.0,1.1,98.03,2290
20705,MRS ROBOT SOFT TOY,428.85,143,28,27,1.95,1.0,0.0,426.9,0.45,0.45,3.0,98.03,2291
21088,SET/6 FRUIT SALAD PAPER CUPS,428.28,1678,103,67,2.28,12.0,0.0,426.0,0.53,0.53,0.26,98.04,2292
84559A,3D SHEET OF DOG STICKERS,423.99,426,116,34,0.0,0.0,0.0,423.99,0.0,0.0,1.0,98.04,2293
90200E,GREEN SWEETHEART BRACELET,423.41,103,44,15,0.0,0.0,0.0,423.41,0.0,0.0,4.11,98.05,2294
23044,PAPER LANTERN 9 POINT HOLLY STAR S,423.29,101,25,24,0.0,0.0,0.0,423.29,0.0,0.0,4.19,98.05,2295
90154,LAZER CUT NECKLACE W PASTEL BEADS,421.75,57,5,5,0.0,0.0,0.0,421.75,0.0,0.0,7.4,98.06,2296
85136C,RED SHARK HELICOPTER,421.18,52,36,20,0.0,0.0,0.0,421.18,0.0,0.0,8.1,98.06,2297
72799F,IVORY PILLAR CANDLE GOLD FLOCK,421.13,144,30,19,0.0,0.0,0.0,421.13,0.0,0.0,2.92,98.07,2298
20762,GREEN FERN SKETCHBOOK,420.08,106,56,42,0.0,0.0,0.0,420.08,0.0,0.0,3.96,98.07,2299
22134,MINI LADLE LOVE HEART RED,419.0,889,162,29,0.0,0.0,0.0,419.0,0.0,0.0,0.47,98.07,2300
90114,SUMMER DAISIES BAG CHARM,417.96,167,88,11,0.0,0.0,0.0,417.96,0.0,0.0,2.5,98.08,2301
85208,SET/12 FUNKY FELT FLOWER PEG IN BAG,416.91,223,48,22,0.0,0.0,0.0,416.91,0.0,0.0,1.87,98.08,2302
22214,CANDLE PLATE LACE WHITE,416.6,193,56,18,0.0,0.0,0.0,416.6,0.0,0.0,2.16,98.09,2303
84931B,BLUE SCOTTIE DOG W FLOWER PATTERN,424.08,177,49,21,7.65,3.0,0.0,416.43,1.8,1.8,2.4,98.09,2304
20765,CHRYSANTHEMUM SKETCHBOOK,416.05,102,59,45,0.0,0.0,0.0,416.05,0.0,0.0,4.08,98.1,2305
21147,JINGLE BELLS TREE DECORATION,415.77,203,76,11,0.0,0.0,0.0,415.77,0.0,0.0,2.05,98.1,2306
22108,PING! MICROWAVE PLATE,415.09,152,63,16,0.0,0.0,0.0,415.09,0.0,0.0,2.73,98.1,2307
23045,PAPER LANTERN 5 POINT STAR MOON,497.98,118,25,22,83.0,20.0,0.0,414.98,16.67,16.67,4.22,98.11,2308
84616,SILVER ROCCOCO CHANDELIER,504.32,14,9,6,89.85,3.0,0.0,414.47,17.82,17.82,36.02,98.11,2309
22405,MONEY BOX POCKET MONEY DESIGN,415.36,372,70,46,1.06,1.0,0.0,414.3,0.26,0.26,1.12,98.12,2310
21884,CAKES AND BOWS GIFT  TAPE,413.76,1166,93,43,0.0,0.0,0.0,413.76,0.0,0.0,0.35,98.12,2311
90161C,ANT COPPER LIME BOUDICCA BRACELET,412.74,83,50,13,0.0,0.0,0.0,412.74,0.0,0.0,4.97,98.12,2312
84658,WHITE STITCHED CUSHION COVER,412.23,57,22,14,0.0,0.0,0.0,412.23,0.0,0.0,7.23,98.13,2313
84806B,WHITE CANDYSTUFT ARTIFICIAL FLOWER,411.56,308,20,18,0.0,0.0,0.0,411.56,0.0,0.0,1.34,98.13,2314
21817,GLITTER CHRISTMAS TREE,410.91,906,58,48,0.0,0.0,0.0,410.91,0.0,0.0,0.45,98.14,2315
22447,PIN CUSHION BABUSHKA BLUE,410.81,137,45,16,0.0,0.0,0.0,410.81,0.0,0.0,3.0,98.14,2316
22051,BLUE SCANDINAVIAN PAISLEY WRAP,409.5,975,39,36,0.0,0.0,0.0,409.5,0.0,0.0,0.42,98.15,2317
85203,HANGING WOOD AND FELT BUTTERFLY,408.99,895,127,45,0.0,0.0,0.0,408.99,0.0,0.0,0.46,98.15,2318
20830,SILVER PHOTO FRAME,409.83,136,37,19,2.1,1.0,0.0,407.73,0.51,0.51,3.01,98.15,2319
21129,SILVER FISHING GNOME,419.52,52,27,13,13.9,2.0,0.0,405.62,3.31,3.31,8.07,98.16,2320
21318,GLASS CHALICE BLUE SMALL,421.78,694,49,38,16.71,17.0,0.0,405.07,3.96,3.96,0.61,98.16,2321
16219,HOUSE SHAPE PENCIL SHARPENER,407.72,3048,100,41,2.88,48.0,0.0,404.84,0.71,0.71,0.13,98.17,2322
35964,FOLKART CLIP ON STARS,404.08,783,100,34,0.0,0.0,0.0,404.08,0.0,0.0,0.52,98.17,2323
23415,HOME SWEET HOME HOOK,412.18,328,47,42,8.25,5.0,0.0,403.93,2.0,2.0,1.26,98.17,2324
22510,GINGHAM BABUSHKA DOORSTOP,402.74,210,42,34,0.0,0.0,0.0,402.74,0.0,0.0,1.92,98.18,2325
22406,MONEY BOX KINGS CHOICE DESIGN,403.46,346,84,49,1.25,1.0,0.0,402.21,0.31,0.31,1.17,98.18,2326
23339,EGG FRYING PAN BLUE,400.84,173,76,43,0.0,0.0,0.0,400.84,0.0,0.0,2.32,98.19,2327
23576,SNACK TRAY RED VINTAGE DOILY,400.04,198,37,28,0.0,0.0,0.0,400.04,0.0,0.0,2.02,98.19,2328
23429,RED RETRO KITCHEN WALL CLOCK,400.01,47,23,19,0.0,0.0,0.0,400.01,0.0,0.0,8.51,98.2,2329
37476,CONDIMENT TRAY 4 BOWLS AND 4 SPOONS,399.02,37,26,9,0.0,0.0,0.0,399.02,0.0,0.0,10.78,98.2,2330
21285,RETROSPOT CANDLE  MEDIUM,413.88,365,43,26,15.6,24.0,0.0,398.28,3.77,3.77,1.13,98.2,2331
21131,GOLD STANDING GNOME,398.02,106,28,11,0.0,0.0,0.0,398.02,0.0,0.0,3.75,98.21,2332
84821,DANISH ROSE DELUXE COASTER,407.15,935,40,35,10.2,12.0,0.0,396.95,2.51,2.51,0.44,98.21,2333
18007,ESSENTIAL BALM 3.5G TIN IN ENVELOPE,395.61,5884,30,15,0.0,0.0,0.0,395.61,0.0,0.0,0.07,98.22,2334
20867,PINK ROSE FABRIC MIRROR,393.47,331,62,23,0.0,0.0,0.0,393.47,0.0,0.0,1.19,98.22,2335
47421,ASSORTED COLOUR LIZARD SUCTION HOOK,393.0,994,55,16,0.0,0.0,0.0,393.0,0.0,0.0,0.4,98.22,2336
23337,EGG FRYING PAN MINT,388.75,180,69,49,0.0,0.0,0.0,388.75,0.0,0.0,2.16,98.23,2337
90200B,BLACK SWEETHEART BRACELET,392.83,93,47,18,4.25,1.0,0.0,388.58,1.08,1.08,4.22,98.23,2338
35095A,BLUE VICTORIAN FABRIC OVAL BOX,388.57,925,100,29,0.0,0.0,0.0,388.57,0.0,0.0,0.42,98.24,2339
23150,IVORY SWEETHEART SOAP DISH,390.75,148,49,33,2.49,1.0,0.0,388.26,0.64,0.64,2.64,98.24,2340
84974,S/2 ZINC HEART DESIGN PLANTERS,388.05,39,28,26,0.0,0.0,0.0,388.05,0.0,0.0,9.95,98.24,2341
23039,T-LIGHT HOLDER SILVER HEART HANDLE,399.71,199,28,22,11.7,6.0,0.0,388.01,2.93,2.93,2.01,98.25,2342
22256,FELT FARM ANIMAL CHICKEN,387.9,286,50,32,0.0,0.0,0.0,387.9,0.0,0.0,1.36,98.25,2343
21579,LOLITA  DESIGN  COTTON TOTE BAG,409.72,176,50,30,22.5,10.0,0.0,387.22,5.49,5.49,2.33,98.26,2344
21879,HEARTS GIFT TAPE,385.47,1176,94,52,0.0,0.0,0.0,385.47,0.0,0.0,0.33,98.26,2345
22345,PARTY PIZZA DISH BLUE POLKADOT,399.05,1117,71,29,15.3,18.0,0.0,383.75,3.83,3.83,0.36,98.26,2346
85179A,GREEN BITTY LIGHT CHAIN,383.25,194,60,15,0.0,0.0,0.0,383.25,0.0,0.0,1.98,98.27,2347
21881,CUTE CATS TAPE,383.11,1102,79,37,0.0,0.0,0.0,383.11,0.0,0.0,0.35,98.27,2348
22048,BIRTHDAY BANQUET GIFT WRAP,393.5,975,32,32,10.5,25.0,0.0,383.0,2.67,2.67,0.4,98.28,2349
23116,VEGETABLE GARDEN CHOPPING BOARD,382.44,76,22,17,0.0,0.0,0.0,382.44,0.0,0.0,5.03,98.28,2350
84919,BLUE CUSHION COVER WITH FLOWER,381.78,58,29,9,0.0,0.0,0.0,381.78,0.0,0.0,6.58,98.28,2351
22346,PARTY PIZZA DISH GREEN POLKADOT,381.09,1034,59,23,0.0,0.0,0.0,381.09,0.0,0.0,0.37,98.29,2352
21562,HAWAIIAN GRASS SKIRT,380.36,324,28,20,0.0,0.0,0.0,380.36,0.0,0.0,1.17,98.29,2353
21373,MIRRORED WALL ART SNOWFLAKES,389.04,512,47,41,9.0,12.0,0.0,380.04,2.31,2.31,0.76,98.29,2354
16045,POPART WOODEN PENCILS ASST,380.0,8900,68,61,0.0,0.0,0.0,380.0,0.0,0.0,0.04,98.3,2355
46776D,WOVEN SUNSET CUSHION COVER,378.29,89,37,3,0.0,0.0,0.0,378.29,0.0,0.0,4.25,98.3,2356
90161B,ANT COPPER TURQ BOUDICCA BRACELET,377.88,76,37,10,0.0,0.0,0.0,377.88,0.0,0.0,4.97,98.31,2357
21051,RIBBONS PURSE,377.2,192,51,23,0.0,0.0,0.0,377.2,0.0,0.0,1.96,98.31,2358
90160C,TURQ+RED BOUDICCA LARGE BRACELET,377.04,54,26,14,0.0,0.0,0.0,377.04,0.0,0.0,6.98,98.31,2359
47367B,PAIR PADDED HANGERS PINK CHECK,376.27,112,43,11,0.0,0.0,0.0,376.27,0.0,0.0,3.36,98.32,2360
17012A,ORIGAMI VANILLA INCENSE/CANDLE SET,375.93,323,65,21,0.0,0.0,0.0,375.93,0.0,0.0,1.16,98.32,2361
23459,DOLLY CABINET 2 DRAWERS,412.5,33,19,19,37.5,3.0,0.0,375.0,9.09,9.09,12.5,98.33,2362
21635,MADRAS NOTEBOOK LARGE,374.96,271,16,15,0.0,0.0,0.0,374.96,0.0,0.0,1.38,98.33,2363
85232A,SET/3 POLKADOT STACKING TINS,389.55,78,29,22,14.85,3.0,0.0,374.7,3.81,3.81,4.99,98.33,2364
21945,STRAWBERRIES  DESIGN FLANNEL,373.34,358,105,27,0.0,0.0,0.0,373.34,0.0,0.0,1.04,98.34,2365
84915,HAND TOWEL PINK FLOWER AND DAISY,372.33,217,23,8,0.0,0.0,0.0,372.33,0.0,0.0,1.72,98.34,2366
22486,PLASMATRONIC LAMP,446.45,71,25,9,76.5,6.0,0.0,369.95,17.14,17.14,6.29,98.34,2367
21689,SILVER VANILLA  FLOWER CANDLE POT,369.87,95,26,22,0.0,0.0,0.0,369.87,0.0,0.0,3.89,98.35,2368
84563A,PINK & WHITE BREAKFAST TRAY,369.84,96,35,11,0.0,0.0,0.0,369.84,0.0,0.0,3.85,98.35,2369
20782,CAMOUFLAGE EAR MUFF HEADPHONES,368.08,53,27,12,0.0,0.0,0.0,368.08,0.0,0.0,6.94,98.36,2370
23575,SNACK TRAY PAISLEY PARK,367.35,179,32,22,0.0,0.0,0.0,367.35,0.0,0.0,2.05,98.36,2371
16011,ANIMAL STICKERS,367.29,1749,46,38,0.0,0.0,0.0,367.29,0.0,0.0,0.21,98.36,2372
22532,MAGIC DRAWING SLATE LEAP FROG,366.75,1072,73,54,0.0,0.0,0.0,366.75,0.0,0.0,0.34,98.37,2373
84663A,GRASS HOPPER WOODEN WALL CLOCK,374.12,272,34,21,9.11,5.0,0.0,365.01,2.44,2.44,1.38,98.37,2374
22265,EASTER DECORATION NATURAL CHICK,363.55,536,64,42,0.0,0.0,0.0,363.55,0.0,0.0,0.68,98.37,2375
21286,RETROSPOT CANDLE  LARGE,362.12,273,30,17,0.0,0.0,0.0,362.12,0.0,0.0,1.33,98.38,2376
21348,PINK SPOTS CHOCOLATE NESTING BOXES,361.56,140,6,5,0.0,0.0,0.0,361.56,0.0,0.0,2.58,98.38,2377
21000,ROSE DU SUD COSMETICS BAG,360.84,96,52,16,0.0,0.0,0.0,360.84,0.0,0.0,3.76,98.39,2378
16008,SMALL FOLDING SCISSOR(POINTED EDGE),360.71,2892,70,54,0.0,0.0,0.0,360.71,0.0,0.0,0.12,98.39,2379
23661,MILK MAIDS MUG,393.59,219,33,23,33.0,20.0,0.0,360.59,8.38,8.38,1.8,98.39,2380
20854,BLUE PATCH PURSE PINK HEART,383.02,242,41,16,23.1,14.0,0.0,359.92,6.03,6.03,1.58,98.4,2381
21060,PARTY INVITES BALLOON GIRL,359.29,405,71,47,0.0,0.0,0.0,359.29,0.0,0.0,0.89,98.4,2382
23579,SNACK TRAY I LOVE LONDON,358.75,169,35,22,0.0,0.0,0.0,358.75,0.0,0.0,2.12,98.4,2383
82095,HEART BUTTONS JEWELLERY BOX,356.11,68,30,4,0.0,0.0,0.0,356.11,0.0,0.0,5.24,98.41,2384
85169B,BLACK LOVE BIRD CANDLE,356.06,329,62,17,0.0,0.0,0.0,356.06,0.0,0.0,1.08,98.41,2385
84569A,PACK 3 IRON ON DOG PATCHES,355.84,294,65,26,0.0,0.0,0.0,355.84,0.0,0.0,1.21,98.42,2386
21724,PANDA AND BUNNIES STICKER SHEET,355.83,408,81,43,0.0,0.0,0.0,355.83,0.0,0.0,0.87,98.42,2387
90209B,GREEN ENAMEL+GLASS HAIR COMB,355.64,184,54,7,0.0,0.0,0.0,355.64,0.0,0.0,1.93,98.42,2388
85169D,PINK LOVE BIRD CANDLE,356.08,351,50,20,1.25,1.0,0.0,354.83,0.35,0.35,1.01,98.43,2389
22100,SKULLS SQUARE TISSUE BOX,354.82,755,59,34,0.0,0.0,0.0,354.82,0.0,0.0,0.47,98.43,2390
35095B,RED VICTORIAN FABRIC OVAL BOX,352.25,862,98,36,0.0,0.0,0.0,352.25,0.0,0.0,0.41,98.43,2391
23420,PANTRY HOOK TEA STRAINER,351.37,164,32,26,0.0,0.0,0.0,351.37,0.0,0.0,2.14,98.44,2392
35954,SMALL FOLKART STAR CHRISTMAS DEC,350.48,1245,54,30,0.0,0.0,0.0,350.48,0.0,0.0,0.28,98.44,2393
21555,CERAMIC STRAWBERRY TRINKET TRAY,350.47,137,69,11,0.0,0.0,0.0,350.47,0.0,0.0,2.56,98.44,2394
21664,RIDGED GLASS STORAGE JAR CREAM LID,350.22,98,18,15,0.0,0.0,0.0,350.22,0.0,0.0,3.57,98.45,2395
21723,ALPHABET HEARTS STICKER SHEET,350.08,397,59,29,0.0,0.0,0.0,350.08,0.0,0.0,0.88,98.45,2396
79030D,TUMBLER BAROQUE,350.23,581,47,26,0.39,1.0,0.0,349.84,0.11,0.11,0.6,98.45,2397
21320,GLASS CHALICE GREEN  LARGE,364.22,197,19,10,14.7,7.0,0.0,349.52,4.04,4.04,1.85,98.46,2398
37482P,CUBIC MUG PINK POLKADOT,349.35,494,47,30,0.0,0.0,0.0,349.35,0.0,0.0,0.71,98.46,2399
23421,PANTRY HOOK SPATULA,349.2,160,33,24,0.0,0.0,0.0,349.2,0.0,0.0,2.18,98.47,2400
20934,SET/3 POT PLANT CANDLES,424.46,68,32,20,75.3,14.0,27.25,349.16,17.74,12.1,6.24,98.47,2401
22529,MAGIC DRAWING SLATE GO TO THE FAIR,349.03,851,70,52,0.0,0.0,0.0,349.03,0.0,0.0,0.41,98.47,2402
47591B,SCOTTIES CHILDRENS APRON,348.92,210,57,9,0.0,0.0,0.0,348.92,0.0,0.0,1.66,98.48,2403
84924A,WAKE UP COCKEREL CALENDAR SIGN,348.59,81,33,21,0.0,0.0,0.0,348.59,0.0,0.0,4.3,98.48,2404
21421,PORCELAIN ROSE LARGE,348.43,299,14,11,0.0,0.0,0.0,348.43,0.0,0.0,1.17,98.48,2405
21197,MULTICOLOUR  CONFETTI IN TUBE,382.96,284,27,13,34.65,21.0,0.0,348.31,9.05,9.05,1.35,98.49,2406
21001,ROSE DU SUD WASHBAG,348.19,73,50,12,0.0,0.0,0.0,348.19,0.0,0.0,4.77,98.49,2407
21222,SET/4 BADGES BEETLES,348.19,265,73,26,0.0,0.0,0.0,348.19,0.0,0.0,1.31,98.49,2408
20652,BLUE POLKADOT LUGGAGE TAG,346.86,265,78,26,0.0,0.0,0.0,346.86,0.0,0.0,1.31,98.5,2409
84563B,BLUE & WHITE BREAKFAST TRAY,346.3,94,38,18,0.0,0.0,0.0,346.3,0.0,0.0,3.68,98.5,2410
21263,GREEN GOOSE FEATHER TREE 60CM,349.17,167,42,32,3.9,2.0,0.0,345.27,1.12,1.12,2.09,98.5,2411
20700,GREEN CAT FLORAL CUSHION COVER,345.17,73,54,4,0.0,0.0,0.0,345.17,0.0,0.0,4.73,98.51,2412
21284,RETROSPOT CANDLE  SMALL,374.49,403,42,24,30.36,36.0,0.0,344.13,8.11,8.11,0.93,98.51,2413
22104,MIRROR MOSAIC CANDLE PLATE,343.71,288,59,9,0.0,0.0,0.0,343.71,0.0,0.0,1.19,98.52,2414
35957,SMALLFOLKART BAUBLE CHRISTMAS DEC,361.81,688,41,7,18.24,96.0,0.0,343.57,5.04,5.04,0.53,98.52,2415
90149,SILVER FLOWR PINK SHELL NECKLACE,342.76,53,4,2,0.0,0.0,0.0,342.76,0.0,0.0,6.47,98.52,2416
85129D,BEADED CRYSTAL HEART PINK SMALL,342.74,207,65,16,0.0,0.0,0.0,342.74,0.0,0.0,1.66,98.53,2417
20856,DENIM PATCH PURSE PINK BUTTERFLY,357.29,216,61,26,16.5,10.0,0.0,340.79,4.62,4.62,1.65,98.53,2418
21221,SET/4 BADGES CUTE CREATURES,340.22,261,54,24,0.0,0.0,0.0,340.22,0.0,0.0,1.3,98.53,2419
84826,ASSTD DESIGN 3D PAPER STICKERS,389.38,1162,31,28,51.0,60.0,0.0,338.38,13.1,13.1,0.34,98.54,2420
22547,MINI JIGSAW DINOSAUR,338.23,809,101,41,0.84,2.0,0.0,337.39,0.25,0.25,0.42,98.54,2421
72122,COFFEE SCENT PILLAR CANDLE,335.79,324,61,38,0.0,0.0,0.0,335.79,0.0,0.0,1.04,98.54,2422
21850,BLUE  DIAMANTE PEN IN GIFT BOX,488.13,129,54,12,153.0,36.0,153.0,335.13,31.34,0.0,3.78,98.55,2423
71270,PHOTO CLIP LINE,334.98,236,49,16,0.0,0.0,0.0,334.98,0.0,0.0,1.42,98.55,2424
23047,PAPER LANTERN 5 POINT SEQUIN STAR,333.5,58,25,25,0.0,0.0,0.0,333.5,0.0,0.0,5.75,98.55,2425
85230B,CINNAMON SCENTED VOTIVE CANDLE,333.2,1288,39,30,0.0,0.0,0.0,333.2,0.0,0.0,0.26,98.56,2426
22259,FELT FARM ANIMAL HEN,332.84,481,44,16,0.0,0.0,0.0,332.84,0.0,0.0,0.69,98.56,2427
84638,SMALL KITCHEN FLOWER POTS PLAQUE,331.5,50,37,11,0.0,0.0,0.0,331.5,0.0,0.0,6.63,98.56,2428
85213,MINI  ZINC GARDEN DECORATIONS,330.55,829,33,23,0.85,1.0,0.0,329.7,0.26,0.26,0.4,98.57,2429
21248,DOOR HANGER  MUM + DADS ROOM,330.72,205,66,45,1.45,1.0,0.0,329.27,0.44,0.44,1.61,98.57,2430
90200A,PURPLE SWEETHEART BRACELET,328.44,78,50,14,0.0,0.0,0.0,328.44,0.0,0.0,4.21,98.57,2431
84926E,FLOWERS TILE COASTER,327.8,968,39,32,0.0,0.0,0.0,327.8,0.0,0.0,0.34,98.58,2432
21167,WHITE SAGE INCENSE,337.14,1432,67,20,10.5,50.0,0.0,326.64,3.11,3.11,0.24,98.58,2433
84708B,PINK JEWELLED PHOTO FRAME,326.35,62,19,13,0.0,0.0,0.0,326.35,0.0,0.0,5.26,98.58,2434
85204,HANGING WOOD AND FELT FLOWER,325.36,2050,104,40,0.12,1.0,0.0,325.24,0.04,0.04,0.16,98.59,2435
23037,CANDLE HOLDER SILVER MADELINE,325.16,196,20,17,0.0,0.0,0.0,325.16,0.0,0.0,1.66,98.59,2436
23478,WOODLAND LARGE PINK FELT HEART,324.4,285,13,9,0.0,0.0,0.0,324.4,0.0,0.0,1.14,98.59,2437
85205B,PINK FELT EASTER RABBIT GARLAND,323.15,122,29,22,0.0,0.0,0.0,323.15,0.0,0.0,2.65,98.6,2438
22135,MINI LADLE LOVE HEART PINK,322.38,567,179,22,0.0,0.0,0.0,322.38,0.0,0.0,0.57,98.6,2439
21403,BLUE EGG  SPOON,322.18,1857,106,58,0.0,0.0,0.0,322.18,0.0,0.0,0.17,98.6,2440
16238,PARTY TIME PENCIL ERASERS,321.67,1396,134,61,0.0,0.0,0.0,321.67,0.0,0.0,0.23,98.61,2441
22092,BLUE PAISLEY TISSUE BOX,321.4,670,91,75,0.0,0.0,0.0,321.4,0.0,0.0,0.48,98.61,2442
84952B,BLACK LOVE BIRD T-LIGHT HOLDER,332.14,186,29,10,11.25,3.0,0.0,320.89,3.39,3.39,1.79,98.61,2443
21425,SKULLS STORAGE BOX LARGE,320.49,87,30,12,0.0,0.0,0.0,320.49,0.0,0.0,3.68,98.62,2444
16236,KITTY PENCIL ERASERS,320.09,1438,136,59,0.0,0.0,0.0,320.09,0.0,0.0,0.22,98.62,2445
21371,MIRRORED WALL ART POPPIES,319.71,287,38,27,0.0,0.0,0.0,319.71,0.0,0.0,1.11,98.62,2446
90161D,ANT COPPER PINK BOUDICCA BRACELET,318.89,64,34,6,0.0,0.0,0.0,318.89,0.0,0.0,4.98,98.63,2447
16259,PIECE OF CAMO STATIONERY SET,326.56,3380,31,28,8.64,108.0,8.64,317.92,2.65,0.0,0.1,98.63,2448
84931A,PINK SCOTTIE DOG W FLOWER PATTERN,317.44,133,51,20,0.0,0.0,0.0,317.44,0.0,0.0,2.39,98.63,2449
84849A,HELLO SAILOR BLUE SOAP HOLDER,344.34,180,53,25,27.04,16.0,0.0,317.3,7.85,7.85,1.91,98.64,2450
46118,FUNKY MONKEY CUSHION COVER,317.17,232,46,12,0.0,0.0,0.0,317.17,0.0,0.0,1.37,98.64,2451
22765,NEWSPAPER STAND,316.95,27,5,3,0.0,0.0,0.0,316.95,0.0,0.0,11.74,98.64,2452
84631,FRUIT TREE AND BIRDS WALL PLAQUE,340.58,40,24,7,23.85,3.0,15.9,316.73,7.0,2.45,8.51,98.65,2453
20936,FORKED CACTUS CANDLE,319.66,100,34,21,2.95,1.0,0.0,316.71,0.92,0.92,3.2,98.65,2454
35915C,PEACH KNITTED HEN,316.46,315,60,8,0.0,0.0,0.0,316.46,0.0,0.0,1.0,98.65,2455
84247E,PACK OF 12 CHRISTMAS FUN CARDS,384.09,140,48,23,67.85,23.0,0.0,316.24,17.67,17.67,2.74,98.66,2456
84876B,GREEN HEART COMPACT MIRROR,315.81,218,33,17,0.0,0.0,0.0,315.81,0.0,0.0,1.45,98.66,2457
21026,SPACE OWL,315.75,255,68,20,0.0,0.0,0.0,315.75,0.0,0.0,1.24,98.66,2458
90198A,VINTAGE ROSE BEAD BRACELET RASPBERR,315.73,75,44,8,0.0,0.0,0.0,315.73,0.0,0.0,4.21,98.67,2459
22202,MILK PAN PINK POLKADOT,319.35,64,37,16,3.75,1.0,0.0,315.6,1.17,1.17,4.99,98.67,2460
85170B,SET/6 BLACK BIRD T-LIGHT CANDLES,316.75,215,39,13,2.1,1.0,0.0,314.65,0.66,0.66,1.47,98.67,2461
84584,PINK GINGHAM CAT WITH SCARF,314.51,144,30,18,0.0,0.0,0.0,314.51,0.0,0.0,2.18,98.68,2462
17084N,FAIRY DREAMS INCENSE,313.31,1264,101,25,0.0,0.0,0.0,313.31,0.0,0.0,0.25,98.68,2463
23695,DOILY THANK YOU CARD,313.24,741,57,41,0.0,0.0,0.0,313.24,0.0,0.0,0.42,98.68,2464
85202,HANGING WOOD AND FELT HEART,313.13,672,106,34,0.0,0.0,0.0,313.13,0.0,0.0,0.47,98.68,2465
21375,LARGE CAMPHOR WOOD FIELD MUSHROOM,312.77,41,27,9,0.0,0.0,0.0,312.77,0.0,0.0,7.63,98.69,2466
84358,FLOOR LAMP SHADE WOOD BASE,312.7,33,13,6,0.0,0.0,0.0,312.7,0.0,0.0,9.48,98.69,2467
20780,BLACK EAR MUFF HEADPHONES,312.7,47,28,13,0.0,0.0,0.0,312.7,0.0,0.0,6.65,98.69,2468
21841,BABY MOUSE RED GINGHAM DRESS,310.25,73,21,19,0.0,0.0,0.0,310.25,0.0,0.0,4.25,98.7,2469
21944,KITTENS DESIGN FLANNEL,310.19,337,100,24,0.0,0.0,0.0,310.19,0.0,0.0,0.92,98.7,2470
84510C,SET OF 4 POLKADOT COASTERS,310.03,172,77,25,0.0,0.0,0.0,310.03,0.0,0.0,1.8,98.7,2471
47021G,SET/6 BEAD COASTERS GAUZE BAG GOLD,309.3,582,27,12,0.0,0.0,0.0,309.3,0.0,0.0,0.53,98.71,2472
21442,GREEN BIRDHOUSE DECORATION,307.94,437,59,31,0.0,0.0,0.0,307.94,0.0,0.0,0.7,98.71,2473
21719,LOVELY BONBON STICKER SHEET,307.44,345,58,29,0.0,0.0,0.0,307.44,0.0,0.0,0.89,98.71,2474
47594B,SCOTTIES DESIGN WASHBAG,314.55,170,56,26,7.8,4.0,0.0,306.75,2.48,2.48,1.85,98.72,2475
23495,SET OF 3 PANTRY WOODEN SPOONS,306.66,225,41,21,0.0,0.0,0.0,306.66,0.0,0.0,1.36,98.72,2476
22124,SET OF 2 TEA TOWELS PING MICROWAVE,306.16,149,76,14,0.0,0.0,0.0,306.16,0.0,0.0,2.05,98.72,2477
84661B,BLACK SQUARE TABLE CLOCK,305.2,116,30,10,0.0,0.0,0.0,305.2,0.0,0.0,2.63,98.73,2478
22040,BOTANICAL ROSE GIFT WRAP,304.5,725,28,27,0.0,0.0,0.0,304.5,0.0,0.0,0.42,98.73,2479
22043,CHRISTMAS CARD SCREEN PRINT,304.5,1238,64,40,0.0,0.0,0.0,304.5,0.0,0.0,0.25,98.73,2480
90147,CHUNKY SILVER NECKLACE PASTEL FLOWE,324.01,32,23,10,19.9,2.0,0.0,304.11,6.14,6.14,10.13,98.74,2481
22641,SET OF 4 NAPKIN CHARMS INSTRUMENT,303.73,139,37,23,0.0,0.0,0.0,303.73,0.0,0.0,2.19,98.74,2482
20622,VIPPASSPORT COVER,303.7,185,51,24,0.0,0.0,0.0,303.7,0.0,0.0,1.64,98.74,2483
84766,SILVER ROCOCO CANDLE STICK,340.7,146,14,11,37.25,15.0,11.9,303.45,10.93,7.71,2.33,98.74,2484
21942,SKULLS DESIGN FLANNEL,313.01,287,103,14,10.2,12.0,10.2,302.81,3.26,0.0,1.09,98.75,2485
72586,SET OF 6 HALLOWEEN GHOST T-LIGHTS,317.83,691,83,36,15.12,36.0,0.0,302.71,4.76,4.76,0.46,98.75,2486
23430,BLUE RETRO KITCHEN WALL CLOCK,301.88,36,18,16,0.0,0.0,0.0,301.88,0.0,0.0,8.39,98.75,2487
35912B,WHITE/PINK CHICK DECORATION,301.26,252,20,15,0.0,0.0,0.0,301.26,0.0,0.0,1.2,98.76,2488
84632,DECORATIVE HANGING SHELVING UNIT,359.7,6,5,5,59.95,1.0,0.0,299.75,16.67,16.67,59.95,98.76,2489
21761,WOOD AND GLASS MEDICINE CABINET,299.5,10,10,10,0.0,0.0,0.0,299.5,0.0,0.0,29.95,98.76,2490
23440,PAINT YOUR OWN EGGS IN CRATE,299.36,164,5,5,0.0,0.0,0.0,299.36,0.0,0.0,1.83,98.77,2491
22409,MONEY BOX BISCUITS DESIGN,299.72,228,57,36,1.25,1.0,0.0,298.47,0.42,0.42,1.31,98.77,2492
90184B,AMETHYST CHUNKY BEAD BRACELET W STR,297.94,33,21,11,0.0,0.0,0.0,297.94,0.0,0.0,9.03,98.77,2493
72801D,4 SKY BLUE DINNER CANDLES,297.91,150,62,10,0.0,0.0,0.0,297.91,0.0,0.0,1.99,98.78,2494
84596J,MIXED NUTS LIGHT GREEN BOWL,296.45,568,68,21,0.0,0.0,0.0,296.45,0.0,0.0,0.52,98.78,2495
46776E,WOVEN CANDY CUSHION COVER,292.56,68,39,5,0.0,0.0,0.0,292.56,0.0,0.0,4.3,98.78,2496
20655,QUEEN OF SKIES LUGGAGE TAG,292.29,197,99,20,0.0,0.0,0.0,292.29,0.0,0.0,1.48,98.78,2497
35911A,MULTICOLOUR RABBIT EGG WARMER,292.07,319,70,23,0.0,0.0,0.0,292.07,0.0,0.0,0.92,98.79,2498
21441,BLUE BIRDHOUSE DECORATION,292.03,421,62,34,0.0,0.0,0.0,292.03,0.0,0.0,0.69,98.79,2499
23567,EGG CUP HENRIETTA HEN PINK,291.58,211,37,15,1.25,1.0,0.0,290.33,0.43,0.43,1.38,98.79,2500
16015,MEDIUM CHINESE STYLE SCISSOR,289.98,662,24,19,0.0,0.0,0.0,289.98,0.0,0.0,0.44,98.8,2501
85024B,EAU DE NILE JEWELLED PHOTOFRAME,289.65,193,12,12,0.0,0.0,0.0,289.65,0.0,0.0,1.5,98.8,2502
79051A,SMOKEY GREY COLOUR D.O.F. GLASS,289.55,823,41,32,0.0,0.0,0.0,289.55,0.0,0.0,0.35,98.8,2503
21503,TOYBOX  WRAP,288.92,726,23,22,0.42,1.0,0.42,288.5,0.15,0.0,0.4,98.8,2504
20618,QUEEN OF THE SKIES PASSPORT COVER,286.39,148,76,20,0.0,0.0,0.0,286.39,0.0,0.0,1.94,98.81,2505
72800B,4 PURPLE FLOCK DINNER CANDLES,285.7,142,38,31,0.0,0.0,0.0,285.7,0.0,0.0,2.01,98.81,2506
21386,IVORY HANGING DECORATION  EGG,285.64,709,51,42,0.0,0.0,0.0,285.64,0.0,0.0,0.4,98.81,2507
37413,ICON MUG REVOLUTIONARY,284.49,703,81,52,0.0,0.0,0.0,284.49,0.0,0.0,0.4,98.82,2508
71403,"PINK/WHITE ""KEEP CLEAN"" BULLET BIN",283.96,76,33,12,0.0,0.0,0.0,283.96,0.0,0.0,3.74,98.82,2509
18094C,WHITE AND BLUE CERAMIC OIL BURNER,283.93,192,42,13,0.0,0.0,0.0,283.93,0.0,0.0,1.48,98.82,2510
21666,RIDGED GLASS T-LIGHT HOLDER,283.51,412,43,21,0.0,0.0,0.0,283.51,0.0,0.0,0.69,98.83,2511
16218,CARTOON  PENCIL SHARPENERS,283.31,3821,64,43,0.0,0.0,0.0,283.31,0.0,0.0,0.07,98.83,2512
20777,CHRYSANTHEMUM NOTEBOOK,282.49,169,80,32,0.0,0.0,0.0,282.49,0.0,0.0,1.67,98.83,2513
84341B,SMALL PINK MAGIC CHRISTMAS TREE,282.38,645,40,30,0.0,0.0,0.0,282.38,0.0,0.0,0.44,98.83,2514
23410,CURIO CABINET LINEN AND LACE,290.1,36,18,16,8.15,1.0,0.0,281.95,2.81,2.81,8.06,98.84,2515
79190B,RETRO PLASTIC POLKA TRAY,288.36,707,57,24,6.72,16.0,0.0,281.64,2.33,2.33,0.41,98.84,2516
23481,PEARLISED IVORY HEART SMALL,281.17,228,29,23,0.0,0.0,0.0,281.17,0.0,0.0,1.23,98.84,2517
22049,WRAP CHRISTMAS SCREEN PRINT,291.5,1050,33,26,10.5,25.0,0.0,281.0,3.6,3.6,0.28,98.85,2518
23015,CORDIAL GLASS JUG,338.38,40,18,15,57.75,7.0,0.0,280.63,17.07,17.07,8.46,98.85,2519
22257,FELT FARM ANIMAL SHEEP,280.42,373,42,16,0.0,0.0,0.0,280.42,0.0,0.0,0.75,98.85,2520
84816,DANISH ROSE BEDSIDE CABINET,519.35,13,10,10,239.7,6.0,0.0,279.65,46.15,46.15,39.95,98.85,2521
71101E,STANDING FAIRY POLE SUPPORT,278.5,346,22,17,0.0,0.0,0.0,278.5,0.0,0.0,0.8,98.86,2522
21725,SWEETIES  STICKERS,277.24,301,50,26,0.0,0.0,0.0,277.24,0.0,0.0,0.92,98.86,2523
16169M,WRAP DAISY CARPET,277.2,660,25,24,0.0,0.0,0.0,277.2,0.0,0.0,0.42,98.86,2524
21293,MIRRORED DOVE WALL DECORATION,276.72,116,24,14,0.0,0.0,0.0,276.72,0.0,0.0,2.39,98.87,2525
72801C,4 ROSE PINK DINNER CANDLES,276.59,184,44,13,0.0,0.0,0.0,276.59,0.0,0.0,1.5,98.87,2526
84926D,LA PALMIERA TILE COASTER,276.53,709,34,25,0.0,0.0,0.0,276.53,0.0,0.0,0.39,98.87,2527
23137,ZINC WIRE SWEETHEART LETTER TRAY,275.62,83,23,18,0.0,0.0,0.0,275.62,0.0,0.0,3.32,98.87,2528
85188A,GREEN METAL SWINGING BUNNY,278.17,319,42,29,2.55,3.0,0.0,275.62,0.92,0.92,0.87,98.88,2529
21250,SET OF SKULL WALL STICKERS,274.37,95,20,15,0.0,0.0,0.0,274.37,0.0,0.0,2.89,98.88,2530
85186A,EASTER BUNNY GARLAND OF FLOWERS,273.64,567,79,35,0.0,0.0,0.0,273.64,0.0,0.0,0.48,98.88,2531
84859A,SILVER DISCO HANDBAG,272.99,129,35,24,0.0,0.0,0.0,272.99,0.0,0.0,2.12,98.89,2532
23141,TRIPLE WIRE HOOK PINK HEART,272.91,79,25,18,0.0,0.0,0.0,272.91,0.0,0.0,3.45,98.89,2533
20734,SILVER MINI TAPE MEASURE,271.22,158,26,0,0.0,0.0,0.0,271.22,0.0,0.0,1.72,98.89,2534
20755,BLUE PAISLEY POCKET BOOK,271.17,306,62,44,0.0,0.0,0.0,271.17,0.0,0.0,0.89,98.89,2535
85214,TUB 24 PINK FLOWER PEGS,271.04,164,58,36,0.0,0.0,0.0,271.04,0.0,0.0,1.65,98.9,2536
23474,WOODLAND SMALL BLUE FELT HEART,270.96,312,37,26,0.0,0.0,0.0,270.96,0.0,0.0,0.87,98.9,2537
20684,STRAWBERRY DREAM CHILDS UMBRELLA,270.56,80,35,30,0.0,0.0,0.0,270.56,0.0,0.0,3.38,98.9,2538
21815,STAR  T-LIGHT HOLDER,270.23,158,29,15,0.0,0.0,0.0,270.23,0.0,0.0,1.71,98.9,2539
22512,DOORSTOP RACING CAR DESIGN,269.71,122,37,28,0.0,0.0,0.0,269.71,0.0,0.0,2.21,98.91,2540
21785,RAIN PONCHO,268.76,411,5,3,0.0,0.0,0.0,268.76,0.0,0.0,0.65,98.91,2541
21332,MOROCCAN BEATEN METAL MIRROR,268.1,19,13,8,0.0,0.0,0.0,268.1,0.0,0.0,14.11,98.91,2542
17013D,ORIGAMI ROSE INCENSE IN TUBE,267.82,535,13,10,0.0,0.0,0.0,267.82,0.0,0.0,0.5,98.92,2543
85230E,STRAWBRY SCENTED VOTIVE CANDLE,267.45,1101,24,17,0.0,0.0,0.0,267.45,0.0,0.0,0.24,98.92,2544
21265,PINK GOOSE FEATHER TREE 60CM,267.21,131,19,15,0.0,0.0,0.0,267.21,0.0,0.0,2.04,98.92,2545
20771,CHRYSANTHEMUM  JOURNAL,267.13,102,40,21,0.0,0.0,0.0,267.13,0.0,0.0,2.62,98.92,2546
35001W,HAND OPEN SHAPE DECO.WHITE,270.02,92,5,5,3.49,1.0,0.0,266.53,1.29,1.29,2.93,98.93,2547
20699,MOUSEY LONG LEGS SOFT TOY,266.03,97,41,11,0.0,0.0,0.0,266.03,0.0,0.0,2.74,98.93,2548
23476,WOODLAND LARGE RED FELT HEART,264.72,205,22,18,0.0,0.0,0.0,264.72,0.0,0.0,1.29,98.93,2549
90160D,PINK BOUDICCA LARGE BRACELET,264.7,38,12,9,0.0,0.0,0.0,264.7,0.0,0.0,6.97,98.93,2550
84952A,CLEAR LOVE BIRD T-LIGHT HOLDER,264.47,92,26,6,0.0,0.0,0.0,264.47,0.0,0.0,2.87,98.94,2551
85039C,S/4 BLACK MINI ROSE CANDLE IN BOWL,265.77,305,67,9,1.65,1.0,0.0,264.12,0.62,0.62,0.87,98.94,2552
22889,NUMBER TILE VINTAGE FONT NO,263.8,169,33,6,0.0,0.0,0.0,263.8,0.0,0.0,1.56,98.94,2553
20897,VINTAGE NOTEBOOK PARIS DAYS,298.27,107,24,8,35.4,12.0,0.0,262.87,11.87,11.87,2.79,98.95,2554
21445,12 PINK ROSE PEG PLACE SETTINGS,267.5,214,21,17,5.0,4.0,0.0,262.5,1.87,1.87,1.25,98.95,2555
85124C,GREEN JUICY FRUIT PHOTO FRAME,261.89,94,39,23,0.0,0.0,0.0,261.89,0.0,0.0,2.79,98.95,2556
84858C,PINK RIVIERA HANDBAG,261.68,186,6,4,0.0,0.0,0.0,261.68,0.0,0.0,1.41,98.95,2557
85186C,BUNNY EGG GARLAND,269.17,528,78,32,8.4,20.0,0.0,260.77,3.12,3.12,0.51,98.96,2558
20794,BLUE  TILE HOOK,282.79,99,27,15,22.95,9.0,0.0,259.84,8.12,8.12,2.86,98.96,2559
72800C,4 PINK DINNER CANDLE SILVER FLOCK,259.72,130,35,26,0.0,0.0,0.0,259.72,0.0,0.0,2.0,98.96,2560
21324,HANGING MEDINA LANTERN SMALL,259.67,81,28,20,0.0,0.0,0.0,259.67,0.0,0.0,3.21,98.96,2561
21279,VINTAGE KITCHEN PRINT FRUITS,266.15,85,29,12,7.65,3.0,0.0,258.5,2.87,2.87,3.13,98.97,2562
79337,BLUE FLOCK GLASS CANDLEHOLDER,259.96,644,10,9,2.28,6.0,0.0,257.68,0.88,0.88,0.4,98.97,2563
20997,ROSE DU SUD CUSHION COVER,257.61,59,34,4,0.0,0.0,0.0,257.61,0.0,0.0,4.37,98.97,2564
35915B,BLUE KNITTED HEN,257.22,220,50,14,0.0,0.0,0.0,257.22,0.0,0.0,1.17,98.97,2565
21458,2 PICTURE BOOK EGGS EASTER BUNNY,256.54,182,36,18,0.0,0.0,0.0,256.54,0.0,0.0,1.41,98.98,2566
78124,MAGAZINE RACK GEBRA ASSORTED,256.5,198,18,16,0.0,0.0,0.0,256.5,0.0,0.0,1.3,98.98,2567
16012,FOOD/DRINK SPONGE STICKERS,256.2,1220,35,33,0.0,0.0,0.0,256.2,0.0,0.0,0.21,98.98,2568
84952C,MIRROR LOVE BIRD T-LIGHT HOLDER,255.0,144,12,7,0.0,0.0,0.0,255.0,0.0,0.0,1.77,98.99,2569
21269,ANTIQUE CREAM CUTLERY SHELF,254.98,29,19,17,0.0,0.0,0.0,254.98,0.0,0.0,8.79,98.99,2570
21547,CERAMIC BIRDHOUSE CRESTED TIT SMALL,253.53,79,22,13,0.0,0.0,0.0,253.53,0.0,0.0,3.21,98.99,2571
35967,FOLK ART METAL STAR T-LIGHT HOLDER,252.33,485,67,24,0.0,0.0,0.0,252.33,0.0,0.0,0.52,98.99,2572
84559B,3D SHEET OF CAT STICKERS,255.62,260,75,36,3.4,4.0,0.0,252.22,1.33,1.33,0.98,99.0,2573
22052,VINTAGE CARAVAN GIFT WRAP,273.0,650,27,22,21.0,50.0,10.5,252.0,7.69,4.0,0.42,99.0,2574
21882,SKULLS TAPE,251.17,704,70,35,0.0,0.0,0.0,251.17,0.0,0.0,0.36,99.0,2575
22164,STRING OF STARS CARD HOLDER,250.22,78,15,11,0.0,0.0,0.0,250.22,0.0,0.0,3.21,99.0,2576
21427,SKULLS STORAGE BOX SMALL,256.44,96,41,21,6.3,3.0,0.0,250.14,2.46,2.46,2.67,99.01,2577
85071D,CHARLIE+LOLA MY ROOM DOOR SIGN,249.49,403,84,58,0.0,0.0,0.0,249.49,0.0,0.0,0.62,99.01,2578
85124B,BLUE JUICY FRUIT PHOTO FRAME,264.06,93,39,23,15.3,6.0,0.0,248.76,5.79,5.79,2.84,99.01,2579
23465,TUSCAN VILLA BIRD FEEDER,247.63,29,16,15,0.0,0.0,0.0,247.63,0.0,0.0,8.54,99.01,2580
22410,MONEY BOX HOUSEKEEPING DESIGN,247.42,237,58,34,0.0,0.0,0.0,247.42,0.0,0.0,1.04,99.02,2581
20659,ECONOMY LUGGAGE TAG,246.84,158,62,18,0.0,0.0,0.0,246.84,0.0,0.0,1.56,99.02,2582
21379,CAMPHOR WOOD PORTOBELLO MUSHROOM,246.83,178,50,22,0.0,0.0,0.0,246.83,0.0,0.0,1.39,99.02,2583
47422,ASSORTED MONKEY SUCTION CUP HOOK,246.18,617,45,16,0.42,1.0,0.0,245.76,0.17,0.17,0.4,99.02,2584
90175A,WHITE GLASS CHUNKY CHARM BRACELET,245.63,27,25,6,0.0,0.0,0.0,245.63,0.0,0.0,9.1,99.03,2585
22391,PAPERWEIGHT HOME SWEET HOME,245.58,158,29,18,0.0,0.0,0.0,245.58,0.0,0.0,1.55,99.03,2586
21676,FLOWERS  STICKERS,245.36,257,61,21,0.0,0.0,0.0,245.36,0.0,0.0,0.95,99.03,2587
20819,SILVER TEDDY BEAR,244.72,64,27,14,0.0,0.0,0.0,244.72,0.0,0.0,3.82,99.03,2588
22869,NUMBER TILE COTTAGE GARDEN 1,246.14,96,44,18,1.95,1.0,0.0,244.19,0.79,0.79,2.56,99.04,2589
20616,CHERRY BLOSSOM PASSPORT COVER,243.53,194,71,19,0.0,0.0,0.0,243.53,0.0,0.0,1.26,99.04,2590
85095,THREE CANVAS LUGGAGE TAGS,243.49,150,48,9,0.0,0.0,0.0,243.49,0.0,0.0,1.62,99.04,2591
85230G,ORANGE VOTIVE CANDLE,257.04,1032,25,20,13.92,48.0,13.92,243.12,5.42,0.0,0.25,99.04,2592
23475,WOODLAND SMALL PINK FELT HEART,242.18,286,31,25,0.0,0.0,0.0,242.18,0.0,0.0,0.85,99.05,2593
85094,CANDY SPOT EGG WARMER RABBIT,242.13,640,90,29,0.0,0.0,0.0,242.13,0.0,0.0,0.38,99.05,2594
84678,CLASSICAL ROSE SMALL VASE,247.04,142,13,10,5.05,3.0,0.0,241.99,2.04,2.04,1.74,99.05,2595
84592,CROCHET ROSE PURSE WITH SUEDE BACK,241.24,76,22,15,0.0,0.0,0.0,241.24,0.0,0.0,3.17,99.05,2596
22870,NUMBER TILE COTTAGE GARDEN 2,240.29,93,39,14,0.0,0.0,0.0,240.29,0.0,0.0,2.58,99.06,2597
22954,HEN PARTY CORDON BARRIER TAPE,241.38,197,40,20,1.25,1.0,0.0,240.13,0.52,0.52,1.23,99.06,2598
23143,ZINC WIRE KITCHEN ORGANISER,239.97,30,16,12,0.0,0.0,0.0,239.97,0.0,0.0,8.0,99.06,2599
21028,NINJA RABBIT BLACK,239.24,187,58,15,0.0,0.0,0.0,239.24,0.0,0.0,1.28,99.06,2600
22137,BATHROOM SET LOVE HEART DESIGN,237.98,82,14,9,0.0,0.0,0.0,237.98,0.0,0.0,2.9,99.07,2601
21644,ASSORTED TUTTI FRUTTI HEART BOX,268.75,215,32,29,31.25,25.0,1.25,237.5,11.63,11.21,1.25,99.07,2602
90143,SILVER BRACELET W PASTEL FLOWER,244.68,32,19,7,7.5,1.0,0.0,237.18,3.07,3.07,7.65,99.07,2603
72131,COLUMBIAN CANDLE RECTANGLE,236.4,136,18,14,0.0,0.0,0.0,236.4,0.0,0.0,1.74,99.07,2604
21360,JOY LARGE WOOD LETTERS,236.17,39,16,14,0.0,0.0,0.0,236.17,0.0,0.0,6.06,99.08,2605
23580,SNACK TRAY HAPPY FOREST,234.92,116,25,20,0.0,0.0,0.0,234.92,0.0,0.0,2.03,99.08,2606
16216,LETTER SHAPE PENCIL SHARPENER,234.0,3333,45,38,0.0,0.0,0.0,234.0,0.0,0.0,0.07,99.08,2607
20775,DAISY NOTEBOOK,233.54,134,63,19,0.0,0.0,0.0,233.54,0.0,0.0,1.74,99.08,2608
21025,SPACE FROG,233.52,174,56,14,0.0,0.0,0.0,233.52,0.0,0.0,1.34,99.09,2609
23036,T-LIGHT HOLDER SILVER PETIT FOUR,232.42,184,16,14,0.0,0.0,0.0,232.42,0.0,0.0,1.26,99.09,2610
90201B,BLACK ENAMEL FLOWER RING,252.9,86,23,9,20.65,7.0,0.0,232.25,8.17,8.17,2.94,99.09,2611
23447,PINK BUNNY EASTER EGG BASKET,231.9,158,4,4,0.0,0.0,0.0,231.9,0.0,0.0,1.47,99.09,2612
84712B,PINK JEWELLED PHOTO FRAME,231.56,30,20,9,0.0,0.0,0.0,231.56,0.0,0.0,7.72,99.09,2613
20696,FLORAL SOFT CAR TOY,230.81,54,30,10,0.0,0.0,0.0,230.81,0.0,0.0,4.27,99.1,2614
84857C,PINK MONTE CARLO HANDBAG,232.33,98,10,8,1.95,1.0,0.0,230.38,0.84,0.84,2.37,99.1,2615
23446,BLUE BUNNY EASTER EGG BASKET,230.25,157,3,3,0.0,0.0,0.0,230.25,0.0,0.0,1.47,99.1,2616
21161,KEEP OUT BOYS DOOR HANGER,229.92,143,43,25,0.0,0.0,0.0,229.92,0.0,0.0,1.61,99.1,2617
21973,SET OF 36 MUSHROOM PAPER DOILIES,230.55,159,30,25,1.45,1.0,0.0,229.1,0.63,0.63,1.45,99.11,2618
85200,BUNNY EGG BOX,228.75,183,26,24,0.0,0.0,0.0,228.75,0.0,0.0,1.25,99.11,2619
90010E,AMBER GLASS/SILVER BRACELET,227.89,25,16,7,0.0,0.0,0.0,227.89,0.0,0.0,9.12,99.11,2620
72800D,4 BLUE DINNER CANDLES SILVER FLOCK,226.67,87,31,20,0.0,0.0,0.0,226.67,0.0,0.0,2.61,99.11,2621
23003,TRAVEL CARD WALLET VINTAGE ROSE,226.2,542,53,38,0.0,0.0,0.0,226.2,0.0,0.0,0.42,99.12,2622
90201D,GREEN ENAMEL FLOWER RING,225.84,77,31,9,0.0,0.0,0.0,225.84,0.0,0.0,2.93,99.12,2623
21157,RED RETROSPOT WASHBAG,225.5,78,34,12,0.0,0.0,0.0,225.5,0.0,0.0,2.89,99.12,2624
84422,PINK/BLUE DISC/MIRROR STRING,244.17,566,15,8,18.72,48.0,0.0,225.45,7.67,7.67,0.43,99.12,2625
90206C,CRYSTAL DIAMANTE STAR BROOCH,224.73,45,31,6,0.0,0.0,0.0,224.73,0.0,0.0,4.99,99.12,2626
90158,ST TROPEZ NECKLACE,224.12,45,35,6,0.0,0.0,0.0,224.12,0.0,0.0,4.98,99.13,2627
23149,ANTIQUE IVORY WIRE BOWL SMALL,251.45,99,21,17,27.39,11.0,0.0,224.06,10.89,10.89,2.54,99.13,2628
21657,MILK BOTTLE WITH GLASS STOPPER,223.46,30,17,11,0.0,0.0,0.0,223.46,0.0,0.0,7.45,99.13,2629
84218,BOX/12 CHICK & EGG IN BASKET,223.11,123,41,37,0.0,0.0,0.0,223.11,0.0,0.0,1.81,99.13,2630
47469,ASSORTED SHAPES PHOTO CLIP SILVER,238.61,469,12,10,15.6,24.0,0.0,223.01,6.54,6.54,0.51,99.14,2631
85040B,SET/4 BLUE FLOWER CANDLES IN BOWL,229.47,137,35,28,6.6,4.0,0.0,222.87,2.88,2.88,1.67,99.14,2632
21647,ASSORTED TUTTI FRUTTI LARGE PURSE,224.7,107,25,21,2.1,1.0,2.1,222.6,0.93,0.0,2.1,99.14,2633
84711A,SILVER OVAL SHAPE TRINKET BOX,221.8,25,17,7,0.0,0.0,0.0,221.8,0.0,0.0,8.87,99.14,2634
21456,2 PICTURE BOOK EGGS EASTER CHICKS,222.22,171,25,17,1.25,1.0,0.0,220.97,0.56,0.56,1.3,99.15,2635
22031,BOTANICAL LAVENDER BIRTHDAY CARD,225.59,504,80,28,5.04,12.0,0.0,220.55,2.23,2.23,0.45,99.15,2636
22395,PAPERWEIGHT VINTAGE PAISLEY,220.04,152,33,15,0.0,0.0,0.0,220.04,0.0,0.0,1.45,99.15,2637
85019C,CURIOUS  IMAGES NOTEBOOK SET,270.72,182,11,9,51.0,12.0,0.0,219.72,18.84,18.84,1.49,99.15,2638
20868,SILVER FABRIC MIRROR,219.35,458,46,29,0.0,0.0,0.0,219.35,0.0,0.0,0.48,99.15,2639
90058B,CRYSTAL STUD EARRINGS ASSORTED COL,232.56,612,15,15,13.68,36.0,0.0,218.88,5.88,5.88,0.38,99.16,2640
75178,ASSTD COL BUTTERFLY/CRYSTAL W/CHIME,218.87,459,13,6,0.0,0.0,0.0,218.87,0.0,0.0,0.48,99.16,2641
35914,PINK CHICK EGG WARMER + EGG CUP,218.81,195,40,16,0.0,0.0,0.0,218.81,0.0,0.0,1.12,99.16,2642
21378,SMALL TALL CAMPHOR WOOD TOADSTOOL,217.89,142,34,21,0.0,0.0,0.0,217.89,0.0,0.0,1.53,99.16,2643
90014A,SILVER/MOP ORBIT NECKLACE,217.59,27,21,8,0.0,0.0,0.0,217.59,0.0,0.0,8.06,99.17,2644
20847,ZINC HEART LATTICE CHARGER LARGE,217.58,52,18,12,0.0,0.0,0.0,217.58,0.0,0.0,4.18,99.17,2645
20769,DAISY JOURNAL,217.56,80,34,21,0.0,0.0,0.0,217.56,0.0,0.0,2.72,99.17,2646
84876D,BLUE HEART COMPACT MIRROR,217.5,128,16,12,0.0,0.0,0.0,217.5,0.0,0.0,1.7,99.17,2647
21132,SILVER STANDING GNOME,217.36,44,22,13,0.0,0.0,0.0,217.36,0.0,0.0,4.94,99.17,2648
90160A,PURPLE BOUDICCA LARGE BRACELET,264.94,38,15,10,48.65,7.0,0.0,216.29,18.36,18.36,6.97,99.18,2649
21364,PEACE SMALL WOOD LETTERS,222.96,30,24,19,6.75,1.0,0.0,216.21,3.03,3.03,7.43,99.18,2650
21377,SMALL CAMPHOR WOOD FIELD  MUSHROOM,215.68,121,41,18,0.0,0.0,0.0,215.68,0.0,0.0,1.78,99.18,2651
22394,PAPERWEIGHT KINGS CHOICE,230.68,168,23,16,15.3,6.0,0.0,215.38,6.63,6.63,1.37,99.18,2652
84051,ASS COLOUR GLOWING TIARAS,215.21,281,25,24,0.0,0.0,0.0,215.21,0.0,0.0,0.77,99.19,2653
90120C,GREEN MURANO TWIST BRACELET,215.2,51,22,6,0.0,0.0,0.0,215.2,0.0,0.0,4.22,99.19,2654
21520,BOOZE & WOMEN GREETING CARD,214.19,504,58,29,0.84,2.0,0.0,213.35,0.39,0.39,0.42,99.19,2655
21316,SMALL CHUNKY GLASS ROMAN  BOWL,214.73,159,15,9,2.95,1.0,0.0,211.78,1.37,1.37,1.35,99.19,2656
22882,NUMBER TILE VINTAGE FONT 3,213.7,108,42,13,1.95,1.0,0.0,211.75,0.91,0.91,1.98,99.19,2657
90200C,BLUE SWEETHEART BRACELET,211.43,50,26,6,0.0,0.0,0.0,211.43,0.0,0.0,4.23,99.2,2658
72127,COLUMBIAN CANDLE ROUND,210.61,169,30,25,0.0,0.0,0.0,210.61,0.0,0.0,1.25,99.2,2659
84877B,GREEN ROUND COMPACT MIRROR,210.56,144,21,8,0.0,0.0,0.0,210.56,0.0,0.0,1.46,99.2,2660
84707B,PINK JEWELLED MIRROR TRINKET TRAY,210.55,34,18,13,0.0,0.0,0.0,210.55,0.0,0.0,6.19,99.2,2661
84926A,WAKE UP COCKEREL TILE COASTER,210.52,604,35,24,0.0,0.0,0.0,210.52,0.0,0.0,0.35,99.21,2662
90175D,TIGRIS EYE CHUNKY CHARM BRACELET,210.04,23,20,2,0.0,0.0,0.0,210.04,0.0,0.0,9.13,99.21,2663
90160B,RED BOUDICCA LARGE BRACELET,209.73,30,12,7,0.0,0.0,0.0,209.73,0.0,0.0,6.99,99.21,2664
21750,LARGE SKULL WINDMILL,207.51,90,24,15,0.0,0.0,0.0,207.51,0.0,0.0,2.31,99.21,2665
20781,GOLD EAR MUFF HEADPHONES,212.26,35,25,19,5.49,1.0,0.0,206.77,2.59,2.59,6.06,99.21,2666
16048,TEATIME ROUND PENCIL SHARPENER,205.3,1460,67,41,0.0,0.0,0.0,205.3,0.0,0.0,0.14,99.22,2667
90119,METALIC LEAVES BAG CHARMS,205.06,83,36,3,0.0,0.0,0.0,205.06,0.0,0.0,2.47,99.22,2668
20763,DAISY SKETCHBOOK,205.04,73,27,24,0.0,0.0,0.0,205.04,0.0,0.0,2.81,99.22,2669
21726,MULTI HEARTS  STICKERS,204.69,237,42,29,0.0,0.0,0.0,204.69,0.0,0.0,0.86,99.22,2670
84875B,GREEN SQUARE COMPACT MIRROR,203.51,131,20,14,0.0,0.0,0.0,203.51,0.0,0.0,1.55,99.22,2671
85230A,OPIUM SCENTED VOTIVE CANDLE,203.28,840,18,14,0.0,0.0,0.0,203.28,0.0,0.0,0.24,99.23,2672
22878,NUMBER TILE COTTAGE GARDEN NO,204.19,75,33,10,2.1,1.0,0.0,202.09,1.03,1.03,2.72,99.23,2673
22541,MINI JIGSAW LEAP FROG,201.95,503,35,19,0.0,0.0,0.0,201.95,0.0,0.0,0.4,99.23,2674
85179C,PINK BITTY LIGHT CHAIN,201.31,106,36,7,0.0,0.0,0.0,201.31,0.0,0.0,1.9,99.23,2675
44235,ASSORTED COLOURED CIRCLE MOBILE,200.04,538,13,11,0.0,0.0,0.0,200.04,0.0,0.0,0.37,99.23,2676
90184C,BLACK CHUNKY BEAD BRACELET W STRAP,199.67,22,18,7,0.0,0.0,0.0,199.67,0.0,0.0,9.08,99.24,2677
22038,BOTANICAL LAVENDER GIFT WRAP,199.5,475,19,19,0.0,0.0,0.0,199.5,0.0,0.0,0.42,99.24,2678
16156L,WRAP CAROUSEL,199.5,475,18,17,0.0,0.0,0.0,199.5,0.0,0.0,0.42,99.24,2679
21367,MIRRORED WALL ART GENTS,199.49,171,43,29,0.0,0.0,0.0,199.49,0.0,0.0,1.17,99.24,2680
90192,JADE DROP EARRINGS W FILIGREE,209.1,42,25,5,9.9,2.0,0.0,199.2,4.73,4.73,4.98,99.24,2681
21651,HANGING GLASS ETCHED TEALIGHT,198.57,127,11,9,0.0,0.0,0.0,198.57,0.0,0.0,1.56,99.25,2682
22881,NUMBER TILE VINTAGE FONT 2,197.56,102,34,9,0.0,0.0,0.0,197.56,0.0,0.0,1.94,99.25,2683
47578A,ENGLISH ROSE SMALL SCENTED FLOWER,197.43,213,45,26,0.0,0.0,0.0,197.43,0.0,0.0,0.93,99.25,2684
90019A,SILVER M.O.P ORBIT BRACELET,197.09,38,27,8,0.0,0.0,0.0,197.09,0.0,0.0,5.19,99.25,2685
22880,NUMBER TILE VINTAGE FONT 1,196.69,97,32,8,0.0,0.0,0.0,196.69,0.0,0.0,2.03,99.25,2686
22044,CHRISTMAS CARD STACK OF PRESENTS,196.44,816,36,35,0.0,0.0,0.0,196.44,0.0,0.0,0.24,99.26,2687
71143,SILVER BOOK MARK WITH BEADS,196.36,178,37,1,0.0,0.0,0.0,196.36,0.0,0.0,1.1,99.26,2688
20617,FIRST CLASS PASSPORT COVER,194.94,93,43,20,0.0,0.0,0.0,194.94,0.0,0.0,2.1,99.26,2689
23697,A PRETTY THANK YOU CARD,194.58,456,35,26,0.0,0.0,0.0,194.58,0.0,0.0,0.43,99.26,2690
22884,NUMBER TILE VINTAGE FONT 5,194.05,99,36,12,0.0,0.0,0.0,194.05,0.0,0.0,1.96,99.26,2691
20654,FIRST CLASS LUGGAGE TAG,193.59,152,49,21,0.0,0.0,0.0,193.59,0.0,0.0,1.27,99.27,2692
22289,HANGING METAL CHICKEN DECORATION,193.52,148,34,19,0.0,0.0,0.0,193.52,0.0,0.0,1.31,99.27,2693
21275,ZINC TOP  2 DOOR WOODEN SHELF,270.08,13,12,9,76.75,5.0,0.0,193.33,28.42,28.42,20.78,99.27,2694
90082A,DIAMANTE BOW BROOCH GREEN COLOUR,193.2,30,18,8,0.0,0.0,0.0,193.2,0.0,0.0,6.44,99.27,2695
21376,LARGE  TALL CAMPHOR WOOD TOADSTOOL,192.81,33,17,13,0.0,0.0,0.0,192.81,0.0,0.0,5.84,99.27,2696
84910A,PINK PAISLEY CUSHION COVER,192.14,26,17,6,0.0,0.0,0.0,192.14,0.0,0.0,7.39,99.28,2697
90030B,RED KUKUI COCONUT SEED NECKLACE,190.73,122,25,13,0.0,0.0,0.0,190.73,0.0,0.0,1.56,99.28,2698
90201A,PURPLE ENAMEL FLOWER RING,202.51,69,28,11,11.8,4.0,0.0,190.71,5.83,5.83,2.93,99.28,2699
47471,RAINBOW PEGS PHOTO CLIP STRING,189.88,290,39,19,0.0,0.0,0.0,189.88,0.0,0.0,0.65,99.28,2700
21418,STARFISH SOAP DISH,189.75,74,25,11,0.0,0.0,0.0,189.75,0.0,0.0,2.56,99.28,2701
21196,ROUND WHITE CONFETTI IN TUBE,189.68,108,13,9,0.0,0.0,0.0,189.68,0.0,0.0,1.76,99.29,2702
22883,NUMBER TILE VINTAGE FONT 4,191.48,100,32,9,1.95,1.0,0.0,189.53,1.02,1.02,1.91,99.29,2703
90018A,SILVER M.O.P ORBIT DROP EARRINGS,193.33,46,37,8,4.25,1.0,0.0,189.08,2.2,2.2,4.2,99.29,2704
21807,WHITE CHRISTMAS STAR DECORATION,189.0,438,30,24,0.0,0.0,0.0,189.0,0.0,0.0,0.43,99.29,2705
85020,ROUND PINK HEART MIRROR,188.81,85,22,11,0.0,0.0,0.0,188.81,0.0,0.0,2.22,99.29,2706
84804B,BLUE DELPHINIUM ARTIFICIAL FLOWER,188.37,99,6,6,0.0,0.0,0.0,188.37,0.0,0.0,1.9,99.3,2707
84926F,PSYCHEDELIC TILE COASTER,195.22,430,28,18,6.96,24.0,0.0,188.26,3.57,3.57,0.45,99.3,2708
21027,NINJA RABBIT PINK,187.79,167,42,16,0.0,0.0,0.0,187.79,0.0,0.0,1.12,99.3,2709
20694,FLORAL PINK MONSTER,187.54,43,16,9,0.0,0.0,0.0,187.54,0.0,0.0,4.36,99.3,2710
84711B,PINK OVAL SHAPE TRINKET BOX,186.64,20,13,7,0.0,0.0,0.0,186.64,0.0,0.0,9.33,99.3,2711
84535A,ENGLISH ROSE NOTEBOOK A6 SIZE,186.56,399,21,19,0.0,0.0,0.0,186.56,0.0,0.0,0.47,99.31,2712
84993A,75 GREEN PETIT FOUR CASES,186.25,375,74,30,0.0,0.0,0.0,186.25,0.0,0.0,0.5,99.31,2713
21402,RED  EGG  SPOON,185.52,1369,92,54,0.0,0.0,0.0,185.52,0.0,0.0,0.14,99.31,2714
21306,SET/4 DAISY MIRROR MAGNETS,192.74,494,44,35,7.32,19.0,0.0,185.42,3.8,3.8,0.39,99.31,2715
23416,CHAMBRE HOOK,184.68,132,25,18,0.0,0.0,0.0,184.68,0.0,0.0,1.4,99.31,2716
90016B,GOLD/M.O.P PENDANT ORBIT NECKLACE,184.66,22,19,6,0.0,0.0,0.0,184.66,0.0,0.0,8.39,99.31,2717
85055,FRENCH ENAMEL UTENSIL HOLDER,183.71,45,16,9,0.0,0.0,0.0,183.71,0.0,0.0,4.08,99.32,2718
84509E,SET OF 4 CAROUSEL PLACEMATS,183.45,91,23,7,0.0,0.0,0.0,183.45,0.0,0.0,2.02,99.32,2719
21911,GARDEN METAL SIGN,203.21,114,29,18,19.8,12.0,0.0,183.41,9.74,9.74,1.78,99.32,2720
84429A,MEDIUM PINK BUDDHA HEAD,182.5,54,21,13,0.0,0.0,0.0,182.5,0.0,0.0,3.38,99.32,2721
47594A,CAROUSEL DESIGN WASHBAG,199.84,108,50,26,17.55,9.0,0.0,182.29,8.78,8.78,1.85,99.32,2722
22032,BOTANICAL LILY GREETING CARD,181.98,427,60,28,0.0,0.0,0.0,181.98,0.0,0.0,0.43,99.33,2723
84927F,PSYCHEDELIC TILE HOOK,182.95,299,44,36,1.95,5.0,0.0,181.0,1.07,1.07,0.61,99.33,2724
84907,PINK YELLOW PATCH CUSHION COVER,180.93,29,23,3,0.0,0.0,0.0,180.93,0.0,0.0,6.24,99.33,2725
85215,ASSORTED CHEESE FRIDGE MAGNETS,180.71,223,18,8,0.0,0.0,0.0,180.71,0.0,0.0,0.81,99.33,2726
84804A,CREAM DELPHINIUM ARTIFICIAL FLOWER,180.58,70,8,8,0.0,0.0,0.0,180.58,0.0,0.0,2.58,99.33,2727
84859C,PINK DISCO HANDBAG,180.52,84,22,17,0.0,0.0,0.0,180.52,0.0,0.0,2.15,99.34,2728
22157,ANGEL DECORATION WITH LACE PADDED,180.2,212,11,11,0.0,0.0,0.0,180.2,0.0,0.0,0.85,99.34,2729
21826,EIGHT PIECE DINOSAUR SET,185.18,125,35,16,5.0,4.0,0.0,180.18,2.7,2.7,1.48,99.34,2730
21721,CANDY SHOP  STICKER SHEET,179.46,195,33,19,0.0,0.0,0.0,179.46,0.0,0.0,0.92,99.34,2731
40003,WHITE BAMBOO RIBS LAMPSHADE,179.23,155,15,10,0.0,0.0,0.0,179.23,0.0,0.0,1.16,99.34,2732
21847,GREEN  DIAMANTE PEN IN GIFT BOX,178.89,76,33,5,0.0,0.0,0.0,178.89,0.0,0.0,2.35,99.34,2733
85131C,BEADED CRYSTAL HEART BLUE ON STICK,178.85,193,50,5,0.0,0.0,0.0,178.85,0.0,0.0,0.93,99.35,2734
16258A,SWIRLY CIRCULAR RUBBERS IN BAG,178.97,472,59,29,0.42,1.0,0.42,178.55,0.23,0.0,0.38,99.35,2735
79190A,RETRO PLASTIC 70'S TRAY,179.36,384,63,24,1.26,3.0,0.0,178.1,0.7,0.7,0.47,99.35,2736
22872,NUMBER TILE COTTAGE GARDEN 4,177.46,72,30,13,0.0,0.0,0.0,177.46,0.0,0.0,2.46,99.35,2737
GIFT_0001_30,DOTCOMGIFTSHOP GIFT VOUCHER £30.00,175.53,7,7,0,0.0,0.0,0.0,175.53,0.0,0.0,25.08,99.35,2738
90197B,BLACK GLASS BRACELET W HEART CHARMS,174.73,35,27,1,0.0,0.0,0.0,174.73,0.0,0.0,4.99,99.36,2739
84691,PACK 20 DOLLY PEGS,174.5,242,4,2,0.0,0.0,0.0,174.5,0.0,0.0,0.72,99.36,2740
21319,GLASS CHALICE GREEN  SMALL,175.78,161,19,12,1.65,1.0,0.0,174.13,0.94,0.94,1.09,99.36,2741
84685,BEACH HUT KEY CABINET,177.33,34,21,6,3.75,1.0,0.0,173.58,2.11,2.11,5.22,99.36,2742
85211,S/4 GROOVY CAT MAGNETS,175.16,149,24,15,1.58,2.0,0.0,173.58,0.9,0.9,1.18,99.36,2743
21311,SET/4 BIRD MIRROR MAGNETS,181.33,459,51,40,7.83,27.0,0.0,173.5,4.32,4.32,0.4,99.36,2744
84905,PINK BUTTERFLY CUSHION COVER,173.48,35,20,2,0.0,0.0,0.0,173.48,0.0,0.0,4.96,99.37,2745
16168M,FUNKY MONKEY GIFT BAG MEDIUM,173.12,371,41,19,0.0,0.0,0.0,173.12,0.0,0.0,0.47,99.37,2746
84661A,WHITE SQUARE TABLE CLOCK,172.75,105,21,10,0.0,0.0,0.0,172.75,0.0,0.0,1.65,99.37,2747
21190,PINK HEARTS PAPER GARLAND,245.2,168,7,6,72.5,50.0,72.5,172.7,29.57,0.0,1.46,99.37,2748
82011C,BATHROOM SCALES FOOTPRINTS IN SAND,172.05,51,20,17,0.0,0.0,0.0,172.05,0.0,0.0,3.37,99.37,2749
84963A,PINK PAINTED KASHMIRI CHAIR,171.8,4,1,1,0.0,0.0,0.0,171.8,0.0,0.0,42.95,99.38,2750
47481,50CM METAL STRING WITH  7 CLIPS,171.79,225,23,15,0.0,0.0,0.0,171.79,0.0,0.0,0.76,99.38,2751
62086A,PINK RETRO BIG FLOWER BAG,171.6,88,14,13,0.0,0.0,0.0,171.6,0.0,0.0,1.95,99.38,2752
85045,GREEN CHRISTMAS TREE STRING 20LIGHT,191.1,42,11,9,19.8,4.0,0.0,171.3,10.36,10.36,4.55,99.38,2753
85146,JARDIN ETCHED GLASS SMALL BELL JAR,171.11,45,9,8,0.0,0.0,0.0,171.11,0.0,0.0,3.8,99.38,2754
22885,NUMBER TILE VINTAGE FONT 6,172.78,96,28,10,1.95,1.0,0.0,170.83,1.13,1.13,1.8,99.38,2755
21763,VINTAGE WOODEN BAR STOOL,169.75,6,4,4,0.0,0.0,0.0,169.75,0.0,0.0,28.29,99.39,2756
84800M,MEDIUM WHITE/PINK ROSE ART FLOWER,174.31,127,11,11,5.07,3.0,0.0,169.24,2.91,2.91,1.37,99.39,2757
85129B,BEADED CRYSTAL HEART GREEN SMALL,168.59,119,31,10,0.0,0.0,0.0,168.59,0.0,0.0,1.42,99.39,2758
21333,CLASSIC WHITE FRAME,168.16,56,16,15,0.0,0.0,0.0,168.16,0.0,0.0,3.0,99.39,2759
90145,SILVER HOOP EARRINGS WITH FLOWER,168.0,28,18,7,0.0,0.0,0.0,168.0,0.0,0.0,6.0,99.39,2760
90201C,RED ENAMEL FLOWER RING,185.42,63,21,12,17.7,6.0,0.0,167.72,9.55,9.55,2.94,99.39,2761
GIFT_0001_50,DOTCOMGIFTSHOP GIFT VOUCHER £50.00,167.56,4,4,0,0.0,0.0,0.0,167.56,0.0,0.0,41.89,99.4,2762
78033,FLAG OF ST GEORGE CHAIR,185.3,38,8,6,17.85,3.0,11.9,167.45,9.63,3.43,4.88,99.4,2763
90010A,MIDNIGHT BLUE GLASS/SILVER BRACELET,167.3,18,15,5,0.0,0.0,0.0,167.3,0.0,0.0,9.29,99.4,2764
GIFT_0001_20,DOTCOMGIFTSHOP GIFT VOUCHER £20.00,167.05,10,9,0,0.0,0.0,0.0,167.05,0.0,0.0,16.71,99.4,2765
21457,2 PICTURE BOOK EGGS EASTER DUCKS,165.89,124,25,15,0.0,0.0,0.0,165.89,0.0,0.0,1.34,99.4,2766
21280,VINTAGE KITCHEN PRINT VEGETABLES,165.75,65,12,12,0.0,0.0,0.0,165.75,0.0,0.0,2.55,99.4,2767
21331,MOROCCAN BEATEN METAL DISH LARGE,165.74,12,8,7,0.0,0.0,0.0,165.74,0.0,0.0,13.81,99.41,2768
72225C,LAVENDER SCENT CAKE CANDLE,165.6,624,17,12,0.0,0.0,0.0,165.6,0.0,0.0,0.27,99.41,2769
90013A,MIDNIGHT BLUE VINTAGE EARRINGS,195.32,52,32,3,30.0,8.0,0.0,165.32,15.36,15.36,3.76,99.41,2770
23694,PAISLEY PARK CARD,165.08,376,41,23,0.0,0.0,0.0,165.08,0.0,0.0,0.44,99.41,2771
22538,MINI JIGSAW GO TO THE FAIR,164.42,402,40,25,0.0,0.0,0.0,164.42,0.0,0.0,0.41,99.41,2772
21698,MOCK LOBSTER FRIDGE MAGNET,164.17,296,45,22,0.0,0.0,0.0,164.17,0.0,0.0,0.55,99.41,2773
90120B,BLUE MURANO TWIST BRACELET,164.12,39,15,5,0.0,0.0,0.0,164.12,0.0,0.0,4.21,99.42,2774
90191,SILVER LARIAT 40CM,163.82,26,10,7,0.0,0.0,0.0,163.82,0.0,0.0,6.3,99.42,2775
85145,JARDIN ETCHED GLASS LARGE BELL JAR,163.75,37,13,12,0.0,0.0,0.0,163.75,0.0,0.0,4.43,99.42,2776
22263,FELT EGG COSY LADYBIRD,195.97,326,51,14,32.34,49.0,0.0,163.63,16.5,16.5,0.6,99.42,2777
22871,NUMBER TILE COTTAGE GARDEN 3,163.35,67,25,10,0.0,0.0,0.0,163.35,0.0,0.0,2.44,99.42,2778
35810B,ENAMEL BLUE RIM COFFEE CONTAINER,174.09,152,26,18,10.79,13.0,0.0,163.3,6.2,6.2,1.15,99.42,2779
22042,CHRISTMAS CARD SINGING ANGEL,168.33,399,39,24,5.04,12.0,0.0,163.29,2.99,2.99,0.42,99.43,2780
16207A,PINK STRAWBERRY HANDBAG,163.1,60,34,4,0.0,0.0,0.0,163.1,0.0,0.0,2.72,99.43,2781
22408,MONEY BOX CONFECTIONERY DESIGN,162.44,145,29,20,0.0,0.0,0.0,162.44,0.0,0.0,1.12,99.43,2782
21100,CHARLIE AND LOLA CHARLOTTE BAG,162.21,65,27,7,0.0,0.0,0.0,162.21,0.0,0.0,2.5,99.43,2783
84683,CLASSICAL ROSE CANDLESTAND,162.2,194,12,6,0.0,0.0,0.0,162.2,0.0,0.0,0.84,99.43,2784
21369,MIRRORED WALL ART SPLODGES,161.49,101,16,12,0.0,0.0,0.0,161.49,0.0,0.0,1.6,99.43,2785
23305,SET 4 PICNIC CUTLERY BLUEBERRY,159.9,82,9,9,0.0,0.0,0.0,159.9,0.0,0.0,1.95,99.44,2786
21030,SPACE CADET RED,159.7,131,33,19,0.0,0.0,0.0,159.7,0.0,0.0,1.22,99.44,2787
90082B,DIAMANTE BOW BROOCH RED COLOUR,158.75,25,10,8,0.0,0.0,0.0,158.75,0.0,0.0,6.35,99.44,2788
90014B,GOLD M PEARL  ORBIT NECKLACE,158.74,17,15,7,0.0,0.0,0.0,158.74,0.0,0.0,9.34,99.44,2789
84247G,"DECOUPAGE,GREETING CARD,",158.63,357,32,17,0.0,0.0,0.0,158.63,0.0,0.0,0.44,99.44,2790
90013C,GREEN VINTAGE EARRINGS,158.08,39,28,4,0.0,0.0,0.0,158.08,0.0,0.0,4.05,99.44,2791
17038,PORCELAIN BUDAH INCENSE HOLDER,158.06,1525,34,18,0.0,0.0,0.0,158.06,0.0,0.0,0.1,99.45,2792
84507C,BLUE CIRCLES DESIGN MONKEY DOLL,175.73,66,28,11,17.85,7.0,0.0,157.88,10.16,10.16,2.66,99.45,2793
23417,BATHROOM HOOK,157.5,146,27,21,0.0,0.0,0.0,157.5,0.0,0.0,1.08,99.45,2794
90134,OLD ROSE COMBO BEAD NECKLACE,157.5,54,45,0,0.0,0.0,0.0,157.5,0.0,0.0,2.92,99.45,2795
84882,GREEN WIRE STANDING CANDLE HOLDER,157.34,38,18,12,0.0,0.0,0.0,157.34,0.0,0.0,4.14,99.45,2796
35649,VINTAGE BEAD COSMETIC BAG,156.85,57,35,5,0.0,0.0,0.0,156.85,0.0,0.0,2.75,99.45,2797
23468,TUSCAN VILLA BIRD TABLE,156.75,19,11,11,0.0,0.0,0.0,156.75,0.0,0.0,8.25,99.46,2798
84673B,BLUE FLY SWAT,156.63,179,66,31,0.0,0.0,0.0,156.63,0.0,0.0,0.88,99.46,2799
84508C,BLUE CIRCLES DESIGN TEDDY,154.95,56,25,14,0.0,0.0,0.0,154.95,0.0,0.0,2.77,99.46,2800
23496,PANTRY KITCHEN THERMOMETER,154.52,112,31,21,0.0,0.0,0.0,154.52,0.0,0.0,1.38,99.46,2801
44234,ASSORTED CIRCULAR MOBILE,154.77,693,33,17,0.42,2.0,0.0,154.35,0.27,0.27,0.22,99.46,2802
21614,SET OF 12 ROSE BOTANICAL T-LIGHTS,153.29,51,9,7,0.0,0.0,0.0,153.29,0.0,0.0,3.01,99.46,2803
84827,ASS DES PHONE SPONGE CRAFT STICKER,153.09,509,14,12,0.0,0.0,0.0,153.09,0.0,0.0,0.3,99.47,2804
22353,LUNCH BOX WITH CUTLERY FAIRY CAKES,153.0,60,24,23,0.0,0.0,0.0,153.0,0.0,0.0,2.55,99.47,2805
21145,ANTIQUE GLASS PLACE SETTING,152.5,122,8,8,0.0,0.0,0.0,152.5,0.0,0.0,1.25,99.47,2806
90198B,VINTAGE ROSE BEAD BRACELET BLACK,152.4,36,17,11,0.0,0.0,0.0,152.4,0.0,0.0,4.23,99.47,2807
72128,COLUMBIAN CANDLE ROUND,152.05,193,36,28,0.0,0.0,0.0,152.05,0.0,0.0,0.79,99.47,2808
84595E,LARGE TORTILLA DESIGN RED BOWL,154.68,78,22,8,3.29,1.0,0.0,151.39,2.13,2.13,1.98,99.47,2809
90209A,PURPLE ENAMEL+GLASS HAIR COMB,163.8,84,4,3,12.6,6.0,0.0,151.2,7.69,7.69,1.95,99.47,2810
21401,BLUE PUDDING SPOON,151.19,1052,82,48,0.0,0.0,0.0,151.19,0.0,0.0,0.14,99.48,2811
22415,WHITE TISSUE REAM,151.05,19,13,13,0.0,0.0,0.0,151.05,0.0,0.0,7.95,99.48,2812
85135A,YELLOW DRAGONFLY HELICOPTER,151.05,19,8,6,0.0,0.0,0.0,151.05,0.0,0.0,7.95,99.48,2813
84877D,BLUE ROUND COMPACT MIRROR,150.93,96,18,11,0.0,0.0,0.0,150.93,0.0,0.0,1.57,99.48,2814
22874,NUMBER TILE COTTAGE GARDEN 6,150.81,65,21,10,0.0,0.0,0.0,150.81,0.0,0.0,2.32,99.48,2815
85027L,FRENCH CHATEAU LARGE PLATTER,160.5,70,18,17,9.75,5.0,0.0,150.75,6.07,6.07,2.29,99.48,2816
DCGSSBOY,BOYS PARTY BAG,150.55,47,11,0,0.0,0.0,0.0,150.55,0.0,0.0,3.2,99.49,2817
84963B,BLUE PAINTED KASHMIRI CHAIR,149.85,3,1,1,0.0,0.0,0.0,149.85,0.0,0.0,49.95,99.49,2818
22764,"RUSTIC WOODEN CABINET, GLASS DOORS",174.77,5,3,2,24.95,1.0,0.0,149.82,14.28,14.28,34.95,99.49,2819
90013B,BLACK VINTAGE EARRINGS,149.41,36,31,0,0.0,0.0,0.0,149.41,0.0,0.0,4.15,99.49,2820
46000R,POLYESTER FILLER PAD 45X30CM,149.35,103,38,22,0.0,0.0,0.0,149.35,0.0,0.0,1.45,99.49,2821
22875,NUMBER TILE COTTAGE GARDEN 7,149.09,63,25,14,0.0,0.0,0.0,149.09,0.0,0.0,2.37,99.49,2822
90185D,CRYSTAL DIAMANTE EXPANDABLE RING,148.63,35,11,7,0.0,0.0,0.0,148.63,0.0,0.0,4.25,99.49,2823
84576,BLUE CAT BISCUIT BARREL PINK HEART,148.32,66,17,8,0.0,0.0,0.0,148.32,0.0,0.0,2.25,99.5,2824
21486,PINK HEART DOTS HOT WATER BOTTLE,147.88,36,11,4,0.0,0.0,0.0,147.88,0.0,0.0,4.11,99.5,2825
84688,BEACH HUT DESIGN BLACKBOARD,203.07,41,15,7,55.25,13.0,0.0,147.82,27.21,27.21,4.95,99.5,2826
82011B,BATHROOM SCALES RUBBER DUCKS,146.85,43,21,11,0.0,0.0,0.0,146.85,0.0,0.0,3.42,99.5,2827
22886,NUMBER TILE VINTAGE FONT 7,146.43,87,25,8,0.0,0.0,0.0,146.43,0.0,0.0,1.68,99.5,2828
84865,NEW BAROQUE BLACK PHOTO ALBUM,146.21,27,14,8,0.0,0.0,0.0,146.21,0.0,0.0,5.42,99.5,2829
84870C,GREEN GEISHA GIRL,146.05,46,28,10,0.0,0.0,0.0,146.05,0.0,0.0,3.18,99.5,2830
90116,FRUIT SALAD BAG CHARM,145.52,64,45,3,0.0,0.0,0.0,145.52,0.0,0.0,2.27,99.51,2831
22873,NUMBER TILE COTTAGE GARDEN 5,145.5,60,26,12,0.0,0.0,0.0,145.5,0.0,0.0,2.42,99.51,2832
47343A,FUSCHIA FLOWER PURSE WITH BEADS,145.17,159,14,13,0.0,0.0,0.0,145.17,0.0,0.0,0.91,99.51,2833
84629,WHITE 3 FRAME BIRDS AND TREE,150.0,20,10,10,4.95,1.0,0.0,145.05,3.3,3.3,7.5,99.51,2834
22868,NUMBER TILE COTTAGE GARDEN 0,144.65,63,20,10,0.0,0.0,0.0,144.65,0.0,0.0,2.3,99.51,2835
21738,COSY SLIPPER SHOES SMALL  RED,144.58,46,21,17,0.0,0.0,0.0,144.58,0.0,0.0,3.14,99.51,2836
DCGSSGIRL,GIRLS PARTY BAG,144.43,47,13,0,0.0,0.0,0.0,144.43,0.0,0.0,3.07,99.52,2837
21082,SET/20 FRUIT SALAD PAPER NAPKINS,143.44,88,25,0,0.0,0.0,0.0,143.44,0.0,0.0,1.63,99.52,2838
21368,MIRRORED WALL ART LADIES,143.28,163,33,25,0.0,0.0,0.0,143.28,0.0,0.0,0.88,99.52,2839
20837,FRENCH FLORAL CUSHION COVER,142.47,141,15,14,0.0,0.0,0.0,142.47,0.0,0.0,1.01,99.52,2840
84870B,BLUE GEISHA GIRL,146.08,44,25,9,3.75,1.0,0.0,142.33,2.57,2.57,3.32,99.52,2841
37479P,CUBIC MUG FLOCK PINK ON BROWN,142.23,163,32,15,0.0,0.0,0.0,142.23,0.0,0.0,0.87,99.52,2842
22033,BOTANICAL ROSE GREETING CARD,141.95,337,22,20,0.0,0.0,0.0,141.95,0.0,0.0,0.42,99.52,2843
21117,BLOND DOLL DOORSTOP,141.75,109,14,11,0.0,0.0,0.0,141.75,0.0,0.0,1.3,99.53,2844
20774,GREEN FERN NOTEBOOK,141.24,86,44,21,0.0,0.0,0.0,141.24,0.0,0.0,1.64,99.53,2845
22769,CHALKBOARD KITCHEN ORGANISER,366.73,11,8,3,225.5,10.0,0.0,141.23,61.49,61.49,33.34,99.53,2846
20661,BLUE POLKADOT PURSE,141.15,44,33,3,0.0,0.0,0.0,141.15,0.0,0.0,3.21,99.53,2847
90164B,WHITE  ROSEBUD PEARL BRACELET,140.98,38,15,7,0.0,0.0,0.0,140.98,0.0,0.0,3.71,99.53,2848
84744,S/6 SEW ON CROCHET FLOWERS,140.02,110,20,17,0.0,0.0,0.0,140.02,0.0,0.0,1.27,99.53,2849
22125,UNION JACK HOT WATER BOTTLE,139.86,13,3,1,0.0,0.0,0.0,139.86,0.0,0.0,10.76,99.53,2850
23463,VINTAGE ZINC WATERING CAN,139.4,13,8,7,0.0,0.0,0.0,139.4,0.0,0.0,10.72,99.54,2851
22876,NUMBER TILE COTTAGE GARDEN 8,138.81,61,20,11,0.0,0.0,0.0,138.81,0.0,0.0,2.28,99.54,2852
75011,BLUE DAISY MOBILE,138.76,172,12,9,0.0,0.0,0.0,138.76,0.0,0.0,0.81,99.54,2853
84192,ASSORTED COLOUR METAL CAT,138.75,111,25,19,0.0,0.0,0.0,138.75,0.0,0.0,1.25,99.54,2854
35922,EASTER BUNNY WREATH,138.6,28,10,10,0.0,0.0,0.0,138.6,0.0,0.0,4.95,99.54,2855
23304,SET 4 PICNIC CUTLERY CHERRY,138.45,71,9,9,0.0,0.0,0.0,138.45,0.0,0.0,1.95,99.54,2856
90181B,AMETHYST GLASS/SHELL/PEARL NECKLACE,137.63,15,14,0,0.0,0.0,0.0,137.63,0.0,0.0,9.18,99.54,2857
20757,RED DAISY POCKET BOOK,136.64,158,33,30,0.0,0.0,0.0,136.64,0.0,0.0,0.86,99.55,2858
21637,ASSORTED SANSKRIT MINI NOTEBOOK,136.25,109,6,6,0.0,0.0,0.0,136.25,0.0,0.0,1.25,99.55,2859
22877,NUMBER TILE COTTAGE GARDEN 9,138.11,63,19,12,1.95,1.0,0.0,136.16,1.41,1.41,2.19,99.55,2860
21736,GOLD SCROLL GLASS T-LIGHT HOLDER,137.22,80,5,5,1.17,3.0,0.0,136.05,0.85,0.85,1.72,99.55,2861
20758,ABSTRACT CIRCLES POCKET BOOK,135.15,159,42,35,0.0,0.0,0.0,135.15,0.0,0.0,0.85,99.55,2862
85071A,BLUE CHARLIE+LOLA PERSONAL DOORSIGN,583.23,1041,111,77,448.4,152.0,5.9,134.83,76.88,76.65,0.56,99.55,2863
21459,YELLOW EASTER EGG HUNT START POST,150.38,76,19,16,15.6,8.0,0.0,134.78,10.37,10.37,1.98,99.55,2864
90073,VINTAGE ENAMEL & CRYSTAL EARRINGS,134.7,27,18,4,0.0,0.0,0.0,134.7,0.0,0.0,4.99,99.56,2865
90115,SUMMER BUTTERFLIES BAG CHARM,134.53,54,31,0,0.0,0.0,0.0,134.53,0.0,0.0,2.49,99.56,2866
21943,CAKES AND RABBITS DESIGN FLANNEL,134.49,119,50,7,0.0,0.0,0.0,134.49,0.0,0.0,1.13,99.56,2867
47518F,ICON PLACEMAT POP ART ELVIS,134.37,832,33,19,0.0,0.0,0.0,134.37,0.0,0.0,0.16,99.56,2868
90028,NEW BAROQUE LARGE NECKLACE BLK/WHIT,134.16,16,14,1,0.0,0.0,0.0,134.16,0.0,0.0,8.38,99.56,2869
46000U,POLYESTER FILLER PAD 30CMX30CM,133.75,107,26,16,0.0,0.0,0.0,133.75,0.0,0.0,1.25,99.56,2870
72130,COLUMBIAN CANDLE ROUND,133.34,219,27,20,0.0,0.0,0.0,133.34,0.0,0.0,0.61,99.56,2871
62096A,PINK/YELLOW FLOWERS HANDBAG,132.5,106,8,7,0.0,0.0,0.0,132.5,0.0,0.0,1.25,99.56,2872
21518,BANK ACCOUNT  GREETING  CARD,132.44,318,38,16,0.0,0.0,0.0,132.44,0.0,0.0,0.42,99.57,2873
90210D,PURPLE ACRYLIC FACETED BANGLE,132.05,107,8,4,0.0,0.0,0.0,132.05,0.0,0.0,1.23,99.57,2874
35921,EASTER BUNNY HANGING GARLAND,133.23,68,23,9,1.25,1.0,0.0,131.98,0.94,0.94,1.96,99.57,2875
20836,FRENCH PAISLEY CUSHION COVER,141.1,170,17,14,9.96,12.0,0.0,131.14,7.06,7.06,0.83,99.57,2876
90164A,PINK ROSEBUD PEARL BRACELET,130.67,27,14,6,0.0,0.0,0.0,130.67,0.0,0.0,4.84,99.57,2877
90210C,RED   ACRYLIC FACETED BANGLE,130.51,99,10,5,0.0,0.0,0.0,130.51,0.0,0.0,1.32,99.57,2878
37467,PIG MUG IN TWO COLOUR DESIGNS,130.27,159,17,11,0.0,0.0,0.0,130.27,0.0,0.0,0.82,99.57,2879
21344,MOROCCAN BEATEN METAL DISH,160.09,15,6,5,29.85,3.0,0.0,130.24,18.65,18.65,10.67,99.58,2880
90000D,COPPER/OLIVE GREEN FLOWER NECKLACE,129.85,21,14,4,0.0,0.0,0.0,129.85,0.0,0.0,6.18,99.58,2881
21281,VINTAGE KITCHEN PRINT SEAFOOD,129.63,43,14,6,0.0,0.0,0.0,129.63,0.0,0.0,3.01,99.58,2882
20823,GOLD WINE GOBLET,129.56,164,8,6,0.0,0.0,0.0,129.56,0.0,0.0,0.79,99.58,2883
72799C,PINK PILLAR CANDLE SILVER FLOCK,129.47,81,19,17,0.0,0.0,0.0,129.47,0.0,0.0,1.6,99.58,2884
21400,RED PUDDING SPOON,128.63,881,72,42,0.0,0.0,0.0,128.63,0.0,0.0,0.15,99.58,2885
21349,IVY HEART WREATH,155.6,18,11,7,27.0,4.0,27.0,128.6,17.35,0.0,8.64,99.58,2886
20826,SILVER APERITIF GLASS,128.4,276,8,7,0.0,0.0,0.0,128.4,0.0,0.0,0.47,99.58,2887
35638B,PINK/BLUE STRING CURTAIN,128.33,57,5,4,0.0,0.0,0.0,128.33,0.0,0.0,2.25,99.59,2888
85118,HEART T-LIGHT HOLDER,144.52,146,10,5,16.25,13.0,0.0,128.27,11.24,11.24,0.99,99.59,2889
79191B,RETRO PLASTIC POLKA TRAY,138.3,159,30,23,10.2,12.0,0.0,128.1,7.38,7.38,0.87,99.59,2890
16054,POPART RECT PENCIL SHARPENER ASST,140.52,1166,33,29,12.96,108.0,0.0,127.56,9.22,9.22,0.12,99.59,2891
84508B,STRIPES DESIGN TEDDY,142.8,56,30,21,15.3,6.0,0.0,127.5,10.71,10.71,2.55,99.59,2892
90180A,BLACK+WHITE NECKLACE W TASSEL,127.24,17,9,5,0.0,0.0,0.0,127.24,0.0,0.0,7.48,99.59,2893
85130A,BEADED PEARL HEART WHITE LARGE,127.05,77,10,10,0.0,0.0,0.0,127.05,0.0,0.0,1.65,99.59,2894
79190D,RETRO PLASTIC DAISY TRAY,126.98,265,47,16,0.0,0.0,0.0,126.98,0.0,0.0,0.48,99.6,2895
22887,NUMBER TILE VINTAGE FONT 8,126.78,78,23,8,0.0,0.0,0.0,126.78,0.0,0.0,1.63,99.6,2896
23303,SET 4 PICNIC CUTLERY FONDANT,126.75,65,6,6,0.0,0.0,0.0,126.75,0.0,0.0,1.95,99.6,2897
85067,CREAM SWEETHEART WALL CABINET,126.65,7,5,5,0.0,0.0,0.0,126.65,0.0,0.0,18.09,99.6,2898
84846A,SCENTED CANDLE IN DIGITALIS TIN,126.04,56,13,9,0.0,0.0,0.0,126.04,0.0,0.0,2.25,99.6,2899
23578,SNACK TRAY RED GINGHAM,125.72,60,14,11,0.0,0.0,0.0,125.72,0.0,0.0,2.1,99.6,2900
84799,SPRIG LAVENDER ARTIFICIAL FLOWER,160.48,224,10,9,35.16,60.0,0.0,125.32,21.91,21.91,0.72,99.6,2901
22888,NUMBER TILE VINTAGE FONT 9,124.98,76,21,7,0.0,0.0,0.0,124.98,0.0,0.0,1.64,99.6,2902
84228,HEN HOUSE W CHICK STANDING,124.09,297,27,16,0.42,1.0,0.0,123.67,0.34,0.34,0.42,99.61,2903
23477,WOODLAND LARGE BLUE FELT HEART,123.47,92,13,8,0.0,0.0,0.0,123.47,0.0,0.0,1.34,99.61,2904
37343,POLKADOT MUG PINK,123.3,72,13,8,0.0,0.0,0.0,123.3,0.0,0.0,1.71,99.61,2905
90195A,PURPLE GEMSTONE BRACELET,122.84,19,10,7,0.0,0.0,0.0,122.84,0.0,0.0,6.47,99.61,2906
85086A,CANDY SPOT HEART DECORATION,122.08,146,50,8,0.0,0.0,0.0,122.08,0.0,0.0,0.84,99.61,2907
90129B,TURQUOISE GLASS TASSLE BAG CHARM,121.38,57,20,6,0.0,0.0,0.0,121.38,0.0,0.0,2.13,99.61,2908
84906,PINK B'FLY C/COVER W BOBBLES,123.02,35,12,9,1.95,1.0,0.0,121.07,1.59,1.59,3.51,99.61,2909
37333,"RETRO ""TEA FOR ONE""",120.99,21,17,9,0.0,0.0,0.0,120.99,0.0,0.0,5.76,99.61,2910
20845,ZINC HEART LATTICE 2 WALL PLANTER,120.65,19,11,7,0.0,0.0,0.0,120.65,0.0,0.0,6.35,99.62,2911
90170,DAISY HAIR BAND,140.33,85,37,6,19.8,12.0,0.0,120.53,14.11,14.11,1.65,99.62,2912
21420,OYSTER TRINKET BOX,120.41,53,19,12,0.0,0.0,0.0,120.41,0.0,0.0,2.27,99.62,2913
90173,PAIR BUTTERFLY HAIR CLIPS,120.34,32,17,3,0.0,0.0,0.0,120.34,0.0,0.0,3.76,99.62,2914
23467,VINTAGE ZINC PLANTER,120.08,32,11,5,0.0,0.0,0.0,120.08,0.0,0.0,3.75,99.62,2915
35972,DAISY FOLKART HEART DECORATION,120.0,96,16,14,0.0,0.0,0.0,120.0,0.0,0.0,1.25,99.62,2916
90161A,ANT COPPER RED BOUDICCA BRACELET,119.91,24,21,6,0.0,0.0,0.0,119.91,0.0,0.0,5.0,99.62,2917
90124B,BLUE MURANO TWIST NECKLACE,119.89,12,11,3,0.0,0.0,0.0,119.89,0.0,0.0,9.99,99.62,2918
90122C,TURQUOISE CRYSTAL+GLASS BRACELET,119.23,24,11,3,0.0,0.0,0.0,119.23,0.0,0.0,4.97,99.63,2919
10080,GROOVY CACTUS INFLATABLE,119.09,303,22,19,0.0,0.0,0.0,119.09,0.0,0.0,0.39,99.63,2920
84709B,PINK OVAL JEWELLED MIRROR,119.0,20,11,11,0.0,0.0,0.0,119.0,0.0,0.0,5.95,99.63,2921
84507B,STRIPES DESIGN MONKEY DOLL,118.73,39,22,10,0.0,0.0,0.0,118.73,0.0,0.0,3.04,99.63,2922
21095,SET/6 POSIES PAPER PLATES,118.73,125,14,9,0.0,0.0,0.0,118.73,0.0,0.0,0.95,99.63,2923
84569B,PACK 3 FIRE ENGINE/CAR PATCHES,118.4,85,19,11,0.0,0.0,0.0,118.4,0.0,0.0,1.39,99.63,2924
21032,SPACE CADET WHITE,117.78,97,30,13,0.0,0.0,0.0,117.78,0.0,0.0,1.21,99.63,2925
90184A,AMBER CHUNKY BEAD BRACELET W STRAP,117.73,13,9,4,0.0,0.0,0.0,117.73,0.0,0.0,9.06,99.63,2926
84800S,SMALL WHITE/PINK ROSE ART FLOWER,120.07,107,9,9,2.5,2.0,0.0,117.57,2.08,2.08,1.12,99.63,2927
90208,PAIR OF PINK FLOWER CLUSTER SLIDE,132.7,53,37,4,15.3,6.0,0.0,117.4,11.53,11.53,2.5,99.64,2928
84741C,CITRUS GARLAND FELT FLOWERS,117.0,60,14,14,0.0,0.0,0.0,117.0,0.0,0.0,1.95,99.64,2929
72780,BLACK SILOUETTE CANDLE PLATE,116.45,137,20,18,0.0,0.0,0.0,116.45,0.0,0.0,0.85,99.64,2930
72812,LARGE ZINC GLASS CANDLEHOLDER,116.06,34,11,3,0.0,0.0,0.0,116.06,0.0,0.0,3.41,99.64,2931
51020A,SUMMER FUN DESIGN SHOWER CAP,116.33,325,18,16,0.58,2.0,0.0,115.75,0.5,0.5,0.36,99.64,2932
16052,TEATIME PUSH DOWN RUBBER,115.3,479,13,5,0.0,0.0,0.0,115.3,0.0,0.0,0.24,99.64,2933
23185,FRENCH STYLE STORAGE JAR JAM,114.85,317,30,27,0.29,1.0,0.0,114.56,0.25,0.25,0.36,99.64,2934
23151,ZINC SWEETHEART SOAP DISH,114.33,61,21,18,0.0,0.0,0.0,114.33,0.0,0.0,1.87,99.64,2935
90130B,TURQ STONE/CRYSTAL EARRINGS,113.97,39,31,3,0.0,0.0,0.0,113.97,0.0,0.0,2.92,99.65,2936
90199C,5 STRAND GLASS NECKLACE CRYSTAL,120.29,19,10,7,6.35,1.0,0.0,113.94,5.28,5.28,6.33,99.65,2937
84457,SET/3 RABBITS FLOWER SKIPPPING ROPE,112.56,126,26,21,0.0,0.0,0.0,112.56,0.0,0.0,0.89,99.65,2938
90096,NECKLACE+BRACELET SET BLUE BLOSSOM,112.21,45,26,3,0.0,0.0,0.0,112.21,0.0,0.0,2.49,99.65,2939
47351B,BLUE  VOILE LAMPSHADE,234.5,86,9,7,122.4,48.0,122.4,112.1,52.2,0.0,2.73,99.65,2940
21678,PAISLEY PATTERN  STICKERS,111.86,125,32,16,0.0,0.0,0.0,111.86,0.0,0.0,0.89,99.65,2941
21814,HEART T-LIGHT HOLDER,111.77,74,15,11,0.0,0.0,0.0,111.77,0.0,0.0,1.51,99.65,2942
90214A,"LETTER ""A"" BLING KEY RING",111.66,130,56,5,0.0,0.0,0.0,111.66,0.0,0.0,0.86,99.65,2943
84809A,WHITE CHRYSANTHEMUMS ART FLOWER,115.5,55,8,5,4.2,2.0,0.0,111.3,3.64,3.64,2.1,99.65,2944
90036E,"FLOWER GLASS GARLD NECKL36""AMETHYST",110.95,14,11,4,0.0,0.0,0.0,110.95,0.0,0.0,7.92,99.66,2945
47503H,ASS FLORAL PRINT SPIRIT LEVEL,110.86,100,37,30,0.0,0.0,0.0,110.86,0.0,0.0,1.11,99.66,2946
90125D,PURPLE BERTIE GLASS BEAD BAG CHARM,110.03,95,19,3,0.0,0.0,0.0,110.03,0.0,0.0,1.16,99.66,2947
20731,POSY CANDY BAG,109.96,92,16,8,0.0,0.0,0.0,109.96,0.0,0.0,1.2,99.66,2948
85167B,BLACK GRAND BAROQUE PHOTO FRAME,109.94,50,8,7,0.0,0.0,0.0,109.94,0.0,0.0,2.2,99.66,2949
84925F,PSYCHEDELIC WALL THERMOMETER,109.93,79,14,14,0.0,0.0,0.0,109.93,0.0,0.0,1.39,99.66,2950
90124C,GREEN MURANO TWIST NECKLACE,109.54,11,8,4,0.0,0.0,0.0,109.54,0.0,0.0,9.96,99.66,2951
90058A,CRYSTAL STUD EARRINGS CLEAR DISPLAY,123.12,324,7,7,13.68,36.0,0.0,109.44,11.11,11.11,0.38,99.66,2952
85096,HILDA CANDY SPOT RABBIT,109.23,25,16,10,0.0,0.0,0.0,109.23,0.0,0.0,4.37,99.66,2953
20894,HANGING BAUBLE T-LIGHT HOLDER LARGE,108.71,33,15,9,0.0,0.0,0.0,108.71,0.0,0.0,3.29,99.67,2954
21372,MIRRORED WALL ART TABLE LAMP,107.75,75,33,18,0.0,0.0,0.0,107.75,0.0,0.0,1.44,99.67,2955
35916C,PINK FELT HANGING HEART W FLOWER,107.72,106,20,5,0.0,0.0,0.0,107.72,0.0,0.0,1.02,99.67,2956
17090A,LAVENDER INCENSE 40 CONES IN TIN,107.45,109,10,9,0.0,0.0,0.0,107.45,0.0,0.0,0.99,99.67,2957
85129C,BEADED CRYSTAL HEART BLUE SMALL,107.31,80,15,8,0.0,0.0,0.0,107.31,0.0,0.0,1.34,99.67,2958
23626,SET 10 CARDS DINKY TREE 17076,107.07,43,16,0,0.0,0.0,0.0,107.07,0.0,0.0,2.49,99.67,2959
90125A,PINK BERTIE GLASS BEAD BAG CHARM,106.24,115,10,4,0.0,0.0,0.0,106.24,0.0,0.0,0.92,99.67,2960
35819B,"ACRYLIC HANGING JEWEL,BLUE",106.05,268,24,19,0.0,0.0,0.0,106.05,0.0,0.0,0.4,99.67,2961
20657,TROPICAL LUGGAGE TAG,105.91,73,33,20,0.0,0.0,0.0,105.91,0.0,0.0,1.45,99.67,2962
35818P,"ACRYLIC JEWEL ICICLE, PINK",105.83,263,19,15,0.0,0.0,0.0,105.83,0.0,0.0,0.4,99.68,2963
90016A,SILVER/M.O.P PENDANT ORBIT NECKLACE,105.71,17,7,4,0.0,0.0,0.0,105.71,0.0,0.0,6.22,99.68,2964
90185A,AMBER DIAMANTE EXPANDABLE RING,131.03,31,13,5,25.5,6.0,0.0,105.53,19.46,19.46,4.23,99.68,2965
21904,HOUSE WRECKING METAL SIGN,105.0,50,23,21,0.0,0.0,0.0,105.0,0.0,0.0,2.1,99.68,2966
90003C,MIDNIGHT BLUE PAIR HEART HAIR SLIDE,119.84,32,24,5,15.0,4.0,0.0,104.84,12.52,12.52,3.74,99.68,2967
35920,FOUR RABBIT EASTER DECORATIONS,104.84,72,15,11,0.0,0.0,0.0,104.84,0.0,0.0,1.46,99.68,2968
84661C,PINK SQUARE TABLE CLOCK,104.84,71,14,5,0.0,0.0,0.0,104.84,0.0,0.0,1.48,99.68,2969
90070,RUBY GLASS CLUSTER BRACELET,122.64,20,14,3,17.85,3.0,0.0,104.79,14.55,14.55,6.13,99.68,2970
90122A,PINK CRYSTAL+GLASS BRACELET,104.53,21,14,3,0.0,0.0,0.0,104.53,0.0,0.0,4.98,99.68,2971
17084P,DRAGONS BLOOD INCENSE,104.44,423,39,12,0.0,0.0,0.0,104.44,0.0,0.0,0.25,99.69,2972
20796,SMALL BLUE PROVENCAL CERAMIC BALL,103.94,62,9,8,0.0,0.0,0.0,103.94,0.0,0.0,1.68,99.69,2973
79144B,PAINTED LIGHTBULB STAR+ MOON,103.23,180,53,14,0.0,0.0,0.0,103.23,0.0,0.0,0.57,99.69,2974
90032,IVORY SHELL HEART NECKLACE,103.13,21,8,4,0.0,0.0,0.0,103.13,0.0,0.0,4.91,99.69,2975
22879,NUMBER TILE VINTAGE FONT 0,102.46,70,16,6,0.0,0.0,0.0,102.46,0.0,0.0,1.46,99.69,2976
84989A,75 GREEN FAIRY CAKE CASES,102.36,69,42,16,0.0,0.0,0.0,102.36,0.0,0.0,1.48,99.69,2977
90063A,WHITE VINT ART DECO CRYSTAL NECKLAC,102.0,12,8,7,0.0,0.0,0.0,102.0,0.0,0.0,8.5,99.69,2978
90196A,PURPLE GEMSTONE NECKLACE 45CM,102.0,8,5,5,0.0,0.0,0.0,102.0,0.0,0.0,12.75,99.69,2979
20701,PINK CAT FLORAL CUSHION COVER,100.97,25,18,3,0.0,0.0,0.0,100.97,0.0,0.0,4.04,99.69,2980
35637C,PINK STRING CURTAIN WITH POLE,100.86,30,9,7,0.0,0.0,0.0,100.86,0.0,0.0,3.36,99.69,2981
16033,MINI HIGHLIGHTER PENS,100.8,840,4,4,0.0,0.0,0.0,100.8,0.0,0.0,0.12,99.7,2982
35911B,PINK/FLOWER RABBIT EGG WARMER,100.76,119,15,4,0.0,0.0,0.0,100.76,0.0,0.0,0.85,99.7,2983
GIFT_0001_40,DOTCOMGIFTSHOP GIFT VOUCHER £40.00,100.7,3,3,0,0.0,0.0,0.0,100.7,0.0,0.0,33.57,99.7,2984
21370,MIRRORED WALL ART FOXY,100.66,16,9,7,0.0,0.0,0.0,100.66,0.0,0.0,6.29,99.7,2985
20795,LARGE BLUE PROVENCAL CERAMIC BALL,113.05,49,11,6,12.6,6.0,0.0,100.45,11.15,11.15,2.31,99.7,2986
90010B,BLACK/WHITE GLASS/SILVER BRACELET,100.09,11,7,3,0.0,0.0,0.0,100.09,0.0,0.0,9.1,99.7,2987
90081C,LILY BROOCH OLIVE COLOUR,99.6,20,15,6,0.0,0.0,0.0,99.6,0.0,0.0,4.98,99.7,2988
23611,SET 10 CARDS RED RIDING HOOD 17214,99.6,40,16,0,0.0,0.0,0.0,99.6,0.0,0.0,2.49,99.7,2989
90183A,AMBER DROP EARRINGS W LONG BEADS,117.24,40,23,5,17.7,6.0,0.0,99.54,15.1,15.1,2.93,99.7,2990
22407,MONEY BOX FIRST ADE DESIGN,99.28,94,24,17,0.0,0.0,0.0,99.28,0.0,0.0,1.06,99.71,2991
23464,VINTAGE ZINC WATERING CAN SMALL,99.2,18,8,6,0.0,0.0,0.0,99.2,0.0,0.0,5.51,99.71,2992
17091A,LAVENDER INCENSE IN TIN,98.91,171,25,19,0.0,0.0,0.0,98.91,0.0,0.0,0.58,99.71,2993
84898F,YELLOW FLOWERS FELT HANDBAG KIT,98.63,46,19,15,0.0,0.0,0.0,98.63,0.0,0.0,2.14,99.71,2994
85232B,SET OF 3 BABUSHKA STACKING TINS,1356.3,274,13,7,1258.05,255.0,0.0,98.25,92.76,92.76,4.95,99.71,2995
79144C,PAINTED LIGHTBULB RAINBOW DESIGN,98.12,152,51,5,0.0,0.0,0.0,98.12,0.0,0.0,0.65,99.71,2996
84723,CHERRY BLOSSOM CANVAS ART PICTURE,97.95,41,6,5,0.0,0.0,0.0,97.95,0.0,0.0,2.39,99.71,2997
90003D,CRYSTAL PAIR HEART HAIR SLIDES,112.26,30,16,7,15.0,4.0,0.0,97.26,13.36,13.36,3.74,99.71,2998
47369B,BLUE GREEN EMBROIDERY COSMETIC BAG,97.13,35,22,3,0.0,0.0,0.0,97.13,0.0,0.0,2.78,99.71,2999
84806A,PINK CANDYSTUFT ARTIFICIAL FLOWER,96.89,137,11,11,0.0,0.0,0.0,96.89,0.0,0.0,0.71,99.71,3000
84801A,PINK HYDRANGEA ART FLOWER,96.6,46,5,5,0.0,0.0,0.0,96.6,0.0,0.0,2.1,99.72,3001
90019B,GOLD M.O.P ORBIT BRACELET,96.52,18,18,2,0.0,0.0,0.0,96.52,0.0,0.0,5.36,99.72,3002
90036D,"FLOWER GLASS GARLAND NECKL.36""BLACK",95.35,12,5,4,0.0,0.0,0.0,95.35,0.0,0.0,7.95,99.72,3003
90146,FINE SILVER NECKLACE W PASTEL FLOWE,95.35,17,7,3,0.0,0.0,0.0,95.35,0.0,0.0,5.61,99.72,3004
90178A,AMBER CHUNKY GLASS+BEAD NECKLACE,95.25,8,8,6,0.0,0.0,0.0,95.25,0.0,0.0,11.91,99.72,3005
20653,CHERRY BLOSSOM LUGGAGE TAG,95.18,73,33,5,0.0,0.0,0.0,95.18,0.0,0.0,1.3,99.72,3006
84527,FLAMES SUNGLASSES PINK LENSES,95.1,52,8,6,0.0,0.0,0.0,95.1,0.0,0.0,1.83,99.72,3007
82613A,"METAL SIGN,CUPCAKE SINGLE HOOK",94.84,72,19,13,0.0,0.0,0.0,94.84,0.0,0.0,1.32,99.72,3008
84666,SQUARE CHERRY BLOSSOM CABINET,94.8,24,4,4,0.0,0.0,0.0,94.8,0.0,0.0,3.95,99.72,3009
21722,SWEET PUDDING STICKER SHEET,95.53,98,36,13,0.85,1.0,0.0,94.68,0.89,0.89,0.97,99.72,3010
22039,BOTANICAL LILY GIFT WRAP,105.0,250,7,6,10.5,25.0,0.0,94.5,10.0,10.0,0.42,99.72,3011
90133,TEAL/FUSCHIA COL BEAD NECKLACE,94.43,19,13,3,0.0,0.0,0.0,94.43,0.0,0.0,4.97,99.73,3012
47369A,PINK GREEN EMBROIDERY COSMETIC BAG,93.19,33,20,6,0.0,0.0,0.0,93.19,0.0,0.0,2.82,99.73,3013
20773,BLUE PAISLEY NOTEBOOK,92.4,56,23,21,0.0,0.0,0.0,92.4,0.0,0.0,1.65,99.73,3014
90018B,GOLD M.O.P ORBIT DROP EARRINGS,92.28,22,17,5,0.0,0.0,0.0,92.28,0.0,0.0,4.19,99.73,3015
35933,PINK STOCKING CHRISTMAS DECORATION,92.21,226,19,15,0.0,0.0,0.0,92.21,0.0,0.0,0.41,99.73,3016
82615,PINK MARSHMALLOW SCARF KNITTING KIT,91.8,36,1,1,0.0,0.0,0.0,91.8,0.0,0.0,2.55,99.73,3017
90030C,BROWN KUKUI COCONUT SEED NECKLACE,91.7,77,11,8,0.0,0.0,0.0,91.7,0.0,0.0,1.19,99.73,3018
90175B,PINK GLASS CHUNKY CHARM BRACELET,91.68,10,9,0,0.0,0.0,0.0,91.68,0.0,0.0,9.17,99.73,3019
20662,FIRST CLASS HOLIDAY PURSE,90.42,31,20,4,0.0,0.0,0.0,90.42,0.0,0.0,2.92,99.73,3020
85230F,JASMINE VOTIVE CANDLE,90.34,338,12,11,0.0,0.0,0.0,90.34,0.0,0.0,0.27,99.73,3021
90163A,PINK ROSEBUD & PEARL NECKLACE,90.32,12,9,2,0.0,0.0,0.0,90.32,0.0,0.0,7.53,99.74,3022
23574,PACKING CHARGE,105.0,14,14,9,15.0,2.0,0.0,90.0,14.29,14.29,7.5,99.74,3023
72051S,BAG OF SILVER STONES,89.53,130,13,5,0.0,0.0,0.0,89.53,0.0,0.0,0.69,99.74,3024
84461,12 PINK HEN+CHICKS IN BASKET,104.55,41,14,13,15.3,6.0,0.0,89.25,14.63,14.63,2.55,99.74,3025
20892,SET/3 TALL GLASS CANDLE HOLDER PINK,89.22,4,3,1,0.0,0.0,0.0,89.22,0.0,0.0,22.3,99.74,3026
90123A,PINK HEART OF GLASS BRACELET,89.12,15,9,8,0.0,0.0,0.0,89.12,0.0,0.0,5.94,99.74,3027
90148,LONG SILVER NECKLACE PASTEL FLOWER,101.73,8,6,5,12.75,1.0,0.0,88.98,12.53,12.53,12.72,99.74,3028
35833P,4 PINK FLOCK CHRISTMAS BALLS,88.47,49,22,8,0.0,0.0,0.0,88.47,0.0,0.0,1.81,99.74,3029
84984A,GREEN PEONY CUSHION COVER,88.35,19,6,4,0.0,0.0,0.0,88.35,0.0,0.0,4.65,99.74,3030
84306,S/3 PINK SQUARE PLANTERS ROSES,88.22,10,9,2,0.0,0.0,0.0,88.22,0.0,0.0,8.82,99.74,3031
90166,PINK & WHITE ROSEBUD RING,88.04,21,15,4,0.0,0.0,0.0,88.04,0.0,0.0,4.19,99.74,3032
90129F,RED GLASS TASSLE BAG CHARM,88.03,40,16,5,0.0,0.0,0.0,88.03,0.0,0.0,2.2,99.75,3033
20898,VINTAGE NOTEBOOK TRAVELOGUE,105.73,38,13,4,17.7,6.0,0.0,88.03,16.74,16.74,2.78,99.75,3034
20869,GOLD FABRIC MIRROR,86.76,180,29,17,0.0,0.0,0.0,86.76,0.0,0.0,0.48,99.75,3035
23614,SET 10 CARDS 12 DAYS WRAP  17058,86.58,26,11,0,0.0,0.0,0.0,86.58,0.0,0.0,3.33,99.75,3036
84531B,BLUE KNITTED EGG COSY,85.61,155,28,24,0.0,0.0,0.0,85.61,0.0,0.0,0.55,99.75,3037
79403,FROSTED WHITE BASE,85.52,95,15,9,0.0,0.0,0.0,85.52,0.0,0.0,0.9,99.75,3038
75172,PAINTED SEA SHELL METAL WINDCHIME,85.31,93,8,8,0.0,0.0,0.0,85.31,0.0,0.0,0.92,99.75,3039
16169K,WRAP FOLK ART,84.0,200,8,8,0.0,0.0,0.0,84.0,0.0,0.0,0.42,99.75,3040
90204,PAIR OF ENAMEL BUTTERFLY HAIRCLIP,96.86,29,18,8,13.4,4.0,0.0,83.46,13.83,13.83,3.34,99.75,3041
90072,RUBY DROP CHANDELIER EARRINGS,83.42,21,14,2,0.0,0.0,0.0,83.42,0.0,0.0,3.97,99.75,3042
22016,DOTCOMGIFTSHOP GIFT VOUCHER £100.00,83.33,1,1,0,0.0,0.0,0.0,83.33,0.0,0.0,83.33,99.75,3043
90123C,GREEN HEART OF GLASS BRACELET,83.29,14,6,5,0.0,0.0,0.0,83.29,0.0,0.0,5.95,99.75,3044
23442,12 HANGING EGGS HAND PAINTED,83.2,40,7,7,0.0,0.0,0.0,83.2,0.0,0.0,2.08,99.76,3045
90129A,PINK GLASS TASSLE BAG CHARM,82.98,45,20,3,0.0,0.0,0.0,82.98,0.0,0.0,1.84,99.76,3046
90101,WHITE FRANGIPANI NECKLACE,98.07,39,17,3,15.3,6.0,0.0,82.77,15.6,15.6,2.51,99.76,3047
21690,SILVER  CANDLEPOT JARDIN,82.5,22,7,6,0.0,0.0,0.0,82.5,0.0,0.0,3.75,99.76,3048
35638A,PINK AND BLACK STRING CURTAIN,82.1,38,5,5,0.0,0.0,0.0,82.1,0.0,0.0,2.16,99.76,3049
35968,FOLK ART METAL HEART T-LIGHT HOLDER,82.1,163,19,14,0.0,0.0,0.0,82.1,0.0,0.0,0.5,99.76,3050
16049,TEATIME GEL PENS ASST,82.08,504,5,5,0.0,0.0,0.0,82.08,0.0,0.0,0.16,99.76,3051
20664,TROPICAL HOLIDAY PURSE,81.66,32,18,3,0.0,0.0,0.0,81.66,0.0,0.0,2.55,99.76,3052
85023B,EAU DE NILE JEWELLED PHOTOFRAME,235.35,105,13,10,153.75,73.0,0.0,81.6,65.33,65.33,2.24,99.76,3053
20941,FROG CANDLE,83.78,64,19,13,2.5,2.0,0.0,81.28,2.98,2.98,1.31,99.76,3054
71496A,A4 WALL TIDY BLUE OFFICE,80.96,127,12,5,0.0,0.0,0.0,80.96,0.0,0.0,0.64,99.76,3055
21038,SET/4 MODERN VINTAGE COTTON NAPKINS,86.75,77,23,20,5.9,2.0,5.9,80.85,6.8,0.0,1.13,99.76,3056
90175C,BLUE GLASS CHUNKY CHARM BRACELET,80.55,9,6,6,0.0,0.0,0.0,80.55,0.0,0.0,8.95,99.77,3057
21226,POCKET MIRROR WOODLAND,80.55,93,20,4,0.0,0.0,0.0,80.55,0.0,0.0,0.87,99.77,3058
84249A,"GREETING CARD,SQUARE, DOUGHNUTS",80.46,174,27,12,0.0,0.0,0.0,80.46,0.0,0.0,0.46,99.77,3059
90129C,GREEN GLASS TASSLE BAG CHARM,79.76,35,16,6,0.0,0.0,0.0,79.76,0.0,0.0,2.28,99.77,3060
90124A,PINK MURANO TWIST NECKLACE,79.66,8,6,4,0.0,0.0,0.0,79.66,0.0,0.0,9.96,99.77,3061
84984B,RED PEONY CUSHION COVER,79.05,17,5,4,0.0,0.0,0.0,79.05,0.0,0.0,4.65,99.77,3062
21278,VINTAGE KITCHEN PRINT PUDDINGS,79.05,31,7,7,0.0,0.0,0.0,79.05,0.0,0.0,2.55,99.77,3063
72811,SMALL ZINC/GLASS CANDLEHOLDER,78.93,53,8,6,0.0,0.0,0.0,78.93,0.0,0.0,1.49,99.77,3064
90039D,FIRE POLISHED GLASS BRACELET GREEN,78.69,21,9,2,0.0,0.0,0.0,78.69,0.0,0.0,3.75,99.77,3065
37479B,CUBIC MUG FLOCK BLUE ON BROWN,78.09,131,21,16,0.0,0.0,0.0,78.09,0.0,0.0,0.6,99.77,3066
90000A,RASPBERRY ANT COPPER FLOWER NECKLAC,77.91,13,8,6,0.0,0.0,0.0,77.91,0.0,0.0,5.99,99.77,3067
90086,CRYSTAL FROG PHONE CHARM,77.79,102,28,5,0.0,0.0,0.0,77.79,0.0,0.0,0.76,99.77,3068
90129E,PURPLE GLASS TASSLE BAG CHARM,77.04,42,14,1,0.0,0.0,0.0,77.04,0.0,0.0,1.83,99.78,3069
90162B,ANT SILVER LIME GREEN BOUDICCA RING,79.65,27,10,7,2.95,1.0,0.0,76.7,3.7,3.7,2.95,99.78,3070
84531A,PINK KNITTED EGG COSY,76.69,147,29,24,0.0,0.0,0.0,76.69,0.0,0.0,0.52,99.78,3071
35916B,BLUE FELT HANGING HEART WITH FLOWER,76.68,91,32,1,0.0,0.0,0.0,76.68,0.0,0.0,0.84,99.78,3072
46000P,POLYESTER FILLER PAD 65CMX65CM,76.5,18,6,5,0.0,0.0,0.0,76.5,0.0,0.0,4.25,99.78,3073
90099,NECKLACE+BRACELET SET BLUE HIBISCUS,76.38,27,16,12,0.0,0.0,0.0,76.38,0.0,0.0,2.83,99.78,3074
90063B,BLACK VINT ART DEC CRYSTAL NECKLACE,76.32,9,6,5,0.0,0.0,0.0,76.32,0.0,0.0,8.48,99.78,3075
84881,BLUE WIRE SPIRAL CANDLE HOLDER,82.57,12,6,5,6.35,1.0,0.0,76.22,7.69,7.69,6.88,99.78,3076
16207B,PINK HEART RED HANDBAG,76.14,29,18,3,0.0,0.0,0.0,76.14,0.0,0.0,2.63,99.78,3077
84927E,FLOWERS TILE HOOK,80.16,59,13,10,4.2,2.0,0.0,75.96,5.24,5.24,1.36,99.78,3078
21946,PARTY TIME DESIGN FLANNEL,75.35,86,25,8,0.0,0.0,0.0,75.35,0.0,0.0,0.88,99.78,3079
90022,EDWARDIAN DROP EARRINGS JET BLACK,90.2,24,20,4,15.0,4.0,0.0,75.2,16.63,16.63,3.76,99.78,3080
21413,PERIWINKLE T-LIGHT HOLDER,75.02,48,17,8,0.0,0.0,0.0,75.02,0.0,0.0,1.56,99.78,3081
84847,FLORAL BATHROOM SET,75.0,20,11,9,0.0,0.0,0.0,75.0,0.0,0.0,3.75,99.79,3082
GIFT_0001_10,DOTCOMGIFTSHOP GIFT VOUCHER £10.00,74.97,9,8,0,0.0,0.0,0.0,74.97,0.0,0.0,8.33,99.79,3083
84251G,"GREETING CARD, OVERCROWDED POOL.",74.7,270,53,15,0.0,0.0,0.0,74.7,0.0,0.0,0.28,99.79,3084
85198,ASSORTED FARMYARD ANIMALS IN BUCKET,74.58,90,9,6,0.0,0.0,0.0,74.58,0.0,0.0,0.83,99.79,3085
21087,SET/6 POSIES PAPER CUPS,74.57,141,16,10,0.0,0.0,0.0,74.57,0.0,0.0,0.53,99.79,3086
90081A,LILY BROOCH AMETHYST COLOUR,74.25,15,8,7,0.0,0.0,0.0,74.25,0.0,0.0,4.95,99.79,3087
90214C,"LETTER ""C"" BLING KEY RING",72.77,91,33,7,0.0,0.0,0.0,72.77,0.0,0.0,0.8,99.79,3088
90103,PURPLE FRANGIPANI NECKLACE,72.66,29,16,2,0.0,0.0,0.0,72.66,0.0,0.0,2.51,99.79,3089
84231,EASTER BUNNY WITH BASKET ON BACK,72.63,108,20,13,0.0,0.0,0.0,72.63,0.0,0.0,0.67,99.79,3090
20960,WATERMELON BATH SPONGE,72.49,29,10,0,0.0,0.0,0.0,72.49,0.0,0.0,2.5,99.79,3091
20901,VINTAGE KEEPSAKE BOX PINK FLOWER,85.13,19,15,2,12.7,2.0,12.7,72.43,14.92,0.0,4.48,99.79,3092
85049B,LUSH GREENS RIBBONS,72.42,56,15,13,0.0,0.0,0.0,72.42,0.0,0.0,1.29,99.79,3093
90030A,SPOTTED WHITE NATURAL SEED NECKLACE,72.0,72,7,7,0.0,0.0,0.0,72.0,0.0,0.0,1.0,99.79,3094
90108,BLUE BLOSSOM HAIR CLIP,81.96,70,12,6,10.5,10.0,0.0,71.46,12.81,12.81,1.17,99.8,3095
90036C,"FLOWER GLASS GARLAND NECKL.36""BLUE",71.4,9,5,2,0.0,0.0,0.0,71.4,0.0,0.0,7.93,99.8,3096
85197,SET OF 12 MINI BUNNIES IN A BUCKET,71.4,34,19,18,0.0,0.0,0.0,71.4,0.0,0.0,2.1,99.8,3097
17014A,ORIGAMI VANILLA INCENSE CONES,71.19,155,8,7,0.0,0.0,0.0,71.19,0.0,0.0,0.46,99.8,3098
90003E,GREEN PAIR HEART HAIR SLIDES,86.11,23,14,2,15.0,4.0,0.0,71.11,17.42,17.42,3.74,99.8,3099
20933,YELLOW POT PLANT CANDLE,71.05,23,9,9,0.0,0.0,0.0,71.05,0.0,0.0,3.09,99.8,3100
90214S,"LETTER ""S"" BLING KEY RING",71.0,94,41,5,0.0,0.0,0.0,71.0,0.0,0.0,0.76,99.8,3101
90211A,DIAMOND LAS VEGAS NECKLACE 45CM,70.97,12,8,3,0.0,0.0,0.0,70.97,0.0,0.0,5.91,99.8,3102
47589,CONGRATULATIONS BUNTING,70.85,13,3,3,0.0,0.0,0.0,70.85,0.0,0.0,5.45,99.8,3103
51020B,STRIPY DESIGN SHOWER CAP,70.57,197,15,13,0.29,1.0,0.0,70.28,0.41,0.41,0.36,99.8,3104
85026B,EAU DE NILE JEWELLED T-LIGHT HOLDER,70.27,79,11,9,0.0,0.0,0.0,70.27,0.0,0.0,0.89,99.8,3105
90051,CRACKED GLAZE NECKLACE RED,70.16,10,7,3,0.0,0.0,0.0,70.16,0.0,0.0,7.02,99.8,3106
84927A,WAKE UP COCKEREL TILE HOOK,70.45,50,18,12,0.39,1.0,0.0,70.06,0.55,0.55,1.41,99.8,3107
16161G,WRAP BAD HAIR DAY,70.0,700,22,22,0.0,0.0,0.0,70.0,0.0,0.0,0.1,99.8,3108
16020C,CLEAR STATIONERY BOX SET,69.9,84,17,1,0.0,0.0,0.0,69.9,0.0,0.0,0.83,99.81,3109
90125C,TURQUOISE BERTIE GLASS BEAD CHARM,69.85,77,7,2,0.0,0.0,0.0,69.85,0.0,0.0,0.91,99.81,3110
46126A,ELVIS WALLHANGING / CURTAIN,69.84,52,8,5,0.0,0.0,0.0,69.84,0.0,0.0,1.34,99.81,3111
90199A,5 STRAND GLASS NECKLACE BLACK,69.63,11,6,3,0.0,0.0,0.0,69.63,0.0,0.0,6.33,99.81,3112
84549,CROCHET WHITE RABBIT KEYRING,69.38,38,7,3,0.0,0.0,0.0,69.38,0.0,0.0,1.83,99.81,3113
81952V,ROUND PURPLE CLOCK WITH SUCKER,69.35,365,24,22,0.0,0.0,0.0,69.35,0.0,0.0,0.19,99.81,3114
20798,CLEAR MILKSHAKE GLASS,75.6,36,5,5,6.6,4.0,0.0,69.0,8.73,8.73,2.1,99.81,3115
90019C,SILVER BLACK ORBIT BRACELET,68.73,13,11,3,0.0,0.0,0.0,68.73,0.0,0.0,5.29,99.81,3116
85188B,PINK METAL SWINGING BUNNY,68.7,78,10,8,0.0,0.0,0.0,68.7,0.0,0.0,0.88,99.81,3117
84251B,"GREETING CARD, STICKY GORDON",70.78,245,53,12,2.28,12.0,0.0,68.5,3.22,3.22,0.29,99.81,3118
90151,SILVER/NATURAL SHELL NECKLACE,68.0,8,4,2,0.0,0.0,0.0,68.0,0.0,0.0,8.5,99.81,3119
90194,SILVER LARIAT BLACK STONE EARRINGS,67.87,16,10,6,0.0,0.0,0.0,67.87,0.0,0.0,4.24,99.81,3120
90000B,MIDNIGHT BLUE COPPER FLOWER NECKLAC,67.83,11,7,2,0.0,0.0,0.0,67.83,0.0,0.0,6.17,99.81,3121
90155,RESIN NECKLACE W PASTEL BEADS,67.62,9,7,4,0.0,0.0,0.0,67.62,0.0,0.0,7.51,99.81,3122
84874B,BLUE TRAVEL FIRST AID KIT,67.51,41,14,7,0.0,0.0,0.0,67.51,0.0,0.0,1.65,99.82,3123
82011A,"BATHROOM SCALES, TROPICAL BEACH",67.5,18,12,8,0.0,0.0,0.0,67.5,0.0,0.0,3.75,99.82,3124
35916A,YELLOW FELT HANGING HEART W FLOWER,67.39,87,29,3,0.0,0.0,0.0,67.39,0.0,0.0,0.77,99.82,3125
90144,SILVER DROP EARRINGS WITH FLOWER,67.36,18,14,3,0.0,0.0,0.0,67.36,0.0,0.0,3.74,99.82,3126
90040B,MURANO STYLE GLASS BRACELET BLACK,66.7,18,11,2,0.0,0.0,0.0,66.7,0.0,0.0,3.71,99.82,3127
35819P,"ACRYLIC HANGING JEWEL,PINK",66.55,95,7,7,0.0,0.0,0.0,66.55,0.0,0.0,0.7,99.82,3128
84686,BEACH HUT MIRROR,66.39,49,8,7,0.0,0.0,0.0,66.39,0.0,0.0,1.35,99.82,3129
17011F,ORIGAMI SANDLEWOOD INCENSE+FLOWER,66.36,81,7,6,0.0,0.0,0.0,66.36,0.0,0.0,0.82,99.82,3130
37444A,YELLOW BREAKFAST CUP AND SAUCER,66.35,53,18,9,0.0,0.0,0.0,66.35,0.0,0.0,1.25,99.82,3131
20663,QUEEN OF THE SKIES HOLIDAY PURSE,66.26,25,20,3,0.0,0.0,0.0,66.26,0.0,0.0,2.65,99.82,3132
85008,SET OF 3 CONEY ISLAND OVAL BOXES,66.12,13,8,7,0.0,0.0,0.0,66.12,0.0,0.0,5.09,99.82,3133
20835,FRENCH LATTICE CUSHION COVER,65.8,67,8,7,0.0,0.0,0.0,65.8,0.0,0.0,0.98,99.82,3134
20980,36 PENCILS TUBE POSY,76.91,79,20,10,11.25,9.0,0.0,65.66,14.63,14.63,0.97,99.82,3135
90214L,"LETTER ""L"" BLING KEY RING",65.04,94,37,4,0.0,0.0,0.0,65.04,0.0,0.0,0.69,99.82,3136
84247N,PACK/12 BLUE FOLKART CARDS,64.9,22,18,16,0.0,0.0,0.0,64.9,0.0,0.0,2.95,99.82,3137
90174,BUTTERFLY HAIR BAND,95.42,38,21,4,30.6,12.0,0.0,64.82,32.07,32.07,2.51,99.83,3138
84859B,BLUE DISCO HANDBAG,64.81,31,11,10,0.0,0.0,0.0,64.81,0.0,0.0,2.09,99.83,3139
90059A,DIAMANTE HAIR GRIP PACK/2 CRYSTAL,74.53,45,27,1,9.9,6.0,0.0,64.63,13.28,13.28,1.66,99.83,3140
90186B,CRYSTAL HOOP EARRING FLORAL LEAF,64.58,22,15,6,0.0,0.0,0.0,64.58,0.0,0.0,2.94,99.83,3141
21031,SPACE CADET BLACK,64.24,52,19,9,0.0,0.0,0.0,64.24,0.0,0.0,1.24,99.83,3142
90036F,"FLOWER GLASS GARLD NECKL36""TURQUOIS",64.08,8,5,1,0.0,0.0,0.0,64.08,0.0,0.0,8.01,99.83,3143
90181A,AMBER GLASS/SHELL/PEARL NECKLACE,64.04,7,7,1,0.0,0.0,0.0,64.04,0.0,0.0,9.15,99.83,3144
21692,SILVER LATTICE VANILLA CANDLE POT,63.75,17,7,7,0.0,0.0,0.0,63.75,0.0,0.0,3.75,99.83,3145
84875D,BLUE SQUARE COMPACT MIRROR,63.75,51,8,8,0.0,0.0,0.0,63.75,0.0,0.0,1.25,99.83,3146
84673A,PINK FLY SWAT,63.72,92,43,21,0.0,0.0,0.0,63.72,0.0,0.0,0.69,99.83,3147
72133,COLUMBIAN CANDLE RECTANGLE,63.51,45,16,11,0.0,0.0,0.0,63.51,0.0,0.0,1.41,99.83,3148
90196B,BLACK GEMSTONE NECKLACE 45CM,63.48,5,5,4,0.0,0.0,0.0,63.48,0.0,0.0,12.7,99.83,3149
35815P,"ACRYLIC JEWEL SNOWFLAKE, PINK",63.28,162,5,5,0.0,0.0,0.0,63.28,0.0,0.0,0.39,99.83,3150
62094B,TURQ ICE CREAM BUM BAG,63.21,19,8,2,0.0,0.0,0.0,63.21,0.0,0.0,3.33,99.83,3151
90141A,GREEN PENDANT TRIPLE SHELL NECKLACE,63.11,12,10,2,0.0,0.0,0.0,63.11,0.0,0.0,5.26,99.83,3152
22145,CHRISTMAS CRAFT HEART STOCKING,63.0,30,1,1,0.0,0.0,0.0,63.0,0.0,0.0,2.1,99.84,3153
17012E,ORIGAMI OPIUM INCENSE/CANDLE SET,62.64,44,10,3,0.0,0.0,0.0,62.64,0.0,0.0,1.42,99.84,3154
40046A,RED DAISY PAPER LAMPSHADE,62.5,50,6,6,0.0,0.0,0.0,62.5,0.0,0.0,1.25,99.84,3155
84760S,SMALL HANGING GLASS+ZINC LANTERN,62.35,43,8,8,0.0,0.0,0.0,62.35,0.0,0.0,1.45,99.84,3156
84247L,FAWN AND MUSHROOM GREETING CARD,62.06,128,19,8,0.0,0.0,0.0,62.06,0.0,0.0,0.48,99.84,3157
20848,ZINC HEART LATTICE CHARGER SMALL,61.95,21,8,7,0.0,0.0,0.0,61.95,0.0,0.0,2.95,99.84,3158
90210B,CLEAR ACRYLIC FACETED BANGLE,61.56,41,7,6,0.0,0.0,0.0,61.56,0.0,0.0,1.5,99.84,3159
90087,CRYSTAL SEA HORSE PHONE CHARM,61.46,107,25,4,0.0,0.0,0.0,61.46,0.0,0.0,0.57,99.84,3160
85160B,BLACK BIRD GARDEN DESIGN MUG,62.24,106,16,15,0.78,2.0,0.0,61.46,1.25,1.25,0.59,99.84,3161
16151A,FLOWERS HANDBAG BLUE AND ORANGE,61.25,49,3,3,0.0,0.0,0.0,61.25,0.0,0.0,1.25,99.84,3162
90183B,AMETHYST DROP EARRINGS W LONG BEADS,61.08,21,17,0,0.0,0.0,0.0,61.08,0.0,0.0,2.91,99.84,3163
71495B,CD WALL TIDY RED FLOWERS,61.05,163,8,4,0.0,0.0,0.0,61.05,0.0,0.0,0.37,99.84,3164
90214K,"LETTER ""K"" BLING KEY RING",60.7,78,38,6,0.0,0.0,0.0,60.7,0.0,0.0,0.78,99.84,3165
84984D,ORIENTAL RED CUSHION COVER,60.45,13,4,3,0.0,0.0,0.0,60.45,0.0,0.0,4.65,99.84,3166
84805A,CREAM CLIMBING HYDRANGA ART FLOWER,60.0,32,4,3,0.0,0.0,0.0,60.0,0.0,0.0,1.88,99.84,3167
90031,BILI NUT AND WOOD NECKLACE,59.89,50,7,5,0.0,0.0,0.0,59.89,0.0,0.0,1.2,99.84,3168
90206A,GOLD DIAMANTE STAR BROOCH,59.8,12,9,2,0.0,0.0,0.0,59.8,0.0,0.0,4.98,99.85,3169
23629,SET 10 CARDS DRESSING UP 17077,59.76,24,10,0,0.0,0.0,0.0,59.76,0.0,0.0,2.49,99.85,3170
84452,METAL RABBIT LADDER EASTER,62.9,74,16,14,3.4,4.0,0.0,59.5,5.41,5.41,0.85,99.85,3171
84840,SWEETHEART CARRY-ALL BASKET,76.44,6,6,3,17.0,2.0,0.0,59.44,22.24,22.24,12.74,99.85,3172
21910,WAY OUT METAL SIGN,59.4,36,8,8,0.0,0.0,0.0,59.4,0.0,0.0,1.65,99.85,3173
90118,PINK DAISY BAG CHARM,74.64,30,19,1,15.3,6.0,0.0,59.34,20.5,20.5,2.49,99.85,3174
79071B,ENGLISH ROSE METAL WASTE BIN,59.0,20,11,10,0.0,0.0,0.0,59.0,0.0,0.0,2.95,99.85,3175
90185B,AMETHYST DIAMANTE EXPANDABLE RING,97.02,23,12,3,38.25,9.0,0.0,58.77,39.42,39.42,4.22,99.85,3176
90098,NECKLACE+BRACELET PINK BUTTERFLY,73.95,29,10,9,15.3,6.0,0.0,58.65,20.69,20.69,2.55,99.85,3177
20760,GARDEN PATH POCKET BOOK,58.65,69,21,18,0.0,0.0,0.0,58.65,0.0,0.0,0.85,99.85,3178
72134,COLUMBIAN  CUBE CANDLE,58.62,105,11,6,0.0,0.0,0.0,58.62,0.0,0.0,0.56,99.85,3179
90177C,DROP DIAMANTE EARRINGS CRYSTAL,76.23,26,14,3,17.7,6.0,0.0,58.53,23.22,23.22,2.93,99.85,3180
90190C,SILVER/AMETHYST DROP EARRINGS LEAF,58.43,20,19,4,0.0,0.0,0.0,58.43,0.0,0.0,2.92,99.85,3181
84877A,PINK ROUND COMPACT MIRROR,58.16,40,4,1,0.0,0.0,0.0,58.16,0.0,0.0,1.45,99.85,3182
90082D,DIAMANTE BOW BROOCH BLACK COLOUR,58.03,9,5,4,0.0,0.0,0.0,58.03,0.0,0.0,6.45,99.85,3183
71406C,BLACK ORANGE SQUEEZER,57.96,138,21,13,0.0,0.0,0.0,57.96,0.0,0.0,0.42,99.85,3184
90210A,GREY ACRYLIC FACETED BANGLE,57.55,34,10,3,0.0,0.0,0.0,57.55,0.0,0.0,1.69,99.85,3185
84466,TOP SECRET PEN SET,57.5,46,10,8,0.0,0.0,0.0,57.5,0.0,0.0,1.25,99.86,3186
84597C,RETRO PINK BALL ASHTRAY,57.5,46,13,11,0.0,0.0,0.0,57.5,0.0,0.0,1.25,99.86,3187
72801G,4 BURGUNDY WINE DINNER CANDLES,57.46,45,13,9,0.0,0.0,0.0,57.46,0.0,0.0,1.28,99.86,3188
85006,SET 4 NURSERY DES ROUND BOXES,57.25,55,9,9,0.0,0.0,0.0,57.25,0.0,0.0,1.04,99.86,3189
90214J,"LETTER ""J"" BLING KEY RING",57.21,71,41,3,0.0,0.0,0.0,57.21,0.0,0.0,0.81,99.86,3190
21460,GREEN EASTER EGG HUNT START POST,56.78,28,11,9,0.0,0.0,0.0,56.78,0.0,0.0,2.03,99.86,3191
90199B,5 STRAND GLASS NECKLACE AMETHYST,56.59,9,8,1,0.0,0.0,0.0,56.59,0.0,0.0,6.29,99.86,3192
44236,PINK/PURPLE CIRCLE CURTAIN,56.52,52,6,6,0.0,0.0,0.0,56.52,0.0,0.0,1.09,99.86,3193
47341B,BLUE TABLE RUN FLOWER,56.25,45,11,11,0.0,0.0,0.0,56.25,0.0,0.0,1.25,99.86,3194
90038A,GLASS AND PAINTED BEADS BRACELET TO,56.15,15,10,1,0.0,0.0,0.0,56.15,0.0,0.0,3.74,99.86,3195
90177D,DROP DIAMANTE EARRINGS PURPLE,73.53,25,14,5,17.7,6.0,0.0,55.83,24.07,24.07,2.94,99.86,3196
84679,CLASSICAL ROSE TABLE LAMP,55.7,6,2,2,0.0,0.0,0.0,55.7,0.0,0.0,9.28,99.86,3197
21777,RECIPE BOX WITH METAL HEART,95.4,12,6,3,39.75,5.0,0.0,55.65,41.67,41.67,7.95,99.86,3198
16046,TEATIME PEN CASE & PENS,55.25,65,14,13,0.0,0.0,0.0,55.25,0.0,0.0,0.85,99.86,3199
90023,FILIGREE DIAMANTE EARRINGS,55.02,13,9,2,0.0,0.0,0.0,55.02,0.0,0.0,4.23,99.86,3200
90071,RUBY GLASS CLUSTER EARRINGS,54.62,44,33,1,0.0,0.0,0.0,54.62,0.0,0.0,1.24,99.86,3201
84750B,BLACK SMALL GLASS CAKE STAND,54.99,61,12,12,0.39,1.0,0.0,54.6,0.71,0.71,0.9,99.86,3202
72132,COLUMBIAN CUBE CANDLE,54.6,28,12,9,0.0,0.0,0.0,54.6,0.0,0.0,1.95,99.87,3203
21336,GOLD WASHBAG,54.57,27,10,3,0.0,0.0,0.0,54.57,0.0,0.0,2.02,99.87,3204
90040C,MURANO STYLE GLASS BRACELET GOLD,54.42,15,10,3,0.0,0.0,0.0,54.42,0.0,0.0,3.63,99.87,3205
20759,CHRYSANTHEMUM POCKET BOOK,54.4,64,20,17,0.0,0.0,0.0,54.4,0.0,0.0,0.85,99.87,3206
90040A,MURANO STYLE GLASS BRACELET RED,54.29,14,5,2,0.0,0.0,0.0,54.29,0.0,0.0,3.88,99.87,3207
84534B,FAIRY CAKE NOTEBOOK A5 SIZE,54.04,55,12,5,0.0,0.0,0.0,54.04,0.0,0.0,0.98,99.87,3208
84251C,"GREETING CARD, TWO SISTERS.",53.88,127,40,2,0.0,0.0,0.0,53.88,0.0,0.0,0.42,99.87,3209
90012A,MIDNIGHT BLUE DROP CRYSTAL NECKLACE,53.76,11,5,2,0.0,0.0,0.0,53.76,0.0,0.0,4.89,99.87,3210
90035A,"PEARL & SHELL 42""NECKL. GREEN",53.62,5,3,1,0.0,0.0,0.0,53.62,0.0,0.0,10.72,99.87,3211
20851,ZINC HEART LATTICE TRAY OVAL,53.55,9,7,5,0.0,0.0,0.0,53.55,0.0,0.0,5.95,99.87,3212
47586A,PINK FAIRY CAKE CUSHION COVER,53.55,21,8,7,0.0,0.0,0.0,53.55,0.0,0.0,2.55,99.87,3213
20756,GREEN FERN POCKET BOOK,53.55,63,22,20,0.0,0.0,0.0,53.55,0.0,0.0,0.85,99.87,3214
90123B,TURQUOISE HEART OF GLASS BRACELET,53.42,9,5,4,0.0,0.0,0.0,53.42,0.0,0.0,5.94,99.87,3215
90214E,"LETTER ""E"" BLING KEY RING",53.2,72,30,6,0.0,0.0,0.0,53.2,0.0,0.0,0.74,99.87,3216
90163B,WHITE ROSEBUD & PEARL NECKLACE,52.72,7,5,1,0.0,0.0,0.0,52.72,0.0,0.0,7.53,99.87,3217
84842,HELLO SAILOR BATHROOM SET,52.5,14,9,8,0.0,0.0,0.0,52.5,0.0,0.0,3.75,99.87,3218
84805B,BLUE CLIMBING HYDRANGA ART FLOWER,52.5,38,3,3,0.0,0.0,0.0,52.5,0.0,0.0,1.38,99.87,3219
90138,WHITE/PINK MINI CRYSTALS NECKLACE,52.42,10,7,1,0.0,0.0,0.0,52.42,0.0,0.0,5.24,99.87,3220
90141C,TURQ PENDANT TRIPLE SHELL NECKLACE,52.31,10,8,2,0.0,0.0,0.0,52.31,0.0,0.0,5.23,99.88,3221
35265,COLOURFUL FLOWER FRUIT BOWL,52.2,17,12,11,0.0,0.0,0.0,52.2,0.0,0.0,3.07,99.88,3222
84985A,SET OF 72 GREEN PAPER DOILIES,59.45,41,18,15,7.25,5.0,7.25,52.2,12.2,0.0,1.45,99.88,3223
85028S,FRENCH CHATEAU SMALL FRUITBOWL,51.6,24,8,8,0.0,0.0,0.0,51.6,0.0,0.0,2.15,99.88,3224
90205A,LARGE MINT DIAMANTE HAIRSLIDE,51.51,31,16,6,0.0,0.0,0.0,51.51,0.0,0.0,1.66,99.88,3225
84597B,RETRO BROWN BALL ASHTRAY,51.25,41,5,3,0.0,0.0,0.0,51.25,0.0,0.0,1.25,99.88,3226
20910,VINTAGE PHOTO ALBUM PARIS DAYS,50.8,8,3,2,0.0,0.0,0.0,50.8,0.0,0.0,6.35,99.88,3227
84510E,SET OF 4 GREEN CAROUSEL COASTERS,50.75,35,17,9,0.0,0.0,0.0,50.75,0.0,0.0,1.45,99.88,3228
17007B,S/3 POT POURI CUSHIONS BLUE COLOURS,50.4,24,2,2,0.0,0.0,0.0,50.4,0.0,0.0,2.1,99.88,3229
47348A,FUSCHIA VOILE POINTY SHOE DEC,50.31,97,15,11,0.0,0.0,0.0,50.31,0.0,0.0,0.52,99.88,3230
90024B,NEW BAROQUE B'FLY NECKLACE RED,67.28,8,6,2,17.0,2.0,0.0,50.28,25.27,25.27,8.41,99.88,3231
44242B,PINK FEATHERS CURTAIN,50.28,52,3,3,0.0,0.0,0.0,50.28,0.0,0.0,0.97,99.88,3232
90214D,"LETTER ""D"" BLING KEY RING",49.9,68,32,5,0.0,0.0,0.0,49.9,0.0,0.0,0.73,99.88,3233
90214M,"LETTER ""M"" BLING KEY RING",49.82,60,28,3,0.0,0.0,0.0,49.82,0.0,0.0,0.83,99.88,3234
90180B,PURPLE AMETHYST NECKLACE W TASSEL,49.81,5,5,3,0.0,0.0,0.0,49.81,0.0,0.0,9.96,99.88,3235
23603,SET 10 CARD KRAFT REINDEER 17084,49.8,20,14,0,0.0,0.0,0.0,49.8,0.0,0.0,2.49,99.88,3236
90079,VINTAGE ENAMEL & CRYSTAL NECKLACE,49.76,10,4,2,0.0,0.0,0.0,49.76,0.0,0.0,4.98,99.88,3237
20667,CHERRY BLOSSOM PURSE,49.69,20,16,1,0.0,0.0,0.0,49.69,0.0,0.0,2.48,99.88,3238
90142D,MOP PENDANT SHELL NECKLACE,49.64,10,4,3,0.0,0.0,0.0,49.64,0.0,0.0,4.96,99.88,3239
90157,RIVIERA NECKLACE,49.59,10,5,2,0.0,0.0,0.0,49.59,0.0,0.0,4.96,99.88,3240
21089,SET/6 GREEN SPRING PAPER CUPS,48.99,233,25,23,0.0,0.0,0.0,48.99,0.0,0.0,0.21,99.89,3241
90038B,GLASS AND PAINTED BEADS BRACELET OL,48.77,13,8,1,0.0,0.0,0.0,48.77,0.0,0.0,3.75,99.89,3242
84497,BUTTONS AND STRIPES NOTEBOOK,48.75,13,7,7,0.0,0.0,0.0,48.75,0.0,0.0,3.75,99.89,3243
90002D,FLOWER BURST SILVER RING CRYSTAL,48.71,13,9,5,0.0,0.0,0.0,48.71,0.0,0.0,3.75,99.89,3244
20697,LITTLE GREEN MONSTER SOFT TOY,48.45,19,11,8,0.0,0.0,0.0,48.45,0.0,0.0,2.55,99.89,3245
21720,CAKE SHOP  STICKER SHEET,48.45,57,8,8,0.0,0.0,0.0,48.45,0.0,0.0,0.85,99.89,3246
DCGS0076,SUNJAR LED NIGHT NIGHT LIGHT,48.39,3,2,0,0.0,0.0,0.0,48.39,0.0,0.0,16.13,99.89,3247
90205C,LARGE CRYSTAL DIAMANTE HAIRSLIDE,48.21,29,15,3,0.0,0.0,0.0,48.21,0.0,0.0,1.66,99.89,3248
84402B,PURPLE DRESS JEWELLERY STAND,48.19,61,3,3,0.0,0.0,0.0,48.19,0.0,0.0,0.79,99.89,3249
90125B,AQUA BERTIE GLASS BEAD BAG CHARM,48.06,30,12,3,0.0,0.0,0.0,48.06,0.0,0.0,1.6,99.89,3250
21816,CHRISTMAS TREE T-LIGHT HOLDER,47.85,33,7,6,0.0,0.0,0.0,47.85,0.0,0.0,1.45,99.89,3251
90036A,FLOWER GARLAND NECKLACE RED,47.7,6,4,3,0.0,0.0,0.0,47.7,0.0,0.0,7.95,99.89,3252
84927D,LA PALMIERA TILE HOOK,51.86,47,14,9,4.2,2.0,0.0,47.66,8.1,8.1,1.1,99.89,3253
90165B,WHITE ROSEBUD  PEARL EARRINGS,47.43,19,18,1,0.0,0.0,0.0,47.43,0.0,0.0,2.5,99.89,3254
90065A,WHITE VINTAGE CRYSTAL BRACELET,47.25,7,4,3,0.0,0.0,0.0,47.25,0.0,0.0,6.75,99.89,3255
17084J,LOVE POTION MASALA INCENSE,47.25,225,8,8,0.0,0.0,0.0,47.25,0.0,0.0,0.21,99.89,3256
84706F,RED PEONY TABLE CLOCK,47.2,16,10,9,0.0,0.0,0.0,47.2,0.0,0.0,2.95,99.89,3257
84715,SET OF 6 ICE CREAM SKITTLES,47.2,16,3,3,0.0,0.0,0.0,47.2,0.0,0.0,2.95,99.89,3258
90190A,SILVER/CRYSTAL DROP EARRINGS W LEAF,46.76,16,10,1,0.0,0.0,0.0,46.76,0.0,0.0,2.92,99.89,3259
90202D,PINK ENAMEL FLOWER HAIR TIE,64.46,22,11,2,17.7,6.0,0.0,46.76,27.46,27.46,2.93,99.89,3260
90202A,PURPLE ENAMEL FLOWER HAIR TIE,64.28,22,15,1,17.7,6.0,0.0,46.58,27.54,27.54,2.92,99.9,3261
21392,RED POLKADOT PUDDING BOWL,46.39,34,7,5,0.0,0.0,0.0,46.39,0.0,0.0,1.36,99.9,3262
84801B,WHITE HYDRANGEA ART FLOWER,46.2,22,3,3,0.0,0.0,0.0,46.2,0.0,0.0,2.1,99.9,3263
90018C,SILVER BLACK ORBIT DROP EARRINGS,50.4,12,9,3,4.25,1.0,0.0,46.15,8.43,8.43,4.2,99.9,3264
85031A,ROMANTIC IMAGES SCRAP BOOK SET,45.9,16,7,7,0.0,0.0,0.0,45.9,0.0,0.0,2.87,99.9,3265
90012B,BLACK DROP CRYSTAL NECKLACE,45.35,13,3,2,0.0,0.0,0.0,45.35,0.0,0.0,3.49,99.9,3266
90176D,DIAMANTE NECKLACE PURPLE,52.5,7,4,4,7.5,1.0,0.0,45.0,14.29,14.29,7.5,99.9,3267
23625,SET 6 CARDS SPARKLY REINDEER 17262,44.91,9,4,0,0.0,0.0,0.0,44.91,0.0,0.0,4.99,99.9,3268
90141B,IVORY PENDANT TRIPLE SHELL NECKLACE,44.86,9,5,2,0.0,0.0,0.0,44.86,0.0,0.0,4.98,99.9,3269
84086B,YELLOW/BLUE RETRO RADIO,47.2,16,7,3,2.95,1.0,0.0,44.25,6.25,6.25,2.95,99.9,3270
85185D,FROG SOCK PUPPET,44.25,15,8,7,0.0,0.0,0.0,44.25,0.0,0.0,2.95,99.9,3271
20670,VIP HOLIDAY PURSE,44.04,14,11,5,0.0,0.0,0.0,44.04,0.0,0.0,3.15,99.9,3272
47344B,BLUE FLOWER DES PURSE,43.66,44,6,6,0.0,0.0,0.0,43.66,0.0,0.0,0.99,99.9,3273
79063C,"RETRO PILL BOX KEY CHAIN,THE KING",43.65,235,14,13,0.0,0.0,0.0,43.65,0.0,0.0,0.19,99.9,3274
90056,CHUNKY CRACKED GLAZE NECKLACE IVORY,43.51,4,4,0,0.0,0.0,0.0,43.51,0.0,0.0,10.88,99.9,3275
20698,LITTLE PINK MONSTER SOFT TOY,43.35,17,8,7,0.0,0.0,0.0,43.35,0.0,0.0,2.55,99.9,3276
90014C,SILVER/BLACK ORBIT NECKLACE,43.2,5,4,3,0.0,0.0,0.0,43.2,0.0,0.0,8.64,99.9,3277
23038,T-LIGHT HOLDER SILVER SAUCER,42.92,44,8,4,0.0,0.0,0.0,42.92,0.0,0.0,0.98,99.9,3278
84857B,BLUE MONTE CARLO HANDBAG,46.8,24,1,1,3.9,2.0,0.0,42.9,8.33,8.33,1.95,99.9,3279
84539,KNITTED RABBIT DOLL,42.9,26,2,1,0.0,0.0,0.0,42.9,0.0,0.0,1.65,99.9,3280
22987,WRAP SUMMER ROSE DESIGN,42.84,102,5,4,0.0,0.0,0.0,42.84,0.0,0.0,0.42,99.9,3281
20818,GOLD TEDDY BEAR,42.7,15,5,2,0.0,0.0,0.0,42.7,0.0,0.0,2.85,99.9,3282
16254,TRANSPARENT ACRYLIC TAPE DISPENSER,42.58,40,17,7,0.0,0.0,0.0,42.58,0.0,0.0,1.06,99.91,3283
84922,PINK BUTTERFLY WASHBAG,42.29,9,6,5,0.0,0.0,0.0,42.29,0.0,0.0,4.7,99.91,3284
37444C,PINK BREAKFAST CUP AND SAUCER,42.27,21,9,5,0.0,0.0,0.0,42.27,0.0,0.0,2.01,99.91,3285
90029,NEW BAROQUE SMALL NECKLACE BLACK,42.14,5,4,2,0.0,0.0,0.0,42.14,0.0,0.0,8.43,99.91,3286
90024F,NEW BAROQUE B'FLY NECKLACE CRYSTAL,42.13,5,4,1,0.0,0.0,0.0,42.13,0.0,0.0,8.43,99.91,3287
90185C,BLACK DIAMANTE EXPANDABLE RING,110.09,26,10,5,68.0,16.0,0.0,42.09,61.77,61.77,4.23,99.91,3288
17084A,TRANQUILITY MASALA INCENSE,42.0,200,7,7,0.0,0.0,0.0,42.0,0.0,0.0,0.21,99.91,3289
90050,CRACKED GLAZE NECKLACE IVORY,55.72,8,4,2,13.9,2.0,0.0,41.82,24.95,24.95,6.96,99.91,3290
90120D,WHITE MURANO TWIST BRACELET,41.79,10,5,2,0.0,0.0,0.0,41.79,0.0,0.0,4.18,99.91,3291
20666,ECONOMY HOLIDAY PURSE,41.53,30,17,4,0.0,0.0,0.0,41.53,0.0,0.0,1.38,99.91,3292
15030,FAN BLACK FRAME,41.47,143,12,11,0.0,0.0,0.0,41.47,0.0,0.0,0.29,99.91,3293
90211B,JET BLACK LAS VEGAS NECKLACE 45CM,53.26,9,6,2,11.9,2.0,0.0,41.36,22.34,22.34,5.92,99.91,3294
90039B,FIRE POLISHED GLASS BRACELET MONTAN,41.31,11,6,1,0.0,0.0,0.0,41.31,0.0,0.0,3.76,99.91,3295
90003B,ROSE COLOUR PAIR HEART HAIR SLIDES,56.31,15,10,3,15.0,4.0,0.0,41.31,26.64,26.64,3.75,99.91,3296
90162C,ANT SILVER FUSCHIA BOUDICCA RING,41.3,14,7,3,0.0,0.0,0.0,41.3,0.0,0.0,2.95,99.91,3297
75013B,"STRING OF 8 BUTTERFLIES,PINK",41.25,25,6,6,0.0,0.0,0.0,41.25,0.0,0.0,1.65,99.91,3298
23448,CREAM BUNNY EASTER EGG BASKET,41.25,25,3,3,0.0,0.0,0.0,41.25,0.0,0.0,1.65,99.91,3299
84921,CREAM AND PINK FLOWERS PONY,41.25,11,5,5,0.0,0.0,0.0,41.25,0.0,0.0,3.75,99.91,3300
90064B,BLACK VINTAGE  CRYSTAL EARRINGS,45.0,12,7,6,3.75,1.0,0.0,41.25,8.33,8.33,3.75,99.91,3301
90067A,PINK VINTAGE VICTORIAN EARRINGS,41.15,14,7,3,0.0,0.0,0.0,41.15,0.0,0.0,2.94,99.91,3302
90202C,GREEN ENAMEL FLOWER HAIR TIE,58.71,20,14,2,17.7,6.0,0.0,41.01,30.15,30.15,2.94,99.91,3303
90177B,DROP DIAMANTE EARRINGS BLACK DIAMON,41.01,14,7,2,0.0,0.0,0.0,41.01,0.0,0.0,2.93,99.91,3304
90130C,GREEN STONE/CRYSTAL EARRINGS,40.95,14,13,0,0.0,0.0,0.0,40.95,0.0,0.0,2.92,99.91,3305
71495A,CD WALL TIDY BLUE OFFICE,40.38,103,8,2,0.0,0.0,0.0,40.38,0.0,0.0,0.39,99.91,3306
10120,DOGGY RUBBER,40.32,192,29,25,0.0,0.0,0.0,40.32,0.0,0.0,0.21,99.92,3307
90214G,"LETTER ""G"" BLING KEY RING",40.2,60,30,5,0.0,0.0,0.0,40.2,0.0,0.0,0.67,99.92,3308
85092,CANDY SPOT TEA COSY,40.05,27,2,2,0.0,0.0,0.0,40.05,0.0,0.0,1.48,99.92,3309
90187B,GREEN DROP EARRINGS W BEAD CLUSTER,40.03,12,8,1,0.0,0.0,0.0,40.03,0.0,0.0,3.34,99.92,3310
90165A,PINK ROSEBUD PEARL EARRINGS,39.98,16,15,0,0.0,0.0,0.0,39.98,0.0,0.0,2.5,99.92,3311
72369A,PINK CLEAR GLASS CANDLE PLATE,39.92,30,5,3,0.0,0.0,0.0,39.92,0.0,0.0,1.33,99.92,3312
90135,ORANGE/WHT/FUSCHIA STONES NECKLACE,39.66,8,2,1,0.0,0.0,0.0,39.66,0.0,0.0,4.96,99.92,3313
84725,FREESTYLE CANVAS ART PICTURE,39.65,41,18,16,0.0,0.0,0.0,39.65,0.0,0.0,0.97,99.92,3314
21307,SET/4 BUTTERFLY MIRROR MAGNETS,39.2,79,13,11,0.0,0.0,0.0,39.2,0.0,0.0,0.5,99.92,3315
35910A,MULTICOLOUR EASTER RABBIT,39.0,20,4,4,0.0,0.0,0.0,39.0,0.0,0.0,1.95,99.92,3316
47341A,FUSCHIA TABLE RUN FLOWER,38.75,27,5,5,0.0,0.0,0.0,38.75,0.0,0.0,1.44,99.92,3317
90064A,WHITE VINTAGE CRYSTAL EARRINGS,38.7,10,6,3,0.0,0.0,0.0,38.7,0.0,0.0,3.87,99.92,3318
21393,BLUE POLKADOT PUDDING BOWL,38.67,29,7,7,0.0,0.0,0.0,38.67,0.0,0.0,1.33,99.92,3319
85089,CANDY SPOT BUNNY,38.35,13,5,5,0.0,0.0,0.0,38.35,0.0,0.0,2.95,99.92,3320
84746,PINK EASTER HENS+FLOWER,38.31,14,9,1,0.0,0.0,0.0,38.31,0.0,0.0,2.74,99.92,3321
84617,NEW BAROQUE BLACK BOXES,38.25,3,3,3,0.0,0.0,0.0,38.25,0.0,0.0,12.75,99.92,3322
84925D,LA PALMIERA WALL THERMOMETER,38.25,15,10,8,0.0,0.0,0.0,38.25,0.0,0.0,2.55,99.92,3323
90190B,GOLD/AMBER DROP EARRINGS W LEAF,38.18,13,7,1,0.0,0.0,0.0,38.18,0.0,0.0,2.94,99.92,3324
81952B,ROUND BLUE CLOCK WITH SUCKER,38.0,200,9,9,0.0,0.0,0.0,38.0,0.0,0.0,0.19,99.92,3325
84033,FLAG OF ST GEORGE,37.95,23,7,7,0.0,0.0,0.0,37.95,0.0,0.0,1.65,99.92,3326
84809B,PINK CHRYSANTHEMUMS ART FLOWER,37.8,18,1,1,0.0,0.0,0.0,37.8,0.0,0.0,2.1,99.92,3327
90075,MONTANA DIAMOND CLUSTER NECKLACE,37.66,4,3,0,0.0,0.0,0.0,37.66,0.0,0.0,9.41,99.92,3328
90199D,5 STRAND GLASS NECKLACE AMBER,37.62,6,6,2,0.0,0.0,0.0,37.62,0.0,0.0,6.27,99.92,3329
90212B,JET BLACK LAS VEGAS BRACELET ROUND,37.62,10,8,1,0.0,0.0,0.0,37.62,0.0,0.0,3.76,99.92,3330
72709,IVORY SCULPTED RND CANDLE,37.4,44,7,4,0.0,0.0,0.0,37.4,0.0,0.0,0.85,99.92,3331
47420,ASSORTED COLOUR SUCTION CUP HOOK,37.24,196,13,11,0.0,0.0,0.0,37.24,0.0,0.0,0.19,99.93,3332
90074,BLACK DIAMOND CLUSTER NECKLACE,37.24,4,3,1,0.0,0.0,0.0,37.24,0.0,0.0,9.31,99.93,3333
84522,PINK PARTY SUNGLASSES,36.76,20,12,6,0.0,0.0,0.0,36.76,0.0,0.0,1.84,99.93,3334
90214H,"LETTER ""H"" BLING KEY RING",36.76,48,30,4,0.0,0.0,0.0,36.76,0.0,0.0,0.77,99.93,3335
90085,CRYSTAL STILETTO PHONE CHARM,36.76,34,10,2,0.0,0.0,0.0,36.76,0.0,0.0,1.08,99.93,3336
71510,SQUARE METAL CANDLEHOLDER BASE,36.52,52,8,5,0.0,0.0,0.0,36.52,0.0,0.0,0.7,99.93,3337
84751B,BLACK MEDIUM GLASS CAKE STAND,37.11,17,8,8,0.79,1.0,0.0,36.32,2.13,2.13,2.18,99.93,3338
84548,CROCHET BEAR RED/BLUE  KEYRING,36.3,22,4,3,0.0,0.0,0.0,36.3,0.0,0.0,1.65,99.93,3339
17090D,VANILLA INCENSE 40 CONES IN TIN,36.25,29,12,6,0.0,0.0,0.0,36.25,0.0,0.0,1.25,99.93,3340
84226,HEN HOUSE W FAMILY IN BARN & NEST,36.21,51,10,9,0.0,0.0,0.0,36.21,0.0,0.0,0.71,99.93,3341
85216,ASSORTED CAKES FRIDGE MAGNETS,35.75,55,8,6,0.0,0.0,0.0,35.75,0.0,0.0,0.65,99.93,3342
90094,NECKLACE+BRACELET SET FRUIT SALAD,35.7,14,13,12,0.0,0.0,0.0,35.7,0.0,0.0,2.55,99.93,3343
35913B,WHITE/PINK CHICK EASTER DECORATION,35.48,36,10,8,0.0,0.0,0.0,35.48,0.0,0.0,0.99,99.93,3344
90179C,BLACK FINE BEAD NECKLACE W TASSEL,35.44,6,6,1,0.0,0.0,0.0,35.44,0.0,0.0,5.91,99.93,3345
90179A,AMBER FINE BEAD NECKLACE W TASSEL,35.31,6,5,2,0.0,0.0,0.0,35.31,0.0,0.0,5.89,99.93,3346
90123D,WHITE HEART OF GLASS BRACELET,35.31,6,5,2,0.0,0.0,0.0,35.31,0.0,0.0,5.89,99.93,3347
90011B,BLACK CRYSTAL DROP EARRINGS,35.27,12,7,2,0.0,0.0,0.0,35.27,0.0,0.0,2.94,99.93,3348
90060F,FIRE POLISHED GLASS NECKL GREEN,35.16,6,6,0,0.0,0.0,0.0,35.16,0.0,0.0,5.86,99.93,3349
79063D,"RETRO PILL BOX , REVOLUTIONARY",35.14,189,11,9,0.0,0.0,0.0,35.14,0.0,0.0,0.19,99.93,3350
90131,PINK/AMETHYST/GOLD NECKLACE,34.87,5,2,1,0.0,0.0,0.0,34.87,0.0,0.0,6.97,99.93,3351
90168,2 DAISIES HAIR COMB,52.56,18,12,1,17.7,6.0,0.0,34.86,33.68,33.68,2.92,99.93,3352
90049,IVORY GOLD METAL BAG CHARM,34.77,5,3,2,0.0,0.0,0.0,34.77,0.0,0.0,6.95,99.93,3353
20827,GOLD APERITIF GLASS,34.32,88,2,1,0.0,0.0,0.0,34.32,0.0,0.0,0.39,99.93,3354
79406,FROSTED WHITE BASE,34.12,144,8,6,0.0,0.0,0.0,34.12,0.0,0.0,0.24,99.93,3355
84873A,FUNKY FLOWER PICNIC BAG FOR 4,33.9,2,2,2,0.0,0.0,0.0,33.9,0.0,0.0,16.95,99.93,3356
90026C,GLASS BEAD HOOP NECKLACE GREEN,33.82,4,3,2,0.0,0.0,0.0,33.82,0.0,0.0,8.46,99.93,3357
90024C,NEW BAROQUE B'FLY NECKLACE GREEN,33.81,4,3,1,0.0,0.0,0.0,33.81,0.0,0.0,8.45,99.93,3358
90038C,GLASS AND BEADS BRACELET IVORY,33.69,9,4,1,0.0,0.0,0.0,33.69,0.0,0.0,3.74,99.94,3359
81950B,FLOWER BLUE CLOCK WITH SUCKER,33.64,116,8,8,0.0,0.0,0.0,33.64,0.0,0.0,0.29,99.94,3360
72783,BLACK SIL'T SQU CANDLE PLATE,33.6,16,2,2,0.0,0.0,0.0,33.6,0.0,0.0,2.1,99.94,3361
90129D,AMBER GLASS TASSLE BAG CHARM,33.44,14,7,2,0.0,0.0,0.0,33.44,0.0,0.0,2.39,99.94,3362
84575A,PINK DOG CANNISTER,39.3,14,4,4,5.95,1.0,0.0,33.35,15.14,15.14,2.81,99.94,3363
37423,WHITE WITH BLACK CATS PLATE,33.18,78,3,3,0.0,0.0,0.0,33.18,0.0,0.0,0.43,99.94,3364
90169,DAISY HAIR COMB,47.84,19,11,1,15.3,6.0,0.0,32.54,31.98,31.98,2.52,99.94,3365
35610C,WHITE CHRISTMAS FLOCK DROPLET,32.51,25,2,1,0.0,0.0,0.0,32.51,0.0,0.0,1.3,99.94,3366
84247K,"FOLK ART GREETING CARD,PACK/12",64.9,22,9,7,32.45,11.0,0.0,32.45,50.0,50.0,2.95,99.94,3367
17109D,FLOWER FAIRY INCENSE BOUQUET,32.35,61,5,4,0.0,0.0,0.0,32.35,0.0,0.0,0.53,99.94,3368
90186A,AMETHYST HOOP EARRING FLORAL LEAF,32.16,11,9,3,0.0,0.0,0.0,32.16,0.0,0.0,2.92,99.94,3369
46138B,BLUE CHENILLE SHAGGY CUSHION COVER,43.15,43,12,8,11.05,13.0,0.0,32.1,25.61,25.61,1.0,99.94,3370
37468,HARDMAN MUG 3 ASSORTED,32.03,64,13,11,0.0,0.0,0.0,32.03,0.0,0.0,0.5,99.94,3371
90202B,WHITE ENAMEL FLOWER HAIR TIE,49.65,17,10,2,17.7,6.0,0.0,31.95,35.65,35.65,2.92,99.94,3372
84824,DANISH ROSE UMBRELLA STAND,31.9,2,2,2,0.0,0.0,0.0,31.9,0.0,0.0,15.95,99.94,3373
90036B,"FLOWER GLASS GARLAND NECKL.36""GREEN",31.8,4,2,2,0.0,0.0,0.0,31.8,0.0,0.0,7.95,99.94,3374
90059D,DIAMANTE HAIR GRIP PACK/2 PERIDOT,41.45,25,19,1,9.9,6.0,0.0,31.55,23.88,23.88,1.66,99.94,3375
90059E,DIAMANTE HAIR GRIP PACK/2 RUBY,41.37,25,15,3,9.9,6.0,0.0,31.47,23.93,23.93,1.65,99.94,3376
23632,SET 10 CARDS CHEERFUL ROBIN 17065,31.2,15,10,0,0.0,0.0,0.0,31.2,0.0,0.0,2.08,99.94,3377
85018D,YULETIDE IMAGES S/6 PAPER BOXES,30.6,12,7,6,0.0,0.0,0.0,30.6,0.0,0.0,2.55,99.94,3378
44228,CANNABIS LEAF BEAD CURTAIN,30.6,36,2,2,0.0,0.0,0.0,30.6,0.0,0.0,0.85,99.94,3379
37471,MULTICOLOUR POLKADOT PLATE,30.43,29,3,1,0.0,0.0,0.0,30.43,0.0,0.0,1.05,99.94,3380
90176B,DIAMANTE NECKLACE BLACK,30.12,4,3,1,0.0,0.0,0.0,30.12,0.0,0.0,7.53,99.94,3381
20878,SET/9 CHRISTMAS T-LIGHTS SCENTED,30.0,24,7,7,0.0,0.0,0.0,30.0,0.0,0.0,1.25,99.94,3382
35610B,BLACK CHRISTMAS FLOCK DROPLET,30.0,24,1,1,0.0,0.0,0.0,30.0,0.0,0.0,1.25,99.94,3383
90195B,BLACK GEMSTONE BRACELET,29.98,4,4,3,0.0,0.0,0.0,29.98,0.0,0.0,7.5,99.94,3384
90176E,DIAMANTE NECKLACE GREEN,29.98,4,3,2,0.0,0.0,0.0,29.98,0.0,0.0,7.5,99.94,3385
90039A,FIRE POLISHED GLASS BRACELET RED,29.96,8,3,1,0.0,0.0,0.0,29.96,0.0,0.0,3.74,99.94,3386
21310,CAPIZ CHANDELIER,29.95,1,1,1,0.0,0.0,0.0,29.95,0.0,0.0,29.95,99.94,3387
90122B,JADE CRYSTAL+GLASS BRACELET,29.93,6,6,1,0.0,0.0,0.0,29.93,0.0,0.0,4.99,99.94,3388
90136,PALE PINK/AMETHYST STONE NECKLACE,29.85,3,2,2,0.0,0.0,0.0,29.85,0.0,0.0,9.95,99.94,3389
90159,COTE D'AZURE NECKLACE,29.79,6,5,2,0.0,0.0,0.0,29.79,0.0,0.0,4.97,99.94,3390
90120A,PINK MURANO TWIST BRACELET,29.73,7,3,0,0.0,0.0,0.0,29.73,0.0,0.0,4.25,99.95,3391
90001D,ANTIQUE OLIVE GREEN FLOWER EARRINGS,29.73,7,5,3,0.0,0.0,0.0,29.73,0.0,0.0,4.25,99.95,3392
21757,LIGHTHOUSE PRINTED METAL SIGN,29.7,6,3,3,0.0,0.0,0.0,29.7,0.0,0.0,4.95,99.95,3393
21040,MODERN VINTAGE COTTON SHOPPING BAG,29.7,22,8,8,0.0,0.0,0.0,29.7,0.0,0.0,1.35,99.95,3394
35816P,"ACRYLIC JEWEL ANGEL,PINK",29.64,78,2,2,0.0,0.0,0.0,29.64,0.0,0.0,0.38,99.95,3395
90214I,"LETTER ""I"" BLING KEY RING",29.62,38,13,3,0.0,0.0,0.0,29.62,0.0,0.0,0.78,99.95,3396
84706D,CHERRY BLOSSOM TABLE CLOCK,29.6,8,4,3,0.0,0.0,0.0,29.6,0.0,0.0,3.7,99.95,3397
17136A,BLUE STONES ON WIRE FOR CANDLE,29.59,352,17,16,0.0,0.0,0.0,29.59,0.0,0.0,0.08,99.95,3398
90162D,ANT SILVER PURPLE BOUDICCA RING,29.5,10,5,3,0.0,0.0,0.0,29.5,0.0,0.0,2.95,99.95,3399
84465,15 PINK FLUFFY CHICKS IN BOX,29.5,10,7,7,0.0,0.0,0.0,29.5,0.0,0.0,2.95,99.95,3400
82605,OLD DOC RUSSEL METAL SIGN,29.4,14,3,3,0.0,0.0,0.0,29.4,0.0,0.0,2.1,99.95,3401
85030,FRENCH CHATEAU OVAL PLATTER,29.25,15,6,6,0.0,0.0,0.0,29.25,0.0,0.0,1.95,99.95,3402
90214N,"LETTER ""N"" BLING KEY RING",29.23,41,24,3,0.0,0.0,0.0,29.23,0.0,0.0,0.71,99.95,3403
90183C,BLACK DROP EARRINGS W LONG BEADS,29.05,10,10,1,0.0,0.0,0.0,29.05,0.0,0.0,2.9,99.95,3404
21011,GLITTER SNOW PEAR TREE DECORATION,29.0,20,3,2,0.0,0.0,0.0,29.0,0.0,0.0,1.45,99.95,3405
84199,GLOW IN DARK DOLPHINS,28.98,138,31,28,0.0,0.0,0.0,28.98,0.0,0.0,0.21,99.95,3406
90152A,SILVER/NAT SHELL NECKLACE W PENDANT,28.76,5,5,3,0.0,0.0,0.0,28.76,0.0,0.0,5.75,99.95,3407
90093,CLEAR CRYSTAL STAR PHONE CHARM,28.57,52,10,5,0.0,0.0,0.0,28.57,0.0,0.0,0.55,99.95,3408
90027D,GLASS BEAD HOOP EARRINGS AMETHYST,28.4,9,6,1,0.0,0.0,0.0,28.4,0.0,0.0,3.16,99.95,3409
17165D,ASS COL LARGE SAND FROG P'WEIGHT,28.35,27,7,6,0.0,0.0,0.0,28.35,0.0,0.0,1.05,99.95,3410
20857,BLUE ROSE PATCH PURSE PINK BUTTERFL,52.8,32,8,7,24.75,15.0,0.0,28.05,46.88,46.88,1.65,99.95,3411
84798A,PINK FOXGLOVE ARTIIFCIAL FLOWER,58.65,23,4,3,30.6,12.0,0.0,28.05,52.17,52.17,2.55,99.95,3412
90005A,JADE GREEN ENAMEL HAIR COMB,28.02,14,10,0,0.0,0.0,0.0,28.02,0.0,0.0,2.0,99.95,3413
90214R,"LETTER ""R"" BLING KEY RING",28.01,41,25,3,0.0,0.0,0.0,28.01,0.0,0.0,0.68,99.95,3414
84613A,PINK NEW BAROQUE FLOCK CANDLESTICK,27.9,6,3,3,0.0,0.0,0.0,27.9,0.0,0.0,4.65,99.95,3415
79191D,RETRO PLASTIC DAISY TRAY,37.61,35,16,7,10.2,12.0,0.0,27.41,27.12,27.12,1.07,99.95,3416
23637,SET 10 CARDS OUT OF ORDER 17216,27.39,11,9,0,0.0,0.0,0.0,27.39,0.0,0.0,2.49,99.95,3417
23613,SET 10 XMAS CARDS & BADGES 17070,27.39,11,6,0,0.0,0.0,0.0,27.39,0.0,0.0,2.49,99.95,3418
23702,HIGH RESOLUTION IMAGE,27.0,4,3,3,0.0,0.0,0.0,27.0,0.0,0.0,6.75,99.95,3419
84675,FROG KING WATERING CAN,26.55,9,2,2,0.0,0.0,0.0,26.55,0.0,0.0,2.95,99.95,3420
35598A,DUSTY PINK CHRISTMAS TREE 60CM,26.55,9,2,2,0.0,0.0,0.0,26.55,0.0,0.0,2.95,99.95,3421
21836,GINGHAM OVEN GLOVE RED HEART,26.49,5,3,2,0.0,0.0,0.0,26.49,0.0,0.0,5.3,99.95,3422
90212C,PURPLE LAS VEGAS BRACELET ROUND,26.25,7,3,2,0.0,0.0,0.0,26.25,0.0,0.0,3.75,99.95,3423
23636,SET 10 CARDS WISHING TREE 17116,26.19,9,7,0,0.0,0.0,0.0,26.19,0.0,0.0,2.91,99.95,3424
85017C,ENVELOPE 50 CURIOUS IMAGES,26.17,49,10,10,0.0,0.0,0.0,26.17,0.0,0.0,0.53,99.96,3425
90026D,GLASS BEAD HOOP NECKLACE AMETHYST,25.5,3,3,3,0.0,0.0,0.0,25.5,0.0,0.0,8.5,99.96,3426
84968B,SET OF 16 VINTAGE IVORY CUTLERY,25.5,2,2,2,0.0,0.0,0.0,25.5,0.0,0.0,12.75,99.96,3427
72140E,BEST DAD CANDLE LETTERS,26.35,31,8,8,0.85,1.0,0.0,25.5,3.23,3.23,0.85,99.96,3428
35910B,PINK FLOWERS RABBIT EASTER,25.35,13,3,3,0.0,0.0,0.0,25.35,0.0,0.0,1.95,99.96,3429
90026B,GLASS BEAD HOOP NECKLACE MONTANA,25.32,3,3,2,0.0,0.0,0.0,25.32,0.0,0.0,8.44,99.96,3430
90037B,TINY CRYSTAL BRACELET GREEN,25.28,10,5,1,0.0,0.0,0.0,25.28,0.0,0.0,2.53,99.96,3431
90013D,PURPLE VINTAGE EARRINGS,25.17,6,3,0,0.0,0.0,0.0,25.17,0.0,0.0,4.2,99.96,3432
90033,IVORY SHELL HEART EARRINGS,25.07,10,9,1,0.0,0.0,0.0,25.07,0.0,0.0,2.51,99.96,3433
90016C,SILVER/BLACK PENDANT ORBIT NECKLACE,24.96,3,3,0,0.0,0.0,0.0,24.96,0.0,0.0,8.32,99.96,3434
23620,SET 10 CARDS PERFECT POST 17090,24.9,10,7,0,0.0,0.0,0.0,24.9,0.0,0.0,2.49,99.96,3435
85115B,S/4 BLACK DISCO PARTITION PANEL,24.87,3,1,0,0.0,0.0,0.0,24.87,0.0,0.0,8.29,99.96,3436
90043,COPPER AND BRASS BAG CHARM,24.81,4,2,2,0.0,0.0,0.0,24.81,0.0,0.0,6.2,99.96,3437
90059F,DIAMANTE HAIR GRIP PACK/2 LT ROSE,34.69,21,14,3,9.9,6.0,0.0,24.79,28.54,28.54,1.65,99.96,3438
90214B,"LETTER ""B"" BLING KEY RING",24.77,37,22,2,0.0,0.0,0.0,24.77,0.0,0.0,0.67,99.96,3439
20821,GOLDIE LOOKING MIRROR,84.15,17,6,5,59.4,12.0,0.0,24.75,70.59,70.59,4.95,99.96,3440
20778,GARDEN PATH NOTEBOOK,24.75,15,8,8,0.0,0.0,0.0,24.75,0.0,0.0,1.65,99.96,3441
84854,GIRLY PINK TOOL SET,24.75,5,1,1,0.0,0.0,0.0,24.75,0.0,0.0,4.95,99.96,3442
20820,SILVER LOOKING MIRROR,24.75,5,2,2,0.0,0.0,0.0,24.75,0.0,0.0,4.95,99.96,3443
90141E,ORANGE PENDANT TRIPLE SHELL NECKLAC,24.75,5,2,1,0.0,0.0,0.0,24.75,0.0,0.0,4.95,99.96,3444
84993B,75 BLACK PETIT FOUR CASES,24.36,58,18,16,0.0,0.0,0.0,24.36,0.0,0.0,0.42,99.96,3445
47503J,SET/3 FLORAL GARDEN TOOLS IN BAG,23.85,3,2,1,0.0,0.0,0.0,23.85,0.0,0.0,7.95,99.96,3446
84562A,PINK/WHITE RIBBED MELAMINE JUG,23.85,3,3,2,0.0,0.0,0.0,23.85,0.0,0.0,7.95,99.96,3447
21357,TOAST ITS - DINOSAUR,23.75,19,10,9,0.0,0.0,0.0,23.75,0.0,0.0,1.25,99.96,3448
84803B,WHITE ALLIUM  ARTIFICIAL FLOWER,28.73,17,4,3,5.07,3.0,0.0,23.66,17.65,17.65,1.69,99.96,3449
85160A,WHITE BIRD GARDEN DESIGN MUG,23.63,7,2,0,0.0,0.0,0.0,23.63,0.0,0.0,3.38,99.96,3450
35909B,PINK FLOWERS RABBIT EASTER,23.6,8,2,2,0.0,0.0,0.0,23.6,0.0,0.0,2.95,99.96,3451
35909A,RABBIT EASTER DECORATION,23.6,8,3,3,0.0,0.0,0.0,23.6,0.0,0.0,2.95,99.96,3452
90083,CRYSTAL CZECH CROSS PHONE CHARM,23.47,25,9,2,0.0,0.0,0.0,23.47,0.0,0.0,0.94,99.96,3453
90177E,DROP DIAMANTE EARRINGS GREEN,41.08,14,9,1,17.7,6.0,0.0,23.38,43.09,43.09,2.93,99.96,3454
90176C,DIAMANTE NECKLACE,23.32,3,2,1,0.0,0.0,0.0,23.32,0.0,0.0,7.77,99.96,3455
23623,SET 10 CARD CHRISTMAS WELCOME 17112,23.28,8,6,0,0.0,0.0,0.0,23.28,0.0,0.0,2.91,99.96,3456
90182C,BLACK 3 BEAD DROP EARRINGS,40.96,14,9,1,17.7,6.0,0.0,23.26,43.21,43.21,2.93,99.96,3457
90182A,AMBER 3 BEAD DROP EARRINGS,23.2,8,8,0,0.0,0.0,0.0,23.2,0.0,0.0,2.9,99.96,3458
90177A,CLASSIC DIAMANTE EARRINGS JET,40.9,14,9,1,17.7,6.0,0.0,23.2,43.28,43.28,2.92,99.96,3459
90104,PURPLE FRANGIPANI HAIRCLIP,23.16,28,12,1,0.0,0.0,0.0,23.16,0.0,0.0,0.83,99.96,3460
85195,HANGING HEART BASKET,23.1,11,3,3,0.0,0.0,0.0,23.1,0.0,0.0,2.1,99.96,3461
85206B,PINK FELT EASTER EGG BASKET,23.1,14,4,4,0.0,0.0,0.0,23.1,0.0,0.0,1.65,99.96,3462
22351,DOTCOMGIFTSHOP TEA TOWEL,23.09,13,2,1,0.0,0.0,0.0,23.09,0.0,0.0,1.78,99.96,3463
90214Y,"LETTER ""Y"" BLING KEY RING",22.84,66,8,3,0.0,0.0,0.0,22.84,0.0,0.0,0.35,99.96,3464
90054,CRACKED GLAZE EARRINGS RED,22.58,9,9,1,0.0,0.0,0.0,22.58,0.0,0.0,2.51,99.97,3465
90188,DROP EARRINGS W FLOWER & LEAF,22.58,9,7,2,0.0,0.0,0.0,22.58,0.0,0.0,2.51,99.97,3466
90039C,FIRE POLISHED GLASS BRACELET BLACK,22.48,6,6,1,0.0,0.0,0.0,22.48,0.0,0.0,3.75,99.97,3467
23645,SET 10 CHRISTMAS CARDS HOHOHO 16956,22.41,9,4,0,0.0,0.0,0.0,22.41,0.0,0.0,2.49,99.97,3468
23640,SET 10 CARDS SCOTTIE DOG 17211,22.41,9,8,0,0.0,0.0,0.0,22.41,0.0,0.0,2.49,99.97,3469
21018,BIRD BOX CHRISTMAS TREE DECORATION,22.06,24,6,4,0.0,0.0,0.0,22.06,0.0,0.0,0.92,99.97,3470
90076,MONTANA DIAMOND CLUSTER EARRINGS,24.12,9,4,1,2.55,1.0,0.0,21.57,10.57,10.57,2.68,99.97,3471
90035C,"PEARL & SHELL 42""NECKL. IVORY",21.5,2,1,1,0.0,0.0,0.0,21.5,0.0,0.0,10.75,99.97,3472
84551,CROCHET DOG KEYRING,21.45,13,2,1,0.0,0.0,0.0,21.45,0.0,0.0,1.65,99.97,3473
84387A,BIRD ON BRANCH CANVAS SCREEN,21.45,11,1,1,0.0,0.0,0.0,21.45,0.0,0.0,1.95,99.97,3474
20695,FLORAL BLUE MONSTER,21.25,5,4,4,0.0,0.0,0.0,21.25,0.0,0.0,4.25,99.97,3475
90001B,ANTIQUE MID BLUE FLOWER EARRINGS,21.15,5,3,2,0.0,0.0,0.0,21.15,0.0,0.0,4.23,99.97,3476
90001C,ANTIQUE OPAL WHITE FLOWER EARRINGS,21.13,5,5,2,0.0,0.0,0.0,21.13,0.0,0.0,4.23,99.97,3477
90125E,AMBER BERTIE GLASS BEAD BAG CHARM,21.05,11,10,1,0.0,0.0,0.0,21.05,0.0,0.0,1.91,99.97,3478
23692,WRAP A PRETTY THANK YOU,21.0,50,2,2,0.0,0.0,0.0,21.0,0.0,0.0,0.42,99.97,3479
16169P,WRAP GREEN RUSSIAN FOLKART,21.0,50,2,2,0.0,0.0,0.0,21.0,0.0,0.0,0.42,99.97,3480
90001A,ANTIQUE RASPBERRY FLOWER EARRINGS,20.95,5,4,1,0.0,0.0,0.0,20.95,0.0,0.0,4.19,99.97,3481
17001,HEAVENS SCENT FRAGRANCE OILS ASSTD,20.88,72,1,1,0.0,0.0,0.0,20.88,0.0,0.0,0.29,99.97,3482
85126,LARGE ROUND CUTGLASS CANDLESTICK,27.14,2,1,0,6.75,1.0,0.0,20.39,24.87,24.87,13.57,99.97,3483
90141D,ROSE PENDANT TRIPLE SHELL NECKLACE,20.36,4,2,1,0.0,0.0,0.0,20.36,0.0,0.0,5.09,99.97,3484
20793,BLUE TILED TRAY,54.0,8,4,4,33.75,5.0,33.75,20.25,62.5,0.0,6.75,99.97,3485
90214P,"LETTER ""P"" BLING KEY RING",20.23,39,16,4,0.0,0.0,0.0,20.23,0.0,0.0,0.52,99.97,3486
90034,WHITE SILVER NECKLACE SHELL GLASS,20.17,2,2,0,0.0,0.0,0.0,20.17,0.0,0.0,10.09,99.97,3487
84415B,BLUE FLOCK CUSHION COVER,20.0,8,3,2,0.0,0.0,0.0,20.0,0.0,0.0,2.5,99.97,3488
21461,BLUE EASTER EGG HUNT START POST,23.86,10,6,4,3.9,2.0,0.0,19.96,16.35,16.35,2.39,99.97,3489
23601,SET 10 CARDS SNOWY SNOWDROPS  17100,19.92,8,4,0,0.0,0.0,0.0,19.92,0.0,0.0,2.49,99.97,3490
23646,SET 10 CARDS JINGLE BELLS 16957,19.92,8,5,0,0.0,0.0,0.0,19.92,0.0,0.0,2.49,99.97,3491
23616,SET 10 CARDS JINGLE BELLS 17217,19.92,8,7,0,0.0,0.0,0.0,19.92,0.0,0.0,2.49,99.97,3492
21681,GIANT MEDINA STAMPED METAL BOWL,19.9,2,2,2,0.0,0.0,0.0,19.9,0.0,0.0,9.95,99.97,3493
35817P,"ACRYLIC JEWEL SNOWFLAKE,PINK",19.86,18,2,2,0.0,0.0,0.0,19.86,0.0,0.0,1.1,99.97,3494
37491A,YELLOW/PINK CERAMIC CANDLE HOLDER,19.81,6,4,0,0.0,0.0,0.0,19.81,0.0,0.0,3.3,99.97,3495
90156,RESIN BRACELET W PASTEL BEADS,19.8,4,3,2,0.0,0.0,0.0,19.8,0.0,0.0,4.95,99.97,3496
37487B,YELLOW/ORANGE FLOWER DESIGN PLATE,19.72,68,2,2,0.0,0.0,0.0,19.72,0.0,0.0,0.29,99.97,3497
85028L,FRENCH CHATEAU LARGE FRUIT BOWL,19.5,10,4,4,0.0,0.0,0.0,19.5,0.0,0.0,1.95,99.97,3498
79062D,"RETRO TIN ASHTRAY,REVOLUTIONARY",19.4,52,4,4,0.0,0.0,0.0,19.4,0.0,0.0,0.37,99.97,3499
21416,CLAM SHELL LARGE,18.75,5,4,4,0.0,0.0,0.0,18.75,0.0,0.0,3.75,99.97,3500
21538,DAIRY MAID  PUDDING BOWL,18.75,5,2,2,0.0,0.0,0.0,18.75,0.0,0.0,3.75,99.97,3501
90041,PEARL AND CHERRY QUARTZ BRACLET,18.27,5,4,1,0.0,0.0,0.0,18.27,0.0,0.0,3.65,99.97,3502
35607B,BLACK FEATHER CHRISTMAS DECORATION,18.24,96,7,7,0.0,0.0,0.0,18.24,0.0,0.0,0.19,99.97,3503
85024C,PINK SMALL JEWELLED PHOTOFRAME,19.8,12,9,8,1.65,1.0,0.0,18.15,8.33,8.33,1.65,99.97,3504
72821,CUPID SCENTED CANDLE IN GLASS,18.15,11,4,4,0.0,0.0,0.0,18.15,0.0,0.0,1.65,99.97,3505
84798B,PURPLE FOXGLOVE ARTIIFCIAL FLOWER,28.05,11,3,2,10.2,4.0,0.0,17.85,36.36,36.36,2.55,99.97,3506
21661,VINTAGE GLASS TEA CADDY,17.85,3,3,3,0.0,0.0,0.0,17.85,0.0,0.0,5.95,99.97,3507
90060D,FIRE POLISHED GLASS NECKL BRONZE,17.85,3,3,3,0.0,0.0,0.0,17.85,0.0,0.0,5.95,99.97,3508
84856L,LARGE TAHITI BEACH BAG,17.82,2,2,0,0.0,0.0,0.0,17.82,0.0,0.0,8.91,99.97,3509
20935,ROUND CACTUS CANDLE,17.7,6,4,4,0.0,0.0,0.0,17.7,0.0,0.0,2.95,99.97,3510
90162A,ANT SILVER TURQUOISE BOUDICCA RING,17.7,6,1,1,0.0,0.0,0.0,17.7,0.0,0.0,2.95,99.97,3511
90027A,GLASS BEAD HOOP EARRINGS BLACK,17.66,6,3,1,0.0,0.0,0.0,17.66,0.0,0.0,2.94,99.97,3512
90179B,PURPLE FINE BEAD NECKLACE W TASSEL,17.59,3,3,0,0.0,0.0,0.0,17.59,0.0,0.0,5.86,99.97,3513
90011A,MIDNIGHT BLUE CRYSTAL DROP EARRINGS,17.51,6,6,1,0.0,0.0,0.0,17.51,0.0,0.0,2.92,99.98,3514
79331,PINK FLOCK GLASS CANDLEHOLDER,17.5,26,3,3,0.0,0.0,0.0,17.5,0.0,0.0,0.67,99.98,3515
90130A,WHITE STONE/CRYSTAL EARRINGS,17.5,6,6,1,0.0,0.0,0.0,17.5,0.0,0.0,2.92,99.98,3516
35597D,PINK/WHITE CHRISTMAS TREE 30CM,17.48,46,2,2,0.0,0.0,0.0,17.48,0.0,0.0,0.38,99.98,3517
23627,SET 10 CARDS XMAS GRAPHIC  17218,17.43,7,2,0,0.0,0.0,0.0,17.43,0.0,0.0,2.49,99.98,3518
37489D,PINK/GREEN FLOWER DESIGN BIG MUG,17.16,40,16,16,0.0,0.0,0.0,17.16,0.0,0.0,0.43,99.98,3519
35645,VINTAGE BEAD PINK JEWEL BOX,17.0,4,3,2,0.0,0.0,0.0,17.0,0.0,0.0,4.25,99.98,3520
47574B,ENGLISH ROSE SCENTED HANGING HEART,17.0,4,2,2,0.0,0.0,0.0,17.0,0.0,0.0,4.25,99.98,3521
44092C,PURPLE/COPPER HANGING LAMPSHADE,17.0,20,8,5,0.0,0.0,0.0,17.0,0.0,0.0,0.85,99.98,3522
90026A,GLASS BEAD HOOP NECKLACE BLACK,17.0,2,1,1,0.0,0.0,0.0,17.0,0.0,0.0,8.5,99.98,3523
85084,HOLLY TOP CHRISTMAS STOCKING,17.0,20,7,6,0.0,0.0,0.0,17.0,0.0,0.0,0.85,99.98,3524
21120,*BOOMBOX IPOD CLASSIC,16.98,1,1,0,0.0,0.0,0.0,16.98,0.0,0.0,16.98,99.98,3525
21595,DAD'S CAB ELECTRONIC METER,16.94,2,2,0,0.0,0.0,0.0,16.94,0.0,0.0,8.47,99.98,3526
20954,*USB OFFICE MIRROR BALL,16.94,2,2,0,0.0,0.0,0.0,16.94,0.0,0.0,8.47,99.98,3527
90024D,NEW BAROQUE B'FLY NECKLACE PINK,16.82,2,2,1,0.0,0.0,0.0,16.82,0.0,0.0,8.41,99.98,3528
90024E,NEW BAROQUE B'FLY NECKLACE MONTANA,16.81,2,2,0,0.0,0.0,0.0,16.81,0.0,0.0,8.41,99.98,3529
37489B,BLUE/YELLOW FLOWER DESIGN BIG MUG,16.77,31,12,12,0.0,0.0,0.0,16.77,0.0,0.0,0.54,99.98,3530
23644,SET 10 CARDS CHRISTMAS TREE 16955,16.65,5,5,0,0.0,0.0,0.0,16.65,0.0,0.0,3.33,99.98,3531
DCGS0004,HAYNES CAMPER SHOULDER BAG,16.63,1,1,0,0.0,0.0,0.0,16.63,0.0,0.0,16.63,99.98,3532
90059B,DIAMANTE HAIR GRIP PACK/2 BLACK DIA,26.52,16,10,3,9.9,6.0,0.0,16.62,37.33,37.33,1.66,99.98,3533
90137,PINK COMBO MINI CRYSTALS NECKLACE,16.31,3,3,0,0.0,0.0,0.0,16.31,0.0,0.0,5.44,99.98,3534
35647,VINTAGE BEAD PINK SHADE,16.25,13,2,2,0.0,0.0,0.0,16.25,0.0,0.0,1.25,99.98,3535
16248B,BLUE HOLE PUNCH,16.25,13,7,7,0.0,0.0,0.0,16.25,0.0,0.0,1.25,99.98,3536
90214V,"LETTER ""V"" BLING KEY RING",15.98,26,14,2,0.0,0.0,0.0,15.98,0.0,0.0,0.61,99.98,3537
84795C,OCEAN STRIPE HAMMOCK,15.9,2,1,1,0.0,0.0,0.0,15.9,0.0,0.0,7.95,99.98,3538
85136B,BLUE SHARK HELICOPTER,15.9,2,2,2,0.0,0.0,0.0,15.9,0.0,0.0,7.95,99.98,3539
DCGS0069,OOH LA LA DOGS COLLAR,15.79,1,1,0,0.0,0.0,0.0,15.79,0.0,0.0,15.79,99.98,3540
20816,GOLD FLOWER CUSHION COVER,15.6,8,2,1,0.0,0.0,0.0,15.6,0.0,0.0,1.95,99.98,3541
78034B,BLUE NETTING STORAGE HANGER,15.6,8,6,6,0.0,0.0,0.0,15.6,0.0,0.0,1.95,99.98,3542
90214F,"LETTER ""F"" BLING KEY RING",15.43,27,15,2,0.0,0.0,0.0,15.43,0.0,0.0,0.57,99.98,3543
90132,LIGHT TOPAZ TEAL/AQUA COL NECKLACE,15.16,3,3,0,0.0,0.0,0.0,15.16,0.0,0.0,5.05,99.98,3544
72024U,LILAC VOTIVE CANDLE,15.12,72,3,3,0.0,0.0,0.0,15.12,0.0,0.0,0.21,99.98,3545
90140,PINK SWEETIE NECKLACE,15.12,2,2,0,0.0,0.0,0.0,15.12,0.0,0.0,7.56,99.98,3546
35610A,PINK CHRISTMAS FLOCK DROPLET,15.02,10,3,1,0.0,0.0,0.0,15.02,0.0,0.0,1.5,99.98,3547
23449,SET OF 6 EASTER RAINBOW CHICKS,15.0,12,1,1,0.0,0.0,0.0,15.0,0.0,0.0,1.25,99.98,3548
84462,3 PINK HEN+CHICKS IN BASKET,15.0,12,6,6,0.0,0.0,0.0,15.0,0.0,0.0,1.25,99.98,3549
84415A,PINK FLOCK SUEDE CUSHION COVER,15.0,12,2,2,0.0,0.0,0.0,15.0,0.0,0.0,1.25,99.98,3550
90189A,SILVER 2 STRAND NECKLACE-LEAF CHARM,15.0,2,2,2,0.0,0.0,0.0,15.0,0.0,0.0,7.5,99.98,3551
84705C,PINK FLOCK PHOTO FRAME,15.0,12,1,1,0.0,0.0,0.0,15.0,0.0,0.0,1.25,99.98,3552
17191A,ROSE FLOWER CANDLE+INCENSE 16X16CM,15.0,4,2,1,0.0,0.0,0.0,15.0,0.0,0.0,3.75,99.98,3553
90069,RUBY GLASS CLUSTER NECKLACE,15.0,2,1,1,0.0,0.0,0.0,15.0,0.0,0.0,7.5,99.98,3554
90078,PINK/WHITE GLASS DEMI CHOKER,15.0,2,1,1,0.0,0.0,0.0,15.0,0.0,0.0,7.5,99.98,3555
90176A,CLASSIC DIAMANTE NECKLACE JET,22.48,3,2,1,7.5,1.0,0.0,14.98,33.36,33.36,7.49,99.98,3556
90025F,BAROQUE BUTTERFLY EARRINGS CRYSTAL,14.96,4,4,1,0.0,0.0,0.0,14.96,0.0,0.0,3.74,99.98,3557
23621,SET 10 CARDS DAVID'S MADONNA 17074,14.94,6,4,0,0.0,0.0,0.0,14.94,0.0,0.0,2.49,99.98,3558
90059C,DIAMANTE HAIR GRIP PACK/2 MONTANA,24.79,15,10,3,9.9,6.0,0.0,14.89,39.94,39.94,1.65,99.98,3559
85031C,CURIOUS IMAGES SCRAP BOOK SET,14.85,3,1,1,0.0,0.0,0.0,14.85,0.0,0.0,4.95,99.98,3560
90046,WHITE WITH METAL BAG CHARM,14.85,3,1,1,0.0,0.0,0.0,14.85,0.0,0.0,4.95,99.98,3561
90048,GREEN WITH METAL BAG CHARM,14.85,3,1,1,0.0,0.0,0.0,14.85,0.0,0.0,4.95,99.98,3562
84856S,SMALL TAHITI BEACH BAG,18.6,4,1,0,3.81,1.0,0.0,14.79,20.48,20.48,4.65,99.98,3563
84593,CROCHET ROSE DES CLOTHES HANGER,14.75,5,1,1,0.0,0.0,0.0,14.75,0.0,0.0,2.95,99.98,3564
23634,SET 10 CARDS XMAS CHOIR 17068,14.55,5,5,0,0.0,0.0,0.0,14.55,0.0,0.0,2.91,99.98,3565
16202B,PASTEL BLUE PHOTO ALBUM,14.5,29,2,2,0.0,0.0,0.0,14.5,0.0,0.0,0.5,99.98,3566
90182B,AMETHYST 3 BEAD DROP EARRINGS,14.5,5,5,0,0.0,0.0,0.0,14.5,0.0,0.0,2.9,99.98,3567
90027C,GLASS BEAD HOOP EARRINGS GREEN,14.5,5,5,0,0.0,0.0,0.0,14.5,0.0,0.0,2.9,99.98,3568
37489A,YELLOW/PINK FLOWER DESIGN BIG MUG,14.43,33,14,14,0.0,0.0,0.0,14.43,0.0,0.0,0.44,99.98,3569
47593A,CAROUSEL PONIES BABY BIB,14.37,33,12,10,0.0,0.0,0.0,14.37,0.0,0.0,0.44,99.98,3570
90052,CRACKED GLAZE NECKLACE BROWN,14.14,2,2,0,0.0,0.0,0.0,14.14,0.0,0.0,7.07,99.98,3571
90089,PINK CRYSTAL SKULL PHONE CHARM,13.94,20,9,2,0.0,0.0,0.0,13.94,0.0,0.0,0.7,99.98,3572
79336,LIGHT PINK FLOCK GLASS CANDLEHOLDER,13.68,36,3,2,0.0,0.0,0.0,13.68,0.0,0.0,0.38,99.98,3573
37489C,GREEN/BLUE FLOWER DESIGN BIG MUG,13.65,23,8,8,0.0,0.0,0.0,13.65,0.0,0.0,0.59,99.98,3574
85017A,ENVELOPE 50 ROMANTIC IMAGES,13.58,16,8,2,0.0,0.0,0.0,13.58,0.0,0.0,0.85,99.98,3575
90065B,BLACK VINT ART DEC CRYSTAL BRACELET,13.5,2,2,1,0.0,0.0,0.0,13.5,0.0,0.0,6.75,99.98,3576
90214T,"LETTER ""T"" BLING KEY RING",13.46,24,11,1,0.0,0.0,0.0,13.46,0.0,0.0,0.56,99.99,3577
84745A,PINK HANGING GINGHAM EASTER HEN,13.44,32,5,5,0.0,0.0,0.0,13.44,0.0,0.0,0.42,99.99,3578
84745B,BLUE HANGING GINGHAM EASTER HEN,13.44,32,5,5,0.0,0.0,0.0,13.44,0.0,0.0,0.42,99.99,3579
23639,SET 10 CARDS MAGICAL TREE 17086,13.32,4,4,0,0.0,0.0,0.0,13.32,0.0,0.0,3.33,99.99,3580
62043B,BLUE CHECK BAG W HANDLE 34X20CM,14.11,17,5,5,0.83,1.0,0.0,13.28,5.88,5.88,0.83,99.99,3581
23607,SET 10 CARDS HATS & STOCKINGS 17081,13.28,8,7,0,0.0,0.0,0.0,13.28,0.0,0.0,1.66,99.99,3582
37491C,GREEN/BLUE CERAMIC CANDLE HOLDER,13.2,8,1,1,0.0,0.0,0.0,13.2,0.0,0.0,1.65,99.99,3583
84388,WISE MAN STAR SHAPE EGG PAN,13.14,24,6,6,0.0,0.0,0.0,13.14,0.0,0.0,0.55,99.99,3584
37462E,"PET MUG, GOLDFISH",13.1,36,12,4,0.0,0.0,0.0,13.1,0.0,0.0,0.36,99.99,3585
16162L,THE KING GIFT BAG,13.0,20,8,5,0.0,0.0,0.0,13.0,0.0,0.0,0.65,99.99,3586
18097A,PINK TALL PORCELAIN T-LIGHT HOLDER,12.75,5,4,4,0.0,0.0,0.0,12.75,0.0,0.0,2.55,99.99,3587
21895,POTTING SHED SOW 'N' GROW SET,12.72,2,2,1,0.0,0.0,0.0,12.72,0.0,0.0,6.36,99.99,3588
DCGS0070,CAMOUFLAGE DOG COLLAR,12.72,1,1,0,0.0,0.0,0.0,12.72,0.0,0.0,12.72,99.99,3589
90042C,FRESHWATER PEARL BRACELET IVORY,12.7,5,5,0,0.0,0.0,0.0,12.7,0.0,0.0,2.54,99.99,3590
90055,CRACKED GLAZE EARRINGS BROWN,12.53,5,5,1,0.0,0.0,0.0,12.53,0.0,0.0,2.51,99.99,3591
90037C,TINY CRYSTAL BRACELET BLUE,12.52,5,5,0,0.0,0.0,0.0,12.52,0.0,0.0,2.5,99.99,3592
20671,BLUE TEATIME PRINT BOWL,12.5,10,2,2,0.0,0.0,0.0,12.5,0.0,0.0,1.25,99.99,3593
90020,FILIGREE DIAMANTE CHAIN,12.48,1,1,0,0.0,0.0,0.0,12.48,0.0,0.0,12.48,99.99,3594
23635,SET 10 CARDS CHRISTMAS HOLLY  17259,12.48,3,3,0,0.0,0.0,0.0,12.48,0.0,0.0,4.16,99.99,3595
23654,SET 10 CARD SNOWMAN 16965,12.45,5,4,0,0.0,0.0,0.0,12.45,0.0,0.0,2.49,99.99,3596
21144,PINK POODLE HANGING DECORATION,16.8,5,2,0,4.56,12.0,0.0,12.24,27.14,27.14,3.36,99.99,3597
79329,PINK FLOCK GLASS CANDLEHOLDER,12.18,12,2,2,0.0,0.0,0.0,12.18,0.0,0.0,1.01,99.99,3598
84016,FLAG OF ST GEORGE CAR FLAG,12.16,27,2,1,0.0,0.0,0.0,12.16,0.0,0.0,0.45,99.99,3599
90178B,PURPLE CHUNKY GLASS+BEAD NECKLACE,11.95,1,1,1,0.0,0.0,0.0,11.95,0.0,0.0,11.95,99.99,3600
90021,LASER CUT MULTI STRAND NECKLACE,11.95,1,1,1,0.0,0.0,0.0,11.95,0.0,0.0,11.95,99.99,3601
84620,BLUE GINGHAM ROSE CUSHION COVER,11.9,2,1,1,0.0,0.0,0.0,11.9,0.0,0.0,5.95,99.99,3602
84614A,PINK BAROQUE FLOCK CANDLE HOLDER,11.9,2,1,1,0.0,0.0,0.0,11.9,0.0,0.0,5.95,99.99,3603
44092B,BLUE WHITE PLASTIC RINGS LAMPSHADE,11.9,14,5,4,0.0,0.0,0.0,11.9,0.0,0.0,0.85,99.99,3604
90214Z,"LETTER ""Z"" BLING KEY RING",11.84,22,10,1,0.0,0.0,0.0,11.84,0.0,0.0,0.54,99.99,3605
37444B,BLUE BREAKFAST CUP AND SAUCER,11.8,4,3,2,0.0,0.0,0.0,11.8,0.0,0.0,2.95,99.99,3606
35818B,"ACRYLIC JEWEL ICICLE, BLUE",11.78,31,3,3,0.0,0.0,0.0,11.78,0.0,0.0,0.38,99.99,3607
16043,POP ART PUSH DOWN RUBBER,11.76,98,2,2,0.0,0.0,0.0,11.76,0.0,0.0,0.12,99.99,3608
16162M,THE KING GIFT BAG 25X24X12CM,11.76,28,8,6,0.0,0.0,0.0,11.76,0.0,0.0,0.42,99.99,3609
23608,SET 10 CARDS RUDOLPHS NOSE 17097,11.64,4,3,0,0.0,0.0,0.0,11.64,0.0,0.0,2.91,99.99,3610
23605,SET 10 CARDS 12 DAYS OF XMAS 17059,11.64,4,1,0,0.0,0.0,0.0,11.64,0.0,0.0,2.91,99.99,3611
71050,SMALL SINGLE FLAME CANDLE HOLDER,11.55,33,6,5,0.0,0.0,0.0,11.55,0.0,0.0,0.35,99.99,3612
72798C,SET/4 GARDEN ROSE DINNER CANDLE,11.55,7,3,3,0.0,0.0,0.0,11.55,0.0,0.0,1.65,99.99,3613
47013C,WINE BOTTLE DRESSING DARK BLUE,12.97,52,12,7,1.44,12.0,0.0,11.53,11.1,11.1,0.25,99.99,3614
90152B,BLUE/GREEN SHELL NECKLACE W PENDANT,11.46,2,2,1,0.0,0.0,0.0,11.46,0.0,0.0,5.73,99.99,3615
17164B,ASS COL SMALL SAND GECKO P'WEIGHT,11.34,27,9,9,0.0,0.0,0.0,11.34,0.0,0.0,0.42,99.99,3616
90025D,BAROQUE BUTTERFLY EARRINGS PINK,11.19,3,3,0,0.0,0.0,0.0,11.19,0.0,0.0,3.73,99.99,3617
37488A,YELLOW PINK FLOWER DESIGN BIG BOWL,10.92,28,3,3,0.0,0.0,0.0,10.92,0.0,0.0,0.39,99.99,3618
79026B,"S/4 ICON COASTER,ELVIS LIVES",10.61,25,9,7,0.0,0.0,0.0,10.61,0.0,0.0,0.42,99.99,3619
16169N,WRAP BLUE RUSSIAN FOLKART,10.5,25,1,1,0.0,0.0,0.0,10.5,0.0,0.0,0.42,99.99,3620
16161M,WRAP  PINK FLOCK,10.5,25,1,1,0.0,0.0,0.0,10.5,0.0,0.0,0.42,99.99,3621
35966,FOLKART CHRISTMAS TREE T-LIGHT HOLD,10.26,27,2,2,0.0,0.0,0.0,10.26,0.0,0.0,0.38,99.99,3622
85109,PINK BOUDOIR T-LIGHT HOLDER,10.2,12,1,1,0.0,0.0,0.0,10.2,0.0,0.0,0.85,99.99,3623
40005B,BLUE ORGANDY ROUND LAMPSHADE W BEA,10.2,12,4,4,0.0,0.0,0.0,10.2,0.0,0.0,0.85,99.99,3624
35958,FOLKART ZINC STAR CHRISTMAS DEC,10.2,12,3,3,0.0,0.0,0.0,10.2,0.0,0.0,0.85,99.99,3625
44089C,LILAC GAUZE BUTTERFLY LAMPSHADE,10.08,24,6,6,0.0,0.0,0.0,10.08,0.0,0.0,0.42,99.99,3626
90053,CRACKED GLAZE EARRINGS IVORY,9.99,4,4,0,0.0,0.0,0.0,9.99,0.0,0.0,2.5,99.99,3627
23619,SET 10 CARDS POINSETTIA 17093,9.96,4,2,0,0.0,0.0,0.0,9.96,0.0,0.0,2.49,99.99,3628
23615,SET 10 CARDS PRINTED GRAPHIC 17219,9.96,4,4,0,0.0,0.0,0.0,9.96,0.0,0.0,2.49,99.99,3629
23650,SET 10 CARDS FILIGREE BAUBLE 16961,9.96,4,4,0,0.0,0.0,0.0,9.96,0.0,0.0,2.49,99.99,3630
23624,SET 10 CARD PERFECT NATIVITY 17089,9.96,4,4,0,0.0,0.0,0.0,9.96,0.0,0.0,2.49,99.99,3631
84689,S/2 BEACH HUT TREASURE CHESTS,9.95,3,2,2,0.0,0.0,0.0,9.95,0.0,0.0,3.32,99.99,3632
37474,SET/4 2 TONE EGG SHAPE MIXING BOWLS,9.95,1,1,0,0.0,0.0,0.0,9.95,0.0,0.0,9.95,99.99,3633
DCGS0003,BOXED GLASS ASHTRAY,9.94,4,4,0,0.0,0.0,0.0,9.94,0.0,0.0,2.48,99.99,3634
37491D,PURPLE/BLUE CERAMIC CANDLE HOLDER,9.88,4,2,1,0.0,0.0,0.0,9.88,0.0,0.0,2.47,99.99,3635
44242A,LILAC FEATHERS CURTAIN,9.48,12,1,1,0.0,0.0,0.0,9.48,0.0,0.0,0.79,99.99,3636
23441,HAND PAINTED HANGING EASTER EGG,9.24,22,3,3,0.0,0.0,0.0,9.24,0.0,0.0,0.42,99.99,3637
35809B,ENAMEL BLUE RIM TEA CONTAINER,9.18,8,3,3,0.0,0.0,0.0,9.18,0.0,0.0,1.15,99.99,3638
90181C,BLACK GLASS/SHELL/PEARL NECKLACE,9.15,1,1,0,0.0,0.0,0.0,9.15,0.0,0.0,9.15,99.99,3639
37351,ORANGE FLOWER MUG,9.06,10,2,1,0.0,0.0,0.0,9.06,0.0,0.0,0.91,99.99,3640
45013,FOLDING SHOE TIDY,8.85,3,2,2,0.0,0.0,0.0,8.85,0.0,0.0,2.95,99.99,3641
20906,VINTAGE NOTEBOOK BEAUTY GIRL,8.85,3,2,2,0.0,0.0,0.0,8.85,0.0,0.0,2.95,99.99,3642
84773,RED ROSE AND LACE C/COVER,8.85,3,1,1,0.0,0.0,0.0,8.85,0.0,0.0,2.95,99.99,3643
90077,BLACK DIAMOND CLUSTER EARRINGS,8.82,3,3,0,0.0,0.0,0.0,8.82,0.0,0.0,2.94,99.99,3644
90011D,PURPLE CRYSTAL DROP EARRINGS,8.76,3,3,0,0.0,0.0,0.0,8.76,0.0,0.0,2.92,99.99,3645
90011E,AMBER CRYSTAL DROP EARRINGS,8.76,3,3,0,0.0,0.0,0.0,8.76,0.0,0.0,2.92,99.99,3646
90027B,GLASS BEAD HOOP EARRINGS MONTANA,8.76,3,3,0,0.0,0.0,0.0,8.76,0.0,0.0,2.92,99.99,3647
16206B,RED PURSE WITH PINK HEART,8.75,7,2,2,0.0,0.0,0.0,8.75,0.0,0.0,1.25,99.99,3648
90130D,RED STONE/CRYSTAL EARRINGS,8.7,3,3,0,0.0,0.0,0.0,8.7,0.0,0.0,2.9,99.99,3649
81950V,FLOWER PURPLE CLOCK W/SUCKER,8.6,20,6,6,0.0,0.0,0.0,8.6,0.0,0.0,0.43,99.99,3650
84732B,CUTE BIRD CEATURE SCREEN,8.58,22,2,2,0.0,0.0,0.0,8.58,0.0,0.0,0.39,99.99,3651
90167,BEADED LOVE HEART JEWELLERY SET,8.5,10,1,1,0.0,0.0,0.0,8.5,0.0,0.0,0.85,99.99,3652
90102,WHITE FRANGIPANI HAIR CLIP,8.5,10,1,1,0.0,0.0,0.0,8.5,0.0,0.0,0.85,99.99,3653
44265,M/COLOUR POM-POM CURTAIN,8.5,2,1,1,0.0,0.0,0.0,8.5,0.0,0.0,4.25,99.99,3654
72803B,OCEAN SCENT CANDLE JEWELLED DRAWER,8.47,1,1,0,0.0,0.0,0.0,8.47,0.0,0.0,8.47,99.99,3655
21410,COUNTRY COTTAGE  DOORSTOP GREEN,8.47,1,1,0,0.0,0.0,0.0,8.47,0.0,0.0,8.47,99.99,3656
84975,HEART SHAPED MIRROR,8.45,5,2,2,0.0,0.0,0.0,8.45,0.0,0.0,1.69,99.99,3657
20871,OPULENT VELVET SET/3 CANDLES,8.42,2,1,0,0.0,0.0,0.0,8.42,0.0,0.0,4.21,99.99,3658
21594,DR. JAM'S AROUZER STRESS BALL,8.34,2,2,0,0.0,0.0,0.0,8.34,0.0,0.0,4.17,99.99,3659
23612,SET 10 MINICARDS CUTE SNOWMAN 17071,8.3,5,2,0,0.0,0.0,0.0,8.3,0.0,0.0,1.66,99.99,3660
84924F,PSYCHEDELIC METAL SIGN CALENDAR,7.9,10,3,3,0.0,0.0,0.0,7.9,0.0,0.0,0.79,99.99,3661
16244B,MAXWELL 2 TONE BLUE 60 PAGE PHOTO A,7.85,7,2,2,0.0,0.0,0.0,7.85,0.0,0.0,1.12,99.99,3662
35607A,PINK FLUFFY CHRISTMAS DECORATION,7.82,26,2,1,0.0,0.0,0.0,7.82,0.0,0.0,0.3,99.99,3663
85189,HANGING BUTTERFLY  EGG,7.65,9,3,2,0.0,0.0,0.0,7.65,0.0,0.0,0.85,99.99,3664
90042A,FRESHWATER PEARL BRACELET GOLD,7.65,3,2,1,0.0,0.0,0.0,7.65,0.0,0.0,2.55,99.99,3665
79149B,SILICON STAR BULB  BLUE,7.56,18,8,8,0.0,0.0,0.0,7.56,0.0,0.0,0.42,99.99,3666
37379A,PINK CHERRY BLOSSOM CUP & SAUCER,7.5,6,1,1,0.0,0.0,0.0,7.5,0.0,0.0,1.25,99.99,3667
90068,"RUBY GLASS NECKLACE 42""",7.5,1,1,0,0.0,0.0,0.0,7.5,0.0,0.0,7.5,99.99,3668
90025A,BAROQUE BUTTERFLY EARRINGS BLACK,7.5,2,2,2,0.0,0.0,0.0,7.5,0.0,0.0,3.75,99.99,3669
21827,EIGHT PIECE CREEPY CRAWLIE SET,7.5,6,3,3,0.0,0.0,0.0,7.5,0.0,0.0,1.25,99.99,3670
62097B,BLUE STRIPES SHOULDER BAG,7.47,9,3,2,0.0,0.0,0.0,7.47,0.0,0.0,0.83,100.0,3671
23633,SET 10 CARDS WORLD CHILDREN 17067,7.47,3,3,0,0.0,0.0,0.0,7.47,0.0,0.0,2.49,100.0,3672
90128A,PINK LEAVES AND BEADS PHONE CHARM,7.43,3,2,0,0.0,0.0,0.0,7.43,0.0,0.0,2.48,100.0,3673
71496B,A4 WALL TIDY RED FLOWERS,7.37,13,4,4,0.0,0.0,0.0,7.37,0.0,0.0,0.57,100.0,3674
10124G,ARMY CAMO BOOKCOVER TAPE,7.14,17,4,4,0.0,0.0,0.0,7.14,0.0,0.0,0.42,100.0,3675
90214W,"LETTER ""W"" BLING KEY RING",6.82,16,5,1,0.0,0.0,0.0,6.82,0.0,0.0,0.43,100.0,3676
90214O,"LETTER ""O"" BLING KEY RING",6.82,16,5,1,0.0,0.0,0.0,6.82,0.0,0.0,0.43,100.0,3677
35443,RASTA IN BATH W SPLIFF ASHTRAY,6.8,8,6,5,0.0,0.0,0.0,6.8,0.0,0.0,0.85,100.0,3678
84802B,PURPLE ANEMONE ARTIFICIAL FLOWER,6.76,4,1,1,0.0,0.0,0.0,6.76,0.0,0.0,1.69,100.0,3679
35833G,4 GOLD FLOCK CHRISTMAS BALLS,6.72,2,1,0,0.0,0.0,0.0,6.72,0.0,0.0,3.36,100.0,3680
21186,WHITE DOVE HONEYCOMB PAPER GARLAND,6.72,2,1,0,0.0,0.0,0.0,6.72,0.0,0.0,3.36,100.0,3681
62074B,ELEPHANT CLIP W SUCTION CUP,6.72,16,4,4,0.0,0.0,0.0,6.72,0.0,0.0,0.42,100.0,3682
10124A,SPOTS ON RED BOOKCOVER TAPE,6.72,16,5,5,0.0,0.0,0.0,6.72,0.0,0.0,0.42,100.0,3683
23604,SET 10 MINI SANTA & SNOWMAN  17087,6.64,4,2,0,0.0,0.0,0.0,6.64,0.0,0.0,1.66,100.0,3684
37491B,BLUE/YELLOW CERAMIC CANDLE HOLDER,6.6,4,1,1,0.0,0.0,0.0,6.6,0.0,0.0,1.65,100.0,3685
20678,LARGE BLACK DIAMANTE HAIRSLIDE,6.6,4,1,1,0.0,0.0,0.0,6.6,0.0,0.0,1.65,100.0,3686
90126C,AMBER BERTIE MOBILE PHONE CHARM,6.58,2,1,0,0.0,0.0,0.0,6.58,0.0,0.0,3.29,100.0,3687
85224,ASSORTED COLOUR SILK GLASSES CASE,6.3,3,1,1,0.0,0.0,0.0,6.3,0.0,0.0,2.1,100.0,3688
44089A,PINK GAUZE BUTTERFLY LAMPSHADE,6.3,15,4,4,0.0,0.0,0.0,6.3,0.0,0.0,0.42,100.0,3689
85225,BLING KEY RING STAND,6.25,6,3,3,0.0,0.0,0.0,6.25,0.0,0.0,1.04,100.0,3690
35591T,TURQUOISE CHRISTMAS TREE,6.25,5,4,4,0.0,0.0,0.0,6.25,0.0,0.0,1.25,100.0,3691
21228,"POCKET MIRROR ""GLAMOROUS""",6.25,5,2,2,0.0,0.0,0.0,6.25,0.0,0.0,1.25,100.0,3692
23610,SET 10 CARDS CHRISTMAS ROBIN 17095,6.24,3,3,0,0.0,0.0,0.0,6.24,0.0,0.0,2.08,100.0,3693
90152C,BLUE/NAT SHELL NECKLACE W PENDANT,5.95,1,1,1,0.0,0.0,0.0,5.95,0.0,0.0,5.95,100.0,3694
90060B,FIRE POLISHED GLASS NECKL GOLD,5.95,1,1,1,0.0,0.0,0.0,5.95,0.0,0.0,5.95,100.0,3695
84499,BLACK FLOWER CANDLE PLATE,5.95,7,2,2,0.0,0.0,0.0,5.95,0.0,0.0,0.85,100.0,3696
35598C,WHITE CHRISTMAS TREE 60CM,5.9,2,2,2,0.0,0.0,0.0,5.9,0.0,0.0,2.95,100.0,3697
79161A,ST GEORGE SET OF 10 PARTY LIGHTS,5.9,2,2,2,0.0,0.0,0.0,5.9,0.0,0.0,2.95,100.0,3698
23638,SET 10 CARDS ROBIN WATERPUMP  17096,5.82,2,2,0,0.0,0.0,0.0,5.82,0.0,0.0,2.91,100.0,3699
23617,SET 10 CARDS SWIRLY XMAS TREE 17104,5.82,2,1,0,0.0,0.0,0.0,5.82,0.0,0.0,2.91,100.0,3700
23652,SET 10 CARD CHRISTMAS STAMPS 16963,5.82,2,1,0,0.0,0.0,0.0,5.82,0.0,0.0,2.91,100.0,3701
90067B,BROWN VINTAGE VICTORIAN EARRINGS,5.8,2,2,0,0.0,0.0,0.0,5.8,0.0,0.0,2.9,100.0,3702
90011C,GREEN CRYSTAL DROP EARRINGS,5.8,2,2,0,0.0,0.0,0.0,5.8,0.0,0.0,2.9,100.0,3703
21839,MUMMY MOUSE RED GINGHAM RIBBON,5.45,1,1,1,0.0,0.0,0.0,5.45,0.0,0.0,5.45,100.0,3704
35004P,SET OF 3 PINK FLYING DUCKS,5.45,1,1,1,0.0,0.0,0.0,5.45,0.0,0.0,5.45,100.0,3705
81953P,ROUND ARTICULATED PINK CLOCK W/SUCK,5.32,28,3,2,0.0,0.0,0.0,5.32,0.0,0.0,0.19,100.0,3706
20964,POLYESTER FILLER PAD 60X40CM,5.1,2,1,1,0.0,0.0,0.0,5.1,0.0,0.0,2.55,100.0,3707
37509,NEW ENGLAND MUG W GIFT BOX,5.1,2,2,2,0.0,0.0,0.0,5.1,0.0,0.0,2.55,100.0,3708
90142A,GREEN PENDANT SHELL NECKLACE,5.09,1,1,0,0.0,0.0,0.0,5.09,0.0,0.0,5.09,100.0,3709
84803A,PINK ALLIUM  ARTIFICIAL FLOWER,5.07,3,1,0,0.0,0.0,0.0,5.07,0.0,0.0,1.69,100.0,3710
90135A,ORANGE/FUSCHIA STONES NECKLACE,4.98,1,1,0,0.0,0.0,0.0,4.98,0.0,0.0,4.98,100.0,3711
23649,SET 10 CARDS DECK THE HALLS 16960,4.98,2,2,0,0.0,0.0,0.0,4.98,0.0,0.0,2.49,100.0,3712
90128C,GREEN LEAVES AND BEADS PHONE CHARM,4.97,2,2,0,0.0,0.0,0.0,4.97,0.0,0.0,2.48,100.0,3713
90128D,PURPLE LEAVES AND BEADS PHONE CHAR,4.97,2,2,0,0.0,0.0,0.0,4.97,0.0,0.0,2.48,100.0,3714
35650,VINTAGE BEAD PINK JEWEL STAND,4.95,1,1,1,0.0,0.0,0.0,4.95,0.0,0.0,4.95,100.0,3715
85031B,BLOSSOM IMAGES SCRAP BOOK SET,4.95,1,1,1,0.0,0.0,0.0,4.95,0.0,0.0,4.95,100.0,3716
90081B,LILY BROOCH WHITE/SILVER COLOUR,4.95,1,1,0,0.0,0.0,0.0,4.95,0.0,0.0,4.95,100.0,3717
84971L,LARGE HEART FLOWERS HOOK,4.92,2,1,0,0.0,0.0,0.0,4.92,0.0,0.0,2.46,100.0,3718
90127A,PINK BEADS+HAND PHONE CHARM,4.92,2,1,0,0.0,0.0,0.0,4.92,0.0,0.0,2.46,100.0,3719
84613C,BLUE NEW BAROQUE FLOCK CANDLESTICK,4.65,1,1,1,0.0,0.0,0.0,4.65,0.0,0.0,4.65,100.0,3720
71215,METAL BASE FOR CANDLES,4.62,11,2,2,0.0,0.0,0.0,4.62,0.0,0.0,0.42,100.0,3721
79151B,"SILICON CUBE 25W, BLUE",4.62,11,2,2,0.0,0.0,0.0,4.62,0.0,0.0,0.42,100.0,3722
84206A,3 BLACK CATS W HEARTS BLANK CARD,4.56,24,3,3,0.0,0.0,0.0,4.56,0.0,0.0,0.19,100.0,3723
84732D,CUTE RABBIT CEATURE SCREEN,4.29,11,2,2,0.0,0.0,0.0,4.29,0.0,0.0,0.39,100.0,3724
79157V,UBO-LIGHT TRIOBASE PURPLE,4.25,5,3,3,0.0,0.0,0.0,4.25,0.0,0.0,0.85,100.0,3725
22218,CAKE STAND LACE WHITE,4.25,1,1,1,0.0,0.0,0.0,4.25,0.0,0.0,4.25,100.0,3726
20861,GOLD COSMETIC BAG PINK STAR,4.2,2,2,2,0.0,0.0,0.0,4.2,0.0,0.0,2.1,100.0,3727
47016,LIGHT DECORATION BATTERY OPERATED,4.2,2,1,1,0.0,0.0,0.0,4.2,0.0,0.0,2.1,100.0,3728
22206,"MUG , DOTCOMGIFTSHOP.COM",4.17,5,5,0,0.0,0.0,0.0,4.17,0.0,0.0,0.83,100.0,3729
17174,ASSTD RASTA KEY-CHAINS,3.78,9,3,3,0.0,0.0,0.0,3.78,0.0,0.0,0.42,100.0,3730
44091A,BLUE CRUSOE CHECK LAMPSHADE,3.78,9,3,3,0.0,0.0,0.0,3.78,0.0,0.0,0.42,100.0,3731
90128B,BLUE LEAVES AND BEADS PHONE CHARM,3.76,2,2,1,0.0,0.0,0.0,3.76,0.0,0.0,1.88,100.0,3732
37464,ROBOT MUG IN DISPLAY BOX,3.75,3,2,2,0.0,0.0,0.0,3.75,0.0,0.0,1.25,100.0,3733
79192A,RETRO PLASTIC 70'S TRAY,3.75,3,2,2,0.0,0.0,0.0,3.75,0.0,0.0,1.25,100.0,3734
90025B,BAROQUE BUTTERFLY EARRINGS RED,3.73,1,1,0,0.0,0.0,0.0,3.73,0.0,0.0,3.73,100.0,3735
90025E,BAROQUE BUTTERFLY EARRINGS MONTANA,3.73,1,1,0,0.0,0.0,0.0,3.73,0.0,0.0,3.73,100.0,3736
35271S,GOLD PRINT PAPER BAG,3.61,19,2,2,0.0,0.0,0.0,3.61,0.0,0.0,0.19,100.0,3737
16010,FOLDING CAMPING SCISSOR W/KNIF & S,3.6,30,3,3,0.0,0.0,0.0,3.6,0.0,0.0,0.12,100.0,3738
84270,ASSTD DESIGN BUBBLE GUM RING,3.57,17,4,0,0.0,0.0,0.0,3.57,0.0,0.0,0.21,100.0,3739
16202A,PASTEL PINK PHOTO ALBUM,3.5,7,2,2,0.0,0.0,0.0,3.5,0.0,0.0,0.5,100.0,3740
90214U,"LETTER ""U"" BLING KEY RING",3.48,12,1,1,0.0,0.0,0.0,3.48,0.0,0.0,0.29,100.0,3741
79157B,UBO-LIGHT TRIOBASE BLUE,3.4,4,2,2,0.0,0.0,0.0,3.4,0.0,0.0,0.85,100.0,3742
84802A,WHITE ANEMONE ARTIFICIAL FLOWER,3.38,2,1,1,0.0,0.0,0.0,3.38,0.0,0.0,1.69,100.0,3743
21160,KEEP OUT GIRLS DOOR HANGER,3.36,1,1,0,0.0,0.0,0.0,3.36,0.0,0.0,3.36,100.0,3744
85119,WATERING CAN SINGLE HOOK PISTACHIO,3.36,1,1,0,0.0,0.0,0.0,3.36,0.0,0.0,3.36,100.0,3745
22528,GARDENERS KNEELING PAD,3.36,1,1,0,0.0,0.0,0.0,3.36,0.0,0.0,3.36,100.0,3746
90126A,PINK BERTIE MOBILE PHONE CHARM,3.36,1,1,0,0.0,0.0,0.0,3.36,0.0,0.0,3.36,100.0,3747
23643,SET 10 CARDS CHRISTMAS BAUBLE 16954,3.33,1,1,0,0.0,0.0,0.0,3.33,0.0,0.0,3.33,100.0,3748
90187A,BLUE DROP EARRINGS W BEAD CLUSTER,3.32,1,1,0,0.0,0.0,0.0,3.32,0.0,0.0,3.32,100.0,3749
10123C,HEARTS WRAPPING TAPE,3.25,5,3,3,0.0,0.0,0.0,3.25,0.0,0.0,0.65,100.0,3750
47013A,WINE BOTTLE DRESSING LT.BLUE,3.04,14,4,4,0.0,0.0,0.0,3.04,0.0,0.0,0.22,100.0,3751
23609,SET 10 CARDS SNOWY ROBIN 17099,2.91,1,1,0,0.0,0.0,0.0,2.91,0.0,0.0,2.91,100.0,3752
23602,SET 10 CARDS 3 WISE MEN 17107,2.91,1,1,0,0.0,0.0,0.0,2.91,0.0,0.0,2.91,100.0,3753
23628,SET 10 CARDS TRIANGLE ICONS  17220,2.91,1,1,0,0.0,0.0,0.0,2.91,0.0,0.0,2.91,100.0,3754
90100,NECKLACE+BRACELET SET PINK DAISY,2.55,1,1,1,0.0,0.0,0.0,2.55,0.0,0.0,2.55,100.0,3755
17028J,INCENSE BAZAAR PEACH,2.52,6,1,1,0.0,0.0,0.0,2.52,0.0,0.0,0.42,100.0,3756
35609A,PINK FEATHER CHRISTMAS DECORATION,2.51,1,1,0,0.0,0.0,0.0,2.51,0.0,0.0,2.51,100.0,3757
62096B,PURPLE/TURQ FLOWERS HANDBAG,2.5,2,1,1,0.0,0.0,0.0,2.5,0.0,0.0,1.25,100.0,3758
23630,SET 10 CARDS HANGING BAUBLES 17080,5.48,2,2,1,2.99,1.0,0.0,2.49,54.56,54.56,2.74,100.0,3759
90037A,TINY CRYSTAL BRACELET RED,2.48,1,1,0,0.0,0.0,0.0,2.48,0.0,0.0,2.48,100.0,3760
84201B,HAPPY BIRTHDAY CARD STRIPEY TEDDY,2.47,13,2,2,0.0,0.0,0.0,2.47,0.0,0.0,0.19,100.0,3761
37330,BIG POLKADOT MUG,2.34,6,1,1,0.0,0.0,0.0,2.34,0.0,0.0,0.39,100.0,3762
46115B,GREEN POP ART MAO CUSHION COVER,2.28,12,2,1,0.0,0.0,0.0,2.28,0.0,0.0,0.19,100.0,3763
77079,DOLPHIN WINDMILL,2.12,1,1,1,0.0,0.0,0.0,2.12,0.0,0.0,2.12,100.0,3764
85170A,SET/6 IVORY BIRD T-LIGHT CANDLES,2.1,1,1,1,0.0,0.0,0.0,2.1,0.0,0.0,2.1,100.0,3765
90112,PINK DOLLY HAIR CLIPS,2.1,2,1,0,0.0,0.0,0.0,2.1,0.0,0.0,1.05,100.0,3766
20860,GOLD COSMETICS BAG WITH BUTTERFLY,2.1,1,1,0,0.0,0.0,0.0,2.1,0.0,0.0,2.1,100.0,3767
47579,TEA TIME BREAKFAST BASKET,2.1,1,1,1,0.0,0.0,0.0,2.1,0.0,0.0,2.1,100.0,3768
21414,SCALLOP SHELL SOAP DISH,2.1,1,1,1,0.0,0.0,0.0,2.1,0.0,0.0,2.1,100.0,3769
81953B,ROUND BLUE CLOCK WITH SUCKER,2.09,11,3,2,0.0,0.0,0.0,2.09,0.0,0.0,0.19,100.0,3770
84731,3 BIRDS CANVAS SCREEN,2.04,2,2,2,0.0,0.0,0.0,2.04,0.0,0.0,1.02,100.0,3771
16202E,BLACK PHOTO ALBUM,7.5,15,3,3,5.55,1.0,0.0,1.95,74.0,74.0,0.5,100.0,3772
22323,PINK POLKADOT KIDS BAG,1.95,1,1,1,0.0,0.0,0.0,1.95,0.0,0.0,1.95,100.0,3773
21491,SET OF THREE VINTAGE GIFT WRAPS,1.95,1,1,0,0.0,0.0,0.0,1.95,0.0,0.0,1.95,100.0,3774
22146,EASTER CRAFT IVY WREATH WITH CHICK,1.95,1,1,1,0.0,0.0,0.0,1.95,0.0,0.0,1.95,100.0,3775
90092,BLUE CRYSTAL BOOT PHONE CHARM,1.66,1,1,0,0.0,0.0,0.0,1.66,0.0,0.0,1.66,100.0,3776
84550,CROCHET LILAC/RED BEAR KEYRING,1.65,1,1,1,0.0,0.0,0.0,1.65,0.0,0.0,1.65,100.0,3777
23664,FLOWER SHOP DESIGN MUG,1.65,1,1,1,0.0,0.0,0.0,1.65,0.0,0.0,1.65,100.0,3778
84206C,CHAMPAGNE TRAY BLANK CARD,1.52,8,2,2,0.0,0.0,0.0,1.52,0.0,0.0,0.19,100.0,3779
84743C,ORANGE FELT VASE + FLOWERS,1.25,1,1,1,0.0,0.0,0.0,1.25,0.0,0.0,1.25,100.0,3780
84569C,PACK 4 FLOWER/BUTTERFLY PATCHES,1.25,1,1,1,0.0,0.0,0.0,1.25,0.0,0.0,1.25,100.0,3781
35597B,BLACKCHRISTMAS TREE 30CM,1.25,1,1,1,0.0,0.0,0.0,1.25,0.0,0.0,1.25,100.0,3782
35597A,DUSTY PINK CHRISTMAS TREE 30CM,1.25,1,1,1,0.0,0.0,0.0,1.25,0.0,0.0,1.25,100.0,3783
84977,WIRE FLOWER T-LIGHT HOLDER,1.25,1,1,0,0.0,0.0,0.0,1.25,0.0,0.0,1.25,100.0,3784
37461,FUNKY MONKEY MUG,1.25,1,1,1,0.0,0.0,0.0,1.25,0.0,0.0,1.25,100.0,3785
21009,ETCHED GLASS STAR TREE DECORATION,1.25,1,1,0,0.0,0.0,0.0,1.25,0.0,0.0,1.25,100.0,3786
84990,60 GOLD AND SILVER FAIRY CAKE CASES,1.1,2,2,2,0.0,0.0,0.0,1.1,0.0,0.0,0.55,100.0,3787
72815,3 WICK CHRISTMAS BRIAR CANDLE,15.97,3,2,1,15.0,4.0,0.0,0.97,93.93,93.93,5.32,100.0,3788
84201C,HAPPY BIRTHDAY CARD TEDDY/CAKE,0.95,5,1,1,0.0,0.0,0.0,0.95,0.0,0.0,0.19,100.0,3789
84206B,CAT WITH SUNGLASSES BLANK CARD,0.95,5,1,1,0.0,0.0,0.0,0.95,0.0,0.0,0.19,100.0,3790
90084,PINK CRYSTAL GUITAR PHONE CHARM,0.85,1,1,1,0.0,0.0,0.0,0.85,0.0,0.0,0.85,100.0,3791
21268,VINTAGE BLUE TINSEL REEL,0.84,2,1,1,0.0,0.0,0.0,0.84,0.0,0.0,0.42,100.0,3792
85047,WHITE BEADED GARLAND STRING 20LIGHT,19.05,3,2,2,18.25,3.0,0.0,0.8,95.8,95.8,6.35,100.0,3793
84227,HEN HOUSE W CHICK IN NEST,0.42,1,1,1,0.0,0.0,0.0,0.42,0.0,0.0,0.42,100.0,3794
23843,"PAPER CRAFT , LITTLE BIRDIE",168469.6,80995,1,1,168469.6,80995.0,168469.6,0.0,100.0,,2.08,100.0,3795
79323B,BLACK CHERRY LIGHTS,54.0,8,1,1,54.0,8.0,0.0,0.0,100.0,100.0,6.75,100.0,3796
21655,HANGING RIDGE GLASS T-LIGHT HOLDER,60.84,36,2,1,60.84,36.0,0.0,0.0,100.0,100.0,1.69,100.0,3797
21667,GLASS CAKE COVER AND PLATE,29.9,2,1,1,29.9,2.0,0.0,0.0,100.0,100.0,14.95,100.0,3798
22034,ROBIN CHRISTMAS CARD,5.02,10,4,1,5.04,12.0,0.0,-0.02,100.4,100.4,0.5,100.0,3799
84750A,PINK SMALL GLASS CAKE STAND,46.8,24,1,1,52.65,27.0,0.0,-5.85,112.5,112.5,1.95,100.0,3800
20703,BLUE PADDED SOFT MOBILE,4.25,1,1,1,29.75,7.0,0.0,-25.5,700.0,700.0,4.25,100.0,3801
79323P,PINK CHERRY LIGHTS,27.0,4,1,1,54.0,8.0,0.0,-27.0,200.0,200.0,6.75,100.0,3802
35400,WOODEN BOX ADVENT CALENDAR,89.5,10,5,5,135.2,16.0,0.0,-45.7,151.06,151.06,8.95,100.0,3803
